snack,n_nodes,split,split_index
vvvv2_vvvvvvvv11_v5_vv11_v12_v5_vvv16_5_v1_vvvv11_v9_vvv25_vv22_17_v28_v13_12_6_v17_vv20_16_7_4_v25_vv39_v36_4_vv24_vv17_vvv46_vvv33_29_22_17_vv21_v22_v49_36_v54_52_38_36_26_6_v34_13_v43_16_v53_13_vvv33_11_vv5_3_v56_51_vv66_65_62_33_30_27_15_11_10_8_3_vvvv12_v63_v16_vvv54_3_v20_v65_43_33_v69_66_55_45_40_26_23_5_4_v23_v79_68_61_25_v53_31_v24_v78_25_4_vvv81_28_26_16_3_v31_4_v58_v79_61_28_8_v32_v85_79_vvv45_39_v42_20_17_vv85_63_20_v87_71_68_65_57_54_48_45_33_32_30_14_13_10_5_3_v81_v100_92_34_29_11_vv95_45_vv8_4_v49_22_v32_31_v36_11_7_v78_75_67_10_v107_105_94_73_vv94_56_55_v14_12_8_v113_95_74_47_3_v49_26_21_16_6_vv112_80_v69_51_v118_52_v118_102_22_v119_108_5_v107_95_90_87_84_71_55_44_41_24_20_2_1_v66_v68_v26_v59_v125_v29_vv58_v129_53_9_v126_73_45_v128_96_vv101_41_36_v118_80_vv48_37_1_v121_83_v115_72_v51_40_36_23_3_v123_72_38_28_v87_80_v63_46_42_30_23_13_v137_120_119_109_85_77_52_42_31_16_5_v80_47_v57_v69_v27_5_v48_28_6_v149_73_29_7_v147_115_v146_143_140_138_129_121_114_111_106_103_100_97_95_93_90_86_79_78_77_61_57_46_37_31_29_24_19_9_5_v,153,train,74
vvvvvvvvvvvvvvvvvv16_3_vvv3_vvvvv21_v6_vv14_vv12_vv14_vvvv9_v4_v4_v24_21_v2_vv27_24_9_3_vv19_9_vvv24_vv26_vv16_vvvvvvv56_vv35_16_4_v39_12_v63_23_v63_62_25_24_v55_34_33_v60_44_43_35_22_4_v52_48_29_27_17_vvv53_35_6_v62_v63_1_vvv66_35_4_3_vvvvvv11_v37_v75_37_vv43_31_vv81_80_64_56_38_v23_13_v86_52_vv54_v66_vv42_v79_50_32_2_v47_46_v63_v64_v93_89_79_68_67_25_v90_68_35_1_v67_37_v68_64_55_vv46_vvv101_99_98_85_84_83_77_76_61_57_53_45_41_36_35_7_1_v25_1_vv91_v105_103_101_91_88_80_79_69_67_65_61_57_49_47_46_45_43_23_11_4_3_1_v52_1_v35_6_2_vv50_4_v33_9_5_v92_59_53_30_25_22_13_v112_110_98_96_95_87_72_61_52_35_12_11_10_7_5_2_v84_32_vvv53_vv17_v110_89_87_80_75_73_64_61_52_45_43_28_27_23_11_8_vv16_v43_v65_24_v61_47_8_v107_24_v58_v113_111_79_59_vv112_87_86_85_66_39_v126_112_104_48_36_29_25_v131_72_71_vv108_10_v33_v77_v122_9_5_v58_32_8_vv97_10_v112_108_101_96_21_v22_v94_37_v115_82_76_47_35_24_3_v117_86_62_43_39_37_10_v102_101_16_vvv66_47_v48_44_27_v71_38_v22_v158_155_154_153_152_150_149_148_147_146_145_144_138_136_135_134_130_128_127_114_112_110_109_108_107_105_104_102_101_99_98_96_94_92_90_89_87_86_84_82_81_74_73_72_69_67_65_62_59_58_55_52_50_49_48_46_45_43_41_40_39_38_37_36_35_34_32_31_30_29_27_26_25_24_23_21_20_16_15_14_13_10_8_7_6_5_4_3_2_1_v140_119_98_77_65_v157_2_vv69_v38_v6_v7_1_v41_v82_80_60_56_v123_54_43_v84_v156_61_25_12_v13_8_v84_65_55_37_29_14_2_v166_163_147_142_136_129_126_119_118_116_114_111_109_102_97_96_95_94_90_83_43_36_25_17_16_13_11_4_v16_v160_123_111_81_14_v103_51_v110_2_v156_155_112_20_v21_v164_161_140_130_117_98_88_87_63_21_v,181,train,471
vvvv2_vvvvvv1_vvvvv14_9_v9_3_1_v1_v14_v15_11_v5_vvv19_5_v18_1_v2_vv11_v19_17_v1_v21_13_vv12_3_vv30_vvvv25_22_21_v35_17_v17_16_7_v21_v23_19_8_3_v28_v28_v41_3_v46_v31_vv16_v41_vv36_vv45_v54_vv48_v42_v39_35_19_vvv46_24_v25_v63_61_48_44_30_6_v63_29_v40_18_v51_50_20_v15_v64_18_v54_vv56_v4_2_vvv76_75_72_60_36_34_30_16_12_10_7_3_vv9_v67_v14_v13_v66_v67_59_3_v68_v19_v71_45_37_v74_72_60_47_43_25_23_5_3_v22_v88_74_25_v21_v86_22_3_vvv89_25_23_16_3_v76_64_60_v30_5_v60_vv30_v93_85_84_v84_73_v44_38_vv88_41_21_17_v90_64_19_v96_78_76_56_52_49_v93_74_70_67_60_58_48_44_33_31_30_15_14_10_4_3_v108_96_32_29_10_vv2_v45_20_v96_29_28_v34_5_v85_77_74_67_7_vv114_112_98_74_51_v97_53_51_vv12_11_9_v120_99_74_44_2_v47_24_18_14_7_v106_vv120_82_56_49_v69_49_v126_50_v126_107_22_v127_113_6_v23_v114_113_98_92_89_87_71_54_44_41_25_21_3_2_v65_v116_68_v26_v58_v134_v29_v121_v110_v44_v124_v136_72_47_v138_133_114_100_92_36_27_v142_132_57_13_v104_41_37_v125_81_v112_23_v49_39_v128_84_v140_121_43_4_1_v122_5_2_v129_112_v107_28_v55_45_43_28_6_v133_34_v127_10_7_6_5_v92_84_v141_68_52_48_37_29_14_v134_102_95_v89_39_22_v86_53_v145_74_v32_5_v54_33_6_v163_78_34_7_v161_123_104_v102_77_v,167,val,20
vvvvvvvvvv7_v10_vvv4_v12_vvvv4_3_v6_v18_13_6_v22_vv24_23_22_18_17_13_12_11_9_7_5_2_v10_v14_8_v22_6_v16_10_v12_5_vvv17_v30_18_7_5_v25_13_v11_v28_v23_v35_23_22_17_13_5_v39_25_15_2_v40_16_1_vv28_v19_v44_20_v41_30_14_4_v34_28_13_v15_v33_25_18_v43_38_25_v,50,train,206
vvvvvvvvvvv1_vvvvvvv12_vvvvvvvvvvvv2_v25_vv29_vv9_v15_vv28_1_vv30_19_vvvv12_11_v21_v19_v4_v27_v15_vvvvv46_vvv30_vv53_50_6_v58_33_1_v26_v11_vvvvvv42_40_35_8_v65_41_23_1_vv34_3_v4_v36_vvv69_64_51_40_34_v73_8_v68_37_vvv56_21_v51_9_v51_37_v84_36_v84_82_38_37_v74_50_44_v80_63_62_51_35_11_6_v69_34_19_vv50_31_vvv91_v48_v74_35_vv76_49_37_vv66_vv44_vv68_vv94_10_v95_18_11_1_v12_v97_60_3_2_v66_24_v90_75_19_7_vvvv55_vvv105_84_81_77_59_57_40_17_6_v96_68_54_v62_12_2_v34_12_3_v112_68_vv116_115_98_87_65_v90_v121_92_81_57_56_26_8_v93_82_80_58_27_9_vv52_v98_vv113_47_3_vv23_v65_36_v119_vv79_77_20_vv128_34_33_31_v134_75_v134_129_118_105_99_34_v110_109_98_17_16_v131_101_67_57_2_v118_v81_27_v53_vv114_v64_vvv78_vvvv149_147_145_132_131_129_122_120_103_96_92_80_75_69_56_51_50_13_1_v98_36_1_vvv125_v126_v122_102_96_v97_46_v146_78_77_44_8_v157_77_v145_128_v160_158_155_144_142_131_125_117_115_114_107_103_86_82_81_80_71_47_24_11_10_1_v90_18_1_v55_13_2_v94_84_3_v50_15_4_vv144_99_88_50_44_42_21_v168_117_115_114_108_99_12_vv66_v41_v115_v172_170_156_155_154_143_126_106_92_58_24_23_22_12_10_8_v180_vv139_59_v166_vv83_v69_v148_31_v10_v22_v72_v164_35_v85_60_v170_169_129_86_48_12_v169_137_136_134_128_92_57_32_31_20_19_v110_42_v79_59_vv96_77_13_v187_172_157_79_56_43_35_32_v142_38_37_24_v188_v166_v196_127_117_116_108_v180_86_48_v89_v28_v14_v173_v173_45_14_v54_v119_57_vv128_vv23_v212_158_156_139_117_91_90_v211_157_v195_25_15_v193_184_v103_102_53_26_v104_v165_147_28_vv96_95_v218_189_v189_166_133_v213_v222_163_v195_105_v162_71_14_v167_166_64_59_vv208_200_189_177_167_154_146_129_107_91_71_70_59_51_v229_v229_178_175_118_95_39_v159_114_v197_152_117_81_70_68_27_v180_178_121_44_42_v25_v233_204_v149_87_30_v152_125_122_106_86_v188_87_76_53_v164_126_97_65_v211_v178_52_13_v247_243_242_241_240_238_236_235_234_233_232_231_224_223_222_220_215_213_211_195_194_190_189_187_185_184_183_177_174_170_169_166_162_160_151_145_142_141_140_136_135_134_131_129_122_121_119_110_106_104_96_92_90_89_81_79_78_77_74_68_65_64_63_62_61_60_59_58_57_56_55_54_53_52_50_44_41_29_27_26_25_16_10_9_8_6_5_4_3_1_v188_59_54_15_v87_55_1_v30_17_v216_141_v139_122_101_v241_217_177_167_110_59_v147_v251_222_209_187_186_138_113_43_39_8_v63_v64_v254_225_214_190_189_181_159_141_133_132_25_3_v200_164_131_v202_v14_v204_139_v170_117_v17_3_v242_v156_v149_144_111_100_v76_v77_51_v242_240_v214_196_v244_226_212_203_56_v267_v55_v215_v196_158_32_v267_239_105_46_42_v160_133_v275_246_244_221_219_202_180_169_154_153_60_49_46_24_7_v44_v221_199_196_159_108_55_18_v266_165_152_124_60_59_35_10_v194_190_137_36_20_v194_167_164_146_128_111_107_90_64_51_37_2_v274_247_245_207_8_v4_v279_275_256_251_243_235_231_223_220_214_210_206_202_181_175_174_173_172_166_160_89_84_56_43_41_32_28_9_v171_41_v282_253_235_124_86_v111_100_v175_v207_v289_267_260_249_233_216_194_176_168_167_151_60_38_35_v290_225_39_1_v291_263_262_251_238_226_178_153_79_37_16_2_v292_227_197_24_v293_265_264_240_228_180_81_39_18_4_v66_51_v275_274_212_52_v201_v198_191_v277_268_215_40_v285_282_255_243_238_219_208_181_175_174_130_79_v,304,train,408
vvvvvvvvvvvvvvv15_vvvv12_vvvvvvv21_v4_vvv29_v12_vv28_vvvv30_18_v38_vv38_v25_vv41_vvvvvvv47_vvv53_52_51_50_49_47_46_45_44_43_42_41_40_39_38_37_36_35_34_33_32_31_30_29_28_27_26_25_24_23_22_21_19_18_17_16_15_14_13_12_11_10_9_8_7_6_5_4_3_2_1_v,54,train,197
vvvvvvv6_vvv2_v3_vvv6_v7_v8_vvvvvvvv24_vvv5_v6_1_vvvvv4_vvvv30_v32_vv17_vv6_v21_15_8_v36_vvv15_v35_34_vvv43_22_v44_vvvv6_1_vv26_25_11_v1_vv48_25_19_v49_26_20_v51_42_vvv60_28_10_v38_16_9_v25_vv28_vvv20_8_1_v31_v17_vvvvvvv8_v20_v54_24_18_v64_6_v53_38_8_v74_v66_61_45_v32_5_v82_vvvvv1_v70_43_31_24_23_14_v1_v29_v98_96_95_94_91_87_80_76_75_74_69_65_64_57_56_54_53_50_43_41_39_37_36_33_28_21_20_19_16_12_11_10_8_6_5_3_1_v83_82_80_v9_7_v23_3_v96_v5_v91_48_v29_7_vv101_3_v63_v16_v67_33_1_v6_v84_82_65_37_29_27_14_v112_108_76_75_65_60_58_50_48_33_30_22_15_7_v16_v60_v88_69_31_v87_v94_20_v107_87_71_v108_92_70_35_8_4_v23_v24_v25_v48_29_v73_30_29_v84_v95_29_11_v88_11_v74_v85_32_v43_vv35_1_v134_126_35_v134_130_98_82_55_51_29_22_18_v96_38_19_8_v,138,val,72
vvvvvvvvvvv1_vvvvvvv12_vvvvvvvvvvv23_1_vv27_vv23_v15_v2_vvv28_19_vvv11_10_v19_v17_v4_v26_v14_vvvvv23_22_v44_vvv29_vv51_48_7_v55_32_1_v11_vvvvvvv41_35_8_v63_24_1_v33_vvv64_59_47_37_34_v68_5_v63_34_vv51_17_v47_25_8_v47_34_v78_33_v67_45_42_v79_78_36_35_v74_58_57_47_32_10_6_v30_15_v75_31_v46_27_vvv84_v69_30_v70_44_31_vv60_v9_v38_vvv85_8_v86_15_9_1_v10_v88_54_3_2_v60_20_vvvv47_v11_v97_56_v95_76_73_69_51_49_35_15_6_v88_61_47_vv31_11_3_v56_13_4_v105_104_88_78_56_29_v3_v110_83_73_48_47_23_7_vv85_75_73_50_25_9_v46_v89_vv88_v103_70_43_4_vv107_vv69_67_18_vv116_31_30_28_vv123_67_v123_118_109_96_93_32_v101_100_90_17_15_v120_95_61_53_2_v72_25_v47_vv104_v57_v84_vvv72_vvvv138_136_134_122_121_119_113_111_95_87_84_74_70_64_53_49_48_13_2_v89_40_1_vv130_69_67_38_3_v86_42_v112_92_87_vv144_70_69_v134_120_v147_145_142_133_130_120_117_107_105_104_96_93_79_75_74_73_64_44_22_9_8_1_v82_15_1_v52_11_2_v86_78_3_v52_13_4_vv133_91_80_48_42_39_19_v155_106_104_103_98_91_11_vv39_v104_v158_156_144_142_141_131_115_97_84_59_22_20_19_11_9_7_v166_vv128_56_v152_v16_vv77_v66_v138_29_v11_v68_v151_32_v83_72_6_v167_153_142_69_47_34_31_25_v82_58_v160_158_120_83_48_14_v158_127_126_124_119_87_57_33_32_21_20_vv104_40_v151_v173_v131_38_37_v7_v182_118_110_108_101_v167_82_45_v82_v28_v159_45_9_v49_v109_53_vv117_vv19_v196_144_142_128_109_86_84_v195_143_v181_21_13_vv97_96_50_22_v98_v151_136_24_v185_80_v91_90_v202_175_v175_159_152_123_v197_v206_150_v181_93_v16_7_v154_153_61_56_vv193_186_176_163_154_136_101_86_68_67_56_49_v213_v213_164_161_112_90_68_v148_v183_141_111_76_67_65_27_v166_164_115_40_v25_v217_190_v139_83_30_v142_119_116_102_81_v174_82_73_51_v154_120_93_63_v197_v164_48_13_v231_227_226_225_224_222_220_219_218_217_216_215_210_208_207_205_201_199_197_182_181_176_175_173_172_171_170_166_163_159_158_156_151_150_141_136_135_134_133_130_129_128_123_122_117_115_114_106_101_99_92_88_85_84_78_76_75_74_71_66_63_62_61_60_59_58_57_56_55_54_51_50_49_48_47_42_39_29_27_26_25_16_10_9_8_6_5_4_3_1_v174_62_50_15_v118_v84_52_2_v31_18_v38_29_22_v134_118_98_v226_204_167_159_106_56_31_v141_v236_209_197_174_173_133_109_44_40_9_v60_v61_v239_212_202_177_176_171_152_136_129_127_26_3_v187_156_127_v189_v15_v191_135_v161_114_v11_v19_4_v230_v144_140_126_107_98_v73_v74_52_v200_185_v213_198_189_56_v251_v200_v249_226_100_44_40_v186_152_32_v54_v198_v155_130_v260_233_208_206_192_173_150_148_47_24_8_v218_v212_v216_209_191_187_129_107_57_19_v252_161_149_121_65_62_37_12_v184_182_135_38_21_v186_163_160_142_125_110_107_88_66_53_39_2_v260_238_233_198_12_v4_v265_261_244_239_232_224_219_212_209_205_201_198_193_176_171_170_169_168_167_158_95_84_58_45_43_33_29_10_v167_43_v268_241_223_123_86_13_v196_v112_101_v169_v275_254_248_238_221_207_188_172_165_163_148_62_39_36_v73_v258_257_200_50_v278_252_251_241_227_215_175_151_82_39_18_3_v67_52_v280_254_253_229_217_177_84_41_20_5_v281_218_45_6_v278_203_134_v283_220_196_31_v181_163_69_66_v265_257_208_42_v272_271_245_232_228_212_202_173_172_130_82_v,291,train,142
vvvvvvvvv8_vvvvvvvvvv2_vvv6_v20_15_v4_v24_v23_18_15_9_8_7_3_vv21_vv23_vv15_6_vv7_v28_vvvv30_v34_vv38_v42_v32_v40_14_vvvvvv25_vv1_v41_38_2_vv9_3_v43_vv37_v54_39_v57_34_27_v52_v1_v2_vv62_39_32_v5_v67_41_v13_v31_v46_28_22_21_v68_v40_v67_46_44_v36_v40_v53_v39_3_vv64_58_38_v59_39_1_v78_v61_vvv15_v53_41_31_28_21_18_5_vvv30_22_v76_36_vvv93_65_21_3_v4_v42_v58_v71_37_v53_43_30_12_v84_78_58_v96_70_56_22_7_v102_101_46_v102_88_v103_74_42_30_v104_79_v105_102_97_92_84_82_60_52_41_30_v93_50_v104_92_28_27_v33_vv109_105_99_90_71_67_53_27_22_7_1_v91_52_1_v42_v92_27_v108_87_85_80_11_v90_v61_v93_v78_13_v9_v120_v29_28_v86_85_75_38_35_31_21_v95_v86_26_v,126,train,255
vvvvv3_vvvvvv1_vvvvvvv11_vvvvvvv18_v24_v25_22_vv19_v11_v2_vvvv25_16_vv11_10_v17_v16_v4_v22_v14_vvvvvv46_25_vv43_41_4_v48_28_1_v8_vvvvvv56_53_19_v32_8_1_v29_vvv55_51_41_33_30_v59_6_v55_31_vv45_16_v43_8_v43_30_v70_29_v70_67_31_30_v60_42_39_v65_52_51_43_28_10_6_v16_vv41_26_vv75_v60_28_v61_39_29_vv55_v35_vv74_6_v75_12_7_1_v8_v77_47_3_2_v53_18_vvvv43_v85_48_vv94_84_69_66_61_47_45_32_6_v54_43_v50_11_2_v27_11_3_v92_78_70_51_v73_v97_75_65_44_43_20_6_v76_66_64_44_21_7_v41_v80_vv89_37_3_vv93_vv62_60_15_vv102_28_27_25_v107_59_v107_103_95_85_82_28_v90_89_79_14_13_v105_84_54_45_2_v64_21_v41_vv93_v51_vvv64_vvvv121_120_118_108_107_106_101_99_83_78_75_66_62_56_44_43_12_1_v80_36_1_vv97_81_76_v115_61_60_34_4_v78_38_v116_106_v128_127_124_116_114_106_103_93_91_90_85_82_69_65_64_63_55_37_19_7_6_1_v72_14_1_v45_9_2_v76_67_3_v46_11_4_vv118_81_71_42_37_35_17_v136_95_93_92_87_81_11_vv35_v93_v139_138_127_126_125_117_101_87_74_53_19_18_17_11_9_7_v148_vv114_50_v134_vv69_v58_v123_26_v10_v70_49_v22_v136_30_v63_v141_140_107_74_43_12_v140_114_113_111_106_78_51_30_28_19_18_v92_37_v152_141_131_65_47_35_31_28_v152_vv137_v119_36_34_v85_75_16_v9_v163_108_99_98_92_v151_75_43_v78_v28_v145_42_12_v47_v100_50_vv108_vv24_v180_177_133_131_118_100_80_79_v176_132_v164_23_13_vv90_89_50_24_v91_v140_126_26_v85_84_v162_89_v183_161_v178_v162_142_115_v187_139_v141_140_59_54_vv191_v176_171_161_142_125_95_82_66_64_55_48_v192_151_148_103_85_v136_v166_130_102_72_65_63_25_v153_151_106_40_v23_v196_174_v128_78_28_v130_110_107_96_77_v160_78_71_47_v142_111_88_61_v181_v151_48_12_v211_206_205_204_203_202_200_199_198_197_196_195_191_190_189_188_185_183_181_166_165_163_162_160_159_158_157_154_151_147_146_144_140_138_130_127_126_125_124_121_120_119_116_114_109_108_107_100_96_94_87_83_81_80_76_74_73_72_69_64_61_60_59_58_57_56_55_54_53_52_51_50_49_48_45_40_37_27_25_24_23_16_10_9_8_6_5_4_3_1_v161_54_50_14_v81_51_1_v28_16_v123_109_91_v204_186_153_144_99_54_v130_v213_191_179_160_159_122_102_40_36_7_v58_v59_v219_216_194_184_163_162_157_139_125_119_118_23_3_v172_143_118_v174_v13_v176_125_v148_107_v16_3_v208_v132_129_100_93_v73_v74_47_v184_170_v194_182_175_51_v227_v184_v170_139_28_v227_208_96_42_38_v141_120_v237_234_212_190_188_175_157_137_136_41_21_6_v189_172_169_98_47_14_v225_145_135_110_56_53_30_8_v167_164_123_31_16_v167_147_144_131_114_101_98_81_57_45_32_2_v233_215_209_179_7_v4_v234_221_216_209_201_192_186_182_179_175_160_155_154_153_152_77_75_51_38_36_28_24_8_v151_36_v240_218_77_v102_89_v155_v180_v250_247_225_215_201_188_170_156_150_149_136_54_34_31_v232_231_180_42_v249_196_36_2_v59_44_v251_230_229_219_208_198_160_140_74_35_17_4_v252_199_175_24_v161_v163_148_60_57_v238_232_187_35_v243_242_220_210_206_191_182_157_156_119_72_v,262,train,46
vvvvv3_vvvvvv1_vvvvvvv11_vvvvvvvv19_v25_v26_23_vv20_v12_v2_vvvv26_17_vv11_10_v18_vvv19_v6_v25_v16_vvvvvv49_28_vv46_44_4_v51_31_1_v8_vvvvvv59_56_19_v34_8_1_v31_vvv58_54_44_35_32_v62_6_v58_33_vvv49_17_v46_9_v46_31_v74_30_v74_71_32_31_v64_45_42_v69_56_55_46_29_11_6_v17_vv44_27_vv79_v64_29_v65_40_30_vv58_v36_vv78_6_v79_12_7_1_v8_v81_48_3_2_v56_18_vvvv44_v89_49_vv98_88_72_69_64_48_46_33_6_v55_44_v77_62_61_33_v27_11_3_v53_13_4_v97_83_74_53_v77_v102_79_69_46_45_21_7_v80_70_66_46_22_8_v43_v84_vv94_38_3_vv98_vv64_62_16_vv107_29_28_26_v112_61_v112_108_100_89_86_29_v94_93_83_14_13_v110_88_56_46_2_v66_22_v42_vv97_v52_vvv66_vvvv126_125_123_113_112_111_105_103_85_80_77_68_63_57_45_44_12_1_v82_37_1_vv101_83_78_v120_62_61_35_4_v80_39_v121_110_v133_132_129_121_119_110_107_95_93_92_87_84_70_66_65_64_56_38_19_7_6_1_v74_14_1_v46_9_2_v78_68_3_v47_11_4_vv123_83_72_42_37_35_17_v141_97_95_94_89_83_11_vv35_v95_v144_143_132_131_130_121_103_89_75_54_19_18_17_11_9_7_v153_vv118_50_v139_vv70_v59_v127_26_v10_v21_v140_29_v73_51_v64_v146_145_109_75_43_12_v145_116_115_113_108_79_51_30_28_19_18_v93_37_v157_146_135_66_47_35_31_28_vv158_v141_v121_36_34_v86_76_16_v9_v168_110_100_99_93_v156_76_43_v79_v28_v149_42_12_v47_v101_50_vv82_v110_vv23_v186_183_136_134_121_102_81_80_v182_135_v170_24_14_vv92_91_51_25_v93_v143_129_27_v86_85_v167_90_v189_166_v184_96_v167_145_117_v193_142_v144_143_60_55_vv197_v182_176_166_145_127_96_83_67_65_56_49_v198_154_151_105_86_v139_v171_132_104_73_66_64_26_v156_154_108_41_v107_v24_v203_180_v131_80_30_v133_113_110_98_79_v164_80_73_49_v145_114_90_63_v187_v155_50_13_v218_213_212_211_210_209_207_206_205_204_203_202_198_197_196_195_191_189_187_170_169_167_166_164_163_162_161_158_155_151_150_147_143_141_133_130_129_128_127_124_123_122_119_117_111_110_109_102_98_96_89_85_83_82_78_76_75_74_71_66_63_62_61_60_59_58_57_56_55_54_53_52_51_50_48_42_39_28_26_25_24_17_11_10_8_6_5_4_3_1_v165_57_52_15_v83_53_1_v29_17_v126_111_93_v211_192_157_147_101_56_v133_v220_197_183_164_163_125_104_42_37_7_v60_v61_v226_223_200_190_167_166_161_142_128_121_120_24_3_v176_146_120_v178_v13_v180_127_v151_109_v16_3_v215_v135_131_102_95_v73_v74_48_v188_174_v198_186_179_52_v234_v188_v173_142_28_v234_214_98_43_39_v144_122_v244_241_218_194_192_179_160_139_138_42_21_6_v145_v194_176_173_101_49_15_v233_149_138_113_58_55_31_9_v171_168_126_32_17_v171_151_148_134_117_104_101_84_59_47_33_2_v241_222_216_184_8_v4_v242_228_223_216_206_197_191_187_183_179_164_159_158_157_156_80_78_53_39_37_29_25_9_v155_37_v248_225_80_v105_92_v159_v184_v258_255_232_222_206_193_174_160_153_152_139_56_35_32_v240_239_184_43_v257_201_37_2_v61_45_v259_237_236_226_213_203_164_143_76_36_18_4_v260_204_179_25_v165_v167_151_62_59_v246_239_191_36_v251_250_225_215_211_195_186_160_159_122_74_v,270,val,6
vvvvvvvvvvvvvv14_8_vvv3_vvvvv13_v17_1_vv4_vvv1_v13_v15_v15_v6_v16_5_vvvv28_v31_6_v27_23_vv39_v30_26_21_14_10_9_3_v21_20_9_v27_v24_20_v24_9_vv34_v34_v22_v49_10_v45_34_v47_1_vv47_vvv30_v3_vvv10_v35_21_1_v36_vv37_vv51_45_32_25_4_v17_vv70_32_v69_68_33_32_v49_v74_69_57_54_37_7_vvv61_25_v65_62_61_42_40_39_26_v44_22_v23_1_v2_v3_1_v47_15_5_vv55_31_v2_v15_v78_11_v79_65_50_1_v80_13_2_1_v14_v76_13_v51_v94_86_85_51_48_39_24_20_18_10_8_v66_64_43_v7_1_v68_48_v38_v3_v24_vv36_v80_3_v63_v91_61_v94_92_82_63_57_35_32_5_4_v107_93_87_33_v72_40_30_v20_v53_31_30_13_v59_16_v102_24_23_22_v81_v82_v83_2_v110_57_v85_45_v86_80_v54_v110_102_91_68_54_51_32_30_v119_107_70_17_v108_26_2_v92_71_v57_16_v109_98_v97_74_57_54_30_6_1_v60_53_v109_63_56_31_25_22_9_v123_77_76_6_v106_41_v107_1_v106_104_100_83_29_v119_89_28_v121_100_96_91_82_66_62_40_21_20_16_6_v83_24_12_6_v64_v129_43_vv73_62_v39_v69_v90_v137_91_v116_86_v43_42_v118_114_108_103_94_71_14_12_v141_88_v131_74_72_v141_94_55_v143_118_72_32_16_4_v92_25_v105_92_54_53_v147_101_58_37_vv124_83_59_35_29_v62_v157_140_24_v158_144_60_6_v107_64_24_v152_66_v84_v62_59_v162_157_153_145_134_111_99_94_91_75_73_72_61_52_38_35_28_27_24_12_8_4_v112_29_v86_v150_133_127_122_118_98_72_61_59_33_28_9_8_v88_v107_94_v116_92_67_v76_v160_129_v137_115_92_91_90_80_62_7_5_v117_114_v123_v175_70_9_v133_42_v160_103_v126_36_v127_v163_106_v88_16_v140_50_28_v131_5_v83_v153_v91_90_66_58_51_23_v172_113_102_v81_55_50_39_30_13_v166_160_125_120_117_99_50_38_20_v161_111_97_51_41_18_9_v112_98_19_10_v179_120_87_v115_1_v142_99_v120_89_v30_8_v59_31_9_v198_93_32_10_v197_187_185_183_175_160_150_147_140_132_128_125_122_120_114_105_98_97_96_78_71_54_47_33_31_27_25_11_4_v,200,train,22
vvvvvvv1_vvvvvvvvvv14_vvv18_15_7_3_vvv19_v1_v23_20_12_5_v3_v4_v27_vvvvv10_v28_v24_vv33_v36_18_vv1_vv2_v3_v32_30_26_15_v25_v5_v45_28_27_v17_v40_v46_20_13_v19_v48_30_v2_vv53_36_35_8_vv13_v48_42_v57_39_24_21_v58_40_1_v17_v54_v62_60_57_54_43_42_40_28_24_23_16_12_8_v24_v65_59_57_50_34_29_21_19_15_13_11_9_7_v3_1_v2_v3_v63_4_v,70,train,379
vvvvvvvvvvvvv11_vvv7_6_vvvvv8_vvvvvv27_vvvvvvvvv31_vvvvvvvvvv10_v44_vv20_vvv28_vvvvv32_v47_vv42_18_8_v61_v26_v52_18_vvvvvv31_23_vvv69_v70_26_1_vvvv48_28_v76_57_vvv49_v37_v59_vv80_68_61_53_51_23_18_13_11_3_vvvvv32_v77_v34_v74_vv58_v39_v87_61_39_12_vv63_v53_27_15_v79_49_41_13_v57_v45_v92_60_38_vv94_72_46_27_18_vv48_v31_vvv54_27_v108_51_16_14_v111_46_41_29_vv60_v106_100_83_59_55_20_4_vvv92_22_vv112_45_v123_121_105_102_96_88_63_62_55_v99_75_27_19_v52_25_v72_v108_19_v119_110_103_33_v24_23_vv83_70_45_12_v121_120_98_74_69_63_62_42_35_29_26_19_15_14_v75_1_v98_88_17_2_v125_v83_76_12_8_v42_vv68_61_30_24_v11_v136_129_95_42_9_7_v37_vv99_v125_v49_v54_v3_vv108_v148_146_144_143_140_139_134_121_117_112_108_106_104_93_89_87_86_85_84_82_81_79_76_64_62_61_59_54_48_47_46_45_44_39_37_36_34_30_26_22_18_16_15_13_7_2_v142_133_129_29_25_5_4_v133_98_76_v121_v32_v81_5_v112_33_25_vvvv68_vvv148_107_v162_118_93_86_60_59_51_40_vv6_v17_v21_v19_v85_63_44_v114_v170_126_101_100_73_67_59_48_v163_57_23_v47_v59_v168_167_152_123_100_82_71_61_57_54_41_25_23_18_8_2_v27_vv56_v123_119_68_64_57_49_35_30_v162_127_97_58_vv33_v34_v126_92_15_v164_133_94_60_59_53_39_10_v163_90_v188_3_v174_v188_144_119_118_91_66_26_18_v2_v61_42_17_v113_v185_157_56_v119_v149_138_47_v189_188_182_46_21_v73_v10_8_vv44_v136_73_45_26_1_v65_v54_v153_70_v189_159_148_147_114_95_88_55_v195_152_115_92_85_80_54_47_31_v34_v87_v88_vv167_163_118_15_v198_133_v210_172_171_169_168_150_146_143_142_118_110_109_101_97_90_86_75_71_45_42_24_20_v6_v132_v161_82_41_2_v67_50_32_11_v7_v216_129_124_122_70_40_v217_186_123_109_90_81_71_1_v72_v166_92_73_v221_98_v75_v179_111_v168_8_v125_123_119_v211_103_83_78_61_43_v80_v187_162_81_60_v87_v149_113_v84_v84_67_vv235_191_166_159_133_132_124_113_v177_147_88_v190_v223_184_181_140_135_32_v39_v150_35_33_v222_202_192_184_156_94_47_16_3_v134_97_68_44_v142_140_116_106_31_v83_v202_116_97_53_v144_143_109_98_34_v90_v100_v155_71_v208_195_168_102_v169_103_v235_200_178_174_61_vv252_221_181_160_144_35_17_v252_242_vv256_133_108_97_91_77_v168_94_53_v195_123_101_95_16_1_v102_96_2_v198_185_113_79_49_38_v227_219_133_129_121_114_50_1_v146_78_58_v247_212_205_190_186_170_86_73_53_v248_213_191_187_54_v266_196_169_165_104_96_78_54_31_v267_197_166_105_97_79_55_32_v187_119_109_102_59_v258_181_120_103_36_v233_193_146_121_104_v66_55_v165_152_128_127_88_67_56_15_2_v68_v223_100_78_v148_127_91_49_36_32_v201_170_164_84_75_17_v230_148_141_129_67_1_v247_223_168_164_157_149_130_107_105_v146_v265_198_76_65_5_v184_133_15_14_v207_150_146_118_102_26_23_22_6_v270_260_255_229_174_45_1_v271_236_235_230_204_191_186_46_43_v272_195_136_2_v165_v242_171_159_93_83_v268_v130_21_v255_219_203_190_187_160_64_15_v240_135_95_17_v250_228_210_163_144_v203_69_v250_225_224_191_172_106_43_v282_12_1_v171_122_121_101_v299_285_259_249_240_215_164_149_129_121_102_63_52_v281_246_v282_247_184_178_149_120_v293_241_229_197_126_53_v294_256_218_211_203_198_185_118_106_60_14_v276_256_183_152_128_109_50_38_37_v277_257_229_1_v230_2_v231_3_1_v159_65_v187_99_v261_179_160_98_31_8_v262_227_180_161_99_32_11_9_1_v269_162_92_57_10_v274_149_41_v230_164_v231_165_v232_24_v233_v261_234_229_216_186_85_v169_v210_173_76_v276_77_v195_180_157_146_v250_211_196_173_147_v265_38_v266_39_v40_2_v201_v223_219_187_134_100_v220_188_115_v326_314_297_295_292_285_273_264_261_241_239_234_232_229_228_225_214_199_198_196_190_187_174_150_109_100_83_50_36_31_v217_181_1_v275_201_182_85_16_2_v298_221_183_3_v277_203_16_4_v241_199_123_v213_186_v187_v218_188_105_v189_125_v209_190_v191_v331_211_192_v193_31_v334_253_194_106_50_32_v280_242_241_240_236_225_217_202_195_117_97_92_89_81_65_17_16_v196_47_v251_v252_215_2_v218_102_v245_73_v321_66_v176_135_29_v354_327_231_185_87_v331_282_255_245_238_230_190_182_164_126_101_90_74_26_25_18_v232_180_v357_234_v142_140_v253_128_13_4_v31_14_1_v256_237_185_v143_88_v257_v,364,train,484
vvvvvv2_vvv2_vv5_4_2_v12_vvvv12_vvvv11_7_6_vv5_vv18_1_v16_14_v9_4_3_v10_v17_13_v11_10_1_v30_29_23_18_13_8_3_v18_11_v30_23_22_v32_29_28_26_12_v30_v26_vv8_v15_2_v16_v28_24_10_v3_v29_v13_v29_v3_v42_13_vv45_1_v41_v36_30_v21_vv43_30_29_12_1_v46_43_30_28_16_15_12_6_1_v51_25_22_v18_v22_v25_5_v59_29_v,60,train,450
vvvvv3_vvvvvv1_vvvvvvv11_vvvvvvvvvv21_v27_v28_25_vv22_v13_v2_vvvv28_18_vv11_10_v18_v16_v4_v24_v14_vvvvvvv50_26_vv47_45_5_v52_29_1_v9_vvvvvvv61_58_21_v34_9_1_v31_vvv60_56_43_35_32_v64_6_v60_33_vvv48_18_v46_9_v46_33_v76_32_v76_73_34_33_v66_45_42_v71_56_54_46_31_11_6_v17_vv44_28_vvv82_v66_31_v67_43_32_vv59_v7_v39_v73_vv83_8_v84_15_9_1_v10_v86_53_3_2_v59_21_vvvv48_v94_84_54_vv103_93_75_72_67_52_50_36_15_6_v85_60_48_v55_11_2_v30_11_3_v101_84_76_56_26_v79_v106_81_71_48_47_22_6_v82_72_70_48_23_7_v45_v86_vv98_40_3_vv102_vv67_65_15_vvv112_29_28_26_vv118_66_v118_114_104_93_90_30_v98_97_87_16_15_v116_92_60_50_2_v71_23_v45_vv101_v56_vvv65_vvvv132_131_129_117_115_114_109_107_91_85_82_72_67_61_50_46_45_12_1_v87_38_1_vv125_65_64_35_3_v106_89_84_v85_40_v126_114_v139_138_135_125_122_114_111_101_99_98_92_89_74_70_69_68_59_39_19_7_6_1_v78_14_1_v47_9_2_v82_72_3_v48_11_4_vv126_82_76_44_39_37_17_v147_102_100_99_94_87_10_vv37_v100_v150_149_136_135_133_125_109_93_79_55_19_18_17_11_9_7_vv160_v122_52_v145_vv145_72_v60_v131_26_v10_v21_v147_146_111_73_40_10_v64_v145_31_v76_55_v148_121_120_118_113_81_53_29_28_19_18_v97_37_v163_149_139_67_47_35_32_28_vv144_v165_v118_10_v127_36_35_v120_2_v174_114_104_103_96_v160_77_43_v80_v63_2_v29_v154_44_13_v48_v105_51_vv114_vv21_v192_189_141_139_125_105_83_82_v188_140_v174_27_14_vv93_92_51_25_v94_v148_133_27_v88_87_v171_92_v195_170_v190_v171_150_120_v199_147_vv150_149_61_56_vv185_180_170_159_150_144_131_117_98_83_66_65_56_49_vv103_1_v207_v207_162_159_109_89_v146_v178_139_108_76_69_67_28_v164_162_112_44_v26_v211_186_v136_82_31_v139_116_113_102_81_v172_82_75_52_v151_117_92_65_v193_v161_52_15_v226_221_220_219_218_217_215_214_213_212_211_210_204_203_201_200_197_195_193_178_177_174_173_171_170_169_168_164_161_157_156_153_149_147_138_134_132_131_130_127_126_125_122_120_115_114_113_106_100_98_91_87_85_84_80_78_77_76_73_68_65_64_63_62_61_60_59_58_57_56_55_54_53_52_50_44_40_30_28_27_26_18_10_9_8_6_5_4_3_1_v172_59_54_17_v84_55_1_v31_19_v129_115_95_v219_198_163_153_103_58_v136_v228_203_191_170_169_128_106_43_39_7_v65_v66_v234_231_206_196_173_172_167_147_131_125_124_26_3_v183_151_124_v185_v13_v187_131_v156_111_v16_3_v221_v138_135_120_104_97_v73_v74_50_v195_180_v206_193_185_54_v242_v195_v179_145_28_v242_220_100_44_38_v147_124_v252_249_224_201_199_185_165_143_142_44_21_6_v200_181_178_102_50_14_v240_151_141_114_59_56_30_8_v176_172_127_31_16_v176_153_150_137_118_105_102_85_60_48_32_2_v248_227_221_189_7_v4_v249_242_233_228_221_213_210_203_196_192_188_184_166_161_160_159_158_79_53_38_36_28_24_8_v157_36_v255_230_81_v106_94_v161_v189_v265_262_237_227_212_198_178_162_156_155_140_57_34_31_v245_243_189_42_v264_206_36_2_v61_44_v266_242_241_231_219_208_166_144_77_35_17_4_v267_209_183_24_v249_248_242_194_66_62_61_33_v169_154_60_57_v257_255_231_220_216_199_189_162_161_122_74_v,276,train,65
vvvvvvvvvvvvv1_vvvvvvvv19_vvvvvvvv17_vvvvvv14_v35_vvvvv5_vvvvvvvvv34_vv45_vv39_24_22_10_v34_v49_22_vvvv42_vv58_v14_vvv43_31_vv67_27_v68_33_1_vvvvv59_20_vvv43_vv77_65_59_24_16_11_9_2_v50_26_vvv58_v20_v33_v34_vvvv2_v85_70_39_12_v71_v57_52_24_14_v50_40_11_v86_69_27_19_v62_v45_v89_70_65_38_vv91_80_46_24_17_vv48_vv52_25_v103_50_14_13_v105_41_37_27_v96_vv14_v103_96_90_58_55_19_5_vvvvv100_61_50_v100_25_17_v76_48_24_22_vv114_104_103_30_vv22_21_vv89_46_vvv119_117_106_74_70_60_59_41_35_29_26_21_16_15_v75_1_v107_93_18_2_vv124_v86_77_15_12_v115_75_vv27_v14_v134_127_101_44_10_8_v38_vv105_v49_v87_v60_v119_97_v143_142_141_140_137_135_130_127_124_117_113_110_108_92_89_87_85_84_81_78_77_76_73_62_60_59_58_53_47_46_45_44_43_40_38_37_34_30_27_23_17_14_13_11_5_1_v6_v140_31_vv77_4_v95_v116_34_24_vv151_116_84_76_62_53_52_46_35_v131_128_9_vv11_v75_54_v105_v157_122_117_90_89_70_65_58_52_41_v152_49_15_v41_v51_v157_156_146_115_90_73_62_54_49_47_31_16_15_11_8_2_v112_19_vv113_110_60_55_49_39_25_21_v22_v129_23_v114_12_v122_82_50_41_7_v169_134_129_102_101_77_53_18_12_v110_47_45_27_10_v166_149_38_v158_148_119_71_v169_168_28_12_v74_v150_v114_55_15_v34_v134_48_v165_141_126_93_76_68_34_v94_73_66_62_34_19_v22_v148_143_94_9_v182_153_151_149_148_125_118_116_115_93_85_84_78_73_67_63_49_45_29_26_14_12_v124_14_v136_55_24_vv122_vv188_104_99_98_46_25_v189_170_99_86_65_55_47_1_v167_39_vv50_v143_69_51_v113_v53_v144_124_v181_101_99_96_v12_v57_v168_135_58_45_v120_vv126_91_v62_v151_vv208_173_141_133_110_109_103_92_v155_135_124_66_v123_121_59_v204_197_187_162_158_118_112_92_30_16_9_v36_v62_5_v185_171_161_132_17_3_v54_v119_117_95_88_82_33_v183_92_74_46_v120_119_84_75_35_vv77_v131_57_v52_v205_190_182_172_145_80_v146_81_vv225_206_136_122_36_vv204_179_175_76_37_v181_167_96_13_v171_155_113_93_87_64_47_34_v1_v210_198_107_102_94_89_49_44_33_2_v179_162_143_69_v234_167_77_v235_195_167_143_138_84_78_66_52_27_v236_161_v237_169_140_86_80_68_54_29_v192_77_v118_96_71_41_27_23_v134_69_11_v202_116_108_98_59_1_v223_191_138_133_127_117_99_84_82_v168_v114_v231_167_66_60_6_v206_154_138_103_11_9_v118_114_18_7_v199_145_37_1_v207_206_200_156_38_35_v244_v213_140_72_v82_v187_v232_185_170_158_155_128_56_15_v222_193_177_133_130_112_v221_189_188_169_157_140_87_43_32_13_v257_222_221_190_189_182_163_152_23_22_21_20_14_1_v10_2_v3_v142_99_98_87_v262_249_233_219_208_183_131_118_106_98_88_54_44_v5_v153_148_v259_210_195_165_103_45_v260_227_185_179_172_166_154_98_92_51_14_v231_198_150_115_109_97_58_30_v106_34_v229_143_125_86_27_4_v230_191_144_126_87_28_7_5_1_v238_127_81_45_6_v182_120_v194_129_v195_130_v196_20_v224_197_191_179_149_71_v199_133_v243_62_v160_117_v210_175_161_136_118_v131_v228_32_v229_33_v184_181_147_112_85_v182_148_101_v284_272_266_265_259_251_234_223_219_201_200_195_194_190_189_186_176_160_159_156_150_147_136_121_95_85_68_43_30_24_v180_143_94_1_v236_162_144_70_13_2_v268_184_145_3_v238_164_14_4_v279_175_147_v148_88_v179_149_88_v150_110_v285_169_151_v164_152_v288_171_153_v240_225_223_154_111_27_v292_246_213_176_155_89_71_43_28_v252_240_202_201_200_197_186_179_161_156_101_81_75_73_67_57_16_15_v176_157_39_v299_v212_v5_v28_v215_178_5_v181_89_v284_262_165_v241_v89_v211_71_v150_126_32_v272_244_220_210_203_196_168_161_155_143_114_88_80_70_29_28_22_v214_113_14_1_v31_15_1_v198_122_42_v18_v219_v220_203_158_v234_v303_223_v82_v223_v305_290_100_v291_v,326,train,202
v1_vvvvvvvv7_vv7_3_v4_2_1_vvv4_v8_vv1_v17_vvvvvv19_1_vv22_v17_vv16_vvvv3_v2_v20_v15_v8_vv40_v39_22_9_v15_vv9_v15_vv26_v40_38_36_v22_vv17_v8_v38_v24_13_v46_28_6_v34_1_v54_53_49_47_45_42_41_31_24_21_13_9_7_v36_vv7_v36_v53_19_16_9_v34_31_22_13_v56_54_53_16_7_v31_v57_39_v67_65_48_47_38_36_35_28_26_16_13_8_4_2_v11_v56_v13_v14_v15_v16_v17_1_v53_v54_v68_34_31_24_v56_41_16_1_v43_31_22_v11_v16_v29_2_v83_81_76_66_64_62_61_60_58_56_55_53_52_50_39_32_30_26_21_18_16_14_6_v21_15_4_v,85,train,183
vvvvvv3_vvvv2_vvvvvv7_v17_13_4_vv8_vvv12_5_2_v22_20_18_17_16_vvvvvv12_v24_13_3_v27_v24_11_10_vv32_v12_vv26_21_7_v38_4_v16_v3_v18_vv6_vv32_v43_23_vv5_v47_39_16_5_2_v47_27_14_v51_43_30_29_23_21_19_13_9_4_2_v1_v2_v3_v4_v44_8_vv28_v7_v50_42_39_v58_55_38_v45_44_11_v7_v21_v42_v26_v33_27_15_1_v45_vv43_12_v28_v67_66_65_60_58_57_50_49_48_47_46_36_35_33_31_29_16_15_11_9_5_3_v62_57_43_33_30_1_v36_22_v72_71_52_40_29_v,76,train,87
vvv3_vvv1_vv6_vv4_1_vv9_vvvv16_14_11_6_4_v9_v16_13_8_2_vvv11_2_1_v10_1_v16_12_6_v1_vvv19_v18_vv20_v29_15_14_v24_15_10_9_v25_vv27_8_vvv37_26_25_24_23_13_12_9_2_1_v23_v40_38_24_v9_7_v4_v31_v44_42_28_4_v37_22_10_v3_v45_31_16_v46_44_32_27_1_v39_v44_40_32_22_v43_v30_v51_36_26_21_20_18_8_2_v,54,train,144
vvvvvv1_v2_v3_v4_v5_vvvvv3_vvvvvvvvvvv10_v4_vvvvv9_vvvvv14_vvvvvvvv40_v7_vv25_vv21_vv16_v12_v46_43_32_6_v32_vvv53_35_vv55_v45_35_vvv44_41_3_v4_v50_40_5_v13_v2_v26_v34_33_18_v1_vv62_26_vvv65_29_v63_v52_17_12_v11_v57_22_10_v35_v48_v72_vvvv74_70_18_v19_18_vv55_v10_8_2_vvvvv46_vv71_v45_v23_v100_73_67_44_29_26_22_19_v11_v80_73_70_66_49_44_41_v54_10_v2_v76_75_69_52_43_22_13_3_vv97_v63_v73_66_v10_v107_45_v90_15_v11_vvvvv119_117_116_115_114_105_101_100_95_94_91_81_80_73_72_70_68_63_51_49_47_43_42_40_34_26_25_24_19_11_10_8_4_3_2_1_v97_84_68_v2_v28_3_v4_v116_38_v6_v72_2_v22_21_v78_v86_65_v76_v108_96_77_44_30_25_12_v109_95_78_v23_v78_66_55_33_15_v16_v101_v115_114_83_31_v96_84_31_v128_127_124_118_102_99_83_75_65_42_v117_110_v117_22_v131_120_119_92_89_84_83_56_51_50_39_36_16_11_5_4_v102_98_46_5_v94_v26_v48_v114_v29_v30_v113_31_13_v12_v101_33_v34_v100_91_68_v101_v37_20_v,157,train,523
vvvvvvvv7_v2_v3_v4_vvv7_v8_vvvvv20_vvv5_v6_1_vvvvv4_vvvv27_vv16_vv5_v20_14_7_v32_vvv14_v32_30_vvv39_21_v40_vvvv6_1_vv25_24_11_v1_vv43_24_19_v44_25_20_v46_41_vvv55_28_10_v37_16_9_v25_vv28_vvv20_8_1_v31_v17_vvvvvvv8_v20_v53_24_18_v63_6_v52_38_8_v69_v65_60_45_v32_5_v78_vvvvv1_v69_43_31_24_23_14_v1_v29_v93_91_90_89_87_82_78_75_74_73_68_64_63_57_56_54_53_50_43_41_39_37_36_33_28_21_20_19_16_12_11_10_8_6_5_3_1_v8_6_v22_2_v3_v26_4_vv59_v12_v63_29_1_v5_v79_77_61_33_25_23_10_v103_99_72_71_61_56_54_46_44_29_26_18_11_6_v12_v56_v83_65_27_v82_v89_16_v98_82_67_v99_87_66_31_8_4_v19_v20_v21_v44_25_v69_26_25_v80_v90_25_11_v84_11_v70_v81_28_v39_vv31_1_v125_v125_121_94_78_51_47_28_22_18_v92_34_19_8_v,129,train,503
vvvvvvvvv8_v2_v3_v4_vvv7_v8_vvvvv21_vvv5_v6_1_vvvvvv5_vvvvv8_4_v30_vv19_vv6_v23_17_8_v35_vvv16_v45_v20_12_v37_35_vv19_vv45_27_v46_vvvv6_1_vv30_29_14_v1_vv49_28_22_vv1_v52_31_25_v54_49_v17_vvv64_34_13_v46_19_12_v31_v46_38_26_v73_28_24_v35_v45_3_vvv25_10_1_v39_v22_vvvvvvv87_v9_v24_v90_65_64_41_30_27_21_18_v75_7_v63_45_9_v81_v68_v78_73_55_v39_6_v91_vvvvv1_v82_50_35_26_25_15_v1_v32_v107_105_104_103_100_95_91_88_87_86_81_75_74_67_66_64_63_58_50_48_46_42_41_37_30_23_22_21_17_13_11_10_8_6_5_3_1_v8_6_v24_2_v3_v28_4_vv112_69_25_v12_v73_31_1_v5_v92_89_69_35_26_24_10_v113_112_82_81_69_63_61_50_48_31_27_18_11_6_v12_v63_v96_73_28_v94_v102_16_v111_94_75_v112_100_73_32_8_4_v19_v20_v21_v46_25_v76_26_25_v90_v102_25_11_v94_11_v77_v91_28_v39_vv31_1_v139_v135_134_104_90_85_53_48_28_22_18_v102_34_19_8_v,143,train,81
vvv2_vvvvvvv10_vvvvv3_v12_10_8_vvvvvv22_17_7_vv19_2_v20_1_vv26_24_5_vvv1_v28_4_v27_7_vv22_19_12_vvv21_v33_26_19_16_v23_v39_37_13_vv40_28_6_v19_v22_20_19_6_v4_v41_29_24_21_14_2_v47_v10_6_v25_v28_9_5_vv47_45_43_40_39_35_30_29_28_27_26_24_23_22_19_9_8_4_2_v47_37_v2_v13_vvv15_8_6_v35_v56_54_52_51_49_46_44_42_41_40_39_25_24_23_21_18_9_8_7_6_4_3_v1_v47_v63_53_47_30_16_v,64,train,176
vvvvvv5_vv1_v1_v3_1_v2_vv12_vv1_vv16_5_vv12_v9_v20_9_vvv16_15_v24_vvvv28_20_vv23_v18_17_v24_vv34_16_v28_13_12_v16_v27_v8_v36_26_25_18_16_13_8_v41_38_36_21_15_7_vv36_v42_37_35_32_24_16_14_7_6_3_v4_v10_v3_v12_v35_17_9_v29_9_v14_v43_vvv35_21_14_vv21_v38_24_v22_9_v42_v52_v31_v61_45_21_19_10_3_v55_3_v60_39_24_7_vv4_1_v67_56_47_18_v58_41_25_13_6_4_3_v3_1_v34_2_v56_34_28_18_v29_v51_38_26_v44_36_v35_v47_v46_38_v35_16_v,80,val,45
vvvvvvv1_vvvvvvvvvvvvvv15_v1_vvv19_v4_vv6_2_vvv15_v15_10_8_vv18_v11_v17_9_1_vv32_vv18_vv6_v37_vv23_17_v24_v46_v42_24_v34_15_vv47_37_36_28_22_2_vvv47_v48_1_vvvvvv20_v61_vvv32_31_v49_34_v63_59_54_44_11_v60_1_vvvvvv53_v71_70_67_62_60_52_46_45_41_34_26_25_24_23_7_3_1_v28_7_1_v2_v3_v29_v44_v59_v78_77_69_68_67_59_52_36_31_11_10_7_5_vvvv79_65_61_48_43_38_v34_vvvv16_v31_v77_v38_v82_81_54_39_v81_65_63_62_43_31_v47_vv80_63_v96_49_vv80_62_v90_8_3_v43_29_8_vv75_10_v85_73_26_v67_33_v73_10_v85_60_35_33_v78_77_15_vvvv40_23_v55_34_v31_v22_v119_118_117_116_115_114_112_111_110_109_108_107_106_105_104_103_101_99_96_90_89_88_86_85_82_80_78_75_73_72_71_70_69_68_67_66_65_64_63_62_61_60_59_58_57_56_55_54_52_51_49_48_47_46_45_43_42_41_40_37_36_35_34_32_31_30_29_28_27_26_25_24_23_22_21_19_18_16_15_14_13_11_9_8_7_6_5_4_3_1_v119_1_v2_v3_1_v117_102_85_37_v118_103_38_16_v108_v114_53_20_7_v8_v49_32_24_9_2_v10_v116_115_79_11_v12_v,132,train,155
vvvvvvvv4_vvv6_v7_vv5_vv15_12_10_9_8_v15_14_7_4_v3_v8_2_v15_9_vvv14_6_v9_v10_v5_v17_v12_v29_18_v15_5_vv16_v16_7_v29_22_v19_v27_13_v22_v24_9_v35_23_vv14_1_vv17_v40_39_35_29_28_15_13_8_v30_21_20_v33_24_20_10_5_v38_24_11_9_v44_40_32_vv8_6_1_v30_28_24_18_8_5_v29_6_v37_v37_v11_v40_v36_24_14_11_6_v37_25_15_7_6_v38_26_16_13_8_2_v39_27_17_14_9_1_vv18_1_v57_56_55_47_34_31_28_15_v60_49_48_36_33_25_14_9_v,65,train,213
vvv2_vvvvvvvvvv3_vvv16_vv15_v7_v16_14_12_vvvvvv26_21_7_vv15_v24_3_v25_1_v16_vvv1_v34_32_17_9_v23_v35_v33_8_v27_20_13_vvv11_v23_v31_v40_33_22_19_vv38_v35_v29_v49_47_15_vv35_11_v24_v28_25_24_9_v4_v51_35_30_26_18_2_v57_v13_6_v45_30_13_v34_9_5_vv29_v58_56_54_51_50_42_37_36_34_33_32_31_30_29_26_10_9_5_3_v58_44_v2_vv58_2_v41_36_vv17_10_7_v42_v68_66_64_63_61_55_52_50_49_48_47_32_31_29_23_20_11_9_8_7_6_3_v1_v55_v75_73_59_55_38_18_v,76,train,433
vvvv2_vvvvvv10_vv7_3_2_v1_v10_v11_9_v6_vv14_4_v1_v2_v20_v10_v16_v8_v21_v17_14_13_v23_10_v10_9_v13_v15_12_5_3_v20_19_v28_2_v30_v22_v28_v24_v37_v22_vv28_v25_22_13_vvv32_18_v45_44_33_29_20_5_v44_vv36_35_14_vv37_34_24_16_vv40_v41_v3_vv56_53_52_44_28_26_23_14_11_9_5_2_v26_v46_v47_v48_41_v52_51_39_33_30_17_16_3_2_v62_52_17_vvv50_v61_56_54_v29_27_v28_23_4_v57_12_9_8_v47_35_v43_37_30_15_2_vv70_17_vv63_16_15_vvv76_74_64_48_32_v63_34_32_v77_47_24_v69_v25_v79_53_34_28_v2_v29_v83_30_v87_71_v88_78_7_vv78_77_66_64_61_49_34_28_3_2_v79_52_46_v36_v31_v94_v83_v84_v97_7_v94_91_75_68_63_28_21_v83_54_23_v75_18_v19_v86_57_v96_80_33_27_4_1_v81_5_2_v88_78_v74_23_v84_31_8_5_4_3_v97_63_55_45_36_34_19_v97_47_29_21_12_v98_49_v29_27_v112_22_3_v109_83_70_v106_69_52_21_v,115,train,381
vvvvvvvv7_v2_v3_v4_vvv7_v8_vvvvvv21_v4_2_vv6_2_vvvvvv4_vvvv28_vv17_vv5_v21_17_7_v33_vvv14_v33_31_vvv40_21_v41_vvv29_vv7_1_vv26_25_12_v1_vv45_25_20_v46_26_21_v48_43_vvv57_29_10_v38_17_9_v26_vv29_vvv21_8_1_v32_v17_vvv10_vvvvv9_v63_v22_v56_26_20_v67_7_v55_41_9_v73_v69_63_48_v34_5_v82_vvvvvv1_v71_47_34_27_26_16_v1_v32_v98_96_95_94_92_87_83_80_78_76_72_68_67_61_60_58_57_54_46_44_42_40_39_36_31_23_22_21_17_13_12_11_9_7_5_3_1_v9_6_v24_2_v3_v29_4_vv63_v12_v67_31_1_v5_v83_81_65_36_26_24_10_v108_104_76_75_65_60_57_49_47_31_27_19_11_6_v12_v59_v87_69_28_v86_v92_16_v103_86_71_v104_91_70_42_32_8_4_v19_v20_v21_v47_25_v73_26_25_v84_30_v94_25_11_v88_11_v73_v85_28_v40_vv31_1_v130_v130_126_98_82_53_48_28_22_18_v96_34_19_8_v,134,val,42
vvvvvvvvvvvvvvvvvvv17_4_vvvvvvv21_vvv9_vv11_vvvv8_v4_v4_v24_1_v22_19_vv24_21_9_2_vv17_9_vvv22_vv24_vv16_vvv15_vvvvv55_vv34_17_4_v38_13_v62_23_v62_61_26_24_v54_35_34_v59_43_42_36_23_4_v51_46_30_27_18_vvv51_36_6_v61_v62_1_vvv65_35_4_3_vvvvvv11_v38_v74_38_vv44_32_vv80_79_63_57_39_v23_13_v85_53_vv55_v65_vv43_v77_51_32_2_v48_47_v64_v65_v92_88_77_69_68_25_v89_69_35_1_v68_37_v69_65_56_vv46_vvv100_98_97_84_83_82_78_77_62_58_54_45_41_36_35_7_1_v25_1_vv89_v104_102_100_89_87_81_80_70_68_66_62_58_49_47_46_45_43_23_11_4_3_1_v52_1_v35_6_2_vv50_4_v33_9_5_v91_59_53_30_25_22_13_v111_109_96_95_94_88_73_61_52_35_12_11_10_7_5_2_v85_32_vvv53_vv17_v109_90_88_81_76_74_64_61_52_45_43_28_27_23_11_8_vv16_v43_v65_24_v61_47_8_v106_24_v58_v111_110_80_59_vv111_88_87_86_66_39_v125_111_105_48_36_29_25_v130_72_71_vv109_10_v33_v77_v120_9_5_v58_32_8_vv98_10_v113_109_102_97_21_v22_v95_37_v116_82_76_47_35_24_3_v126_114_104_84_59_31_v119_87_63_44_40_38_11_v104_103_17_vvv67_48_v49_45_28_v72_39_v23_8_v158_155_154_153_152_150_149_148_147_146_145_142_137_136_135_134_131_130_129_116_114_112_111_110_109_107_106_103_102_100_99_97_95_93_91_90_88_87_85_83_82_75_74_73_70_68_66_63_60_59_56_53_51_50_49_47_46_44_42_41_40_39_38_37_36_35_33_32_31_30_28_27_26_25_24_22_21_17_16_15_14_11_8_7_6_5_4_3_2_1_v139_120_99_78_66_v157_2_vv70_v39_v6_v7_1_v42_v83_81_61_57_v125_55_44_v85_v154_62_26_12_v13_8_v85_66_56_38_30_23_14_2_v166_163_147_144_138_131_128_121_119_117_115_112_110_103_98_97_96_95_91_84_44_37_26_17_16_13_11_4_v16_v160_125_112_82_14_v104_52_v111_2_v156_155_113_20_v21_v163_160_141_132_118_99_89_88_64_21_v,181,val,16
vvvvvvv1_vvvvvvvvvv8_v6_vvvvvvvvvv3_vv24_22_v17_v2_vv28_20_vv7_v19_5_vv35_3_v2_v31_27_vv34_v34_30_19_12_8_7_3_vv28_vv23_20_vv11_v39_vvv30_22_19_v51_vvv39_26_vvvv44_v42_41_37_8_v42_1_v33_21_2_v3_v35_v63_37_vvv53_33_26_4_v72_31_v71_70_32_31_v43_v70_44_7_v58_7_v43_vv75_v66_25_v70_67_63_43_42_40_26_vv45_12_2_vvv77_vv81_8_v82_9_1_v83_63_49_2_1_v11_vv20_vv81_13_v52_v52_21_v72_67_64_43_v25_9_1_v95_69_47_v75_38_37_3_v76_39_4_vv36_vv94_60_v97_95_80_62_54_35_31_4_3_vv97_33_v72_70_39_29_v21_v105_24_23_22_v77_v78_v79_2_v111_85_25_v93_63_vv83_46_v84_81_68_v116_114_90_66_53_46_33_32_v113_v119_v11_10_9_v124_113_v92_71_vv114_98_v124_98_74_56_55_54_30_8_1_v19_v58_31_26_24_v105_42_v104_101_97_80_76_63_46_41_28_v129_103_67_59_13_5_v123_89_29_v129_106_102_v133_118_v127_99_93_83_67_65_44_41_25_24_18_8_7_v66_v109_vv137_74_68_67_62_v87_v113_5_v72_v114_88_v43_42_v28_v144_118_v130_118_114_111_105_95_72_71_42_27_17_13_12_v88_27_v134_76_v83_20_v57_v151_119_115_105_74_70_61_35_25_17_5_vv144_141_108_101_14_v124_85_59_37_29_v141_24_v148_4_vv82_v158_132_v124_79_70_9_v102_v166_161_159_135_111_99_93_91_78_77_75_65_64_62_50_38_35_32_27_24_8_1_v134_120_85_40_v154_131_127_122_117_97_71_62_59_33_27_9_8_v138_101_95_v144_107_106_72_4_v162_v146_109_108_74_71_70_2_v40_20_v98_v95_71_v126_97_43_38_v168_v169_v170_v171_136_v172_164_v87_15_v164_153_vv177_79_17_v180_156_50_v30_v170_112_v102_56_v172_114_v185_161_55_3_1_v162_4_2_v36_v37_v162_134_99_77_28_v152_63_39_v182_174_161_145_137_36_v168_10_8_7_6_v190_v91_65_59_46_40_15_v170_149_140_134_128_112_59_36_31_26_v197_171_169_155_120_106_75_60_48_20_7_v156_121_107_85_76_21_8_v193_131_98_v124_1_v128_99_v39_7_v67_40_8_v103_41_9_v209_200_198_196_183_169_157_155_151_141_138_134_130_128_126_113_107_106_105_85_79_63_54_42_36_28_26_10_4_v,211,train,174
vvvvv1_vvvvvvv1_vvvvvvv12_vvvvvvvvvv22_1_v26_v27_26_vv22_v14_v2_vvv27_18_vvv11_10_v19_v17_v4_v25_v14_vvvvv23_22_v43_vvv51_29_vv50_47_7_v55_32_1_v11_vvvvvvv35_8_v63_62_24_1_v33_vvv63_58_46_37_34_v67_5_v62_34_vvv51_18_v48_26_9_v48_35_v79_34_v79_78_36_35_v68_47_44_v74_59_57_48_33_11_6_v31_16_v75_32_v47_28_vvv85_v69_31_v70_45_32_vv61_v9_v39_vvvv86_9_v87_16_10_1_v11_v89_56_3_2_v62_22_vvv48_v11_v97_57_vvv89_63_49_v107_98_80_77_73_55_53_39_18_3_v31_11_1_v58_13_2_v106_105_89_80_58_30_v3_v111_85_75_50_49_24_5_vv87_77_75_52_26_7_v48_v91_vv90_v104_72_44_4_vv108_vv71_69_16_vv117_31_30_28_vv124_69_v124_119_110_98_95_32_v103_102_92_17_15_v121_97_63_53_2_v74_25_v48_vv106_v59_v86_vvv69_vvvv139_137_135_124_122_121_115_113_97_89_86_76_71_65_54_49_48_13_2_v91_41_1_vv131_69_68_38_3_v113_93_88_v89_41_v144_70_69_v134_121_v147_145_142_133_130_121_118_108_106_105_97_94_79_75_74_73_64_43_21_8_7_1_v83_14_1_v52_10_2_v87_77_3_v52_12_4_vv134_87_81_47_41_38_18_v155_107_105_104_99_92_11_vv38_v105_v158_156_144_143_141_132_116_98_84_59_21_19_18_11_9_7_v167_vv129_55_v152_v16_vv77_v63_v139_28_v11_v67_v152_31_v83_72_6_v167_154_143_68_46_33_30_25_v81_57_v160_159_121_82_47_14_v158_128_127_125_120_87_56_32_31_21_20_vv105_39_v152_v173_v132_37_36_v7_v182_119_109_108_101_v168_81_44_v83_v28_v160_44_9_v48_v109_52_vv118_vv19_v197_196_145_143_129_109_85_83_v195_144_v181_21_13_vv95_94_50_22_v95_v152_137_24_v89_88_v177_87_v202_176_v176_160_153_123_v197_v206_151_vv154_153_60_55_vv192_186_176_163_154_148_135_120_99_84_66_65_55_48_vv105_1_v213_165_162_109_89_v215_v150_v185_143_111_76_68_66_28_v168_166_113_41_v26_v218_192_v140_83_31_v143_117_116_102_81_v176_82_74_52_v155_120_93_64_v199_v166_49_15_v233_228_227_226_225_223_221_220_219_218_217_216_211_210_208_207_203_201_199_184_183_178_177_175_174_173_172_168_165_161_160_157_153_151_142_137_135_134_133_130_129_125_124_123_117_115_114_106_101_99_92_88_85_84_79_77_76_75_72_67_64_63_62_61_60_59_58_57_56_55_52_51_50_49_48_43_40_30_28_27_26_18_10_9_8_6_5_4_3_1_v176_63_51_17_v118_v85_53_2_v32_20_v134_117_97_v226_205_168_158_105_56_v140_v236_210_198_175_174_130_108_44_40_8_v60_v61_v240_239_213_203_178_177_172_152_133_128_126_27_3_v188_156_126_v190_v14_v192_134_v161_113_v17_3_v229_v142_138_124_105_97_v72_v73_51_v200_185_v213_198_189_55_v250_v200_v248_226_99_44_39_v185_150_30_v197_v152_127_v259_258_232_207_205_191_171_147_145_46_22_7_v217_v211_v215_208_189_186_126_105_55_17_v250_156_146_118_63_60_34_11_v182_180_132_35_19_v184_158_157_139_122_108_105_86_64_52_36_2_v258_237_232_197_11_v4_v263_259_243_238_231_223_218_211_208_204_200_196_192_173_169_168_167_166_165_155_93_82_57_42_40_31_27_10_v162_40_v266_240_222_121_84_13_v109_98_v196_v168_v274_273_247_237_220_206_186_167_162_160_145_61_37_34_v256_254_197_46_v275_213_39_2_v65_48_v277_252_251_241_227_215_171_149_81_38_19_4_v274_199_130_v260_259_252_202_70_66_65_36_v280_218_193_29_v175_159_66_62_v268_267_242_229_225_208_198_168_167_126_79_v,288,train,427
vvvv2_vvvvvvvvvvvv15_10_vv7_3_vv16_v17_v6_vvvvvvvvv27_11_v26_1_v2_vv20_vvvvvv1_v23_v4_v22_3_vvvv44_v42_6_v3_v37_32_v48_vv40_35_13_11_10_3_vv25_24_11_v35_v37_27_10_6_v14_10_v44_vv45_v57_v64_v58_40_2_v62_8_v26_v23_vv25_vv48_31_vvvv75_v55_vv14_vv40_27_2_v41_vv72_42_vvvv66_56_41_32_6_vv25_v86_40_v81_62_41_39_v57_v93_91_72_66_46_8_v57_v62_27_v90_52_v79_33_v84_80_77_52_50_48_34_vv93_27_vvv57_16_5_vvv6_4_vv11_v74_59_1_vvv21_vvv53_vv118_117_114_62_60_54_29_24_22_17_11_v82_vv109_79_56_36_v21_v113_81_61_v28_v112_vvv96_4_v45_v34_v115_74_61_v118_116_96_76_70_41_38_5_3_v38_vv39_v135_120_108_42_v90_87_49_38_v28_v38_v132_39_5_v76_20_v99_v100_v101_2_v137_44_42_23_5_v140_71_v50_v52_8_v106_57_v107_101_89_v104_47_14_v69_v52_vv130_113_90_82_71_65_46_v149_130_76_56_v15_14_13_v149_142_v109_53_48_v144_5_v84_75_24_v97_86_v151_121_108_98_90_73_71_8_v127_26_v79_71_v139_83_74_43_38_34_14_v161_104_102_91_5_v132_58_v133_1_v131_129_127_108_99_83_62_58_42_v129_89_51_16_8_v156_115_41_v147_93_17_v124_86_v168_151_v161_131_127_120_111_106_88_84_65_58_57_34_33_26_12_10_v112_101_36_15_10_v58_v87_v180_167_62_55_29_vv98_84_v56_v92_v5_v121_101_v91_47_v182_123_v148_117_v62_61_v41_v67_12_v170_152_150_144_137_128_98_96_59_37_23_18_17_v188_119_v193_191_175_137_v174_102_100_v110_27_v22_18_13_vv44_27_v106_45_v202_173_138_84_3_v196_160_153_144_104_97_92_53_39_27_10_v131_129_41_vv202_148_v201_142_86_61_v123_90_v117_54_46_v210_92_v210_189_39_v211_196_7_v148_92_36_v164_108_103_11_v44_v137_39_v212_211_205_192_175_162_152_144_135_132_127_125_108_103_102_88_76_51_46_40_38_35_13_8_4_2_1_v94_90_v154_42_v201_176_169_163_160_132_102_89_84_48_39_9_8_v125_v143_101_36_5_v53_26_v161_126_95_v131_v167_129_79_56_50_v109_v227_v75_53_11_vv75_58_31_v231_101_12_v225_132_88_v230_194_176_vv180_72_60_v215_143_v232_v174_53_v132_70_v90_61_v177_v221_149_v190_74_vv181_161_24_7_v120_v97_68_63_40_7_v220_47_v207_189_v154_104_34_25_v131_97_86_75_35_v236_159_148_v118_82_73_52_42_22_v245_243_223_213_209_200_194_182_177_173_170_165_163_146_141_140_139_138_135_129_77_73_51_40_39_33_31_10_v161_v215_155_75_55_27_v243_188_166_127_v153_148_83_41_v214_195_175_139_38_v166_129_v42_8_v82_43_9_v263_133_44_10_v261_207_v257_252_250_247_230_215_204_201_191_180_175_172_168_164_161_148_139_138_137_108_100_76_61_46_41_36_31_12_5_v,267,train,73
vvvvv3_vvvvvvvvvv13_vv16_vv19_v5_v3_vvvv10_vv13_vvvv16_v17_v18_15_8_vvv21_v19_11_v20_12_v24_v25_vvv9_vvv43_v20_14_vvvvv38_25_21_v53_vv48_v41_v56_55_34_v36_v41_v45_v54_vvvv60_vvv67_50_45_11_vv69_52_13_vvv73_72_70_69_67_66_65_64_63_62_61_60_59_57_54_51_49_47_46_45_44_43_39_38_32_31_30_29_28_27_26_25_24_23_22_21_20_19_18_15_14_12_11_10_9_7_6_4_3_2_1_v,74,train,475
vvvvvvvvvv10_5_vv9_4_2_v1_v4_v10_v4_vv5_v6_v6_3_vvv19_v13_vv18_14_13_vv20_15_11_8_2_v14_8_v16_v8_v22_5_vv22_v33_v24_v16_v26_v25_v23_v29_v28_27_20_13_2_vv32_18_v19_v46_45_34_32_23_5_vv36_35_12_v40_36_35_27_24_23_13_vv39_v30_10_3_vv42_vv6_v41_31_v3_v46_8_v60_58_56_48_31_29_25_17_14_13_10_4_vv50_v51_v52_49_v55_35_28_v58_56_50_37_32_22_20_4_3_v67_57_21_v46_26_19_v4_v64_5_v68_61_59_v62_v34_32_5_v61_v34_29_v64_31_12_10_v67_47_12_v36_v70_58_54_50_43_42_37_34_19_3_v78_20_vv70_19_18_vvv71_39_38_v84_51_26_v38_8_v76_27_v29_v88_30_v91_77_14_v92_82_31_8_4_v81_80_73_67_63_61_51_33_28_26_16_12_2_1_vv83_49_v36_v30_v86_39_v99_93_92_34_6_v88_v87_55_18_vv70_v90_58_v22_4_1_v5_2_v8_v25_7_4_3_2_vv64_56_v99_44_34_30_25_19_12_v103_75_67_47_18_v64_1_v102_48_v82_62_22_12_6_4_v105_92_35_23_5_v117_62_59_52_24_15_6_v72_51_21_v,119,train,380
vvvv2_vvvvv8_vvvvvvvv6_vvvvv11_vv18_vvvv28_vvvvv19_v32_30_20_13_1_vv31_28_24_19_v33_3_v26_v31_22_vv31_17_7_v36_18_10_v38_31_26_20_7_5_vv34_v26_17_v5_v19_2_v3_v4_1_v44_6_v45_11_7_1_v46_2_1_vvvv46_11_v36_v59_58_31_v58_52_43_33_23_13_vvv60_58_57_51_46_45_37_36_21_vv61_46_32_31_5_vv33_v39_22_20_5_vv63_19_18_17_v66_63_54_vv68_66_61_56_43_37_35_30_26_22_21_v68_33_32_v70_67_63_58_52_45_37_36_35_32_2_v36_13_v8_v73_66_61_43_35_16_5_3_v16_v18_v64_v77_46_43_39_37_v66_v68_v3_v62_v82_70_vv89_76_61_30_1_v60_15_v27_v29_v92_84_29_7_2_v50_v90_78_v36_27_23_v19_v65_v95_94_92_91_87_82_76_72_69_64_62_61_59_56_48_47_45_44_34_28_23_21_20_17_14_9_3_2_1_v84_76_68_54_31_26_6_v90_42_8_v78_60_56_28_v95_86_67_64_v100_83_71_70_44_5_v103_101_86_72_71_68_45_40_1_v61_v97_v81_45_v89_80_61_60_59_52_41_9_7_v47_37_35_v69_v98_91_78_v97_82_55_41_13_vv83_v103_27_v28_24_v112_110_103_101_99_95_93_88_87_83_81_80_78_66_64_63_62_57_56_52_38_36_28_21_20_14_12_4_v114_103_102_95_73_61_45_37_30_10_6_v96_74_62_48_46_11_7_v115_105_79_47_21_v118_88_18_v119_104_89_63_18_v120_90_12_v116_114_99_80_79_66_49_34_24_16_8_v,126,train,257
vvvv2_vvvvvv1_vvvvv14_9_v9_3_1_v1_v14_v15_11_v5_vvv19_5_v18_1_v2_vv11_v19_17_v1_v21_13_vv12_3_vv30_vvvv25_22_21_v35_17_v17_16_7_v21_v23_19_8_3_v28_v28_v41_3_v46_v31_vv16_v41_vv36_vv45_v54_vv48_v42_v39_35_19_vvv46_24_v25_v63_61_48_44_30_6_v63_29_v40_18_v51_50_20_v15_v64_18_v54_vv56_v4_2_vvv76_75_72_60_36_34_30_16_12_10_7_3_vv9_v67_v14_v13_v66_v67_59_3_v68_v19_v71_45_37_v74_72_60_47_43_25_23_5_3_v22_v88_74_25_v21_v86_22_3_vvv89_25_23_16_3_v76_64_60_v30_5_v60_vv30_v93_85_84_v84_73_v44_38_vv88_41_21_17_v90_64_19_v96_78_76_56_52_49_v93_74_70_67_60_58_48_44_33_31_30_15_14_10_4_3_v108_96_32_29_10_vv2_v45_20_v96_29_28_v34_5_v85_77_74_67_7_vv114_112_98_74_51_v97_53_51_vv12_11_9_v120_99_74_44_2_v47_24_18_14_7_v106_vv120_82_56_49_v69_49_v126_50_v126_107_22_v127_113_6_v23_v114_113_98_92_89_87_71_54_44_41_25_21_3_2_v65_v116_68_v26_v58_v134_v29_v121_v110_v44_v124_v136_72_47_v138_133_114_100_92_36_27_v142_132_57_13_v104_41_37_v125_81_v112_23_v49_39_v128_84_v140_121_43_4_1_v122_5_2_v129_112_v107_28_v55_45_43_28_6_v133_34_v127_10_7_6_5_v92_84_v141_68_52_48_37_29_14_v134_102_95_v89_39_22_v86_53_v145_74_v32_5_v54_33_6_v163_78_34_7_v161_123_104_v102_77_v,167,train,218
vvvvvv1_vvvv2_vvv13_3_v2_v13_v14_7_6_1_v12_11_6_v7_5_vvv21_v11_v12_vvv22_20_14_9_v12_vvv30_19_v30_29_27_19_18_16_10_v20_6_1_vvvvv30_v21_v33_v17_v24_21_vv31_29_17_12_vv35_v36_v37_2_v18_v39_22_v40_37_31_v51_v38_19_16_v46_9_v27_15_13_v47_46_45_35_31_30_21_20_16_v42_30_v57_v57_47_45_41_37_35_32_31_22_21_20_13_12_8_5_4_v9_v57_51_50_47_43_39_31_30_18_9_5_3_2_v36_6_v4_v63_53_49_45_32_30_27_13_10_5_3_v50_31_28_1_v51_v45_39_12_v12_6_v50_38_20_13_10_v11_v53_17_12_v37_16_v56_17_v63_54_v46_44_26_8_6_v74_52_48_35_v43_40_18_v46_2_v,78,train,273
vvvvvvvv8_4_vv8_3_2_v1_v4_v9_v4_v4_vv6_v6_2_vv11_v14_11_10_vv16_12_7_5_2_v11_v13_vv19_5_vv19_v26_v29_v22_2_v32_vv25_v36_v25_v22_v29_v28_27_21_16_2_vv32_21_v28_v23_v30_v46_36_34_7_vv38_37_16_v38_37_30_28_17_v40_vv33_12_3_vv44_vv5_v43_36_v3_v48_9_v60_59_57_50_36_34_27_19_14_13_9_4_v18_4_vv53_v54_v55_52_vv59_42_33_v61_60_54_44_39_26_22_5_4_v69_61_23_v51_30_21_v67_36_v5_v68_6_v59_42_29_v73_67_65_44_9_v68_33_31_15_2_v66_v68_34_13_10_v75_49_47_43_v72_55_13_v41_v58_50_48_42_38_22_4_v22_9_7_v83_24_vv71_10_v83_55_v78_24_23_vv86_55_v79_45_44_v91_59_32_v83_31_v90_62_23_v35_v95_36_v97_85_17_v98_90_36_9_5_v95_84_67_61_55_54_35_22_21_v90_89_82_79_75_73_60_40_33_31_20_15_3_2_v91_55_v42_v34_v104_v95_46_v106_101_100_39_6_v97_76_v96_62_v105_vv83_v100_66_v7_v10_v105_46_35_30_23_17_9_v82_72_49_v107_49_v90_65_18_7_4_3_v110_99_34_19_4_v120_65_62_53_20_10_5_v75_52_18_v,122,train,10
vvvvvvvvvvvvvv2_vvvv4_vvv16_1_vvv20_vv9_v14_vv16_v5_vvv10_9_v31_4_vv4_v24_vv26_11_9_2_vv21_20_10_vv36_v13_10_vvv42_39_5_vv46_2_v19_vv34_vv54_vv39_32_7_v53_22_1_v30_v37_vv55_51_45_34_v58_5_vv48_15_v44_24_7_v65_64_30_29_v57_40_v62_53_52_41_28_7_4_v26_12_v63_27_v42_24_v59_23_v62_60_39_36_24_v50_vvvvv70_7_v71_11_8_1_v72_44_2_1_v50_16_vv58_vvv40_v13_v81_47_vv81_67_64_62_43_42_29_v41_v93_52_v27_13_3_v89_88_79_68_47_25_v72_63_61_40_22_5_vv94_74_65_42_41_24_7_v38_v79_vv93_23_22_21_v73_v74_v75_2_v100_96_79_v84_83_74_11_9_v98_47_41_2_v58_17_vv81_45_v82_78_67_v107_105_104_98_97_86_71_64_62_52_49_45_34_33_5_v67_25_1_v86_66_61_v62_25_v50_49_23_4_v111_49_48_v113_111_109_103_92_79_77_70_68_55_53_52_51_25_11_6_5_vv34_8_2_v33_9_3_vv58_29_24_v120_79_78_76_71_65_10_v101_98_96_26_vv122_120_113_112_101_86_70_60_39_15_14_9_7_6_v97_34_v54_v12_v121_101_98_91_83_82_67_66_49_42_39_29_28_20_9_8_v118_82_24_v118_88_86_85_80_58_19_18_9_v59_46_5_v126_42_28_23_19_17_v71_v111_v91_24_23_v134_79_73_72_68_v114_24_4_vv77_v140_96_95_82_70_48_46_v12_5_v129_120_v35_v57_56_29_14_v143_122_v122_120_116_109_101_24_18_v95_7_v20_v102_100_34_33_v151_124_116_110_81_76_71_42_31_22_4_v139_131_122_110_101_96_87_78_59_48_40_39_30_26_v94_63_v128_91_63_44_38_36_vv153_132_v122_82_77_6_v98_69_51_33_v106_28_7_v159_158_157_155_154_153_148_147_140_136_123_121_117_115_114_112_105_101_99_97_95_87_84_83_78_77_71_67_65_64_57_55_49_42_39_35_34_33_32_30_29_26_23_18_15_10_6_2_1_v115_33_30_9_v68_v51_32_2_v19_12_v82_v159_142_108_102_61_35_v166_146_135_114_113_79_63_28_26_7_v167_147_138_115_114_109_97_80_75_73_16_1_v125_100_73_v129_47_41_v42_v134_52_43_v141_127_119_32_v57_24_v115_86_17_v124_v88_71_v177_157_155_133_132_119_107_97_85_83_35_30_26_11_5_v105_v131_v170_165_154_139_132_26_v94_22_9_v115_95_92_85_73_62_59_52_38_31_23_1_v180_177_166_160_154_147_142_136_132_129_125_123_121_107_102_101_100_99_98_90_52_47_34_26_25_17_15_7_v182_161_145_70_48_9_v178_139_123_v112_107_58_v187_174_167_158_142_129_117_100_95_93_84_36_21_20_v188_135_22_1_v189_170_169_160_147_136_102_86_49_22_12_2_v187_124_76_v191_172_171_149_138_104_51_24_14_4_v181_180_128_33_v181_129_v,198,train,452
vvvvvvvvvvvv12_6_vvvvv5_vvvv13_v16_1_vvvv1_v13_v15_v15_v6_v14_5_vvvvv4_v29_v33_8_v28_25_v38_v30_27_15_11_10_2_v21_20_9_v26_v34_v24_8_v13_8_v35_vv36_vv25_v47_34_v51_13_v48_2_vv49_vvvv34_v4_vvvv13_vv41_26_2_v55_v43_vv62_56_44_vvv57_52_32_5_v60_23_vv74_38_v39_v52_v57_v72_66_54_10_6_v72_38_18_v83_82_66_63_46_11_vvv81_53_v73_35_v74_71_50_49_36_v54_31_v32_1_v2_v3_1_vv12_v67_40_vv4_v11_vv77_61_2_v14_3_1_v15_v89_14_v104_97_96_62_59_48_28_21_19_11_7_v78_76_55_53_11_vv103_98_97_92_80_75_58_57_25_v23_v47_vvv90_4_v42_v74_v103_72_v105_104_93_74_67_39_33_5_3_vv118_106_98_35_vv62_31_30_13_v71_69_16_vv93_v94_v95_2_v120_65_v118_100_25_v42_v99_51_v100_92_v61_v123_117_114_105_80_61_57_51_38_34_31_v34_v129_68_v133_123_82_21_v124_57_55_4_v108_85_v66_v129_57_v126_115_v132_126_114_89_66_63_62_60_9_1_v70_59_v124_73_65_36_31_27_12_v138_92_90_7_v49_v123_46_v124_1_v124_122_118_99_89_75_52_49_36_v140_134_122_80_68_17_8_v138_107_35_v117_44_v147_v120_115_111_101_79_75_49_30_29_23_10_v88_v140_105_103_34_18_11_v129_v150_53_v108_21_vv151_89_81_79_73_v50_v135_26_vv114_112_v159_113_v140_106_v55_54_v159_141_v153_143_139_131_127_117_85_83_52_35_21_17_16_v164_109_v154_88_86_v99_24_v77_v167_118_70_v170_145_129_87_45_22_6_v115_35_v162_96_40_33_26_v130_116_69_68_v72_v174_128_75_54_v2_vv79_v177_80_v185_168_35_v186_174_77_8_v137_135_82_32_v184_v102_v181_163_vv179_126_v85_81_v191_188_185_179_176_167_144_142_125_119_116_113_96_93_92_88_81_73_67_54_51_45_43_39_34_18_7_v143_40_18_v152_132_107_57_v183_166_158_154_150_123_93_82_79_47_38_12_11_v154_116_109_59_v172_128_120_44_v52_28_v138_118_v148_115_89_v157_117_75_55_50_v154_97_v109_32_v156_v103_v173_150_118_117_116_105_88_12_10_v103_102_87_77_68_v153_149_v158_v212_97_15_v131_v172_61_v198_132_v164_52_v121_69_v181_39_v167_v41_v204_138_v181_74_40_v173_171_46_7_v113_v195_v140_98_32_23_v122_95_84_72_50_33_v215_145_133_109_74_65_37_v111_79_70_55_43_17_v220_208_203_161_155_152_129_70_54_28_v222_204_187_142_92_71_57_23_v188_143_93_24_v181_128_56_v219_153_40_v151_119_v226_154_97_40_v40_8_v79_41_9_v239_124_42_10_v181_v226_160_62_60_37_v240_231_230_228_219_203_193_190_181_170_165_159_155_153_147_138_131_130_129_107_99_75_64_45_41_34_31_13_7_v,243,train,398
v1_vv1_vvv4_v1_vv6_4_vv9_v10_6_vvv10_4_vvv2_v11_5_3_v18_17_vvv14_v18_vv5_v18_11_vvv11_v10_v13_v26_9_v15_v28_25_24_11_4_2_v35_33_17_1_vv32_v20_5_v35_17_4_v22_11_v23_v36_19_8_v9_v9_vv19_1_v29_v44_36_34_v23_11_vv48_35_34_33_30_26_25_16_13_2_1_v52_40_38_28_24_17_16_14_13_5_4_v45_27_2_v47_41_36_v37_v22_14_13_v30_22_20_v32_20_7_v60_58_33_8_v33_3_v59_v25_v1_v46_v45_30_21_v,67,train,160
vvvv2_vvvvvvv10_v6_3_1_v1_v10_v11_v5_vv14_4_v1_vv9_vv10_v8_vv22_vv19_16_15_v25_v12_11_5_v15_vv18_15_7_4_v23_v23_v36_v33_4_v26_v22_vv16_vv31_v43_vv34_v31_28_17_vv37_21_v22_v46_34_v51_49_40_36_26_6_v33_13_v42_41_16_v50_13_v44_vv46_v4_2_vv61_60_57_49_31_28_25_13_9_8_6_2_vvvv10_v58_v14_v56_v57_v58_51_3_v18_v61_41_31_v64_62_52_43_38_24_21_5_4_v21_v74_64_23_v21_v72_22_3_vvv75_25_23_15_3_v28_4_v55_vv29_v79_74_73_vvv42_36_v77_39_19_16_v79_59_18_v81_66_64_61_53_50_44_41_31_30_29_13_12_9_4_2_v75_v93_85_32_27_10_vv88_41_vv4_v45_21_v87_30_29_v34_7_v74_71_63_10_v100_98_88_69_vv88_52_51_v14_12_8_v106_89_70_45_3_v47_25_20_16_6_v96_v105_76_v65_49_v111_50_v111_96_22_v112_102_5_v102_101_90_86_83_80_67_53_42_39_24_20_2_1_v62_v104_64_v26_v57_v118_v29_v109_v110_v118_68_43_v120_91_v124_53_11_v96_39_35_v111_75_v45_35_v113_77_v108_67_v48_38_34_21_3_v115_68_36_26_v81_75_v122_59_44_40_28_21_9_v128_113_112_103_79_72_49_40_29_14_5_v76_45_v125_64_v24_4_v45_25_5_v139_68_26_6_v137_108_v90_67_v,143,train,363
vvv3_vvvvvv7_3_1_vvv9_vv8_6_5_v11_vv10_1_v16_4_vv5_vvv21_15_v1_v2_v3_1_vv26_20_4_3_2_vvvv27_12_v31_v19_11_6_v31_18_v21_vv37_33_32_25_24_19_17_16_9_2_v1_v17_12_vvv30_v42_11_7_v3_2_v42_36_35_31_v24_23_19_9_v46_42_40_34_v47_v12_v16_v33_14_v33_v3_vv51_47_33_28_24_23_20_19_12_8_5_v48_34_29_20_13_9_v14_1_v21_v37_36_32_13_vv60_56_53_48_29_v61_vv65_62_61_58_55_54_53_52_50_49_48_45_42_38_37_35_34_30_24_23_22_20_19_15_12_11_10_4_1_v,66,train,370
vvvvv3_vvvvvv1_vvvvvvv11_vvvvvvv18_v24_v25_22_vv19_v11_v2_vvvv25_16_vv11_10_v17_v16_v4_v22_v14_vvvvvv46_25_vv43_41_4_v48_28_1_v8_vvvvvv56_53_19_v32_8_1_v29_vvv55_51_41_33_30_v59_6_v55_31_vv45_16_v43_8_v43_30_v70_29_v70_67_31_30_v60_42_39_v65_52_51_43_28_10_6_v16_vv41_26_vv75_v60_28_v61_39_29_vv55_v35_vvv75_7_v76_13_8_1_v9_v78_48_3_2_v54_19_vvvv44_v86_49_vv95_85_70_67_62_48_46_33_6_v55_44_v51_11_2_v28_11_3_v93_79_71_52_v74_v98_76_66_45_44_21_6_v77_67_65_45_22_7_v42_v81_vv90_38_3_vv94_vv63_61_15_vv103_28_27_25_v108_60_v108_104_96_86_83_28_v91_90_80_14_13_v106_85_55_46_2_v65_21_v42_vv94_v52_vvv65_vvvv122_121_119_109_108_107_102_100_84_79_76_67_63_57_44_43_12_1_v81_36_1_vv98_82_77_v116_62_61_34_4_v79_38_v117_107_v129_128_125_117_115_107_104_94_92_91_86_83_70_66_65_64_56_37_19_7_6_1_v73_14_1_v45_9_2_v77_68_3_v46_11_4_vv119_82_72_42_37_35_17_v137_96_94_93_88_82_11_vv35_v94_v140_139_128_127_126_118_102_88_75_53_19_18_17_11_9_7_v149_vv115_50_v135_vv69_v58_v124_26_v10_v21_v136_29_v72_51_v63_v142_141_108_74_43_12_v141_115_114_112_107_78_51_30_28_19_18_v93_37_v153_142_132_65_47_35_31_28_vv154_v138_v120_36_34_v85_75_16_v9_v164_109_100_99_93_v152_75_43_v78_v28_v146_42_12_v47_v101_50_vv109_vv22_v181_178_134_132_119_101_80_79_v177_133_v165_23_13_vv90_89_50_24_v91_v141_127_26_v85_84_v163_89_v184_162_v179_v163_143_116_v188_140_v142_141_59_54_vv192_v177_172_162_143_126_95_82_66_64_55_48_v193_152_149_103_85_v137_v167_131_102_72_65_63_25_v154_152_106_40_v23_v197_175_v129_78_28_v131_110_107_96_77_v161_78_71_47_v143_111_88_61_v182_v152_48_12_v212_207_206_205_204_203_201_200_199_198_197_196_192_191_190_189_186_184_182_167_166_164_163_161_160_159_158_155_152_148_147_145_141_139_131_127_126_125_124_121_120_119_116_114_109_108_107_100_96_94_87_83_81_80_76_74_73_72_69_64_61_60_59_58_57_56_55_54_53_52_51_50_49_48_46_40_37_27_25_24_23_16_10_9_8_6_5_4_3_1_v162_55_50_14_v81_51_1_v28_16_v132_69_v124_110_92_v206_188_155_146_100_55_v131_v215_193_181_162_161_123_103_41_37_8_v59_v60_v221_218_196_186_165_164_159_141_126_120_119_24_3_v174_145_119_v176_v14_v178_126_v150_108_v17_3_v210_v133_130_101_94_v72_v73_48_v186_172_v196_184_177_52_v229_v186_v172_140_29_v229_210_97_43_39_v142_121_v239_236_214_192_190_177_159_138_137_42_21_6_v191_174_171_99_48_14_v227_146_136_111_57_54_31_8_v169_166_124_32_16_v169_148_145_132_115_102_99_82_58_46_33_2_v235_217_211_181_7_v4_v236_223_218_211_203_194_188_184_181_177_161_156_155_154_153_78_76_52_39_37_28_24_8_v152_37_v242_220_78_v103_90_v156_v182_v252_249_227_217_203_190_172_157_151_150_137_55_34_31_v234_233_182_43_v251_198_36_2_v60_45_v253_232_231_221_210_200_161_141_75_35_17_4_v254_201_177_24_v162_v164_149_61_58_v240_234_189_35_v245_244_222_212_208_193_184_158_157_120_73_v,264,train,198
v1_vvv1_v3_vvvv5_3_vv8_vvv8_3_vvv15_2_v10_5_3_v16_15_vvv13_vv22_4_vv17_11_vvv9_v12_v13_v25_9_v15_v27_24_23_11_5_2_v34_31_17_1_vvv20_5_v33_17_4_v22_10_v23_v35_19_8_v9_v9_v27_v44_20_8_v41_35_33_vv44_33_32_31_28_25_23_14_11_3_1_v49_38_36_25_22_15_14_12_11_5_3_v42_25_2_v44_39_34_v35_v20_12_11_v28_20_18_v54_30_18_7_v57_55_54_31_8_v31_3_v55_v42_v41_26_17_v,62,train,102
vv1_vvvvvvvv7_vvv8_4_v5_3_1_vvv5_vv6_v11_vv1_v20_vvvvvvv23_1_vv26_v20_vvvv21_v10_vvvv42_24_v26_vv6_v2_v27_v22_v15_11_v13_vv51_v50_30_12_v22_12_vvv11_v21_vv35_v52_50_47_v30_vv19_v8_v47_v30_14_vv59_51_41_37_34_31_29_27_7_v44_21_2_1_v2_v3_v69_68_64_62_59_54_53_42_29_26_16_12_10_v5_v63_58_v59_1_v8_v61_52_v24_vv15_v52_v73_27_24_17_v48_43_41_31_21_v76_74_72_24_12_v41_v33_25_18_v78_60_56_11_v27_20_v89_87_67_66_54_51_49_39_37_26_23_10_6_4_v13_v19_v81_76_v79_v89_78_59_v23_v6_v25_v26_v27_v28_1_v102_76_64_v77_24_v94_48_45_38_v79_57_22_1_v59_45_33_v13_v91_24_v23_v44_3_v110_108_103_90_88_86_85_84_81_79_78_74_72_67_54_47_45_38_28_25_21_17_7_v28_18_5_v,113,train,426
vvvvvvvvvvvv9_1_vv12_vv7_vv5_4_vvv12_v13_5_1_vv13_12_vv21_vv25_22_3_v1_vvvvv20_5_v33_16_1_v19_v33_29_27_21_v36_3_vv30_11_v29_17_5_v42_41_22_21_v35_27_v40_34_28_21_7_4_v19_10_v41_20_13_v38_18_vvvv44_4_v45_7_5_1_v46_32_2_1_v12_vvv29_v9_v37_v54_35_v53_47_45_32_23_v32_v59_58_53_47_17_v62_50_46_30_29_3_vv52_48_47_32_5_v30_v56_vv63_19_18_17_v67_63_55_v59_58_54_8_6_v65_36_30_2_vv45_13_vv35_v51_v75_73_72_69_63_54_50_49_42_39_35_28_27_6_v52_20_1_v76_36_35_v78_76_74_72_66_59_57_53_52_42_40_39_38_9_3_2_vv27_5_2_v25_6_3_v44_23_18_v83_81_77_71_62_51_43_27_8_7_5_3_2_v38_v65_60_48_47_11_3_v60_15_v81_62_41_v42_32_4_v85_20_14_11_v52_v79_v92_59_53_52_49_v81_3_vv57_v85_v99_72_63_37_35_v12_6_v99_87_v74_73_22_21_vv96_92_88_79_62_40_34_v69_v66_29_26_24_vv106_94_v72_49_35_24_v78_21_6_v111_110_109_107_106_105_103_100_97_90_88_84_83_77_75_73_71_69_63_62_61_58_57_51_49_47_46_42_40_33_29_27_26_25_23_22_19_17_11_9_5_2_1_v49_v100_89_82_67_46_34_6_v60_v109_101_80_74_44_26_v116_104_99_84_83_57_46_20_17_5_v117_105_101_85_84_81_58_55_53_13_1_v92_73_53_v6_v39_18_v84_61_12_v109_92_65_50_9_v63_50_v124_112_97_88_62_60_20_8_v100_v123_120_116_112_110_105_101_98_96_92_90_88_86_76_73_72_71_70_68_63_36_32_24_17_16_10_8_3_v125_114_113_103_81_70_48_33_24_8_5_v104_82_71_56_49_9_6_v89_v130_118_114_103_94_71_68_66_60_26_14_13_v128_118_87_52_18_v132_99_16_2_v133_122_121_117_100_74_63_34_16_9_3_v,136,train,203
vvvvvvvvvvvvvvv15_vvvv12_vvvvv23_vvv4_vvv28_v12_vvvvv29_17_v37_vv36_v24_vv39_vvvvvvv45_vvv52_50_49_48_47_46_45_44_43_42_41_40_39_38_37_36_35_34_33_32_31_30_29_28_27_26_25_24_23_22_21_20_19_18_17_16_15_14_13_12_11_10_9_8_7_6_5_4_3_2_1_v,53,train,153
vvvvvvvvvvvvvv14_11_vvvvv16_vv17_vvvv5_4_vvvv11_v27_23_3_vv30_14_2_vvvv36_vv17_6_vvvv38_vv27_12_vv40_30_29_23_20_2_v23_17_v16_v17_vv22_vvv46_6_v47_7_1_v8_vvvv30_vv53_41_39_38_31_30_20_5_v34_7_1_v29_v61_44_40_27_3_v45_41_28_4_vvv38_37_7_v67_v65_62_56_48_15_v52_51_47_7_6_v64_2_vvv70_69_68_60_59_58_54_53_49_44_41_32_30_22_21_3_1_v47_1_vv55_47_43_v44_18_vv76_75_73_67_65_59_56_55_50_47_38_37_36_32_9_6_5_1_v40_1_v24_8_2_v3_vv42_v85_59_58_56_52_47_9_v83_82_74_73_72_66_62_50_43_14_13_12_7_5_vvvv41_v32_v19_vv15_v34_v82_70_68_67_63_47_30_20_19_13_11_v82_24_v45_v87_86_67_46_v58_v72_59_17_vv75_27_26_v101_61_59_vv105_78_77_67_44_43_v107_78_v96_9_4_vv51_49_31_14_v52_v86_74_16_v84_12_v114_v83_36_v102_98_94_91_83_79_73_66_53_47_40_39_31_29_v117_91_88_58_50_v97_76_45_39_37_v91_90_60_23_vvv78_63_49_v50_44_28_v63_38_v90_29_9_v128_126_125_124_123_122_121_120_119_118_117_116_114_113_112_111_109_107_106_103_102_100_98_97_96_95_94_92_90_87_86_85_84_83_79_77_75_74_73_72_71_70_68_65_64_63_61_60_58_56_55_54_52_51_48_46_45_44_42_40_39_38_37_36_35_34_33_32_31_30_29_28_27_26_24_22_21_18_16_15_14_11_8_7_6_5_4_3_2_1_v98_33_31_11_v52_32_1_v19_13_v124_110_60_34_v130_113_96_72_62_25_5_v131_114_110_97_93_73_70_69_16_1_v106_88_68_v8_v9_1_v110_98_v108_31_v138_v110_v139_122_112_111_101_78_77_24_9_3_v131_82_77_66_32_29_15_4_v1_v99_84_70_59_47_33_27_17_2_v18_v86_19_v145_128_124_117_107_87_84_83_77_30_15_14_v134_133_104_21_v147_131_130_126_122_89_79_42_16_8_2_v23_v149_133_132_124_91_44_18_10_4_v140_122_106_86_67_v,155,train,216
vvvvvvvv7_v2_v3_v4_vvv7_v8_vvvvv20_vvv5_v6_1_vvvvv4_vvvv27_vv16_vv5_v20_14_7_v32_vvv14_v32_30_vvv39_21_v40_vvvv6_1_vv25_24_11_v1_vv43_24_19_v44_25_20_v46_41_vvv55_28_10_v37_16_9_v25_vv28_vvv20_8_1_v31_v17_vvvvvvv8_v20_v53_24_18_v63_6_v52_38_8_v69_v65_60_45_v32_5_v78_vvvvv1_v69_43_31_24_23_14_v1_v29_v93_91_90_89_87_82_78_75_74_73_68_64_63_57_56_54_53_50_43_41_39_37_36_33_28_21_20_19_16_12_11_10_8_6_5_3_1_v8_6_v22_2_v3_v26_4_vv59_v12_v63_29_1_v5_v79_77_61_33_25_23_10_v103_99_72_71_61_56_54_46_44_29_26_18_11_6_v12_v56_v83_65_27_v82_v89_16_v98_82_67_v99_87_66_31_8_4_v19_v20_v21_v44_25_v69_26_25_v80_v90_25_11_v84_11_v70_v81_28_v39_vv31_1_v125_v125_121_94_78_51_47_28_22_18_v92_34_19_8_v,129,train,390
vvvvvvvvvvvvvvvvv14_vvvv3_vvvvv10_vv12_vvvvvvv34_vvv23_10_vv36_26_25_20_17_2_vvv36_v37_1_vvvvvv44_26_vvv31_22_v53_33_vv35_vv31_30_v55_51_46_39_14_v52_1_v30_8_vvvv61_59_58_51_50_49_46_45_41_37_34_27_25_22_21_5_1_v16_1_vvv65_63_61_56_54_49_47_46_45_41_38_31_30_29_28_9_4_3_1_v34_1_v23_6_2_v3_v23_8_4_v35_v71_69_62_61_60_55_51_41_35_25_11_10_9_6_4_2_vvvv26_v38_vv17_vv15_v69_20_v44_36_6_v42_v75_74_57_43_27_v74_63_62_61_47_31_v51_vv88_52_v79_40_28_vv82_7_3_v43_27_7_vv72_9_v68_30_v61_35_31_29_v74_73_12_vvv39_v40_36_26_v69_53_44_31_v18_v108_107_106_105_104_102_101_100_99_98_97_96_95_94_93_92_90_89_88_85_84_82_81_80_79_78_77_75_74_73_72_70_69_68_67_66_65_64_63_62_61_57_56_55_54_52_51_50_49_48_45_44_42_41_40_38_37_36_34_33_32_31_30_29_28_27_26_25_24_23_21_20_19_18_17_16_14_13_12_11_10_9_8_7_6_5_4_3_2_1_v108_1_v53_v3_v4_1_v60_48_44_v77_61_8_v62_54_v104_49_18_8_v9_v53_44_29_22_10_2_v114_111_102_99_98_96_94_88_87_85_84_81_80_75_73_72_71_70_69_64_33_27_20_13_12_10_9_4_v12_v46_42_v108_107_82_14_v15_v71_v,125,train,457
vvvvvvvvvvvvvv1_vvvvvvvvvvv23_vvvvvvv19_vvvvvv13_v38_vvvvv5_vvv29_vvvvvvv35_vv49_vv42_25_23_11_v34_v53_23_vvvv42_vv62_v14_vvv43_32_vvv72_29_v73_35_1_vvv35_vv63_21_vvv61_v46_v66_vv84_71_68_65_62_27_19_13_11_3_v54_29_vv38_vv62_v24_v37_v38_vvvv2_v93_74_43_13_v75_v62_57_27_15_v55_44_11_v93_30_22_v67_v49_v96_75_70_42_vv98_84_50_27_17_vv52_vv56_26_vv112_55_15_14_v114_46_41_29_v104_vv15_v112_104_95_63_60_20_5_vvvvv108_66_55_v106_83_26_18_v82_52_25_23_vv123_112_109_31_vv23_22_vv95_49_vvv128_125_111_79_75_65_64_42_36_30_27_21_16_15_v80_1_v112_99_18_2_vv133_v92_82_15_12_v121_80_vv27_v14_v143_135_107_45_10_8_v39_vv111_v50_v92_v61_v124_103_v152_151_150_149_146_143_138_133_129_123_119_116_114_97_94_92_90_89_86_83_82_80_77_63_61_60_59_54_48_47_46_45_44_41_38_37_34_30_27_23_17_14_13_11_5_1_v6_v149_31_vv81_4_v100_v122_34_24_vv160_122_88_80_63_54_53_46_35_v136_133_9_vv11_v77_55_v110_v166_128_123_94_93_71_66_59_52_41_v161_49_15_v41_v162_51_v166_165_152_121_94_74_63_54_49_47_31_16_15_11_8_2_v117_19_vv49_v119_116_61_56_50_40_26_22_v159_125_90_87_51_v24_v138_25_v121_14_v130_85_52_43_9_v180_142_137_108_107_80_55_20_14_v117_49_47_29_12_v177_156_40_v168_155_126_74_v180_179_30_14_v77_v120_56_16_v35_v141_49_v174_149_132_95_78_69_35_v96_74_67_63_35_20_v23_vvv157_152_98_10_v194_162_160_158_157_133_126_123_122_97_89_88_81_76_70_66_52_48_32_29_15_13_v132_15_v126_112_v145_59_28_vv131_vv201_109_104_103_50_28_v202_179_104_90_69_59_51_1_v176_43_vv54_v152_73_55_v118_v57_v153_132_v190_106_104_101_v12_v61_v178_144_62_49_v125_vv132_95_v66_v160_vv221_183_149_141_115_114_107_96_v164_143_129_70_v128_126_63_v216_209_196_171_167_123_117_96_33_16_9_v39_v66_5_v90_58_v196_182_171_138_18_4_v59_v125_123_100_93_87_35_v194_97_79_49_v126_125_89_80_37_vv82_v137_61_v55_v215_201_193_182_152_85_v153_86_vv239_216_142_127_37_vv214_189_185_81_38_v191_177_101_13_v141_v182_165_119_99_93_68_50_36_v1_v221_210_113_108_100_95_52_46_35_2_v232_198_190_172_167_150_74_v249_177_83_v250_207_177_150_145_90_84_70_55_29_v251_171_v252_179_147_92_86_72_57_31_v204_83_v124_102_75_43_29_24_v140_73_12_v214_122_114_104_62_1_v234_202_144_139_133_123_105_90_88_v178_v120_v245_v246_176_72_63_7_1_v219_162_145_110_12_10_v125_121_20_8_v211_153_40_1_v220_219_212_182_164_41_37_v142_v261_v228_148_79_v88_v200_v245_197_179_167_164_136_60_17_v236_206_187_141_138_120_v235_201_200_178_166_148_93_47_35_15_v274_236_202_201_194_172_160_25_24_23_22_16_1_v11_2_v3_v150_107_106_93_v279_265_247_233_221_193_139_126_114_106_94_58_47_v263_229_5_v264_230_192_161_156_105_v276_223_207_174_111_48_v277_242_195_188_181_175_162_104_98_54_14_v245_210_158_123_117_103_62_32_v243_114_36_v243_151_133_91_29_4_v244_201_152_134_92_30_7_5_1_v252_135_85_48_6_v191_128_v204_137_v205_138_v206_20_v207_100_v238_208_201_189_158_76_v210_142_v258_66_v169_126_v223_184_170_145_127_v140_v242_34_v243_35_v194_191_156_119_90_v192_157_107_v302_289_280_279_274_266_248_237_233_211_210_205_204_200_199_196_185_169_168_165_159_156_145_129_100_90_72_46_31_25_v189_152_99_1_v250_171_153_74_14_2_v282_193_154_3_v252_173_14_4_v296_184_156_v157_93_v188_158_93_v159_116_v302_178_160_v173_161_v305_180_162_v254_238_236_163_116_28_v310_260_223_185_164_94_75_44_29_v266_254_212_211_210_207_195_188_170_165_106_85_79_77_70_60_16_15_v185_166_40_v317_v222_v5_v28_v225_187_5_v190_93_v298_277_174_v254_v93_v221_74_v159_131_32_v313_287_257_230_220_218_212_205_177_170_164_150_137_119_92_83_73_29_28_22_v194_162_v208_163_1_v226_120_16_3_v33_17_1_v209_129_45_v20_v231_v232_214_169_v246_v319_235_v87_v235_v321_307_106_v308_v,346,train,314
vvvv2_vvvvvv9_v5_3_1_v1_v9_v10_v5_vv13_4_v1_vv9_v6_vv19_vv17_14_13_v22_v10_9_5_v13_v15_12_6_3_v20_v20_v32_v29_4_v23_vv14_vv27_v38_vv30_v27_24_15_vv33_19_v20_v45_43_35_31_23_5_v28_12_v37_36_14_v44_12_v39_vv41_v4_2_vv55_54_51_44_28_26_23_12_9_8_6_2_vv8_v51_v12_v49_v50_v51_44_3_v16_v54_36_28_v57_55_45_38_34_21_19_5_4_v19_v66_57_21_v19_v64_20_3_vvv67_23_21_15_3_v26_4_vv51_v27_v71_67_66_vv38_33_v69_35_18_15_v71_53_17_v73_60_58_55_48_46_40_37_28_27_26_12_11_7_4_2_v83_76_28_25_9_vv2_v39_17_v76_26_25_v30_5_v65_62_55_7_v88_86_77_61_v76_45_44_vv11_10_8_v94_78_62_39_2_v41_20_17_13_6_v85_v93_68_v58_43_v99_44_v99_85_19_v100_91_5_v91_90_81_77_74_72_60_47_38_35_21_18_2_1_v56_v93_58_v23_v51_v106_v26_v98_v99_v106_62_39_v108_83_v112_49_11_v87_36_32_v100_69_v42_33_v102_71_v44_35_33_20_2_v103_25_v74_68_v110_54_40_37_27_20_8_v72_28_13_v69_41_v113_59_v23_4_v42_24_5_v126_63_25_6_v124_99_v83_62_v,130,train,100
vvvvvvvvvvvvvvvvvvv19_11_vvvvvv6_vv19_vv23_vvvv13_vvv16_vv10_9_vv20_vv22_2_vvv35_vv28_vvv24_vv44_41_8_v50_27_1_vvvvv58_vvv32_8_vv54_49_39_30_28_v58_vv42_13_v53_34_32_v66_64_29_28_v60_46_45_36_26_6_3_v60_25_v35_19_v52_19_v53_48_33_20_vvv6_vv65_6_v66_7_1_v67_50_40_2_1_v9_v14_vvv33_vv76_43_vv75_60_56_53_38_36_25_13_1_v49_34_vv25_12_3_v43_12_4_v89_85_84_70_61_57_45_43_24_v53_v4_v91_68_59_36_8_vv70_61_38_10_v37_v82_v83_72_53_2_v103_84_v24_v30_11_vv56_54_18_vv96_31_30_29_vv102_97_90_78_76_30_v98_77_49_45_1_v57_23_v46_vvvv109_107_105_95_94_92_87_85_74_65_62_55_52_49_42_40_39_6_1_v67_32_1_vv102_v103_55_53_30_4_v65_34_v88_71_66_v115_55_v106_94_v118_116_113_106_103_94_92_86_84_83_74_71_61_60_59_58_53_35_15_9_8_1_v63_13_1_v44_11_2_v67_63_3_v44_13_4_vv65_39_31_v126_84_82_81_76_10_vv106_56_v31_v129_127_117_115_114_105_94_76_69_51_21_20_19_11_9_7_v120_38_v46_vv15_vv67_v56_v28_vv58_v125_99_98_96_91_72_42_26_25_15_14_v73_63_6_v137_125_116_59_39_33_29_24_v126_34_v72_v133_131_98_73_41_vv123_v89_v149_95_91_89_86_v136_69_41_vv128_39_4_v44_v95_v158_113_111_100_67_65_v157_112_v145_12_8_v78_77_40_18_v79_v147_60_v120_21_v162_159_138_v119_v4_v118_117_47_42_vv152_147_138_128_118_107_77_53_52_42_36_v81_v84_v171_129_126_90_v144_112_88_62_53_51_18_v130_128_92_32_v182_163_5_v111_vv176_152_vv116_98_95_81_69_v142_70_61_40_v99_51_v129_41_14_v190_185_184_183_182_180_178_177_176_175_174_173_170_168_167_165_163_160_158_148_147_141_140_138_137_136_135_131_129_127_126_125_123_122_117_114_113_112_110_108_107_103_101_100_94_92_91_84_80_79_75_74_72_71_65_63_62_61_58_53_51_50_49_48_47_46_45_44_43_42_39_38_37_36_34_33_31_25_24_23_21_17_11_10_7_5_4_3_2_1_v139_50_43_16_v24_20_v70_45_2_v28_19_v176_156_149_95_93_57_14_v183_164_134_130_85_48_28_v192_169_137_109_34_7_v193_170_161_138_135_110_102_100_23_1_v148_128_100_v10_v151_108_v6_v13_3_v184_v101_v117_113_99_89_80_v55_42_v156_45_v157_v191_136_5_v180_80_38_33_v179_154_118_v124_101_v209_186_164_162_151_118_116_39_17_6_v175_v164_149_84_45_v200_129_98_48_27_9_v28_v149_131_128_110_102_87_83_71_53_44_29_2_v52_v53_v213_209_196_190_185_180_175_167_164_161_159_157_155_144_140_139_138_137_136_125_73_65_49_34_33_25_23_9_v135_33_v216_192_191_180_150_130_100_67_50_19_12_v88_78_v159_126_v222_199_190_175_164_139_131_129_52_30_29_v206_205_160_38_v224_202_201_192_180_141_66_31_15_2_v40_v226_204_203_182_143_68_33_17_4_v209_202_164_55_31_v145_127_55_53_v216_215_205_195_186_182_178_163_160_135_114_102_58_39_29_v,236,val,14
vvvvvvvvv8_v2_v3_v4_vvv7_v8_vvvvv21_vvv5_v6_1_vvvvv4_vvvv27_vv16_vv5_v20_14_7_v32_vvv14_v42_v33_31_vvv40_22_v41_vvvv6_1_vv26_25_12_v1_vv44_25_20_v45_26_21_v47_42_vvv56_29_10_v38_16_9_v26_vv65_23_v30_vvv21_9_1_v33_v18_vvvvvvv78_14_v9_v22_v81_56_26_20_v66_18_7_v55_40_9_v72_v68_63_48_v34_5_v81_vvvvv1_v72_45_33_25_24_14_v1_v30_v97_95_94_93_90_85_81_78_77_76_71_67_66_60_59_57_56_52_45_43_41_39_38_35_29_22_21_20_16_12_11_10_8_6_5_3_1_v8_6_v23_2_v3_v27_4_vv102_62_24_v12_v66_30_1_v5_v82_80_63_34_25_23_10_v103_102_75_74_63_58_56_48_46_30_26_18_11_6_v12_v58_v86_67_27_v85_v92_16_v101_85_69_v102_90_68_31_8_4_v19_v20_v21_v45_25_v71_26_25_v83_v93_25_11_v87_11_v72_v84_28_v39_vv31_1_v129_v125_124_97_80_65_52_47_28_22_18_v95_34_19_8_v,133,train,147
vvvvvvvvvvvvvvvvvvvvvvvvv4_v10_vv27_12_vvvvvv32_vv21_8_vv33_24_23_18_15_2_vv39_19_vvv36_v37_1_vvvvvv19_v49_vvvv28_27_v51_48_43_36_11_v49_1_v18_vvvvvv29_vvv30_vv64_63_56_55_54_49_45_36_31_9_8_4_vvvv31_vvvvv28_v63_v35_v68_67_50_36_v67_56_55_54_40_27_v46_v63_56_47_17_vv81_48_vvv76_8_3_v40_8_vv66_10_v65_53_25_9_v63_v58_30_v69_68_14_vvvv22_v51_32_v20_v103_101_100_99_98_97_96_95_94_93_92_91_90_89_88_87_86_84_83_80_79_77_76_75_74_73_72_71_70_69_68_67_66_65_62_61_60_59_58_57_56_55_54_53_52_51_49_48_47_46_44_43_42_41_40_39_38_37_36_34_33_32_31_30_29_28_27_26_25_24_23_22_21_20_18_17_16_14_13_12_11_9_8_7_6_5_4_3_2_1_v86_51_v103_2_v67_2_v3_v83_68_50_40_24_v6_v7_1_vv90_24_6_1_v74_73_55_10_5_v102_52_22_11_v48_33_25_12_1_v5_4_v14_v30_6_v105_104_81_16_v17_v,121,train,180
vvvvvvvv1_vvvvvv12_vvvvvvv19_vv20_vv18_v11_v20_12_v6_5_v14_v15_1_vvvv15_v33_29_3_vv36_18_2_vv32_vvvv36_v21_7_vvvvv44_40_31_23_v47_v44_vv35_16_v25_v46_29_v51_39_38_30_25_7_3_v30_22_v43_21_v44_30_22_vvvvv56_6_v57_7_1_v58_37_2_1_v9_vvv35_v56_v66_40_vv65_51_48_47_38_37_24_13_6_v41_8_1_v35_v22_11_3_vv74_61_53_43_v3_v78_58_53_37_7_v59_54_38_8_v34_v63_vv72_3_vvv53_52_15_v88_v86_82_75_65_24_v70_69_64_11_10_v84_44_38_2_vv48_vv92_91_89_80_79_78_73_71_65_60_56_48_44_41_36_33_32_4_1_v63_26_1_vv73_63_58_v59_27_v88_47_46_25_5_v88_78_v99_98_95_88_86_78_73_72_67_63_51_50_49_48_44_27_11_7_6_1_v54_1_v36_9_2_v58_52_3_v36_11_4_vv90_63_56_31_26_24_15_v109_77_76_74_69_63_11_v25_v108_107_97_96_95_87_81_67_57_41_17_16_15_9_7_5_v35_vvv109_92_90_78_74_66_v44_v22_v83_66_10_v47_32_v103_25_v105_89_87_86_81_61_34_23_22_14_12_v62_v116_106_48_32_28_23_21_vv60_v112_111_87_61_vv76_v95_31_30_v127_83_77_76_74_v116_57_36_vv38_v133_100_99_86_55_54_v135_100_v122_10_6_vv66_64_36_17_v67_v108_94_19_v106_23_v142_v104_41_v128_123_118_113_104_94_90_83_64_54_46_45_35_32_v145_113_110_73_57_26_v121_94_71_51_44_42_13_v113_112_75_28_26_vvv95_78_75_65_55_v56_49_v78_41_v38_v112_33_10_v157_155_154_153_152_151_149_148_147_146_145_144_141_140_139_138_135_133_131_126_125_123_121_120_119_117_116_112_111_107_106_104_103_101_97_95_93_92_90_89_88_84_81_79_76_75_74_68_66_64_63_61_59_58_54_52_51_50_47_44_43_42_41_39_38_35_34_33_31_30_29_28_27_25_23_19_17_16_15_12_9_8_7_6_5_4_3_1_v121_35_12_v59_36_1_v73_v21_15_v147_133_v154_137_114_108_70_40_v161_141_120_90_72_28_7_v162_142_137_121_115_91_84_83_19_1_v131_108_83_v10_v11_1_v93_90_72_65_v163_145_131_53_v134_35_v170_v136_v167_149_57_29_27_v99_22_18_v173_153_140_139_126_95_94_30_12_5_v164_103_92_78_38_35_20_6_v21_v122_105_102_91_82_69_67_56_39_33_22_2_v3_v172_160_155_153_150_148_140_135_131_128_127_116_112_111_109_103_49_36_27_25_17_15_v108_25_v180_160_155_146_133_109_102_101_91_37_19_18_v80_27_26_v168_167_129_28_v183_164_163_158_152_112_94_50_21_10_3_v30_v185_166_165_154_114_52_23_12_5_v175_174_160_152_131_106_105_79_27_v,190,train,499
vvvvvvvvvvvvvvvvv3_vvvvvvvvvv1_v1_v3_1_vv1_v4_vvv15_vv17_vvvvvv5_vvvv45_vv30_12_v24_vv47_34_33_27_19_3_vv22_v17_vvvv51_v33_32_v53_2_vvvvvvv27_v67_vvvvvv47_v40_39_vv73_69_62_53_16_v70_1_v52_vvvvvvv39_vvvv40_v78_75_v63_62_21_v89_87_78_76_75_69_60_49_42_11_10_6_v40_vvvv41_vv69_vvvvv38_v87_v46_v93_91_68_47_v91_75_74_73_52_34_vv61_v108_61_vv114_101_92_61_52_33_v115_102_vv97_55_v93_v116_94_92_82_66_47_43_25_19_5_v105_12_8_v54_12_v102_8_5_vv90_15_v6_v126_v87_v78_41_v75_15_14_v36_v96_95_22_v105_vvv113_v83_55_22_vvvv35_v32_v143_141_140_138_137_136_135_134_133_132_131_130_127_125_124_123_121_119_118_110_109_108_107_106_104_103_102_99_98_96_95_94_92_91_87_85_84_82_81_79_78_77_76_75_74_73_72_67_65_64_62_60_59_58_57_56_55_54_52_49_47_46_45_44_43_41_39_38_37_36_35_34_33_32_31_30_29_22_21_19_18_15_14_11_8_6_3_2_1_v76_50_1_vv92_64_53_v52_31_17_v102_v121_v148_7_v147_105_34_31_17_3_v124_3_v10_v11_1_v132_92_40_19_9_vv6_1_v120_103_28_v136_4_v128_87_40_15_9_5_4_v4_1_v67_2_v140_73_36_17_8_v122_63_44_25_v45_v153_81_41_23_v24_v77_58_46_25_2_v154_116_112_95_66_54_31_v27_v94_v52_21_v155_154_121_30_v31_v,175,train,262
vvvvvvvvvvvvvvvvvvvvvv18_1_vvvvvv1_vv5_v3_vv32_3_vv7_5_4_vv16_15_5_vv7_6_vv22_v38_36_4_vv43_25_2_v17_v14_vv16_vvv33_23_vv9_vvv28_21_3_v29_v56_vvv45_17_v40_25_5_vv59_49_48_35_28_3_vv42_v66_35_v24_v56_36_25_vvvvvv68_7_v69_8_1_v9_vvvvvv46_vv77_56_42_41_27_5_v34_vv86_35_3_v36_4_vv69_v44_v56_53_3_v28_vv53_52_11_v67_v68_v69_2_v95_92_86_71_23_v93_1_v35_v73_40_v74_71_vvv102_101_100_92_91_88_81_78_69_63_55_46_43_32_31_6_1_v107_88_54_37_v67_2_vv67_v85_v108_107_105_99_97_84_77_75_69_61_52_50_49_43_12_6_4_1_v55_1_v8_2_vv4_v55_27_25_v115_78_77_75_8_v95_92_90_80_70_60_46_41_29_v116_115_107_106_105_92_83_64_57_15_14_12_8_6_v102_68_14_vvvv125_108_v54_v115_96_95_91_84_80_66_65_50_45_41_31_30_24_12_10_v44_v23_v115_90_88_87_58_35_20_12_vv20_v48_v116_28_v59_vv124_123_86_61_v76_v135_76_72_vv140_99_98_84_54_53_v139_99_v116_93_v131_7_5_v61_60_33_15_v62_v107_17_v132_121_119_116_112_105_83_82_54_41_29_23_21_v90_30_v23_v44_30_v87_45_v102_41_v154_125_121_116_86_83_77_51_39_27_6_v152_115_112_71_v94_50_44_42_v115_114_73_27_vvv76_54_v128_90_84_7_v56_50_29_v78_43_v112_34_v166_164_163_162_161_160_159_158_157_156_155_154_152_151_150_147_143_140_137_130_128_125_123_122_119_117_114_111_109_108_107_105_103_102_96_93_91_90_89_86_85_84_82_80_78_77_76_70_66_65_61_60_57_56_54_52_51_49_48_45_43_42_41_39_37_36_35_34_33_32_31_30_29_28_27_26_25_21_20_19_18_12_9_8_7_6_5_3_2_1_v123_36_34_v166_115_83_26_2_v104_v50_20_v132_104_69_51_43_v6_v7_1_v46_v67_53_23_v139_60_48_v133_35_v104_58_v135_v145_60_v179_138_137_123_93_92_13_4_v152_v118_116_81_17_12_v172_99_74_36_18_7_v100_78_67_54_39_19_1_v120_v102_21_v175_140_125_96_v117_111_61_v188_146_132_105_102_101_22_v176_175_127_25_v126_99_v27_v154_150_126_111_104_103_76_2_v,195,train,17
vvvvv1_vvvvvv1_vvvvvvv11_vvvvvvvv19_v23_v24_23_vv20_v12_v2_vvv25_16_vvv11_10_v17_v16_v4_v23_v14_vvvvvv45_25_vv44_42_4_v50_28_1_v8_vvvvvv31_7_v56_55_20_1_v29_vvv56_52_41_33_30_v60_5_v56_30_vv45_16_v43_8_v43_30_v71_29_v60_41_38_v72_70_32_31_v66_52_51_43_28_10_6_v15_vv42_26_vv77_v61_28_v62_39_29_vv55_vv36_vv76_7_v77_13_8_1_v9_v79_48_3_2_v54_18_vvvv44_v87_49_vv94_86_70_67_63_48_46_33_14_6_v79_55_44_v51_11_2_v29_11_3_v94_79_71_52_v2_v99_76_66_45_44_21_6_v77_67_65_46_22_7_v77_v43_v82_vv92_39_3_vv96_vv64_62_16_vv105_29_28_26_vv111_62_v111_107_98_88_85_30_v93_92_82_16_15_v109_87_57_49_2_v67_23_v44_vv96_v53_vvv67_vvvv125_124_122_111_110_109_104_102_86_81_78_69_65_59_49_46_45_12_1_v83_38_1_vv118_64_62_35_3_v102_85_80_v81_40_v120_109_v132_131_128_119_117_109_106_96_94_93_88_85_72_68_67_66_58_39_19_7_6_1_v75_14_1_v47_9_2_v79_71_3_v48_11_4_vv121_84_73_44_38_36_17_v140_98_96_95_90_84_10_vv36_v96_v143_142_130_129_128_120_104_90_77_55_19_18_17_11_9_7_v152_vv117_52_v138_v16_vv72_v61_v127_27_v11_v63_v139_30_v75_53_v153_141_131_64_44_32_29_25_v145_144_111_77_44_13_v144_118_117_115_110_81_53_30_29_20_19_v95_38_vv139_v158_v122_35_34_v87_77_15_v8_v167_111_103_101_95_v154_77_43_v80_v28_v148_43_11_v47_v103_50_vv110_vv21_v182_181_136_134_121_103_82_81_v180_135_v167_22_13_vv92_91_50_23_v93_v143_129_25_v86_85_v165_88_v187_164_v164_144_117_v183_v191_142_v144_143_59_54_vv178_173_163_144_127_96_81_64_63_54_47_v196_v196_154_151_105_85_v139_v170_132_104_72_65_63_25_v156_154_108_39_v23_v200_177_v131_78_28_v133_112_109_97_77_v163_78_71_49_v145_113_88_61_v184_v155_47_13_v215_210_209_208_207_206_204_203_202_201_200_199_194_193_192_191_188_186_184_169_168_166_165_163_162_161_160_157_154_150_149_147_142_141_133_129_128_127_126_123_122_121_118_116_111_110_108_101_96_94_87_83_81_80_76_74_73_72_69_64_61_60_59_58_57_56_55_54_53_52_51_49_48_47_46_40_37_27_25_24_23_16_10_9_8_6_5_4_3_1_v164_60_49_15_v80_50_1_v28_17_v125_110_91_v208_189_156_148_99_53_v132_v217_194_182_163_162_124_102_40_36_7_v57_v58_v221_220_197_187_166_165_160_142_127_121_120_24_3_v175_146_119_v177_v13_v179_127_v151_107_v16_3_v211_v134_131_118_100_93_v70_v71_47_v187_173_v197_185_177_51_v231_v187_v230_210_95_41_37_v174_142_29_v143_120_v239_238_215_193_191_178_160_139_138_42_21_6_v200_v193_176_172_99_49_15_v230_148_137_111_57_54_31_9_v171_168_124_32_17_v171_150_147_131_115_102_99_81_58_47_33_2_v238_219_214_183_9_v4_v239_225_220_213_205_196_190_186_183_178_163_158_157_156_155_78_76_52_39_37_29_25_9_v154_37_v245_222_78_v103_92_v182_v159_v253_252_229_219_205_192_174_159_153_152_137_56_35_32_v236_235_184_43_v254_199_37_2_v60_45_v256_234_233_223_212_201_163_141_75_36_18_4_v257_202_179_25_v240_234_189_34_v166_150_61_58_v247_246_223_213_209_194_185_158_157_119_72_v,266,train,424
vvvvv3_vvvvv1_vv7_vvvvv17_4_vv5_4_v20_v5_vv1_vvv19_1_vvv29_v9_5_v30_vv19_14_3_v25_24_vv21_v13_vvvv35_19_18_vv21_20_10_2_v11_v7_v16_4_v47_42_23_17_v34_29_15_v48_18_13_v20_v36_3_v43_18_v45_40_v24_5_v50_31_8_v56_v40_39_37_v34_v53_37_36_29_25_21_16_v56_44_v60_47_25_13_v59_54_49_45_44_42_34_33_22_15_9_6_5_v16_8_v58_50_42_41_32_21_20_14_v61_37_18_v17_v67_54_10_5_v46_27_25_9_4_v20_v46_v66_v66_50_49_29_4_v62_38_26_18_10_v49_48_47_35_31_v70_v12_2_v36_34_33_18_5_v,78,train,444
vvvv1_vvvvv8_vvv6_1_v4_1_vvvvvvvvv2_vv21_v19_vvvv22_1_vvv23_v27_v28_v28_6_4_vvv37_35_28_8_vv3_v35_34_7_1_vv13_1_v37_9_v39_36_16_15_7_5_v38_32_23_8_v41_29_13_7_2_v2_v21_v50_41_31_30_23_14_6_vv26_5_v33_v37_v39_v11_v55_45_12_1_v45_v26_v43_30_15_13_4_3_v40_6_1_vv13_v14_v49_4_v59_41_33_v61_33_v63_30_12_v31_v27_v64_46_38_v50_34_19_v43_35_30_28_13_v42_v14_v55_21_16_11_1_v39_26_v72_v46_v68_v55_34_v47_4_v33_v39_28_24_22_19_v26_v48_47_17_1_v74_71_26_22_11_v27_12_v68_34_28_13_v4_v39_10_v42_v47_v91_v57_1_v81_58_v94_3_v,98,val,63
vvvvvvvvvvvvvvvvv15_vvv4_3_v6_vvv9_vv25_21_3_v12_1_vvvvvv31_12_vvv34_3_vv24_11_vv36_27_26_21_18_2_vv18_vv38_v39_1_vvvvvv27_5_v45_35_33_27_25_16_5_1_v23_v52_37_34_21_2_v38_35_34_3_vv32_30_5_v57_v55_52_47_40_13_v44_43_40_6_5_v54_2_vvv60_59_58_51_50_49_46_45_41_37_34_26_24_20_19_3_1_v39_1_vv40_36_vv38_17_vv34_v8_vvv36_v75_52_50_49_45_41_9_v73_72_65_64_63_58_54_43_37_14_13_12_5_vvvv38_v30_v19_v69_20_v33_28_vv73_63_62_60_56_44_30_20_18_13_11_vv82_74_28_25_v37_v45_v80_79_62_46_vv55_v91_55_vv95_72_70_61_43_42_v86_6_3_v47_46_12_v48_v77_66_14_v72_v89_86_83_72_63_48_43_36_34_27_25_v103_80_77_52_46_36_19_v66_41_33_v81_79_54_21_19_vvv57_45_v46_20_v58_34_v25_9_v113_112_111_110_109_108_107_106_105_104_103_102_101_100_99_98_97_95_94_91_90_89_88_86_85_84_83_81_79_77_76_75_74_73_72_70_69_68_67_66_65_64_63_60_59_58_57_56_54_52_51_50_48_47_43_42_41_40_38_36_35_34_33_32_31_30_29_27_26_25_23_22_21_20_19_18_17_15_14_13_12_11_8_7_6_5_4_3_2_1_v87_27_26_11_v48_28_1_v109_97_55_29_v115_100_96_84_65_57_20_4_v116_101_98_85_82_66_64_63_15_1_v6_v7_1_v97_86_v20_18_v121_106_98_96_87_69_68_20_6_v113_72_58_23_11_v12_v74_62_51_39_27_23_13_2_v75_14_v126_111_108_101_92_76_74_73_68_25_11_10_v116_115_89_16_v128_114_113_110_106_97_78_70_33_12_7_2_v18_v130_116_115_108_99_80_35_14_9_4_v,133,train,449
vvv3_vvvv5_v2_vv5_vv9_vvv7_vv1_v2_vvv21_v16_15_8_v21_vvv26_v20_vv21_vv27_23_6_2_v32_6_v31_26_11_6_v27_12_7_v32_24_15_v5_v21_v38_35_12_v4_v34_v6_v34_v35_v13_v42_34_10_v33_2_vv40_v33_30_20_v44_42_v29_v20_v46_32_19_v54_9_v55_52_v51_47_46_45_44_32_24_21_18_11_9_2_1_v9_v50_30_27_v57_52_37_vv1_v61_45_44_32_25_13_v63_v2_v34_v66_31_10_v48_v54_v19_v51_21_v69_64_63_58_57_48_44_40_38_37_21_20_18_12_3_v43_11_v35_28_26_21_18_7_v54_39_v73_69_68_61_52_48_42_41_22_16_v74_69_5_1_v75_70_6_2_v22_5_v32_23_6_v80_51_49_45_24_10_7_v78_76_71_67_55_49_25_8_v,82,train,372
vvvvvv1_vvv7_vvv6_2_vv8_vv13_vv16_13_6_2_vvv12_v20_17_10_4_v9_vv3_v14_2_v11_1_v2_v7_v28_v22_v20_v23_v9_v23_12_vv35_24_19_16_vvvv1_v33_21_15_v34_v35_13_vv32_28_1_v31_v34_13_v34_24_11_10_v48_33_32_v2_v30_18_3_vv24_v39_v54_39_38_6_v48_13_v56_40_22_21_v57_55_41_33_1_v54_48_38_28_v61_50_49_38_13_v48_29_16_v54_v59_v64_62_58_57_47_46_45_29_25_24_15_12_9_v1_v65_46_36_25_24_23_10_4_v,68,train,179
vvvvvvvvvvvvvvvvvvv17_3_vvvvvvv21_vvv9_vv11_vvvv8_v4_v4_v21_18_v2_vv24_21_9_3_vv17_9_vvv22_vv24_vv16_vvvvvvv54_vv33_16_4_v37_12_v61_23_v61_60_25_24_v52_34_33_v58_42_41_35_22_4_v49_45_29_27_17_vvv50_35_6_v59_v60_1_vvv63_35_4_3_vvvvvv70_11_v37_v73_37_vv43_31_vv79_78_62_56_38_v23_13_v84_52_vv54_v64_vv42_v76_50_32_2_v47_46_v63_v64_v91_86_76_68_67_25_v87_68_35_1_v67_37_v68_64_55_vv46_vvv99_97_95_83_82_81_77_76_61_57_53_45_41_36_35_7_1_v25_1_vv88_v103_101_98_88_86_80_79_69_67_65_61_57_49_47_46_45_43_23_11_4_3_1_v52_1_v35_6_2_vv50_4_v33_9_5_v90_59_53_30_25_22_13_v110_108_95_94_93_87_72_61_52_35_12_11_10_7_5_2_v84_32_vvv53_vv17_v107_89_87_80_75_73_64_61_52_45_43_28_27_23_11_8_vv16_v43_v65_24_v61_47_8_v105_24_v58_v110_109_79_59_vv110_87_86_85_66_39_v123_110_104_48_36_29_25_v129_72_71_vv108_10_v33_v77_v119_9_5_v58_32_8_vv97_10_v112_108_101_96_21_v22_v94_37_v115_82_76_47_35_24_3_v125_113_103_84_59_31_v118_87_63_44_40_38_11_v103_102_17_vvv67_48_v49_45_28_v72_39_v23_8_v157_154_153_152_151_149_147_146_145_144_143_142_136_135_134_133_130_129_128_115_113_111_110_109_108_106_105_103_102_100_99_97_95_93_91_90_88_87_85_83_82_75_74_73_70_68_66_63_60_59_56_53_51_50_49_47_46_44_42_41_40_39_38_37_36_35_33_32_31_30_28_27_26_25_24_22_21_17_16_15_14_11_8_7_6_5_4_3_2_1_v138_120_99_78_66_v156_2_vv70_v39_v6_v7_1_v42_v83_81_61_57_v124_55_44_v85_v151_v155_63_27_13_v14_9_v86_67_57_39_31_24_15_2_v166_162_147_144_138_131_128_121_120_118_116_113_111_104_99_98_97_96_92_85_45_38_27_18_17_14_12_5_v17_v159_125_113_83_15_v105_53_v112_2_v156_155_114_21_v22_v163_160_142_132_119_100_90_89_65_22_v,181,train,229
vvv2_vvvv3_vv4_vv4_v5_v6_v13_v14_v6_vvvv19_v20_v21_4_vv19_18_16_15_2_v3_v26_21_v17_v28_26_2_v12_10_7_v25_7_4_v30_v6_v26_vv9_v35_v36_1_v12_8_v21_v22_v15_9_6_v41_22_v17_11_v43_v38_35_21_v12_vv19_v20_v49_30_8_vv45_v46_v47_v53_33_21_9_8_4_v30_21_15_v56_v57_v,59,train,64
v1_vvvvvvvvvvvvv8_6_3_v4_vvv8_7_vv11_7_6_v20_7_v8_vv20_19_10_1_v11_3_v12_6_v17_v26_v5_v28_20_16_11_2_v21_v8_v3_v20_v17_10_vv34_25_23_22_21_20_19_13_12_2_1_v33_14_13_9_4_v21_20_8_2_v34_32_26_v30_6_v29_22_v18_v37_30_17_13_v27_20_v35_31_v29_22_10_6_v30_23_v31_12_v25_5_v27_v18_v42_38_7_v40_v31_23_v31_v39_32_22_10_v4_v49_29_26_15_10_v,60,train,117
vvvvvvv3_1_vvvvvv8_v1_v9_vvvv2_vvv19_3_v2_v16_vv18_8_7_2_v14_13_7_v15_v9_7_vvv32_v30_22_2_v14_v15_v3_v19_vv29_25_18_12_2_v7_vv40_38_18_17_v42_33_vvv43_26_v39_14_v42_40_38_27_26_24_15_vv29_11_2_vv3_v11_vv39_v56_55_51_29_28_24_15_13_11_7_4_v24_vv14_v46_1_v26_v35_19_vv43_41_25_16_vv33_9_v48_v49_v50_2_v24_v52_29_v53_50_42_v35_vv64_42_35_v73_v10_9_8_v55_27_24_v46_v47_40_38_5_v65_16_v70_44_40_24_22_20_9_v52_50_4_v67_66_65_24_v62_46_v83_v81_67_65_60_54_52_48_45_33_32_31_20_19_15_6_5_v55_22_9_5_v47_v90_34_v49_v2_v60_v61_v23_v87_78_77_74_69_63_52_50_33_20_12_10_9_v10_7_5_v98_66_42_v96_80_76_70_51_48_45_27_18_12_3_v67_43_v45_v60_27_22_v103_47_v71_47_16_v82_54_51_6_v83_v48_47_v97_75_71_68_66_42_26_20_19_6_4_v76_21_v102_86_71_54_49_v82_65_41_27_24_v56_v39_26_6_v87_33_27_v82_22_v83_v84_2_v99_88_v73_49_11_8_v63_45_38_32_12_v107_91_84_81_79_v116_87_80_61_v72_69_36_16_v76_2_v92_68_v118_102_93_83_79_70_66_44_16_v,127,val,10
vvvvvvvvvvvvvvv5_vvvv14_vvv4_vvvvv17_12_vv19_14_2_v4_1_vvvv13_v26_vv22_10_8_v33_19_8_vvvvvv9_v29_12_7_vv25_v3_vvvvvvv55_53_52_51_48_46_44_43_42_41_39_38_37_34_33_32_31_30_25_23_22_21_20_17_16_15_14_13_11_9_8_7_6_4_3_2_1_v30_v16_2_v3_v4_vv16_6_v61_57_43_42_37_34_32_26_24_19_17_12_7_2_v8_v58_56_34_v51_10_vv12_v13_v14_v15_v41_40_5_v48_17_v18_v10_v74_70_56_47_32_15_13_v21_v,77,train,524
vvvvvvvvvv1_vvvvvvv11_vvvvvvvvvv21_vv25_vv22_v13_v2_vvv27_17_vvv11_10_v18_v16_v4_v24_v14_vvvvvv25_vv46_44_4_v51_28_1_v8_vvvvvv56_19_v37_32_8_1_v29_vvv58_54_42_33_30_v62_6_v58_30_vv46_16_v43_8_v43_30_v72_29_v72_70_31_30_v63_42_39_v68_53_52_43_28_10_6_v16_vv42_26_vvv79_v63_29_v64_40_30_vv56_v7_v37_v70_v79_7_v80_14_8_1_v9_v82_49_3_2_v55_20_vvvv45_v90_80_50_vv89_71_68_64_49_47_34_14_6_v81_56_45_v52_11_2_v29_11_3_v97_81_72_53_25_v75_v102_77_67_46_45_21_6_v78_68_66_46_22_7_v5_v44_v83_vv95_40_3_vv99_vv65_63_16_vv108_29_28_26_v113_62_v113_109_99_88_85_29_v93_92_82_15_14_v111_87_57_48_2_v67_22_v43_vv96_v54_vvv67_vvvv127_126_124_112_111_109_104_102_86_81_78_69_65_59_48_45_44_12_1_v83_37_1_vv101_84_79_v80_38_v122_65_64_36_5_vv122_110_v135_134_131_121_119_110_107_97_95_94_89_86_73_69_68_67_58_39_20_8_7_1_v76_15_1_v47_10_2_v80_71_3_v48_12_4_vv122_85_75_44_38_36_18_v143_99_97_96_91_85_12_vv36_v97_v146_145_132_131_130_121_105_91_78_55_20_19_18_11_9_7_v154_vv118_52_v141_vv141_71_v60_v127_27_v10_v21_v139_30_v74_52_v65_v146_145_111_76_44_12_v145_118_117_115_110_80_52_31_30_19_18_v96_38_v70_54_vv161_147_137_69_50_38_33_30_v161_v142_v124_38_37_v9_v170_112_103_102_95_v156_77_44_v80_v28_v149_42_12_v48_v103_51_vv112_vv22_v184_137_135_122_103_82_81_v183_136_v169_23_13_vv92_91_50_24_v93_v144_130_26_v86_85_v166_91_v190_165_v185_v166_146_118_v194_143_v145_144_59_54_vv198_v181_175_165_146_129_97_83_67_66_55_48_v199_155_152_105_86_65_35_v140_v171_134_104_73_65_63_25_v157_155_108_40_38_v23_v203_178_v131_79_28_v134_112_109_97_78_v164_79_71_47_v146_113_89_61_v185_v155_48_12_v217_213_212_211_210_209_207_206_205_204_203_202_196_195_194_192_189_187_185_170_169_167_166_164_163_162_161_158_155_151_150_148_144_142_133_129_128_127_126_123_122_121_118_116_111_110_108_101_97_95_88_84_82_81_76_74_73_72_69_64_61_60_59_58_57_56_55_54_53_52_51_50_49_48_46_40_37_27_25_24_23_16_10_9_8_6_5_4_3_1_v165_55_50_14_v82_51_1_v28_16_v125_110_92_v211_190_157_148_100_54_v132_v220_195_183_164_163_124_103_40_36_7_v58_v59_v223_198_188_167_166_161_142_127_121_120_23_3_v176_146_119_v178_v13_v180_127_v151_108_v16_3_v213_v134_131_101_93_v71_v72_47_v188_174_v198_186_179_51_v234_v188_v174_141_28_v234_212_96_42_38_v143_121_v241_216_194_192_179_160_139_138_41_21_6_v193_176_173_98_47_14_v232_147_136_111_56_53_30_8_v171_167_124_31_16_v171_149_146_132_115_101_98_81_57_45_32_2_v240_219_214_183_7_v4_v241_234_225_220_213_205_196_190_186_183_179_162_157_156_155_154_75_51_38_36_28_24_8_v153_36_v247_222_77_v102_89_v157_v184_v254_234_229_219_205_192_173_158_152_151_137_54_34_31_v237_236_184_42_v256_232_231_221_210_200_160_139_72_33_15_2_v59_44_v258_234_233_212_202_162_74_35_17_4_v259_203_39_5_v260_204_179_25_v242_235_190_34_v249_247_223_213_209_194_184_157_156_118_71_v,267,val,30
vvvvvv4_vv6_3_vvv2_v2_vvv13_vvv2_vvvvv13_vv24_19_17_15_11_9_8_5_4_v20_16_15_11_10_7_6_5_v23_15_5_1_v2_vvv10_v12_7_6_v33_32_30_17_16_13_9_7_4_v23_vv3_v26_v35_33_12_5_v13_v29_vvv19_v11_v22_12_v11_vv23_v29_v33_27_17_1_v26_v36_v37_v27_v30_29_22_16_13_12_9_5_v45_v50_2_v51_45_42_38_33_32_28_17_15_11_8_3_v38_v50_v58_11_v12_v30_v9_v46_34_v51_41_25_v57_v47_v44_v60_v66_55_41_22_11_10_1_v,72,train,9
vvvvvvv4_1_vvvvv7_v1_v8_vvvvvv16_3_v2_vvv12_11_6_v13_v8_6_vvv29_v26_20_2_v13_v14_v3_v18_vv28_23_17_12_2_v7_vv37_36_17_16_v39_32_vvv39_25_v14_v39_37_26_25_22_15_vv28_11_2_vv3_v11_vv52_51_47_28_27_23_14_12_10_6_3_v38_v24_vv43_v25_v34_18_vv41_39_24_15_vv32_8_v46_v47_v48_2_v23_v50_28_v51_48_41_v34_vv61_41_34_v68_v10_9_8_v53_26_23_v45_v46_39_37_5_v62_16_v67_43_39_23_22_20_9_v51_49_4_v64_63_24_v60_45_v78_v77_65_63_59_53_51_47_44_32_31_30_20_19_15_6_5_v54_22_9_5_v46_v86_34_v48_v2_v59_v60_v23_v83_76_75_72_68_62_51_49_33_20_12_10_9_v10_7_5_v94_65_42_v91_78_74_69_50_47_44_27_18_12_3_v66_42_v45_v59_27_22_v99_47_v70_46_16_v80_53_50_6_v46_v93_73_69_66_64_41_25_19_18_5_3_v74_20_v82_69_53_48_v80_63_40_26_23_v55_v38_25_6_v85_32_26_v80_21_v81_v82_2_v70_47_10_7_v60_43_36_30_11_v102_88_81_78_76_v110_84_77_59_v69_66_34_15_v88_64_v96_89_79_75_67_63_41_14_v,120,train,243
vvvvvvvvvvvvvvv6_vv3_vvvvvvv4_vvvvv13_v11_vv27_v9_2_v3_v15_14_10_v10_v17_vvv20_16_5_1_v24_vvvv15_vvv39_5_v8_7_v31_15_v19_vv36_vvvvv49_34_23_19_18_9_v1_v60_59_58_57_56_55_54_53_52_50_49_47_46_44_43_42_38_37_34_33_32_31_28_24_22_16_14_13_9_8_7_6_5_4_3_2_v1_v16_2_v3_v21_4_v16_v46_v7_v45_42_32_8_v9_v60_10_v11_v12_v61_30_25_15_v14_v2_v56_52_46_31_18_17_v4_v18_v30_v58_20_v21_v22_v,83,train,61
vvvvvvvv1_vvvvvvvvvvvvv19_vv9_vv18_11_v6_5_v8_vvv11_vv29_26_3_v32_14_1_vvvvv20_17_5_v37_12_1_vvvv38_34_26_20_19_v42_5_v38_v29_13_v38_24_23_vv44_33_32_26_21_6_3_vv26_19_v38_19_v39_20_vv34_v6_v27_vv51_7_v52_8_1_v9_v54_3_2_vvvvv37_6_v59_47_45_43_37_35_24_12_5_1_v33_v23_8_2_v66_54_48_40_21_v2_v71_52_47_35_34_18_5_v53_48_47_36_19_6_vv33_vvv48_46_11_vv78_v77_73_67_59_58_21_v63_62_57_10_9_v75_60_41_37_2_v49_16_vvv83_82_80_72_71_69_66_65_59_55_52_45_42_39_32_29_28_4_1_v57_1_vv44_42_21_3_v55_24_v68_60_56_vv81_v91_90_87_81_79_73_72_68_67_63_60_50_49_48_47_42_26_12_8_7_1_v52_1_v10_2_v56_52_3_vv53_30_v99_72_70_69_65_60_9_v25_v99_98_89_88_87_81_75_63_55_17_16_15_8_6_vv35_vvv41_v102_85_65_v53_v79_64_11_v45_34_v53_37_v98_85_84_82_78_57_36_23_22_15_13_v101_100_80_55_31_11_v108_98_93_47_33_29_26_21_v99_30_v31_vvv99_v75_v93_32_31_v9_v121_83_79_77_74_vv105_37_5_vv16_v129_100_98_87_76_58_57_v129_99_v118_17_7_vv67_66_39_20_v68_v107_95_22_v133_115_v106_27_v104_44_v124_120_115_104_92_67_58_49_48_39_35_v139_112_109_74_61_48_29_v99_v119_96_74_56_48_46_v114_112_77_32_30_v94_vv143_125_vv99_82_80_72_62_v63_55_v83_48_v115_38_12_v154_152_151_150_149_148_146_145_144_143_142_141_139_138_137_135_134_132_131_126_125_124_123_121_120_119_118_114_113_110_109_108_106_105_100_96_95_94_93_91_90_89_88_85_81_80_78_75_72_70_68_67_65_64_59_57_56_55_53_50_48_47_46_45_43_40_39_38_36_35_34_33_31_28_27_21_19_18_17_14_10_9_7_5_4_3_2_1_v122_40_14_v63_41_1_v22_16_v97_v150_136_116_112_75_44_v158_139_133_122_121_92_77_31_29_6_v45_v46_v161_142_137_125_124_119_108_95_90_89_22_3_v132_112_88_v134_v135_95_v13_v14_1_v55_v56_37_v141_129_v145_139_133_41_v140_v167_64_34_32_v106_24_21_v174_155_145_143_132_121_103_102_35_16_4_v164_109_102_87_43_40_23_5_v1_v128_111_109_99_91_78_76_64_44_38_25_2_v26_v172_158_155_153_145_140_137_135_133_121_117_116_55_41_29_28_21_17_v114_28_v178_160_57_v182_166_163_158_151_140_129_116_111_110_101_43_24_21_v89_31_30_v184_147_26_2_v185_167_166_161_157_148_119_104_56_24_11_3_v34_v187_169_168_159_150_121_58_26_13_5_v174_173_141_36_v177_158_139_115_90_v,192,val,2
vvvvv3_vvvvvvv1_vvvvvvv12_vvvvvvvv20_v26_v27_24_vvv21_v12_v2_vvvv27_17_vvv13_12_v19_v18_v5_v24_v15_vvvvvvvv52_29_vv49_46_6_v54_32_1_v10_vvvvvvvv64_61_23_v38_10_1_v34_vvv63_58_47_38_35_v67_6_v62_36_vv51_18_v49_8_v49_34_v78_33_v78_75_35_34_v67_47_44_v73_58_57_48_32_10_6_v16_vv46_28_v76_21_vv84_v67_31_v68_44_32_vv62_v7_v39_vv83_7_v84_14_8_1_v9_v86_53_3_2_v60_20_vvvv47_v94_54_vv104_93_77_73_68_51_49_34_14_6_v60_47_v54_11_2_v29_11_3_vv103_102_87_81_78_71_58_56_26_v81_v108_84_72_47_46_22_7_v85_73_71_47_23_8_vv45_v90_vv100_66_41_3_vv104_v11_vv69_67_18_vv114_31_30_28_vvv4_v123_69_v123_118_109_98_95_34_v104_103_91_19_18_v120_97_62_53_2_v74_27_v48_vv106_v59_vvv72_vvvv137_135_133_122_121_120_114_112_95_88_85_74_70_64_53_50_49_12_1_v90_42_1_vv110_91_86_v130_69_68_40_4_v88_44_v130_119_v144_142_139_130_128_119_116_105_103_102_95_92_77_73_72_71_62_43_19_7_6_1_v80_14_1_v51_9_2_v84_75_3_v52_11_4_vv132_89_79_47_41_39_17_v152_105_103_102_97_89_11_vv38_v103_v155_153_141_140_139_130_113_95_82_59_19_18_17_11_9_7_v164_vv127_55_v149_vv62_v76_v65_v137_27_v11_v22_v150_30_v79_56_v155_154_117_80_43_12_v154_124_123_121_116_84_54_30_28_19_18_v100_37_v167_155_144_71_47_35_31_28_vv168_v150_v129_36_34_v91_81_15_v9_v179_116_107_106_99_v165_81_43_v84_v28_v63_3_v159_43_13_v48_v108_51_vv117_vv22_v197_194_144_142_127_108_86_85_v193_143_v179_24_14_vv97_96_51_25_v98_v151_135_27_v90_89_v176_95_v200_175_v194_v176_153_123_v204_150_v152_151_60_55_vv208_v191_186_174_163_153_134_101_83_67_65_56_49_v105_v210_163_160_111_87_v146_v181_140_110_74_67_65_26_v165_163_114_42_v24_v214_189_v137_80_29_v140_118_115_101_79_v174_80_73_56_v152_119_90_63_v196_v161_50_13_v229_224_223_222_221_219_217_216_215_214_213_212_207_206_205_204_201_198_196_180_179_175_174_172_171_170_169_164_161_157_156_154_150_148_139_135_134_133_132_129_128_127_124_122_116_115_113_105_98_96_89_85_83_82_78_76_75_74_71_66_63_62_61_60_59_58_57_56_55_54_53_52_51_50_48_42_39_28_26_25_24_17_10_9_8_6_5_4_3_1_v173_56_52_15_v83_53_1_v29_17_v131_115_93_v221_201_163_154_101_56_v138_v231_207_193_170_169_130_104_41_37_7_v60_v61_v237_234_210_198_173_172_167_148_133_126_125_24_3_v184_152_124_v186_v13_v188_132_v157_109_v16_3_v224_v140_136_122_102_95_v72_v73_48_v196_180_v208_194_185_52_v245_v196_v180_147_28_v244_223_98_43_38_v149_122_v255_252_228_202_200_185_166_144_143_42_21_6_v238_211_194_v202_183_180_101_49_15_v243_154_142_113_58_55_31_9_v178_174_126_32_17_v178_156_153_135_117_104_101_84_59_47_33_2_v251_231_225_190_8_v4_v256_252_238_232_224_216_213_205_202_197_193_190_186_169_164_163_162_161_155_150_80_78_53_39_37_29_25_9_v160_37_v259_234_80_v105_99_v164_v191_v269_266_242_230_214_199_180_165_158_157_139_56_35_32_v249_248_191_43_v268_207_37_2_v61_45_v270_247_246_234_221_209_169_143_76_36_18_4_v271_210_185_25_v170_v172_154_61_58_v255_248_198_63_36_v261_259_235_227_223_219_202_192_164_163_122_74_v,281,val,62
vv1_vvvvvvvvvvvvvvvv14_vvvvv12_7_vv9_6_2_vvvv6_vv15_vv1_v30_vvvvvv10_vvv30_1_vvv34_v24_vv22_vvvvv4_2_vvv6_vv3_vv30_v23_v26_v15_v55_49_vv66_v64_34_14_v23_v46_vv13_v64_24_vvv40_v61_58_52_v32_vvvv25_v74_11_v55_v20_v77_64_62_37_28_26_18_16_v69_41_9_v51_1_v84_78_73_70_64_60_58_45_33_28_17_12_9_vv51_v55_v7_vv42_vv13_v55_v81_28_25_15_vv101_98_95_94_93_91_87_84_81_80_79_73_71_62_61_60_56_53_47_46_43_39_36_33_26_22_21_20_16_11_10_8_7_5_1_v29_1_v2_v9_1_v25_4_v5_v6_v92_89_85_31_19_v52_v92_64_3_v85_25_10_v111_108_78_77_64_61_58_46_44_30_26_17_11_3_v24_v13_v89_v62_v96_16_v106_70_v30_v31_v32_v33_v34_1_v87_v88_v25_v109_56_53_43_v27_v92_66_30_2_v29_v70_54_42_v17_v32_v80_v26_v91_35_v36_v54_6_v138_135_124_107_105_103_102_101_96_93_92_90_88_83_67_57_55_50_40_30_27_24_12_v39_25_8_v,141,val,3
vvvvvvvvvvvv1_vvvvvvv19_13_vvvvv5_vvvvv22_vvv21_v13_vv24_15_v8_7_v11_v22_18_vvv25_21_3_vvvvv27_vv22_vv44_40_7_v48_25_1_vvvvv56_vv33_29_7_vv53_23_2_vvvv55_51_41_31_30_v58_5_v55_v44_16_v67_30_v56_36_35_v68_66_32_31_v41_v63_50_49_39_30_8_5_v13_vv40_25_v56_25_v57_53_39_26_vv50_v6_v76_vv71_7_v72_11_8_1_v73_55_47_2_1_v16_v11_vvv40_vv82_49_vv81_65_61_59_45_43_29_14_6_v47_8_1_v56_42_v28_12_3_v89_75_65_49_24_v42_v3_v94_72_65_43_41_22_7_v73_66_65_44_23_8_v39_vvv87_v91_88_77_39_4_v108_89_v24_vvv63_61_18_v101_30_29_28_vv109_60_v107_103_95_83_82_29_v89_88_81_16_15_v105_84_54_49_2_v65_23_v50_vvv61_vv116_115_113_103_102_99_94_92_82_74_71_61_58_53_45_42_41_7_1_v76_34_1_vv109_v110_60_57_32_4_v74_36_v96_80_75_vv113_101_v125_124_121_113_111_101_100_94_92_91_83_80_67_65_64_62_56_37_16_9_8_1_v69_14_1_v46_11_2_v73_68_3_v46_13_4_vv113_78_70_42_36_33_17_v135_93_91_90_85_10_v33_v113_58_vv115_2_v36_v138_137_126_125_124_114_104_86_75_55_23_22_21_13_11_9_v129_42_v51_vv17_v58_v28_v58_v129_30_v62_44_v136_135_103_70_38_v135_110_109_107_102_77_46_28_27_17_14_v108_89_19_17_v147_134_126_63_42_35_31_26_v91_vv76_vv132_v117_36_35_v158_103_98_95_91_v146_72_43_vv137_41_9_v46_vv103_v167_125_123_109_95_73_72_v169_124_v155_19_9_vv84_82_44_20_v85_v67_v133_23_v173_149_v132_24_v130_129_50_45_v162_156_149_138_129_122_113_103_83_68_55_54_44_36_v141_129_87_86_v181_139_136_93_72_55_31_v123_v154_119_92_64_55_53_18_v141_139_96_34_32_v191_172_92_5_vv184_160_vv120_101_98_85_70_v152_71_62_42_v101_50_v140_40_13_v198_194_193_192_191_190_189_187_186_185_184_182_181_178_177_176_173_171_168_166_157_156_151_150_148_147_146_145_140_138_134_133_132_129_127_121_118_116_115_112_111_110_108_106_103_98_97_96_87_83_81_77_75_73_72_66_64_63_62_59_52_50_49_48_47_46_45_44_42_41_38_37_36_35_32_30_23_21_20_18_15_10_9_7_5_4_3_2_1_v149_49_42_15_v70_43_1_v92_v25_18_v184_166_158_98_96_56_13_v192_172_141_136_87_47_25_v199_177_169_148_146_112_89_34_32_7_v200_178_171_149_147_142_128_113_106_105_22_1_v159_v10_v161_112_v6_v13_3_v192_v118_116_100_89_80_v178_164_155_41_v165_v206_185_78_33_30_v211_189_169_167_153_139_117_116_33_12_3_v179_v21_v204_127_116_94_44_40_22_6_v210_190_187_156_5_v148_129_126_112_98_83_77_65_45_38_24_2_v25_v4_v213_193_190_184_179_172_165_161_159_156_142_137_136_135_134_59_42_29_28_20_v133_28_v219_195_61_v82_75_v160_124_v224_206_202_195_180_166_152_137_130_129_114_46_25_24_v210_209_160_33_v226_205_204_197_185_173_139_116_59_26_15_2_v35_v228_207_206_187_175_141_61_28_17_4_v229_176_30_5_v214_206_165_27_v222_219_218_208_200_187_183_170_162_135_134_110_98_52_34_v,239,train,29
vvvvvvvvvvvvvv1_v8_vvvvvvvvv22_vvvvvvvvv20_vvvv13_v37_vvvv4_vvvvvvvvvvv45_vvv32_v49_21_vvvvv41_vv60_v15_vvv42_31_vv69_28_v70_33_1_vvvvvvv42_vv78_64_62_60_57_24_15_10_8_2_vv54_v17_v31_v32_vv55_28_1_v81_64_35_8_v65_v52_48_19_10_v82_62_21_15_v56_v40_v85_63_59_32_vv87_73_41_20_14_vvv46_19_vv99_45_13_12_v101_35_31_22_v91_v13_v97_89_82_52_49_17_4_v67_vvv21_14_v68_39_20_19_vvv18_17_vv79_37_vvv110_109_95_65_61_50_49_34_30_25_22_17_13_11_v66_1_v96_83_15_2_vv115_v78_68_14_11_vv106_67_vv24_v15_v127_120_92_40_11_9_v79_35_vv96_v45_v53_v108_89_v135_134_133_132_128_127_120_117_113_106_102_100_98_83_80_78_75_74_71_68_67_66_63_55_53_52_51_48_43_42_41_40_39_37_34_33_31_28_26_23_17_14_13_10_4_1_v5_v65_2_vv104_31_22_v140_103_71_65_54_46_45_39_31_v117_114_6_v7_vv92_v145_108_104_76_75_60_56_50_44_36_v139_42_11_v43_v142_53_26_v98_14_vv99_96_51_47_43_34_19_16_v136_105_73_44_v18_v115_19_v44_36_7_v156_119_115_87_86_67_47_16_11_v95_42_40_22_10_v152_133_32_v153_145_11_v64_v75_v98_49_14_v28_v120_42_v111_67_vvv132_128_9_v168_136_135_133_132_109_102_100_99_82_75_74_68_63_60_57_42_38_27_24_13_11_v108_13_v92_v50_24_vvv108_vv176_93_90_89_42_26_v177_155_90_78_61_50_43_1_v94_v153_39_vv47_v131_66_48_v49_v165_92_90_88_v11_v52_v153_120_53_44_vv111_83_v56_vv193_156_124_118_99_98_92_84_v139_120_110_59_v119_110_109_55_v169_142_101_v35_v152_58_5_v106_104_86_79_72_30_v164_83_65_42_v107_106_74_66_32_v67_v116_52_v47_v184_170_163_153_126_70_v127_71_v121_vv208_186_122_109_31_vv184_157_70_31_v163_148_86_13_vv153_139_104_84_79_60_45_30_v1_v191_180_99_94_85_81_47_40_30_2_v201_170_162_130_66_v218_149_73_v219_178_149_130_126_79_74_63_50_26_v220_145_v221_151_128_81_76_65_52_28_v191_v110_88_68_38_26_24_v122_66_12_v185_108_99_90_57_1_v204_174_126_122_118_109_91_80_79_v104_v153_105_1_v107_v151_65_58_7_v190_142_128_96_12_10_v111_106_20_8_v219_135_37_1_v227_v78_v168_v212_166_154_145_142_119_52_14_v203_174_159_124_121_103_v202_170_169_154_144_130_83_41_33_11_v240_203_202_171_170_165_150_139_22_21_20_19_12_1_v227_8_2_v233_3_v132_95_94_84_v245_231_212_201_190_165_122_109_101_94_85_52_44_v241_229_198_5_v230_199_140_138_94_v241_192_176_152_99_v242_153_89_v212_179_140_109_104_93_56_29_v210_133_115_82_25_3_v211_172_134_116_83_26_6_4_1_v218_117_75_44_5_v248_222_203_167_115_113_87_79_46_31_v175_119_v176_120_v177_19_v178_v206_179_175_166_140_68_v181_124_v224_v190_161_150_126_113_v176_v177_v169_167_135_106_79_v168_136_96_v265_251_244_243_237_230_214_202_198_183_182_179_178_175_174_171_162_149_148_145_138_135_127_115_88_79_66_40_28_22_v165_132_86_1_v216_151_133_68_12_2_v246_169_134_3_v218_153_12_4_v259_163_136_v137_83_v166_138_83_v139_105_v265_158_140_v152_141_v269_160_142_v219_205_204_143_105_26_v272_226_195_165_144_85_69_41_27_v232_219_187_186_185_183_173_168_149_145_95_79_74_71_64_54_16_15_v165_146_37_v280_v196_v5_v26_v199_167_5_v170_87_v262_243_154_v220_v88_v196_68_v144_120_31_v276_252_223_204_196_194_189_184_157_153_148_137_126_108_87_77_67_29_28_22_v199_107_14_1_v31_15_1_v186_114_41_v18_v204_v205_191_152_v216_v281_208_v79_v208_v283_269_99_v92_56_v271_v,308,train,473
vvvv4_v1_v3_v4_3_v4_v5_vv7_vv3_v13_vv13_vv18_13_11_10_9_7_vv3_vvv13_v15_v23_19_18_15_11_8_6_4_3_v20_16_10_9_5_4_v27_5_vv8_4_3_v28_13_11_9_4_v27_5_1_v28_v7_vvvvvv30_15_v15_1_v16_v23_19_12_v22_1_v27_v28_v21_20_16_13_11_10_8_4_v35_1_v36_33_31_27_23_22_20_14_12_11_6_2_v27_v40_v47_33_27_12_11_v6_v44_v38_29_20_v45_v34_v32_v48_v58_45_v56_43_32_17_10_2_v,61,val,47
vvvvvvvvvvvvvv8_v8_1_v10_v11_v1_v18_vvvv17_vv8_v26_20_v19_vvvvvv17_16_9_v18_11_10_vv30_vv7_vvv39_v15_vvvv46_vv28_vv42_23_v50_vv47_v51_v47_35_31_28_12_9_7_v50_30_vvv38_v57_v8_6_4_vvv9_v10_vv44_34_vv14_v66_vvv72_71_70_69_68_66_65_64_63_62_61_60_55_54_52_51_49_46_45_44_43_42_41_38_36_35_34_33_32_31_30_29_28_26_24_23_22_21_19_15_14_13_12_11_10_8_7_5_3_2_1_v,74,val,69
vvvvvvvvvvvvvvvvvvvvv6_vv8_vvvvvv28_vv17_8_vv29_20_19_15_14_2_vvv30_v31_1_vvvvvv36_25_21_20_14_4_v18_v44_2_v3_vvv38_v28_27_7_v47_44_39_33_13_v45_1_vvvvvv28_vvv29_v58_57_50_49_48_44_42_34_29_8_7_3_vvvv31_v24_vvvv56_v34_v29_v62_61_48_36_v61_54_53_52_40_25_v44_vv74_45_vv68_6_2_vv39_38_7_v40_v63_9_v59_v54_27_v65_64_44_12_vvv47_v18_v48_30_v18_v94_93_92_91_90_89_88_87_86_85_84_83_82_81_80_79_78_77_76_75_74_73_72_71_70_69_68_67_66_65_64_63_62_61_60_59_58_57_56_55_54_53_52_50_49_48_47_44_43_42_41_40_39_38_37_36_35_34_33_32_31_30_29_28_27_26_25_24_23_22_21_20_19_18_17_16_15_14_12_11_10_9_8_7_6_5_4_3_2_1_v94_52_1_v2_v3_1_v75_v88_56_51_43_18_15_5_1_v6_v58_40_26_19_7_2_v3_v60_9_v91_90_71_10_v11_v,106,train,24
vvvvvvv5_v2_vv3_vvv11_1_v8_vvv8_v9_vv10_4_vvv22_4_v2_v20_16_v21_17_10_7_6_1_v15_14_6_v18_v8_6_v23_v29_v31_21_1_v12_v24_v3_v20_vv28_25_16_11_2_v7_v15_v16_v32_5_v34_11_v38_35_34_22_21_19_12_v23_7_1_vv22_vv40_v50_23_8_vv35_34_20_v50_v41_v48_27_22_v51_49_29_16_14_v50_15_v36_34_20_14_v27_7_v41_v42_v43_39_v59_41_18_5_v53_49_47_32_25_v41_19_17_v48_34_v33_30_9_v59_v52_37_30_28_5_1_vv34_29_v31_18_16_v71_42_41_7_v57_38_10_5_v68_47_20_v52_38_v71_56_54_50_45_44_39_36_29_27_26_17_16_15_7_5_v46_19_12_5_v79_76_29_26_16_vv2_v50_v81_51_v31_5_v69_66_62_58_53_8_v76_44_v10_8_6_v87_69_64_59_44_42_40_26_18_11_3_v87_57_37_v40_v81_16_v85_v61_41_15_v70_48_46_6_v80_71_v94_85_81_79_64_60_57_55_37_28_24_22_18_3_v65_19_v89_78_73_70_68_60_48_43_41_23_18_7_6_v70_22_v23_v46_3_v75_32_25_v93_61_v72_22_vv43_27_1_v75_v98_66_v77_5_v47_31_29_20_4_v98_94_75_72_70_v106_79_71_57_v67_65_36_v70_51_2_v83_63_v18_v37_19_v63_20_v114_112_110_94_87_82_79_77_76_69_65_47_21_v,120,train,55
vvvvvvvvvvvv5_vvv2_vv13_10_v15_v13_vvvvvvv24_18_14_vv20_7_v12_v18_v14_v30_24_20_6_4_v30_15_9_v7_v28_14_v20_14_v15_1_v2_v3_1_v7_vv35_6_v9_vv33_25_24_5_vv46_45_44_39_35_34_28_27_14_vv23_vv47_46_41_32_22_17_3_2_v30_16_15_5_vv34_33_9_vv54_44_vv33_v57_51_47_38_33_31_27_19_v60_55_v58_28_v60_54_50_41_34_32_31_30_3_v54_38_32_16_13_12_5_v45_14_v63_57_53_33_6_3_v52_19_v46_36_24_4_v60_48_47_14_v57_v50_v69_45_41_39_36_v60_v53_52_v25_24_v73_63_v33_v69_45_11_vv32_v1_v80_v62_61_37_14_vv82_72_v83_77_73_65_64_57_54_53_39_36_31_29_22_20_19_17_14_3_v75_68_62_50_33_25_3_v80_70_44_v70_55_52_27_v77_63_59_21_v56_v71_v72_45_v77_71_56_55_54_51_41_7_5_v48_47_39_35_32_vv63_v18_v19_v88_55_42_13_v80_79_23_v56_42_38_33_24_16_v26_v100_91_75_72_32_v102_93_92_86_68_60_43_33_28_11_5_v87_69_61_48_44_12_6_v103_95_73_45_20_v56_v100_76_23_v101_77_30_29_17_v110_106_105_103_100_93_91_89_87_83_81_76_75_74_69_67_62_61_60_50_47_36_32_23_20_17_15_8_3_v,111,train,374
vvvvvvvv1_vvvvvvvvvvvvvv19_vvvv19_v11_v21_12_v6_v18_14_v19_15_1_vvv29_vv15_vv17_vvv34_vv36_vvv45_vv44_39_28_21_v48_3_v43_v31_13_v52_22_v44_26_v24_v31_v41_22_10_v53_38_37_30_25_9_6_vv43_21_v44_30_22_vvvv56_5_v57_9_6_1_v58_42_36_2_1_v8_vvvvvvv65_47_46_37_36_25_12_6_v33_v70_43_v24_11_3_v1_v78_50_33_5_v51_6_vv34_v71_59_31_1_v18_v48_47_11_v78_22_21_20_v83_78_69_60_20_v79_40_35_1_vvv87_85_83_72_71_70_66_64_58_53_49_43_40_34_29_27_26_3_1_v16_1_vv41_37_17_3_v90_39_v80_70_v93_91_88_79_77_70_65_64_59_55_46_44_43_40_36_20_9_6_5_1_v48_1_v28_8_2_v16_v25_10_4_v54_49_5_v49_20_v80_38_v81_1_v102_100_88_87_86_79_73_59_49_30_16_15_14_9_7_5_vvvv102_84_82_69_67_60_v20_v49_v92_22_v40_vv19_v42_v109_97_41_30_27_24_21_v52_v102_101_78_53_v101_85_84_83_58_36_vv69_v61_48_12_v121_77_72_68_66_v107_51_35_vv37_vv112_10_5_v57_56_34_10_v58_v116_47_v98_13_v6_2_v94_39_v109_83_60_46_40_38_9_v101_100_64_17_v80_v11_vv68_65_51_v52_46_26_v69_38_v35_v17_13_11_v147_146_145_144_143_141_139_138_137_136_134_133_129_128_127_126_124_122_120_115_114_111_110_109_108_107_105_102_100_98_97_96_93_90_86_84_83_82_80_79_78_77_74_72_68_67_65_62_60_59_58_57_55_54_51_49_48_45_44_41_40_39_38_36_35_34_33_32_31_30_28_27_26_25_24_22_20_17_16_15_13_11_10_9_7_6_5_4_3_v27_1_v133_119_v141_123_102_97_62_29_17_v150_105_77_4_v93_70_v6_v4_v8_2_v81_65_59_v150_131_116_47_v151_132_48_22_v84_v147_86_67_26_13_v14_v29_v105_30_v90_87_73_61_43_33_17_4_v160_156_143_138_136_133_130_123_121_118_116_114_111_100_96_95_94_93_89_84_41_40_29_21_17_14_13_6_v92_19_v148_147_110_20_v21_v157_153_145_139_131_117_110_87_66_20_v,170,val,9
vvvvvvvvvvvvvvvvvvvvvv17_vv21_vv8_vvvv7_6_v12_vvvv16_vv32_29_4_v36_19_1_vvvv42_vv26_24_20_6_v42_25_14_1_v2_v3_vvv29_vv46_42_35_25_v50_8_vv38_17_v33_25_vv52_42_41_31_26_6_3_v14_v32_23_v23_v24_vv33_v41_vv32_vvv61_9_v62_12_10_1_v11_v47_vvvv40_vvv70_56_53_52_44_42_27_14_6_v40_v47_10_2_v3_v76_51_v79_78_68_58_49_v83_62_56_42_41_21_6_v63_57_56_43_22_7_vv37_v45_v55_53_11_vv87_83_78_66_21_v71_70_64_8_7_v85_43_2_v78_v63_vvv94_92_91_84_83_81_75_73_67_62_59_48_45_42_34_30_29_5_1_v64_17_1_vv75_65_61_v62_24_v47_22_5_vv101_99_97_92_90_80_75_74_69_66_52_50_49_44_24_12_7_6_1_v54_1_v32_9_2_v58_3_v54_26_v107_77_75_74_70_61_9_vv108_106_99_98_97_87_81_65_56_30_15_14_13_7_5_v86_30_vvv50_v39_v20_vv15_v42_v105_24_v53_v111_110_85_54_v110_92_91_89_85_59_36_24_23_15_v71_v49_38_vv63_47_13_v96_29_28_v127_81_75_72_vvv133_100_98_83_71_50_49_v132_99_v123_12_5_v121_113_v60_59_33_13_v61_v107_91_15_v105_v100_8_v104_38_v129_122_116_112_104_96_88_77_59_52_43_42_34_31_v142_112_109_67_18_v95_v121_92_66_49_42_40_v114_112_70_23_21_vvv93_73_70_53_v54_47_31_v74_41_v112_29_10_v156_154_153_152_151_149_148_147_146_145_144_143_142_141_140_138_134_132_130_125_124_122_121_119_118_117_116_109_108_104_103_102_100_99_94_89_87_86_85_83_82_81_78_76_71_70_68_66_64_62_59_58_56_55_51_49_48_47_46_43_42_41_40_39_38_37_36_35_34_33_32_31_30_29_27_24_23_19_17_16_15_12_8_7_6_5_4_3_2_1_v120_36_31_12_v56_32_1_v20_14_v158_137_130_117_116_81_67_26_25_4_v159_138_132_118_117_109_97_82_76_75_16_1_v126_102_74_v7_v8_1_v131_115_v147_136_129_122_31_v130_v88_v167_146_144_134_132_117_105_97_84_83_31_26_24_9_3_v102_v138_v135_116_76_62_30_v160_94_72_32_17_7_v18_v116_96_93_84_76_65_63_49_36_30_19_2_v170_167_155_150_147_145_143_136_134_128_124_122_120_106_102_101_100_99_93_89_46_44_32_22_21_16_14_8_v98_21_v176_161_155_149_141_126_114_99_93_92_85_33_18_17_v177_135_19_1_v178_158_157_151_146_136_101_87_45_19_11_2_v179_137_117_15_v180_160_159_148_138_103_47_21_13_4_v27_v169_168_127_28_v121_v170_162_129_v150_127_99_77_v,189,train,517
vvvvvvvvv8_v2_v3_v4_vvv7_v8_vvvvv21_vvv5_v6_1_vvvvvv5_vvvvv8_4_v30_vv19_vv6_v23_17_8_v35_vvv16_v45_v20_12_v37_35_vv19_vv45_27_v46_vvvv6_1_vv30_29_14_v1_vv49_28_22_vv1_v52_31_25_v54_49_v17_vvv64_34_13_v46_19_12_v31_v46_38_26_v73_28_24_v35_v45_3_vvv25_10_1_v39_v22_vvvvvvv87_v9_v24_v90_65_64_41_30_27_21_18_v75_7_v63_45_9_v81_v68_v78_73_55_v39_6_v91_vvvvv1_v82_50_35_26_25_15_v1_v32_v107_105_104_103_100_95_91_88_87_86_81_75_74_67_66_64_63_58_50_48_46_42_41_37_30_23_22_21_17_13_11_10_8_6_5_3_1_v8_6_v24_2_v3_v28_4_vv112_69_25_v12_v73_31_1_v5_v92_89_69_35_26_24_10_v113_112_82_81_69_63_61_50_48_31_27_18_11_6_v12_v63_v96_73_28_v94_v102_16_v111_94_75_v112_100_73_32_8_4_v19_v20_v21_v46_25_v76_26_25_v90_v102_25_11_v94_11_v77_v91_28_v39_vv31_1_v139_v135_134_104_90_85_53_48_28_22_18_v102_34_19_8_v,143,train,68
vvvvvvvvvvvvvvvvv14_vvvv3_vvvvv10_vv12_vvvvvvv34_vvv23_10_vv36_26_25_20_17_2_vvv36_v37_1_vvvvvv44_26_vvv31_22_v53_33_vv35_vv31_30_v55_51_46_39_14_v52_1_v30_8_vvvv61_59_58_51_50_49_46_45_41_37_34_27_25_22_21_5_1_v16_1_vvv65_63_61_56_54_49_47_46_45_41_38_31_30_29_28_9_4_3_1_v34_1_v23_6_2_v3_v23_8_4_v35_v71_69_62_61_60_55_51_41_35_25_11_10_9_6_4_2_vvvv26_v38_vv17_vv15_v69_20_v44_36_6_v42_v75_74_57_43_27_v74_63_62_61_47_31_v51_vv88_52_v79_40_28_vv82_7_3_v43_27_7_vv72_9_v68_30_v61_35_31_29_v74_73_12_vvv39_v40_36_26_v69_53_44_31_v18_v108_107_106_105_104_102_101_100_99_98_97_96_95_94_93_92_90_89_88_85_84_82_81_80_79_78_77_75_74_73_72_70_69_68_67_66_65_64_63_62_61_57_56_55_54_52_51_50_49_48_45_44_42_41_40_38_37_36_34_33_32_31_30_29_28_27_26_25_24_23_21_20_19_18_17_16_14_13_12_11_10_9_8_7_6_5_4_3_2_1_v108_1_v53_v3_v4_1_v60_48_44_v77_61_8_v62_54_v104_49_18_8_v9_v53_44_29_22_10_2_v114_111_102_99_98_96_94_88_87_85_84_81_80_75_73_72_71_70_69_64_33_27_20_13_12_10_9_4_v12_v46_42_v108_107_82_14_v15_v71_v,125,train,84
vvvvvvvvvvv7_v6_vv13_2_v8_vv3_v14_vvvv13_7_3_v5_3_vvv4_v27_v24_10_v29_28_26_23_21_17_15_14_13_11_8_6_2_v12_v26_16_6_v25_v28_21_2_v19_v20_vv22_v17_9_v21_v36_22_6_3_v27_26_24_v13_v39_25_23_15_13_3_v44_15_v45_16_1_vv18_v46_38_35_33_24_12_2_v49_20_v32_v36_11_v34_v19_16_2_v,54,train,25
vvvvvvvvvvvvvvvvvvv17_3_vvvvvvvvvvv24_vvvv14_vvv17_v6_v4_vvv11_v40_5_vv5_v29_26_v2_vv32_29_20_14_11_10_3_vv21_10_vv12_10_vvv30_vv55_32_vv19_vvvvvvv32_18_v33_vv66_vvv43_22_5_v50_16_v75_29_v75_74_31_30_v66_43_41_v71_55_54_44_28_4_vv77_39_v65_61_38_35_23_vvvvv68_46_10_v77_v78_1_vvv81_45_4_3_vvvvvvv12_v48_v91_48_vv54_39_vv97_96_80_70_49_47_v28_14_v57_v103_65_vv67_v80_vv52_v96_62_58_38_2_vv58_57_v78_v79_v80_2_v112_108_98_85_83_29_v109_84_43_1_v83_45_v84_79_68_vv55_vvv120_118_117_104_103_101_94_93_75_69_64_53_49_40_39_7_1_v28_1_vv127_v15_14_13_v112_v126_124_122_112_109_99_97_85_83_81_75_70_59_57_56_55_51_28_13_6_5_1_v63_1_v40_8_2_vv60_4_v38_11_5_v112_70_63_35_29_26_15_v108_105_102_85_78_68_55_48_30_v134_132_120_118_117_107_89_73_63_41_15_14_13_8_6_3_v102_38_vvv62_vv20_v132_107_105_97_90_88_75_72_59_51_49_32_31_26_12_9_vv17_v49_v76_27_v70_53_8_v128_27_v65_v135_133_93_66_vv134_102_101_100_75_43_v148_133_123_54_39_32_26_v153_83_82_vv128_10_v36_v88_v144_9_5_v64_33_8_vv112_10_v47_v145_135_132_127_119_112_91_90_56_40_30_22_v99_31_v24_v110_40_v171_136_130_121_93_90_85_52_38_26_4_v138_99_70_48_42_40_12_v119_118_18_vvvv75_53_v54_48_30_v80_41_v139_99_94_9_v26_v185_181_180_179_178_176_175_174_173_172_171_170_164_162_161_159_154_152_151_135_133_129_128_127_126_124_122_119_117_115_114_111_109_107_103_102_98_97_95_92_91_84_83_82_78_76_74_70_66_65_62_59_57_56_53_51_50_48_46_44_43_42_41_40_39_38_36_35_34_33_31_30_29_28_27_25_24_20_19_18_17_12_10_9_7_6_5_4_3_1_v166_147_140_113_87_74_v183_2_vv49_18_v79_v138_111_51_43_v7_v8_1_v46_v146_v94_92_69_63_v146_61_49_v113_58_v150_59_v98_v179_173_163_147_137_24_v187_73_34_17_v123_18_12_v99_77_65_46_38_19_2_v197_194_175_171_163_155_151_142_140_137_135_131_129_118_112_111_110_109_105_97_52_45_32_23_21_18_15_5_v21_v191_147_131_95_19_v124_119_60_v128_2_v187_186_132_25_v26_v209_42_v196_193_167_158_155_138_114_103_102_74_27_v,214,train,480
vvvvvvvvvv6_1_vvvvvvvvvvv16_1_v13_vvvv15_vv3_v14_2_vv8_vv30_5_v2_v27_24_vv29_26_18_10_9_8_2_vv19_18_9_v19_v11_8_vvvv45_v43_30_2_v17_v18_vvvv51_vv31_8_v28_18_1_v29_vvvvv46_41_29_22_5_v49_16_vv62_60_29_28_v52_39_27_3_v65_51_vvv66_39_v59_24_v62_60_56_39_38_36_25_vv41_12_2_vvvv13_v8_vvv9_vvv40_vv62_v87_86_82_48_47_42_24_21_19_15_6_vv52_v83_67_64_44_31_v85_78_65_48_v69_61_38_2_vv74_v47_v88_57_53_30_vv66_64_37_27_vv54_10_v73_v74_v75_2_v81_73_12_v36_v78_42_v79_74_65_v50_vv97_94_84_64_60_48_45_32_v108_v11_10_9_v79_39_33_v68_62_v63_25_v109_103_90_78_70_66_54_52_51_6_v93_18_v101_60_54_27_24_22_10_v75_73_67_5_v95_93_92_77_71_60_44_41_26_v30_v88_61_v120_v115_94_91_85_78_76_63_60_44_38_37_23_22_17_7_6_v112_79_73_25_11_10_6_v38_v63_v128_41_v64_59_v66_v3_v86_73_40_v87_v27_v121_108_107_102_96_89_68_66_38_24_15_12_11_v76_16_v13_9_6_v88_22_v136_111_105_98_68_65_59_32_22_15_4_v140_95_53_v128_118_110_99_89_84_76_66_49_37_27_26_22_20_v96_52_v84_56_v80_34_28_v145_58_v100_56_21_vv114_74_68_9_vv116_v97_26_10_v145_139_136_126_114_106_102_96_93_90_88_87_74_70_69_60_52_34_31_27_25_23_14_8_6_3_1_v107_28_12_v60_v14_v145_127_121_95_69_61_v134_103_67_53_25_5_v135_127_104_99_68_66_17_1_v39_23_v116_90_v120_92_56_41_37_v75_v54_39_9_v127_v126_48_41_v120_34_v91_47_v122_v132_49_vv148_125_112_79_30_14_5_v160_154_144_130_121_25_v104_68_21_12_v84_64_56_49_33_22_v169_168_155_149_144_137_133_125_122_119_116_113_111_97_93_92_91_90_87_82_49_46_37_26_24_18_15_5_v167_128_112_81_v103_97_53_23_v107_2_v156_148_133_120_89_87_75_38_22_21_v172_169_145_137_134_114_110_93_86_62_24_v,181,train,62
vvvvvvvvvvvvvvvvvv11_vvvvvvvv19_vvvv10_vvvv19_14_vvv11_6_vvv16_vv18_vv13_vvvvvvvvv48_vvv30_19_6_v34_15_v58_24_v57_55_25_24_v52_38_37_30_24_3_v52_v7_vv44_22_vvvvv58_5_v59_6_1_v7_vv14_vv24_vvvv42_17_vv34_v70_52_41_40_29_8_v1_v81_76_75_61_54_52_45_43_23_vv81_4_v5_vv63_4_vv76_73_63_54_52_33_29_3_1_v26_8_v52_51_11_vvvv89_85_76_67_26_v86_1_v40_v67_vv51_vv96_94_93_82_81_80_75_74_66_62_57_47_44_35_34_6_1_v1_vv106_89_v88_v101_99_97_88_86_79_73_71_67_62_52_50_49_44_26_11_5_4_1_v56_1_v7_2_vv4_v89_63_55_30_25_23_12_v76_26_vv109_107_96_95_94_87_79_67_57_14_13_12_8_6_v34_vvv53_v40_v19_v107_93_91_87_82_80_68_65_52_46_45_29_28_24_12_10_vv17_v46_v104_24_v58_v109_108_83_59_v108_91_90_89_63_38_v73_vv59_v127_75_71_v61_2_vvv80_vv120_11_6_v53_52_v62_61_34_12_v62_v105_14_v113_109_104_31_22_v23_v101_100_39_v77_49_37_25_3_v127_90_63_32_vv68_v94_70_49_44_42_v113_112_72_23_vvv94_75_74_53_v54_49_31_v78_42_v29_10_v161_156_155_154_153_151_150_149_148_147_145_142_140_139_138_137_134_132_131_125_123_121_120_119_118_116_114_112_111_108_107_104_102_101_96_93_92_91_90_87_85_84_81_80_75_74_71_68_64_63_60_58_56_55_53_51_50_48_47_44_43_42_41_40_39_38_36_35_34_33_32_31_30_29_28_26_24_20_18_17_16_13_8_7_6_5_4_3_2_1_v87_v78_74_v144_130_108_85_v160_83_4_v104_v52_43_v127_84_v8_v9_1_v47_8_v80_v92_89_69_64_vv138_63_51_v151_vvv163_97_73_34_18_v134_129_128_42_40_3_2_v118_99_98_87_77_67_65_50_38_31_20_2_v21_15_vv175_172_158_154_148_137_134_131_127_125_114_108_107_49_36_25_24_19_v103_24_v169_142_127_v115_63_24_v166_165_128_27_v98_v29_v190_176_173_171_163_157_152_149_143_136_133_129_127_125_124_112_103_102_101_84_77_49_40_27_25_19_17_8_2_v,192,train,103
vvvvvvvvvvvvvvvvv3_vvvvvvvvvvvv2_v2_vvv13_vv15_vvvvvvv40_vv25_9_vv41_28_27_21_15_2_vv18_v13_vvvv45_v46_1_vvvvvvv22_v60_vvvvvv34_33_vv65_61_54_45_15_v62_1_vvvvvvv35_vvvv37_v69_66_v57_55_19_v80_78_69_67_66_60_53_44_39_11_10_6_v37_vvvv38_vv62_vvvvv36_v78_v44_v84_82_61_45_v82_68_67_66_49_33_vv58_v99_58_vv105_92_83_58_50_33_v106_93_v87_52_v105_83_81_73_61_43_40_23_17_3_v94_10_6_v50_10_v91_6_4_vv81_13_v6_v115_v78_v73_39_v70_13_12_v86_85_19_vv99_v75_50_17_vvv29_v66_42_v27_v129_127_126_124_123_122_121_120_119_118_117_116_113_111_110_109_107_105_104_98_97_96_95_94_92_91_90_89_88_87_86_85_84_83_79_77_76_75_74_72_71_70_69_68_67_66_65_61_59_58_57_55_54_53_52_51_50_49_47_44_42_41_40_39_38_36_34_33_32_31_30_29_28_27_26_25_24_19_18_16_15_12_11_9_8_6_4_3_2_1_v82_57_46_v45_24_12_v130_3_v129_24_v5_v6_1_v113_80_30_14_6_v101_88_18_v115_2_v109_73_30_6_3_v117_59_24_10_4_v49_32_v33_v130_67_29_14_v15_v63_44_34_16_2_v131_99_95_79_52_40_22_v18_v39_15_v131_130_103_20_v21_v,151,train,192
vvvvvvvvv8_v2_v3_v4_vvv7_v8_vvvvvvv23_vv8_6_vv7_v8_1_vvv14_12_vv14_11_2_vvv6_vv7_vv21_8_vv36_vvv24_vv6_v28_20_9_v41_vvvvv19_v38_36_30_11_v25_v45_43_vvv52_30_v53_vvvv33_25_v7_2_vvv34_33_15_vv2_vv59_32_26_v60_33_27_v35_v63_57_vvv73_37_13_v50_20_11_v33_vvv37_vvv25_9_1_v40_v20_vvv73_70_59_24_v74_43_vv45_2_vvvv11_v24_v72_29_22_v95_85_83_80_69_64_62_50_32_27_20_10_6_v67_46_9_v90_v85_78_57_v39_5_v99_vvvvv1_v87_51_35_27_26_14_v1_v32_v115_113_112_111_108_103_98_95_93_92_87_79_77_69_68_65_63_58_50_47_44_42_40_37_31_22_20_19_16_12_11_10_8_6_5_3_1_v8_6_v22_2_v3_v29_4_v102_99_90_29_19_vv70_v13_v76_31_1_v6_v97_93_70_37_26_24_11_v126_122_86_85_70_65_62_51_49_30_27_19_12_6_v27_v14_v65_v102_75_29_v99_v110_18_v121_99_77_v34_v123_107_85_77_34_10_5_v36_v37_v38_v39_1_v26_v121_22_v28_v29_v55_33_v97_54_v86_35_34_v101_v75_58_48_v115_35_19_v106_19_v134_131_120_32_24_10_v88_v102_39_v50_vv42_1_v158_v68_v159_155_119_105_98_91_79_63_59_39_33_28_v112_69_15_v117_47_30_11_v,164,train,389
vvvvvv5_vvvvvvv9_vvvvvvvv17_vvvvvv8_vvvvvvvvvvvv4_2_vvv6_vvv19_v37_vv47_v45_28_10_v33_vvvvvv14_vv12_v51_43_42_25_16_15_10_9_v19_9_6_vv35_v4_vv27_vvv55_11_vvv71_69_68_66_64_62_61_59_57_56_55_53_52_45_44_43_41_38_32_31_28_26_25_22_19_18_17_16_13_10_9_8_7_5_4_2_1_v7_5_v19_2_v3_v4_v34_v18_6_v77_74_57_56_45_42_39_31_29_22_19_13_7_2_v8_vv42_v67_11_v50_v13_v72_28_v15_v16_v17_v50_v14_v61_20_v21_v92_89_82_73_72_70_69_68_64_62_61_59_57_52_42_37_36_33_25_17_15_13_8_v23_14_v,95,train,289
vvvvvvvvvvvvvvvvv8_vvvv4_v22_v11_vv20_16_4_v7_vvvv1_vv32_10_8_vvv4_vvv29_vv31_19_vvv19_11_v17_v15_v40_v12_v17_16_12_v12_v34_v20_v20_vvv24_20_7_1_v30_vv38_26_19_17_v49_27_vvvv18_vvv49_v8_v56_7_vvv15_14_v63_51_42_24_22_v27_vv66_54_35_v50_vvvvvvv71_48_35_29_28_12_v1_v84_83_82_81_80_79_78_77_74_72_71_67_66_59_58_57_52_51_48_44_43_41_39_36_32_23_21_20_12_11_9_8_7_6_3_2_v1_v23_2_v3_v57_v81_v30_6_v22_10_v22_v85_78_73_69_34_32_28_25_24_22_14_13_2_v64_v11_v63_60_48_12_v13_v86_14_v91_83_79_75_19_v16_v17_v88_42_35_20_v19_v2_v75_71_61_43_23_22_v68_4_v23_v38_v77_25_v26_v32_23_18_v47_19_v29_v,115,train,293
v1_v1_v3_v4_v4_3_v6_vv1_v8_4_vvvvvvv1_v5_v18_17_13_v19_18_17_14_10_1_vv9_4_vvv2_v6_v26_v27_26_vv18_16_15_14_13_7_1_v13_6_v31_29_26_13_12_6_v22_v4_vv18_14_v23_7_v13_v12_4_v10_v11_v40_14_v18_5_v36_26_23_v15_v28_v46_45_41_27_21_15_v45_42_38_29_22_6_1_v48_29_23_17_1_v23_11_v21_8_v50_33_28_10_3_v50_47_43_34_27_21_18_14_11_6_4_3_v29_24_11_3_v51_12_v44_26_19_15_11_2_v56_49_9_4_v28_v16_v52_30_17_v53_31_18_v54_19_2_v49_33_29_20_9_v63_34_22_16_11_10_v17_12_v61_46_34_17_13_v46_v38_34_v61_45_36_v40_25_v62_v70_66_52_40_24_19_v2_v58_31_v45_32_24_12_v,75,train,421
vvvvvvvvv9_3_vv9_3_2_v1_v4_vvv10_v6_v6_v9_v8_v8_vv19_v16_13_12_vv24_v19_15_6_3_v12_v16_v7_vv23_7_v23_22_v28_v33_9_v33_25_22_2_vv37_vvvv31_3_v43_vv32_vv11_vv31_v39_v38_35_23_v16_vv47_43_30_v37_v32_v40_v40_9_6_v59_54_48_46_36_9_vvv51_50_26_v51_50_39_27_v53_42_23_v24_1_v2_v3_1_vv58_50_32_v2_v9_v10_1_v56_49_2_1_v12_v63_11_v76_75_72_65_48_46_38_23_17_15_8_6_v59_57_41_v23_5_1_v61_46_v36_v3_v21_v72_v73_35_v74_69_3_v60_v78_58_47_v80_79_71_60_55_34_29_5_4_v89_80_30_v49_26_25_11_v55_14_v86_50_v6_v46_v8_v82_78_60_47_44_38_25_24_v95_88_86_62_11_v89_43_40_20_2_v79_63_56_v55_50_v89_v84_66_50_47_46_44_24_6_1_v53_44_v93_89_56_48_25_19_16_10_v99_71_69_62_6_v89_33_v90_1_v75_23_v100_80_22_v82_74_70_59_54_34_6_v75_68_20_12_6_v98_34_16_14_10_v112_37_vv66_60_57_53_v33_v99_19_v82_v113_83_v109_36_35_vv94_86_62_14_12_v117_81_v111_65_63_v124_87_49_v84_24_v116_96_83_47_46_v122_92_51_36_v53_v129_54_v131_118_22_v132_123_52_11_5_v97_56_22_v72_v53_50_v130_129_122_118_100_84_80_78_65_64_62_52_45_35_32_25_21_10_3_v101_26_v74_v128_127_118_115_110_107_88_63_52_50_30_25_8_7_v76_v130_95_82_v108_80_58_v67_v55_v145_v135_124_105_81_80_79_71_56_8_6_v108_105_v137_113_v149_62_10_v137_91_v145_v116_34_v117_v141_95_v119_3_v73_v80_79_61_53_46_21_v148_99_89_v148_70_50_45_34_27_10_v120_104_73_v143_97_46_36_15_v98_16_v127_86_v153_104_76_v26_6_v52_27_7_v167_80_28_8_v109_79_24_v,169,train,515
vvvvvvvvvvvvvv6_4_vv8_2_vvvvv13_7_2_vvvvvv23_15_vv15_vvvv27_13_v29_v5_v15_v31_vvv19_vv6_5_1_vvvvv7_v40_v15_v8_v39_23_v8_1_v47_v46_38_33_vvvvvv13_vv62_61_60_59_58_57_55_53_49_47_45_44_43_42_41_40_38_36_32_31_30_29_28_27_24_18_17_16_13_9_8_7_6_5_3_2_1_v18_1_v2_v3_vv55_15_5_v42_38_33_6_v7_v59_58_18_vv57_10_v67_62_61_50_48_46_45_34_31_30_22_21_7_6_3_2_v12_v13_v14_v56_19_v16_8_v55_17_v18_v19_v,82,train,413
vvvvvvv1_vvvvv12_9_1_vvv7_v9_4_1_vv16_14_13_vvvv14_7_vv12_v21_13_11_v20_10_9_vv27_vv5_v31_3_v14_v15_vv21_5_vvv37_31_11_2_1_v12_3_v40_34_24_23_17_15_14_9_6_3_2_v1_v2_v3_v4_v36_vv40_34_30_v44_30_v37_36_9_v5_v23_10_vv51_49_48_44_43_39_37_35_34_33_32_24_23_21_20_18_8_7_5_3_2_1_v1_v,55,train,4
vvv2_vvvvvvvvvvvv6_vvvvv11_vv17_vvvv26_vvvvv19_v31_29_20_13_1_vv30_27_24_19_v32_3_v26_v30_22_vv31_17_7_v35_18_10_v37_31_26_20_7_5_vv34_v26_17_v5_v19_2_v3_v4_1_v43_6_v44_11_7_1_v45_2_1_vvvv46_11_v36_v57_31_v57_51_43_33_23_13_vvv59_57_56_51_46_45_37_36_21_v59_45_31_30_4_vv32_v38_21_19_4_vv61_18_17_16_v64_61_53_vv66_64_60_55_42_36_34_29_25_21_20_v66_32_31_v68_65_62_57_51_44_36_35_34_31_2_v35_12_v8_v71_65_60_42_34_15_5_3_v15_v17_v63_v75_45_42_38_36_v65_v67_v3_v61_v80_69_vv86_75_60_29_1_v59_15_v27_v47_v86_75_v33_25_21_v17_v62_v91_90_88_87_84_79_73_69_66_61_59_58_56_53_45_44_42_41_32_26_21_19_18_15_12_7_3_2_1_v81_73_65_51_29_24_6_v74_56_52_25_v90_82_63_60_v95_79_67_66_40_4_v98_96_82_68_67_64_41_37_1_v57_v93_v77_41_v85_76_57_56_55_48_38_8_7_v43_34_32_v65_v94_87_74_v93_78_51_38_12_vv79_v99_24_v25_v107_105_99_97_95_91_89_84_83_79_77_76_74_62_60_59_58_53_52_49_35_33_25_20_19_14_12_4_v109_99_98_91_69_57_42_34_27_10_6_v92_70_58_45_43_11_7_v110_101_75_44_20_v113_84_18_v114_100_85_59_18_v115_86_12_v110_95_76_75_62_46_16_8_v,120,train,528
vv2_vvvvvvvv7_vv7_3_v8_4_vvv7_5_3_vvv6_v11_5_vv1_v20_vvvvvv22_1_v16_vv26_v28_24_21_v21_v34_vv19_vv24_19_vvvv5_v2_v25_v20_v10_v39_vv50_v48_28_11_v20_vv10_v54_20_18_vvv33_v50_48_43_18_v28_v52_vvv34_v22_v65_12_v48_v67_31_17_v59_37_9_v44_1_v67_66_62_60_55_52_51_41_29_26_17_12_9_v46_vvv8_v47_v67_24_21_10_v47_42_38_30_27_16_v17_1_v71_69_67_21_9_v38_v81_51_16_v53_v74_52_v85_82_62_61_49_47_45_36_34_20_17_12_7_4_v15_v70_v17_14_v59_v33_27_19_v20_17_v21_v22_1_v68_v69_v85_16_v67_v88_45_42_31_v73_53_22_1_v55_41_29_v57_v15_v94_92_87_23_17_7_v23_v13_v39_4_v48_v108_105_100_87_85_83_82_81_79_76_74_71_70_66_54_43_41_37_31_27_23_21_10_v31_22_7_v,110,train,241
vvvvvvvvvvvvvvvvvvvvvvvv7_vv21_19_3_v25_10_1_vvvv31_v5_vvvv30_27_20_16_v34_vv23_12_vv32_21_v36_27_26_22_20_6_3_v22_17_v17_v18_vv23_vv41_5_v42_6_1_v7_vvvvv32_5_v48_37_36_32_30_20_5_1_v28_v18_2_v54_44_40_35_v58_29_4_v30_5_v27_vv40_38_8_vv61_58_53_47_16_v59_32_27_1_vvv65_64_63_56_55_54_52_51_48_44_41_35_32_29_22_21_3_1_v46_1_vv53_47_43_v44_18_vv71_70_68_63_61_57_55_54_50_47_38_37_36_35_31_18_9_6_5_1_vv41_2_v9_3_v45_40_4_v42_22_v78_59_57_56_52_48_9_vv79_78_71_70_69_65_62_51_43_15_14_13_8_5_v26_vv40_vv33_v20_v65_52_10_v36_28_vv79_71_70_68_64_47_30_21_20_17_12_v48_8_v20_v40_v82_28_v49_vv88_87_72_51_v63_v79_30_29_v99_69_64_63_61_vv104_82_80_70_46_45_v103_81_v95_7_4_v53_52_33_15_v54_v88_77_17_vv87_22_v85_38_v100_85_74_54_42_41_33_30_v112_93_90_60_24_v97_78_59_47_41_38_v94_92_62_26_24_vvv79_65_63_51_v52_46_25_v66_39_v93_30_9_v125_123_122_121_120_119_118_117_116_115_114_113_112_111_110_109_108_107_106_104_103_102_101_99_98_97_96_93_92_89_88_87_86_84_80_78_77_76_75_74_73_72_71_68_65_64_63_61_59_58_57_56_54_53_50_47_46_45_44_41_40_39_38_37_36_35_32_31_29_28_27_26_25_24_23_21_20_17_16_15_14_11_8_7_6_5_4_3_2_1_v100_32_30_11_v64_54_33_1_v19_13_v121_110_94_89_62_35_17_v128_99_74_24_5_v107_v108_73_v8_v5_v10_2_v113_102_v111_31_v112_v137_115_113_103_79_78_24_9_2_v128_84_68_29_15_3_v16_v100_86_84_77_72_61_59_48_33_27_17_2_v135_124_122_114_110_107_105_104_94_91_90_48_39_29_20_19_13_v88_19_v143_119_109_89_85_84_30_15_v132_131_105_21_v145_130_124_91_41_8_2_v23_v147_132_126_93_43_10_4_v135_132_109_18_v125_108_89_70_v,153,train,2
vvvvvvvvvv1_vv10_vvvvvvvvvvv18_vvv17_14_v1_vvvv22_vv9_vvvvv16_vv18_vvvvv36_vv6_v39_vvv24_v49_v41_v45_v35_15_v3_vv45_30_28_v53_40_39_31_24_4_v60_39_vvvv54_v55_1_vv35_vvvvv64_36_vvv41_29_v63_48_45_37_36_24_3_v19_1_v75_45_2_vv47_4_vvvv72_22_v46_45_9_v81_39_v81_74_69_59_57_21_v75_58_30_1_v43_14_vvv86_84_82_73_72_70_64_63_56_52_46_37_33_28_27_4_1_v21_1_vvv70_v91_89_84_79_77_69_67_63_62_61_57_51_42_40_39_38_36_20_9_5_4_1_v44_1_v87_v30_8_3_v43_4_v30_10_5_v46_vv99_97_87_86_85_77_69_54_46_33_14_13_12_8_5_3_vvv11_v99_83_78_64_61_55_vv48_v36_v21_vv40_v53_44_5_v104_95_87_40_29_25_20_v96_26_v53_v102_101_74_54_31_vv102_84_83_82_59_37_v66_v118_66_65_vv43_v109_7_3_v96_61_v54_53_32_7_v54_v93_9_v127_85_vv88_87_37_35_v130_97_95_59_49_40_v105_79_59_44_39_36_v98_97_61_15_vvv64_63_48_v49_44_26_v67_37_v34_v22_v144_142_141_140_139_137_135_132_131_130_129_128_127_126_125_123_121_117_116_110_109_107_106_105_103_101_99_95_94_93_91_90_88_86_84_82_81_80_79_77_76_72_71_70_67_65_64_60_58_57_55_54_52_51_49_47_45_44_42_40_39_38_37_35_34_33_32_31_30_27_26_25_24_23_22_21_20_18_16_15_14_11_9_8_7_6_5_4_3_1_v64_v144_71_2_v67_v4_v107_46_24_22_v6_2_v140_127_19_v78_61_56_v128_v114_108_v156_145_144_74_10_v148_131_112_48_v137_98_30_v106_v139_100_v152_135_62_52_35_33_27_26_11_3_1_v136_63_4_2_v7_v89_75_v139_133_39_37_7_5_4_3_v149_90_72_35_21_v22_v92_91_76_65_46_39_23_2_v13_v163_157_147_142_137_135_133_124_121_119_118_115_113_105_102_101_100_99_98_91_54_46_36_28_26_23_22_6_v95_26_v153_152_113_27_v28_v98_89_39_37_v135_128_115_94_72_29_6_v,176,train,469
vvvvvvv7_vv6_3_2_v1_v4_v11_v4_v3_v11_v10_7_6_vv7_v4_v12_11_v19_v13_v14_v24_v14_vv18_v17_11_vv21_14_v31_30_22_20_16_4_vv24_23_11_v24_23_18_12_vv27_v28_v3_v39_37_35_30_22_20_18_10_8_7_4_1_v31_v32_v33_v37_36_30_26_23_13_12_3_2_v44_37_13_v17_11_vvv45_41_39_v24_22_4_v23_19_3_v42_9_8_v35_30_24_13_1_vv52_15_vv9_v48_16_15_vv48_28_27_v58_39_21_v52_v23_v61_24_v64_53_v65_58_4_vv58_57_53_51_49_39_28_23_3_2_v59_42_37_v30_v14_12_v27_v72_v64_v65_v75_8_v65_45_18_v62_v67_47_v23_21_9_3_1_v4_2_v25_23_5_3_2_1_v74_51_45_36_29_27_16_v74_39_23_18_8_v75_41_v85_18_2_v81_55_42_15_v,87,train,525
vvvv3_vv5_2_vv3_vvv10_7_v4_vvvvvvvv10_vvv19_18_15_14_11_v23_13_5_v15_12_11_10_4_3_v18_17_11_v25_24_17_9_5_2_v1_v23_20_18_5_vv23_2_v15_v32_29_14_9_4_v30_15_10_5_vv35_30_25_17_6_3_2_v30_v16_3_v14_v22_13_v40_35_30_22_17_16_14_11_8_7_1_v6_1_v21_v40_21_15_v41_29_28_22_19_16_13_9_4_1_v42_38_34_23_17_16_10_5_2_vv21_v41_40_37_25_15_8_v49_26_21_14_9_v47_28_22_6_5_v51_28_23_16_11_v53_46_31_28_18_16_6_v54_46_45_42_31_5_v,55,train,364
vvvvvvvvvvvv9_vvvvvv7_vvvv10_vvvvvvvv27_v1_vvvv27_26_v1_v21_v24_vv6_v19_5_vvv43_4_vv36_30_v37_31_18_11_7_6_1_v18_17_5_vvv8_7_vv39_v47_v27_19_16_vv56_34_v55_1_vv17_vv41_26_vvvvv10_vv33_22_2_v56_v35_vvvv53_45_27_4_v57_19_vv32_v33_v75_vv60_9_v50_vv84_42_v70_29_v72_71_65_43_41_30_vvvvv54_vvvvvv50_16_14_v52_vv64_45_44_vv101_99_98_84_66_61_50_47_23_v20_vvv77_3_vv99_97_77_61_56_31_27_3_1_v27_vv21_9_v57_56_12_v74_v75_v76_2_vv90_63_v34_v80_41_v81_77_69_v50_v19_v120_105_101_87_67_48_vv31_1_v126_103_59_38_v23_14_13_12_v129_117_v73_vv128_113_95_75_56_53_8_v117_98_1_vv110_63_56_32_28_26_13_v133_79_78_6_v126_119_43_32_v104_102_98_85_77_64_44_43_31_v135_120_102_68_15_7_v37_v117_73_14_v107_v142_122_v129_101_100_96_87_84_69_65_48_46_44_30_29_23_10_9_v126_89_88_32_15_9_v87_vvv12_v94_93_v148_94_v116_90_v46_45_v33_v135_119_115_111_107_98_72_70_44_28_17_12_11_v39_25_v83_19_v14_v65_v33_19_v78_34_v161_122_117_111_75_69_66_41_28_18_7_vv61_v162_108_64_v153_148_116_107_20_v111_110_66_22_vv21_v156_102_v126_78_75_9_v68_65_v170_169_154_150_136_117_116_102_97_94_65_60_40_38_34_33_28_6_v117_29_v159_134_129_100_77_vv39_20_v96_v128_94_60_41_35_v124_77_v87_22_v176_175_128_80_35_6_vv137_v41_13_v74_v84_63_55_v167_153_v62_48_29_vv183_156_49_v174_55_v145_59_49_v28_v47_v139_46_v103_59_v141_v191_164_57_34_v165_v35_v36_v156_65_37_v148_147_8_v188_178_165_153_141_37_v171_7_6_v126_122_88_34_28_v107_84_73_63_35_v195_127_117_vv206_181_174_159_140_135_132_v129_v120_117_69_41_v157_113_v132_106_v210_209_190_167_162_155_151_150_139_128_126_119_114_99_85_69_68_60_47_40_34_33_21_v217_207_205_201_185_171_164_160_154_144_139_135_131_126_125_119_111_110_109_88_82_64_54_42_39_31_27_7_2_v,218,train,105
vvvvvvvvvvvvvvvvvvvvvvv8_vv10_vvvvvv30_vv19_8_v34_15_v16_v32_23_22_18_16_3_vvv33_v34_1_vvvvvv18_v46_vvv16_1_v27_26_v48_45_40_34_11_v46_1_v32_vvvvv5_vv29_vvv29_14_v65_11_v62_61_54_53_52_48_45_36_30_10_9_4_vvvv32_vvvvv29_v61_v36_v66_65_50_37_v65_56_55_54_41_28_v45_vvv79_47_vv73_7_2_v40_7_vv65_9_v61_v55_28_v67_66_12_vvvv20_v50_30_v18_v98_97_96_95_94_93_92_91_90_89_88_87_86_85_84_83_82_81_80_78_77_75_74_73_72_71_70_69_68_67_66_65_63_62_61_60_59_58_57_56_55_54_53_52_51_50_49_47_46_45_43_42_41_40_38_37_36_35_34_32_31_30_29_28_27_26_25_24_23_22_21_20_19_18_16_15_14_13_12_11_10_9_8_7_6_5_4_3_2_1_v77_45_18_v99_2_v79_v4_v5_1_v50_5_v94_47_17_7_v8_v43_28_21_9_2_v10_v96_95_73_11_v12_v92_86_77_62_47_v,112,val,18
vvvvvvvvvvvvv1_v9_vvvvvv9_vvvvvvv25_vvvvvvv22_vvvv11_v38_vvvvv5_vvvvvvvv33_vv48_vv48_vv42_v32_v54_23_vvvv40_vv62_v16_vvv41_32_vv71_28_v72_34_1_vvvv35_vvvv58_v45_vv82_69_66_61_58_25_17_12_10_2_vv55_v19_v34_v35_vv86_64_37_7_v65_v54_49_20_9_v85_22_14_v58_v42_v88_64_61_33_vv90_73_41_19_13_vvv48_18_vv102_45_13_12_v104_36_32_21_v95_v13_v102_93_82_54_49_17_4_vvvv107_35_v94_71_22_15_v70_41_21_20_vv100_97_v19_18_vv82_37_vvv116_113_96_68_62_52_51_34_31_26_23_18_14_13_v69_1_v97_86_16_2_v120_v79_68_13_10_v106_66_vv23_v13_v129_122_93_39_9_7_v34_vv97_v44_v51_v107_89_v137_136_135_134_132_129_123_117_112_106_103_101_99_84_79_77_75_74_71_68_67_66_63_53_51_50_49_47_42_41_40_39_38_36_33_32_30_27_24_21_15_13_12_10_4_1_v5_v135_v66_3_v105_29_20_v142_104_71_63_45_44_38_29_v116_113_6_v7_vv93_v147_109_104_76_75_55_49_43_34_v143_41_11_v143_42_v146_132_74_52_25_11_v99_14_vv41_v101_96_51_47_42_33_20_17_v139_107_72_43_v19_v118_20_v69_43_35_8_v159_121_116_88_87_67_46_17_12_v96_41_39_23_11_v81_v158_134_34_vv160_151_25_14_v66_v100_49_16_v30_v122_43_v154_129_113_112_80_68_60_30_vv134_129_7_v159_92_v172_139_138_136_135_111_104_102_101_83_76_75_69_65_60_57_44_40_29_26_14_11_v110_14_v92_v125_51_26_vv109_vv179_92_90_89_43_26_v180_155_90_78_60_51_44_1_v152_39_vv47_v132_64_48_v49_v164_91_89_87_v10_v52_v154_120_53_44_v57_vv110_83_v57_v136_vv197_159_126_118_100_99_93_84_v140_120_110_61_v157_v185_170_149_143_102_v35_v53_v107_105_86_74_30_v167_83_67_42_v108_107_76_68_32_v69_v117_53_v48_v185_173_165_156_126_72_v127_73_vv211_186_137_122_109_31_13_vv184_163_157_71_32_v165_149_87_12_v122_v154_138_103_85_80_60_44_31_v1_v191_182_98_94_86_82_46_40_31_2_v204_172_162_144_140_130_66_59_48_v221_150_74_v222_179_150_130_126_80_75_63_49_25_v223_144_v224_152_128_82_77_65_51_27_v108_88_67_38_24_22_v121_64_11_v185_106_99_90_56_1_v203_175_125_121_116_107_91_80_79_v104_v215_147_61_54_5_v188_139_125_94_9_7_v108_104_17_6_v220_214_212_182_132_33_1_v221_145_95_1_v123_v231_v197_128_68_v78_v169_v212_167_153_145_142_118_53_15_v205_175_158_123_120_104_v204_171_170_144_129_83_32_v243_205_172_171_164_150_139_22_21_20_19_1_v231_11_2_v130_95_94_81_v247_234_213_201_189_163_121_109_101_94_82_50_42_v231_199_4_v232_200_140_136_93_v245_191_176_151_99_v246_210_161_152_141_86_13_v213_179_138_109_104_92_54_28_v211_141_102_32_v211_132_116_82_26_4_v212_171_133_117_83_27_7_5_1_v220_118_75_44_6_v173_119_v174_120_v175_18_v176_v207_177_173_165_138_67_v179_124_v225_v190_160_148_126_113_v123_v167_165_134_103_78_v166_135_93_v266_253_242_241_236_230_214_201_197_180_179_177_176_173_172_169_160_146_145_143_137_134_126_113_86_78_63_39_26_21_v163_131_85_1_v216_148_132_65_11_2_v244_167_133_3_v218_150_11_4_v261_160_135_v136_81_v164_137_81_v138_102_v267_155_139_v151_140_v270_157_141_v218_202_201_142_102_24_v275_226_192_162_143_82_67_39_25_v232_218_185_184_183_181_171_165_148_144_94_76_71_69_62_53_16_15_v162_145_36_v281_v194_v5_v25_v197_164_5_v167_84_v260_242_153_v219_v130_85_v194_67_v272_60_v144_118_31_v75_v279_253_224_204_196_194_189_183_158_154_149_137_126_109_86_77_68_31_30_24_v148_v186_149_1_v201_110_18_3_v35_19_1_v187_117_44_v22_v206_v207_192_155_v298_250_217_142_v283_210_v82_v210_v285_273_100_v274_v,312,val,66
vvvvvvvvvvvvvvvvvvv6_vvv7_vv9_vvvvvvv30_vv19_9_vv31_22_21_17_15_2_v12_vvv33_3_v34_4_1_v5_vvvvv24_5_v20_v47_vvv28_27_v48_45_40_34_11_v46_1_v27_7_vvv53_52_51_44_43_42_40_39_36_33_30_24_22_18_17_4_1_v1_vvv57_56_54_49_47_43_41_40_37_34_28_27_26_24_8_4_3_1_v30_1_v6_2_v3_v31_v62_61_54_53_52_48_45_36_31_10_9_8_5_3_vvvvv33_vv16_vv14_v64_63_49_35_22_9_v30_v63_21_v38_v66_58_57_56_42_29_v47_vv55_7_v56_1_v81_50_49_v73_39_29_vv76_12_3_v42_28_9_vv69_11_v65_31_v59_36_32_30_v71_70_14_vvv40_v41_37_21_v52_33_v20_v101_100_99_98_97_96_95_94_93_92_91_90_89_88_87_86_85_84_83_81_80_79_78_77_76_75_74_72_71_70_69_68_67_66_64_63_62_61_60_59_58_57_56_54_53_52_51_50_49_48_46_45_43_42_41_39_38_37_36_35_33_32_31_30_29_28_27_26_25_24_23_22_21_20_19_16_14_13_12_11_10_9_8_7_6_5_4_3_2_1_v61_v27_v28_v104_4_v5_v6_1_v96_v30_21_v63_56_v100_52_20_10_v11_v56_48_33_24_12_2_v107_96_94_87_84_83_81_80_74_71_70_29_22_15_14_9_4_v14_v103_102_81_15_v16_v,118,train,263
vvvvvvvvv2_vvvvvv9_vvv3_vvvvvvv4_vv4_vvv9_vvv12_vvvvv23_v25_vvv6_v22_vvvvvv35_10_v35_v42_40_32_8_v12_v32_v42_vvv50_36_vvv39_v10_vv63_48_40_39_29_23_14_v31_v42_vv27_vv58_28_v60_v9_v51_15_8_v42_v61_vvvv70_65_15_v42_33_16_15_v48_vvvvvv12_v36_v18_v87_63_58_33_23_21_18_16_v69_62_57_39_32_v63_62_58_40_32_15_8_1_v81_v51_v5_v74_vvvvv99_97_96_95_93_90_84_83_80_78_74_65_64_59_58_56_53_45_38_36_34_31_30_29_25_17_16_15_12_8_7_6_4_3_2_1_v80_v2_v19_3_v4_v5_v55_v16_v68_48_v58_v89_78_59_32_21_19_10_v90_78_60_v57_50_41_23_12_v13_v82_v96_94_64_24_v65_v95_17_v97_90_v108_100_98_74_71_62_61_42_38_37_29_28_13_9_4_3_v20_v21_v23_v23_v61_2_v92_25_10_v114_72_63_v80_27_v28_v78_70_52_v79_v31_17_v,132,train,330
vvvv1_v2_vvvv5_2_v3_vvv10_v11_1_v10_v9_vvv7_3_v17_16_v14_6_v13_7_5_3_v14_vv16_6_v17_15_14_13_12_8_2_vv23_19_1_v29_23_v30_24_4_v24_v21_6_v26_23_v33_31_v18_13_v29_19_10_v11_v34_vv33_18_2_v15_v33_23_17_v26_21_v30_16_v38_30_24_14_v32_31_29_v45_28_21_8_v48_47_42_25_6_v42_36_33_30_v24_12_11_3_v44_36_34_v43_26_25_24_20_16_11_6_2_v45_44_34_11_5_v47_33_32_9_v38_33_v30_v50_42_v40_17_11_v33_20_v34_21_v61_59_50_42_35_32_31_22_13_11_3_v36_23_15_1_v61_60_44_37_13_v60_51_36_v39_36_35_v40_25_21_v60_46_45_v61_53_v62_v45_28_17_v64_26_v64_50_v66_59_58_57_56_37_29_24_10_v,74,train,175
vvvvvvvvvvvvvvvvvvvv8_vvv6_vvvvvvvvvv11_v28_vv7_vvvv12_5_1_v22_vvvvv46_34_5_vv33_v15_vv28_vvvvvv45_29_22_18_17_10_v1_vv59_58_57_56_55_54_52_51_49_47_46_44_43_38_37_36_35_33_31_29_28_27_26_24_22_17_16_15_11_10_9_8_6_5_4_3_1_v17_1_v2_v22_3_v57_54_43_38_22_11_1_v5_v39_37_30_6_v7_v55_8_v9_v10_v56_30_25_14_v54_35_1_v43_2_v46_17_16_v15_v16_v52_17_v18_v19_v,80,train,138
vvvvvvv4_vvvv9_8_4_vv5_v14_9_vv10_1_v12_vvvv10_1_v7_vv7_v8_v16_v4_1_v20_15_5_1_v3_1_v30_29_21_16_13_6_5_v20_v6_v31_22_19_17_15_7_5_3_v30_23_17_14_1_v14_1_v20_2_v7_v24_20_10_4_v6_5_v12_v13_v24_9_v10_v11_vvv14_v18_v34_27_16_4_v3_v40_18_v24_v47_38_31_23_v38_v36_13_9_v45_v57_52_27_v46_16_v,59,train,350
vvvvvvvvvvvvvvvvvvvvv19_v2_v15_12_vvvv6_vvvvvv33_vv20_vvvvv35_vvvvvv36_26_vvvvv32_vvv14_vv52_vvvv4_vvv33_vv10_vv19_vvvv40_24_v59_vv49_26_23_11_v75_66_v36_v64_24_vv9_4_vv44_v11_vvv83_58_vv45_33_vvv86_30_v87_35_1_vvv35_v93_68_v71_22_vvv46_v70_v96_77_71_65_63_25_17_11_9_2_v54_28_vvv103_v63_vv43_v37_v38_v109_v86_vvvvv46_v5_v108_79_47_18_v80_v65_61_30_20_v94_59_48_16_v107_33_26_v102_v72_v54_v111_75_46_vv127_102_v114_92_56_33_24_vvv59_vv63_34_v131_60_17_16_v133_51_46_36_vv70_v69_58_v128_117_103_69_65_22_5_vvvvv146_144_121_119_113_107_72_71_60_vv117_89_29_20_v140_74_v90_59_29_27_v125_18_v144_127_121_37_vv26_24_v152_8_vv99_82_54_14_vv1_v147_144_122_88_83_73_72_51_41_34_30_24_19_18_v89_1_v122_108_21_2_vv153_v101_91_17_13_vv13_v163_152_114_48_8_6_v41_vv118_v170_145_67_61_vv100_99_95_v63_vvv130_v175_174_173_172_166_163_155_145_141_135_130_126_123_107_103_101_99_98_95_92_91_89_86_75_72_70_69_60_53_52_51_49_47_44_42_41_38_34_29_25_18_15_14_13_8_2_v169_154_151_34_29_5_4_vv36_v90_4_v110_25_v132_37_25_vvv185_33_v77_v119_v168_120_v188_136_102_95_74_64_62_55_42_v118_114_107_36_vv154_152_16_vv21_v19_v96_66_48_v196_144_140_110_109_87_79_70_63_50_v188_60_22_v50_v201_176_v196_193_173_138_110_89_74_65_60_58_39_24_23_17_7_2_v26_vv59_v136_132_72_67_60_48_29_v108_61_v31_v32_v138_98_13_v184_147_101_62_61_51_37_9_v213_202_2_v211_159_155_125_124_94_65_23_15_v56_37_v206_175_v193_190_175_144_87_85_v161_152_146_41_v212_209_197_40_16_v219_194_vv158_v153_v141_69_21_v47_vv178_164_63_32_v204_171_156_155_117_94_86_49_v209_161_118_91_84_78_49_41_26_v148_115_29_v214_175_171_143_86_62_10_v230_87_86_78_45_v79_v164_45_v182_121_16_v191_v233_189_186_184_182_158_151_148_147_119_110_108_101_96_88_84_71_67_40_38_23_21_v7_v139_v170_76_37_2_v11_v11_v64_47_31_14_v9_vv242_137_128_127_68_39_v243_208_128_112_88_80_69_1_v206_54_v71_v18_v180_92_73_v102_v237_209_171_148_68_27_v76_v198_117_v238_183_161_12_v221_131_128_124_vv234_109_85_80_63_47_v244_75_34_7_v83_v210_175_84_v249_158_v164_120_v87_v87_70_vv265_213_179_172_141_139_132_119_v194_160_91_v158_153_79_v258_247_229_201_198_150_142_119_41_18_8_v208_81_4_v162_44_42_v247_227_212_201_169_97_56_18_3_v100_72_v150_147_121_114_110_39_v224_118_99_61_v151_149_112_100_41_vv102_v66_63_v230_211_182_104_v183_105_v280_245_166_149_37_v87_v216_205_v260_245_217_214_93_39_v138_109_92_v215_133_97_v179_61_v208_103_15_1_v212_196_114_82_55_38_v252_240_134_129_123_115_56_48_35_1_v151_65_v65_v221_203_178_89_v294_208_98_v295_239_208_178_172_107_99_84_61_30_v296_203_v297_210_174_109_101_86_63_32_v122_105_v123_106_36_v153_124_107_v75_61_v172_160_131_130_93_76_62_17_2_v77_v242_104_v153_130_96_51_32_v150_131_74_v309_284_v274_240_176_171_164_152_133_111_v119_v217_v217_150_v314_291_289_205_v292_216_88_76_8_1_v2_v259_198_140_20_18_v225_156_28_v298_289_286_250_186_49_1_v299_260_259_251_222_205_200_50_47_v300_211_143_2_v176_v267_182_168_106_96_v284_234_217_200_196_165_68_17_v131_94_v275_244_227_168_149_v217_73_v274_240_239_217_200_180_115_57_46_16_v327_275_241_240_234_208_194_33_32_31_30_17_1_v309_11_2_v3_v182_130_129_114_v334_313_289_273_261_234_170_156_136_129_115_67_57_v194_188_127_v326_261_245_207_133_57_v327_280_235_226_216_208_195_126_118_63_13_v283_248_189_147_139_124_70_39_v281_136_43_v274_239_163_66_v196_109_108_v183_164_107_33_6_v243_184_165_108_34_7_1_v293_166_98_8_v228_154_42_v246_168_v247_169_v248_23_v249_v279_250_242_225_190_86_v173_v201_149_v262_218_202_175_150_v122_v353_295_201_186_123_113_v292_283_35_v293_284_36_v294_37_2_v209_v231_227_192_144_103_v228_193_124_v358_339_325_323_319_309_291_279_275_254_253_244_243_238_237_233_222_203_202_199_195_192_178_155_115_101_85_51_35_28_v226_185_1_v293_205_186_87_16_2_v326_230_187_3_v295_207_16_4_v348_220_189_v190_v225_191_105_v192_133_v212_193_v194_v358_214_195_v196_30_v363_266_197_106_48_31_v309_296_250_249_247_243_232_223_206_198_119_98_93_92_83_65_16_15_v220_199_43_v260_217_1_v220_102_v251_72_v347_61_v179_142_29_v321_v315_310_236_v200_132_125_v387_354_241_214_193_190_90_74_v358_328_297_267_254_247_238_196_188_173_130_104_94_76_27_26_20_v241_v390_244_v289_207_152_150_v262_130_15_4_v32_16_1_v266_246_v89_v266_v,397,train,83
vvvvvvvv4_2_v5_3_vvvv7_6_4_v4_v6_v6_2_v11_5_vv18_vvvv9_vvv15_v23_21_19_4_vv20_vvv20_15_v23_vv1_v19_v34_31_v3_v6_vv35_34_28_8_v36_18_v19_1_vvv20_v8_vv11_v40_34_v36_v15_v51_49_47_46_40_38_36_27_19_17_15_12_9_v15_vv5_v54_20_13_5_v14_1_v53_52_50_18_6_vv35_v62_61_43_31_14_5_2_v10_vv12_10_v40_v27_22_14_v15_13_v16_v17_1_v45_v65_13_v22_v50_32_v39_34_22_v70_69_63_17_13_4_v8_v37_v79_78_74_61_60_59_58_57_54_51_50_49_48_45_41_31_28_26_23_19_17_15_6_v56_38_6_v,81,train,70
vvvvv4_vv4_vvvv2_v2_vv11_vvv16_v3_vvvvv13_v23_vv24_19_16_11_10_5_4_v20_17_16_13_12_8_6_5_v23_16_8_1_v2_vv9_v21_v12_7_6_v34_32_30_19_18_13_9_7_4_v34_11_vv3_v27_v35_33_12_5_v13_v30_vvv19_v11_v45_v24_13_vvv35_v30_v36_29_18_1_v52_v39_v27_v30_29_22_16_13_12_8_4_v46_v50_2_v51_46_44_38_33_32_23_17_15_10_7_3_v38_v51_v61_38_v29_v8_v46_34_v56_v53_41_25_v46_v59_v69_64_55_34_19_17_9_8_1_v,71,val,73
vvvvvv4_vvvv2_v2_vv11_vvv2_vvvvv12_vv22_17_14_9_8_5_4_v18_15_14_11_10_7_6_5_v21_14_5_1_v2_vv9_v19_v12_7_6_v31_30_28_17_16_13_9_7_4_vv2_v24_v32_30_11_4_v12_v27_vvv18_v10_v21_11_vvv31_v28_v32_26_16_1_v34_v24_v27_26_19_14_11_10_7_3_v41_v45_2_v46_41_39_35_30_29_21_15_13_9_6_3_v35_v46_v25_v7_v41_30_v50_v47_37_22_v42_v53_v58_49_31_17_8_1_v,64,train,246
vvvv2_vvvvvvv10_v5_vvvv12_v13_v7_vvv17_5_v1_vvv7_vvv24_vv3_v22_16_v28_v12_11_7_v16_v18_14_7_3_v25_vvv39_v36_5_vvv17_vvv45_vvv31_27_22_16_vv20_v21_v52_50_35_33_25_5_v31_12_v40_14_v46_41_38_29_27_25_15_v52_13_vvv33_11_4_vvv6_4_v57_52_51_50_27_3_vv66_65_62_33_31_27_16_13_12_9_3_vv11_v62_v16_vvv51_3_v20_v64_41_32_v67_65_52_43_38_25_23_5_4_v23_v77_67_58_25_v52_49_30_23_v23_v76_24_4_vvv79_27_25_16_3_v31_4_v57_v79_60_27_8_v31_v83_78_v42_11_vv44_39_v41_20_17_vv84_61_20_v86_70_67_63_55_53_47_44_31_30_29_14_13_10_5_3_v97_90_31_28_10_vv5_2_v46_19_v29_28_v33_8_5_v74_70_62_7_v102_100_88_69_vv88_53_52_v11_10_8_v108_89_69_42_3_v79_53_44_23_18_13_6_vv107_76_v65_46_v113_47_v113_96_19_v114_104_5_v101_91_85_82_80_67_50_41_38_21_18_2_1_v63_v65_v23_v54_v120_v26_v54_vvv121_69_42_v123_92_v127_53_12_v96_38_33_v112_77_vv45_35_1_v115_80_v47_37_35_22_2_v116_27_v83_74_v59_42_39_29_22_9_v80_30_14_v129_96_87_64_v75_44_v85_54_2_v66_v82_27_6_v46_28_7_v144_70_29_8_v142_111_v141_138_136_132_123_116_109_106_102_99_96_94_92_89_85_81_76_75_74_58_54_46_37_31_29_23_22_10_5_v,148,train,351
vvvvvvvv7_v2_v3_v4_vvv7_v8_vvvvv20_vvv5_v6_1_vvvvv4_vvvv27_vv16_vv5_v20_14_7_v32_vvv14_v32_30_vvv39_21_v40_vvvv6_1_vv25_24_11_v1_vv43_24_19_v44_25_20_v46_41_vvv55_28_10_v37_16_9_v25_vv28_vvv20_8_1_v31_v17_vvvvvvv8_v20_v53_24_18_v63_6_v52_38_8_v69_v65_60_45_v32_5_v78_vvvvv1_v69_43_31_24_23_14_v1_v29_v93_91_90_89_87_82_78_75_74_73_68_64_63_57_56_54_53_50_43_41_39_37_36_33_28_21_20_19_16_12_11_10_8_6_5_3_1_v8_6_v22_2_v3_v26_4_vv59_v12_v63_29_1_v5_v79_77_61_33_25_23_10_v103_99_72_71_61_56_54_46_44_29_26_18_11_6_v12_v56_v83_65_27_v82_v89_16_v98_82_67_v99_87_66_31_8_4_v19_v20_v21_v44_25_v69_26_25_v80_v90_25_11_v84_11_v70_v81_28_v39_vv31_1_v125_v125_121_94_78_51_47_28_22_18_v92_34_19_8_v,129,train,522
vvvvvvvvvvvvvv1_v9_8_vvvvvv21_vvvvvvv25_vvvvvvv22_vvvv11_v38_vv20_vv4_vvvv29_vvvvvvvv48_vv41_10_v31_v52_22_vvvv39_vv61_v13_vvv40_31_vvv71_29_v72_34_1_vvvv56_36_vvvv58_37_v45_v65_vv83_70_67_62_59_27_19_13_11_3_v35_vv57_v22_v35_v36_vv87_66_38_8_v67_v56_52_22_10_v87_24_16_v60_v43_v90_66_63_36_vv92_75_44_21_13_vvv49_19_vv104_48_13_12_v106_39_34_22_v97_vv14_v104_96_85_56_53_18_5_vvvv109_38_v117_100_96_59_48_v98_76_24_17_v75_45_23_22_vv115_104_101_28_v21_20_vv86_41_vvv119_117_100_71_67_57_56_36_33_28_25_20_15_14_v72_1_v101_90_17_2_v123_v82_73_13_10_v109_71_vv25_v13_v133_126_97_41_9_7_v36_vv101_v122_v47_vv55_v113_94_v143_142_141_140_137_135_129_122_118_112_109_107_105_89_86_84_82_81_78_75_74_72_69_57_55_54_53_51_46_45_44_43_42_40_37_36_33_30_26_23_17_15_14_12_6_1_v7_v140_30_v130_96_70_vv74_5_v113_33_24_vvv152_114_81_73_53_52_46_35_vv127_124_11_vv13_vv104_v159_121_117_88_87_65_59_53_42_v154_50_17_v42_v155_52_v159_158_145_114_87_72_63_55_51_48_34_18_16_13_8_2_v111_21_vv50_v113_110_62_57_51_42_28_24_v152_118_84_83_52_v26_v131_27_v122_52_44_8_v172_134_130_101_100_78_55_20_13_v110_50_48_30_11_v94_89_v170_147_43_v100_v173_172_164_32_14_v77_v114_58_16_v37_v134_52_v167_126_79_37_v75_68_64_36_20_vvv149_145_95_9_v174_107_v187_154_153_151_150_127_120_117_116_96_89_88_82_77_71_68_55_51_32_29_16_13_v126_16_v120_106_v62_28_vv125_vv194_105_103_102_52_28_v195_170_103_91_71_62_53_1_v167_43_vv56_v146_75_57_v58_v179_104_102_100_v10_v61_v169_136_62_47_v67_vv124_95_v66_vv211_173_140_132_112_111_105_94_v155_134_122_69_v172_v199_184_158_114_v36_v54_v54_v120_118_97_85_30_v182_94_76_44_v121_120_87_77_32_v70_v79_v131_56_v51_v201_189_181_171_141_82_v142_83_v211_177_151_147_142_53_34_vv228_203_154_137_124_33_16_vv201_175_77_34_v180_167_100_14_v171_154_115_97_90_63_45_32_v1_v207_198_110_106_98_92_47_41_32_2_v220_186_179_160_156_144_69_62_49_v221_194_187_161_157_50_v238_167_79_v239_197_167_145_141_87_80_67_51_28_v240_161_v241_169_143_89_82_69_53_30_v193_79_v122_100_72_41_28_25_v137_69_12_v204_120_113_102_59_1_v221_192_141_136_130_121_103_86_84_v94_v119_v234_v235_166_68_59_7_1_v209_157_142_108_12_10_v124_120_20_8_v240_150_39_1_v138_v249_v83_v188_v230_185_169_161_158_132_56_15_v223_194_175_137_134_116_v222_189_188_160_143_88_34_v261_223_190_189_182_166_155_23_22_21_20_1_v143_99_98_85_v264_251_230_218_207_179_134_120_106_98_86_53_44_v248_214_3_v249_215_180_154_149_119_97_v261_209_193_166_103_45_v262_167_90_v230_196_151_116_109_96_57_28_v249_229_155_123_106_93_42_33_32_v250_230_194_1_v195_2_v196_3_1_v232_148_130_87_28_7_v233_190_149_131_88_29_10_8_1_v240_132_80_47_9_v192_133_v193_134_v194_20_v195_95_v226_196_191_183_154_72_v198_138_v245_65_v164_120_v211_179_165_141_121_v185_183_150_110_83_v184_151_98_v286_273_262_261_256_250_233_222_218_198_197_195_194_191_190_187_177_162_161_159_153_150_138_120_91_83_68_41_28_24_v181_145_90_1_v235_164_146_70_11_2_v264_185_147_3_v237_166_11_4_v281_176_149_v150_86_v181_151_86_v152_107_v287_171_153_v167_154_v290_173_155_v239_222_221_156_107_24_v294_245_210_178_157_88_70_41_25_v250_239_203_202_201_199_188_181_164_158_99_81_75_72_66_55_16_15_v178_159_39_v301_v212_v5_v25_v215_180_5_v183_89_v280_261_167_v239_v137_89_v212_69_v150_122_29_v316_295_199_174_161_159_78_67_v298_273_243_221_213_211_205_198_171_163_156_143_130_113_89_80_69_30_29_23_v154_v201_155_1_v218_114_17_3_v34_18_1_v202_121_43_v21_v223_v224_207_161_v234_v302_227_v83_v227_v304_292_103_v293_v,332,train,298
vvvvvvvv1_vvvvvv10_vvvvvvvv7_vvv18_10_v9_v8_v7_vvvvv14_vv31_29_4_v35_17_1_vvvvv5_vv38_34_25_21_19_v42_v38_vv29_11_vv40_27_25_v45_33_32_28_20_7_3_vvv28_18_v39_18_v40_19_vv6_vv51_5_v52_8_6_1_v7_v54_3_2_vvvv31_v61_36_vv60_47_44_35_33_25_12_6_v41_31_v22_9_2_v67_54_50_38_21_v52_v72_33_5_v48_34_6_v33_vv44_42_9_vvv73_22_21_19_vv78_74_67_61_59_22_v75_60_41_35_1_v46_15_vv66_vvv85_84_82_73_72_71_69_68_59_54_51_47_43_40_33_31_30_6_1_v56_24_1_vv79_44_43_22_3_v69_58_v80_v91_90_87_80_78_74_72_67_66_65_60_57_49_48_47_46_40_25_12_6_5_1_v52_1_v32_8_2_v56_50_3_v33_10_4_v53_29_v98_69_67_66_8_v26_v99_98_88_87_86_82_73_62_54_37_15_14_13_8_6_4_vv34_vvv39_v87_20_v53_v93_22_v44_v98_97_75_53_29_9_vv20_v108_98_93_46_33_27_24_21_v57_v101_86_85_83_61_41_25_17_v72_vv100_v9_v119_81_75_74_70_v108_55_35_v46_1_vv106_35_8_v39_v128_96_94_86_56_55_v127_95_v116_18_8_v64_63_37_14_v65_v102_16_v115_63_v132_115_v102_v100_43_v122_90_65_46_38_34_v137_108_105_72_v117_94_71_52_46_44_13_v109_107_74_24_vv140_123_vv94_78_76_70_57_v116_58_52_39_v103_79_63_45_v129_v110_32_11_v152_150_149_148_147_146_144_143_142_141_140_139_136_135_134_133_132_131_130_122_121_119_118_116_115_114_113_112_110_108_107_105_104_102_96_94_93_92_91_89_88_87_84_82_78_77_76_74_69_68_64_63_61_60_57_55_54_53_51_48_46_45_44_43_42_41_40_39_38_37_36_34_33_32_31_28_25_20_19_18_17_13_10_9_8_6_5_4_3_1_v117_37_34_13_v21_14_v146_133_112_106_71_36_v154_129_115_87_26_4_v43_v44_v7_v8_1_v91_89_82_71_65_v135_126_32_v127_v118_94_15_v95_80_v164_132_130_122_92_91_26_10_4_v138_v132_120_67_30_v156_100_77_34_17_7_v18_v118_102_100_89_81_70_68_52_38_31_19_2_v164_147_127_v164_151_143_134_131_129_126_125_113_109_108_107_106_49_34_24_22_17_8_v105_22_v170_153_51_v72_67_v175_141_133_108_103_102_37_21_v161_160_128_26_v27_v110_v163_160_131_v168_167_146_128_106_81_v,183,train,287
vv1_vvvvvvvvvvvvvvvv14_vvvvv12_7_vv9_6_2_vvvv6_vv15_vv1_v30_vvvvvv10_vvv30_1_vvv34_v24_vv22_vvvvv4_2_vvv6_vv3_vv30_v23_v26_v15_v55_49_vv66_v64_34_14_v23_v46_vv13_v64_24_vvv40_v61_58_52_v32_vvvv25_v74_11_v55_v20_v77_64_62_37_28_26_18_16_v69_41_9_v51_1_v84_78_73_70_64_60_58_45_33_28_17_12_9_vv51_v55_v7_vv42_vv13_v55_v81_28_25_15_vv101_98_95_94_93_91_87_84_81_80_79_73_71_62_61_60_56_53_47_46_43_39_36_33_26_22_21_20_16_11_10_8_7_5_1_v29_1_v2_v9_1_v25_4_v5_v6_v92_89_85_31_19_v52_v92_64_3_v85_25_10_v111_108_78_77_64_61_58_46_44_30_26_17_11_3_v24_v13_v89_v62_v96_16_v106_70_v30_v31_v32_v33_v34_1_v87_v88_v25_v109_56_53_43_v27_v92_66_30_2_v29_v70_54_42_v17_v32_v80_v26_v91_35_v36_v54_6_v138_135_124_107_105_103_102_101_96_93_92_90_88_83_67_57_55_50_40_30_27_24_12_v39_25_8_v,141,train,125
vvvvv3_vvvvvv1_vvvvvvv11_vvvvvvv18_v24_v25_22_vv19_v11_v2_vvvv25_16_vv11_10_v17_v16_v4_v22_v14_vvvvvv46_25_vv43_41_4_v48_28_1_v8_vvvvvv56_53_19_v32_8_1_v29_vvv55_51_41_33_30_v59_6_v55_31_vv45_16_v43_8_v43_30_v70_29_v70_67_31_30_v60_42_39_v65_52_51_43_28_10_6_v16_vv41_26_vv75_v60_28_v61_39_29_vv55_v35_vvv75_7_v76_13_8_1_v9_v78_48_3_2_v54_19_vvvv44_v86_49_vv95_85_70_67_62_48_46_33_6_v55_44_v51_11_2_v28_11_3_v93_79_71_52_v74_v98_76_66_45_44_21_6_v77_67_65_45_22_7_v42_v81_vv90_38_3_vv94_vv63_61_15_vv103_28_27_25_v108_60_v108_104_96_86_83_28_v91_90_80_14_13_v106_85_55_46_2_v65_21_v42_vv94_v52_vvv65_vvvv122_121_119_109_108_107_102_100_84_79_76_67_63_57_44_43_12_1_v81_36_1_vv98_82_77_v116_62_61_34_4_v79_38_v117_107_v129_128_125_117_115_107_104_94_92_91_86_83_70_66_65_64_56_37_19_7_6_1_v73_14_1_v45_9_2_v77_68_3_v46_11_4_vv119_82_72_42_37_35_17_v137_96_94_93_88_82_11_vv35_v94_v140_139_128_127_126_118_102_88_75_53_19_18_17_11_9_7_v149_vv115_50_v135_vv69_v58_v124_26_v10_v21_v136_29_v72_51_v63_v142_141_108_74_43_12_v141_115_114_112_107_78_51_30_28_19_18_v93_37_v153_142_132_65_47_35_31_28_vv154_v138_v120_36_34_v85_75_16_v9_v164_109_100_99_93_v152_75_43_v78_v28_v146_42_12_v47_v101_50_vv109_vv22_v181_178_134_132_119_101_80_79_v177_133_v165_23_13_vv90_89_50_24_v91_v141_127_26_v85_84_v163_89_v184_162_v179_v163_143_116_v188_140_v142_141_59_54_vv192_v177_172_162_143_126_95_82_66_64_55_48_v193_152_149_103_85_v137_v167_131_102_72_65_63_25_v154_152_106_40_v23_v197_175_v129_78_28_v131_110_107_96_77_v161_78_71_47_v143_111_88_61_v182_v152_48_12_v212_207_206_205_204_203_201_200_199_198_197_196_192_191_190_189_186_184_182_167_166_164_163_161_160_159_158_155_152_148_147_145_141_139_131_127_126_125_124_121_120_119_116_114_109_108_107_100_96_94_87_83_81_80_76_74_73_72_69_64_61_60_59_58_57_56_55_54_53_52_51_50_49_48_46_40_37_27_25_24_23_16_10_9_8_6_5_4_3_1_v162_55_50_14_v81_51_1_v28_16_v132_69_v124_110_92_v206_188_155_146_100_55_v131_v215_193_181_162_161_123_103_41_37_8_v59_v60_v221_218_196_186_165_164_159_141_126_120_119_24_3_v174_145_119_v176_v14_v178_126_v150_108_v17_3_v210_v133_130_101_94_v72_v73_48_v186_172_v196_184_177_52_v229_v186_v172_140_29_v229_210_97_43_39_v142_121_v239_236_214_192_190_177_159_138_137_42_21_6_v191_174_171_99_48_14_v227_146_136_111_57_54_31_8_v169_166_124_32_16_v169_148_145_132_115_102_99_82_58_46_33_2_v235_217_211_181_7_v4_v236_223_218_211_203_194_188_184_181_177_161_156_155_154_153_78_76_52_39_37_28_24_8_v152_37_v242_220_78_v103_90_v156_v182_v252_249_227_217_203_190_172_157_151_150_137_55_34_31_v234_233_182_43_v251_198_36_2_v60_45_v253_232_231_221_210_200_161_141_75_35_17_4_v254_201_177_24_v162_v164_149_61_58_v240_234_189_35_v245_244_222_212_208_193_184_158_157_120_73_v,264,train,309
vvvvvvv7_vvvv11_1_vv13_v5_vv5_vvv19_13_8_v20_16_3_1_v10_v13_2_v12_v4_v14_v16_15_4_v27_v23_17_16_vv29_25_22_19_11_v12_11_8_vv14_v14_v25_v17_v16_v21_v29_v21_4_vv40_31_27_19_13_10_1_v40_32_5_v24_v45_34_25_15_14_9_5_v35_3_v36_29_27_v38_v1_v2_v44_30_3_v,52,train,169
vvvvv2_vvvvvv4_vv1_vv14_vvvvvv16_v17_13_12_10_9_5_2_vv5_v18_14_v4_v27_20_v19_6_v29_28_27_26_23_14_13_11_10_7_5_2_v8_v9_v25_9_5_vv20_7_v8_2_v31_15_v15_v24_11_6_v17_2_v13_6_5_v36_19_13_12_10_2_v37_6_v14_v22_17_10_v23_v46_17_v25_v48_19_2_v27_12_v41_28_24_11_1_v29_12_v30_26_v49_24_13_vv55_26_v34_25_v49_36_30_22_21_17_15_3_v55_45_43_29_7_v,59,train,359
vvvvvvvvvvvvvvvvvvvvv6_vv8_vvvvvv28_vv17_8_vvv30_21_20_16_15_3_v12_vvv32_3_v33_4_1_v5_vvvvv24_5_v20_v46_vvvv29_28_v48_45_40_34_12_v46_1_vvvvvv29_vvv29_v59_58_51_50_49_45_43_35_29_8_7_3_vvvv30_vvvv31_21_vv27_v59_v63_62_49_35_v62_55_54_53_39_25_v44_vv75_45_44_vv10_vv71_8_4_v38_8_vv65_10_v61_v55_28_v67_66_13_vvvv20_v48_31_v19_v96_95_94_93_92_91_90_89_88_87_86_85_84_83_82_81_80_79_78_77_76_75_74_73_72_71_70_69_68_67_66_65_63_62_60_59_58_57_56_55_54_53_52_50_49_48_47_45_44_43_42_41_40_39_38_37_36_35_34_33_32_31_30_29_28_27_26_25_24_23_22_21_20_19_18_17_16_13_12_11_10_9_8_7_6_5_4_3_2_1_v57_v97_2_v3_v4_1_v69_30_19_v31_19_v92_46_17_7_v8_v43_29_21_9_2_v10_v94_93_73_11_v12_v,109,train,446
vvvv2_v3_2_vvv1_v9_vv9_vvv9_v3_vvv11_v18_15_14_12_10_7_6_3_2_v16_13_9_8_4_3_v4_vv7_4_3_v23_12_11_8_4_v5_vvvvvvv13_1_v14_v21_16_10_v19_1_v24_v25_v19_18_14_13_11_10_8_4_v33_1_v34_30_28_24_21_20_18_14_12_11_6_2_v24_v35_v40_29_12_11_v6_v34_26_19_v39_v30_v29_v42_v50_41_v48_39_29_16_9_2_v,52,train,316
vvvvvvvvvv1_vvvvvvv11_vvvvvvvvvv21_vv25_vv22_v13_v2_vvv27_17_vvv11_10_v18_v16_v4_v24_v14_vvvvvv25_vv46_44_4_v51_28_1_v8_vvvvvv56_19_v37_32_8_1_v29_vvv58_54_42_33_30_v62_6_v58_30_vv46_16_v43_8_v43_30_v72_29_v72_70_31_30_v63_42_39_v68_53_52_43_28_10_6_v16_vv42_26_vvv79_v63_29_v64_40_30_vv56_v7_v37_v70_v79_7_v80_14_8_1_v9_v82_49_3_2_v55_20_vvvv45_v90_80_50_vv89_71_68_64_49_47_34_14_6_v81_56_45_v52_11_2_v29_11_3_v97_81_72_53_25_v75_v102_77_67_46_45_21_6_v78_68_66_46_22_7_v5_v44_v83_vv95_40_3_vv99_vv65_63_16_vv108_29_28_26_v113_62_v113_109_99_88_85_29_v93_92_82_15_14_v111_87_57_48_2_v67_22_v43_vv96_v54_vvv67_vvvv127_126_124_112_111_109_104_102_86_81_78_69_65_59_48_45_44_12_1_v83_37_1_vv101_84_79_v80_38_v122_65_64_36_5_vv122_110_v135_134_131_121_119_110_107_97_95_94_89_86_73_69_68_67_58_39_20_8_7_1_v76_15_1_v47_10_2_v80_71_3_v48_12_4_vv122_85_75_44_38_36_18_v143_99_97_96_91_85_12_vv36_v97_v146_145_132_131_130_121_105_91_78_55_20_19_18_11_9_7_v154_vv118_52_v141_vv141_71_v60_v127_27_v10_v21_v139_30_v74_52_v65_v146_145_111_76_44_12_v145_118_117_115_110_80_52_31_30_19_18_v96_38_v70_54_vv161_147_137_69_50_38_33_30_v161_v142_v124_38_37_v9_v170_112_103_102_95_v156_77_44_v80_v28_v149_42_12_v48_v103_51_vv112_vv22_v184_137_135_122_103_82_81_v183_136_v169_23_13_vv92_91_50_24_v93_v144_130_26_v86_85_v166_91_v190_165_v185_v166_146_118_v194_143_v145_144_59_54_vv198_v181_175_165_146_129_97_83_67_66_55_48_v199_155_152_105_86_65_35_v140_v171_134_104_73_65_63_25_v157_155_108_40_38_v23_v203_178_v131_79_28_v134_112_109_97_78_v164_79_71_47_v146_113_89_61_v185_v155_48_12_v217_213_212_211_210_209_207_206_205_204_203_202_196_195_194_192_189_187_185_170_169_167_166_164_163_162_161_158_155_151_150_148_144_142_133_129_128_127_126_123_122_121_118_116_111_110_108_101_97_95_88_84_82_81_76_74_73_72_69_64_61_60_59_58_57_56_55_54_53_52_51_50_49_48_46_40_37_27_25_24_23_16_10_9_8_6_5_4_3_1_v165_55_50_14_v82_51_1_v28_16_v125_110_92_v211_190_157_148_100_54_v132_v220_195_183_164_163_124_103_40_36_7_v58_v59_v223_198_188_167_166_161_142_127_121_120_23_3_v176_146_119_v178_v13_v180_127_v151_108_v16_3_v213_v134_131_101_93_v71_v72_47_v188_174_v198_186_179_51_v234_v188_v174_141_28_v234_212_96_42_38_v143_121_v241_216_194_192_179_160_139_138_41_21_6_v193_176_173_98_47_14_v232_147_136_111_56_53_30_8_v171_167_124_31_16_v171_149_146_132_115_101_98_81_57_45_32_2_v240_219_214_183_7_v4_v241_234_225_220_213_205_196_190_186_183_179_162_157_156_155_154_75_51_38_36_28_24_8_v153_36_v247_222_77_v102_89_v157_v184_v254_234_229_219_205_192_173_158_152_151_137_54_34_31_v237_236_184_42_v256_232_231_221_210_200_160_139_72_33_15_2_v59_44_v258_234_233_212_202_162_74_35_17_4_v259_203_39_5_v260_204_179_25_v242_235_190_34_v249_247_223_213_209_194_184_157_156_118_71_v,267,train,514
vvvvvvvvvvv1_vvvvvvv18_11_vvvvvvvvvv21_vv25_vv22_v13_v2_vvv27_17_vvv11_10_v18_v17_v4_v24_v14_vvvvvv26_vv46_44_4_v51_29_1_v8_vvvv59_vv56_35_19_v36_32_8_1_v29_vvv58_54_42_33_30_v62_6_v58_30_vv46_16_v43_8_v43_30_v72_29_v72_70_31_30_v63_42_39_v68_53_52_43_28_10_6_v16_vv42_26_vv78_v62_28_v63_39_29_vv55_vv36_v69_v78_7_v79_13_8_1_v9_v81_48_3_2_v54_19_vvvv44_v89_79_49_vv88_70_67_63_48_46_33_14_6_v50_10_1_v81_56_45_v28_11_3_v96_80_71_52_v74_v101_76_66_45_44_21_6_v77_67_65_45_22_7_vv43_v82_v93_38_2_vv97_vvv64_62_16_vv107_29_28_26_v112_61_v112_108_98_87_84_29_v92_91_81_15_14_v110_86_56_47_2_v66_21_v43_vv95_v53_vvv66_vvvv126_125_123_111_110_109_103_101_85_80_77_68_64_58_48_45_44_12_1_v82_37_1_vv100_83_78_v79_38_vv122_65_64_37_6_v121_109_v134_133_130_120_118_109_106_96_94_93_88_85_72_68_67_66_58_39_20_8_7_1_v75_15_1_v47_10_2_v79_70_3_vv49_13_5_v121_84_74_44_38_37_18_v142_98_96_95_90_84_12_vv37_v96_v145_144_131_130_129_120_104_90_77_55_20_19_18_11_9_6_v153_vv117_52_v140_vv140_71_v60_v126_27_v10_v21_v62_v141_114_113_111_106_77_49_28_27_19_16_v141_32_v76_55_v146_145_111_77_45_13_v95_38_v70_54_vv160_147_136_69_50_38_32_30_v160_v141_v123_38_37_v8_v169_111_102_101_95_v155_76_44_v80_v28_v148_41_12_v48_v103_51_vv111_vv20_v183_136_134_121_103_82_81_v182_135_v168_22_13_vv92_90_50_27_v93_v143_129_29_v86_85_v165_91_v189_164_v184_v165_145_118_v193_142_v83_v145_144_60_52_vv180_174_164_145_128_97_83_67_66_55_48_v199_v199_155_152_106_87_67_36_v140_v171_134_105_74_66_64_26_v157_155_109_44_39_v24_v203_178_v132_80_29_v134_113_110_99_79_v164_80_72_50_v146_113_90_62_v185_v155_52_13_v217_213_212_211_210_209_207_206_205_204_203_202_196_195_194_193_189_187_185_170_169_167_166_164_163_162_161_158_155_151_150_148_144_142_134_130_129_128_127_124_123_122_119_116_112_111_109_102_98_96_89_85_83_82_77_75_74_73_70_65_62_61_60_59_58_57_56_55_54_53_52_51_50_49_47_41_38_28_26_25_24_16_10_9_8_6_5_4_3_1_v165_56_54_15_v105_83_55_1_v29_17_v126_114_93_v211_190_157_148_101_58_22_v133_v220_195_183_164_163_125_104_41_37_7_v58_v59_v223_198_188_167_166_161_143_128_122_121_24_3_v176_147_120_v178_v13_v180_128_v152_109_v11_v17_4_v214_v135_133_103_95_v71_v72_49_v189_175_v215_199_187_180_53_v235_v189_v234_212_94_42_38_v176_143_30_v144_123_v242_217_195_193_180_162_141_140_43_22_6_v194_177_174_100_49_15_v233_149_141_113_58_55_31_8_v1_v172_151_148_134_117_103_100_86_59_47_33_2_v174_171_128_34_19_v242_221_216_185_9_v242_235_226_221_214_206_197_191_187_184_180_164_159_158_157_156_77_52_39_37_29_25_8_v155_37_v248_223_79_v104_93_v159_v185_v255_230_220_206_193_175_160_154_153_139_56_35_32_v238_237_185_43_v257_233_232_222_211_201_162_141_74_34_15_2_v60_45_v259_235_234_213_203_164_76_36_17_4_v260_204_180_24_v261_205_41_6_v243_236_191_35_v250_248_224_214_210_195_186_159_158_120_73_v,269,val,7
vvvvvvvvvvvvvvvvvvvv2_vvvv8_vv10_vvvvvv28_25_17_13_v32_vv20_9_vv33_24_22_18_15_5_2_vvvv35_v36_1_vvvvvv19_v31_v49_vv20_v28_27_v50_47_42_35_11_v48_23_1_v38_vvv55_54_53_46_44_43_41_40_36_33_30_27_24_22_20_18_17_4_1_v1_vv25_3_vv60_59_57_52_49_45_42_41_38_35_29_28_27_26_9_5_4_1_v31_1_v7_2_v35_3_v9_4_v33_v66_65_58_57_55_51_47_39_33_12_11_10_6_4_2_vvvv34_v16_vv61_18_vv15_v32_v38_v75_66_27_23_20_18_v71_70_54_40_v69_60_59_58_44_31_v49_vv83_55_50_v75_40_29_vv31_v79_8_4_v44_28_8_vv70_10_v77_46_vv68_33_vv1_v64_41_36_34_10_v76_75_17_vvv45_v87_84_v47_42_26_v59_37_v24_v109_108_107_106_105_104_103_102_101_100_99_98_97_96_94_93_92_91_90_87_86_85_84_83_82_81_80_79_78_76_75_74_73_72_71_69_68_67_66_65_64_63_62_61_59_58_57_56_55_54_52_51_49_48_46_44_43_42_40_39_38_37_36_35_34_33_32_31_30_29_28_26_25_24_23_22_20_18_17_16_15_12_9_8_7_6_5_3_2_1_v109_1_v2_v87_v4_2_v66_55_50_v104_54_21_6_v7_v58_48_33_25_8_2_v9_v106_104_82_10_v11_v107_106_103_84_25_23_22_9_v,122,train,50
vvvvvvvvvvvvvvvvvvvvvvvvvv9_vv11_vvvvvvv34_vv22_9_vv35_25_24_18_15_2_vvv35_v36_1_vv11_vvvvvv33_29_28_17_v21_v52_vvv29_28_v53_49_44_36_13_v50_1_vvvvvv28_vvv29_v64_62_55_54_53_47_43_35_29_8_7_3_vvvv31_vvvvv25_v61_v35_v67_66_49_36_v66_55_54_53_40_25_v44_v61_vv81_46_v52_vv54_v84_38_v77_10_5_v39_10_vv67_12_v84_43_v64_v80_v59_32_v71_70_17_v50_48_vvvv26_v52_36_v24_v106_105_104_103_102_100_99_98_97_96_95_94_93_92_91_89_87_86_85_82_81_80_79_78_77_76_75_74_73_71_70_69_68_67_66_65_64_63_62_60_59_58_56_54_53_52_51_50_49_48_47_46_45_44_43_42_41_40_39_38_37_36_35_34_33_32_31_30_29_28_27_26_25_24_22_21_19_16_15_14_13_11_9_8_6_5_4_3_2_1_v106_1_v2_v3_1_v76_v89_v96_61_24_16_v101_51_20_7_v8_v48_34_24_9_2_v82_27_v11_v104_103_79_12_v13_v,120,train,367
vv2_vv3_v3_vvvvv1_vvvv5_vvvv9_vvvvvv15_v14_v9_v7_v26_25_20_4_v20_vv31_22_vvvvv30_27_1_v4_v10_v22_21_13_v1_v38_vv40_v35_13_5_vv43_vvvv11_vv7_6_1_vvv30_vv47_v30_vv8_v52_49_46_43_33_29_27_v37_v2_v52_51_46_36_31_17_10_3_vv63_v49_45_v68_63_30_v60_12_v9_v71_41_32_28_17_5_v63_55_46_v71_25_v46_1_v38_12_11_v51_v41_v24_v56_51_v71_64_52_31_21_16_9_v72_63_53_v15_v75_74_55_19_v63_56_19_v84_82_81_78_67_66_55_49_43_29_v77_74_v12_5_v85_80_79_63_61_57_56_40_36_35_27_24_14_8_5_4_v69_33_5_v65_v76_v54_24_v75_22_10_v9_v67_62_47_v68_v74_18_v,98,train,432
vvv2_vvvvvvvvvvvvvvvv15_vvvvv12_7_vvv15_10_vvvv14_11_4_vvvv8_vv20_7_vv1_v36_vvvvvvv11_vvvv37_1_v24_vv41_v43_38_31_10_v29_vvv26_v53_35_vvv33_26_vv36_vvv6_vv3_v34_v61_26_v30_v64_57_v16_vv76_v74_38_14_v25_vv11_v80_23_v18_vvvvv46_vv73_70_59_25_vv75_44_v39_vvv48_4_vvvv48_11_v33_v100_21_v68_v30_v103_79_46_36_27_v87_52_13_v64_1_v83_47_v104_97_92_89_78_74_72_57_42_38_28_19_12_v16_2_v100_v65_v70_v9_vvvvv16_v69_v102_41_36_18_vv123_117_116_115_114_113_108_105_101_100_97_89_87_77_76_74_70_65_59_57_54_51_49_45_37_29_26_25_19_12_11_9_8_6_1_v42_1_v2_v29_3_v4_v5_v112_109_102_39_20_v62_vv130_79_30_v81_v115_80_6_v110_103_30_25_12_v135_132_96_95_78_74_72_60_58_35_31_20_13_6_v28_v15_v107_v119_115_30_vv119_19_v34_25_v133_123_119_92_87_84_83_57_53_49_36_34_13_9_4_3_v61_46_36_v37_28_v38_v39_1_v97_v107_v131_22_v109_v30_v135_74_69_51_v32_v113_83_35_2_v34_v110_66_v88_69_50_v90_v22_v39_22_v146_143_132_34_26_12_v17_v35_v113_43_v44_v65_7_v79_v169_166_154_132_130_128_127_126_119_116_114_111_108_103_89_69_67_61_49_40_34_31_16_v123_79_13_v49_33_11_v,173,train,6
vvvvvvvvvvvvv8_6_3_v4_vvv8_7_vv11_7_6_v19_7_v8_vv23_19_10_1_v11_3_v12_6_v17_v25_v5_v27_20_16_11_2_v21_v8_v3_v20_v17_10_vv33_25_23_22_21_20_19_13_12_2_1_v37_14_13_9_4_v21_20_8_2_v34_32_26_v30_6_v29_22_v18_v37_30_17_13_v27_20_v35_31_v29_22_10_6_v30_23_v31_12_v25_5_v27_v18_v42_38_7_v40_v31_23_v31_v39_32_22_10_v4_v49_29_26_15_10_v,59,train,344
vvvvvvvv7_vv3_v4_vvv7_v8_v9_v8_vvvvvvv24_vvvv8_v9_1_vvvv7_vvvvv32_vv19_vv5_v23_14_8_v37_v19_vvvv17_vv41_38_28_6_vvv47_28_vv49_vvvv34_v10_v9_3_vv32_31_15_v1_vv54_30_25_vv56_32_27_v58_51_vvv67_35_11_v48_20_10_v32_vv35_v65_vvvv25_10_1_v40_v20_vvv12_9_vvvvvvv11_v44_v26_v67_31_24_v72_65_47_43_v80_52_9_v67_49_11_2_v88_v82_74_59_v40_6_v97_43_vvvvv1_v83_53_38_29_28_16_v1_v36_v112_110_109_108_106_101_95_92_89_88_83_79_78_71_70_67_65_61_51_49_47_44_43_40_34_24_23_22_17_12_11_10_8_6_5_3_1_v8_6_v25_2_v3_v31_4_vv68_v72_v13_v78_33_1_v72_v87_57_v8_v100_95_75_41_29_26_13_v125_121_89_88_75_69_65_56_54_35_30_21_14_9_v102_95_77_v16_v121_68_v108_105_80_31_v81_v102_v125_121_117_112_101_98_82_74_66_41_v110_22_v123_113_110_89_86_82_81_56_49_48_38_36_17_10_5_4_v24_v25_v26_v54_30_v84_31_30_v99_v110_30_12_v103_11_v83_v12_v99_34_v45_vv37_1_v100_71_v101_v152_v152_148_116_96_62_55_36_27_21_v114_42_22_11_v,156,val,25
v1_vvvv4_3_vvvvvvvvv12_vvv13_12_9_6_vv18_14_vvv17_13_6_3_v21_v7_vv9_v26_v23_9_v1_v17_v30_vv11_v17_v20_v21_v17_5_v16_v11_v3_v14_11_vv37_31_30_v7_v43_20_9_vv42_34_33_32_29_24_22_12_11_2_1_v23_6_1_v44_30_21_v45_37_30_v49_26_15_4_v50_27_5_vv51_47_44_41_33_23_1_v38_11_v43_14_v5_1_v,58,train,443
vvvvvvvvvvvvv1_vvvvvvvvvvvv22_vvvvvvv20_vvvv11_v35_vvv3_vvv26_vvvvvvvv43_vv38_10_v29_v47_20_vvvv38_vv56_v13_vvv38_29_vvvv67_29_v68_33_1_vvvvvvvvv59_v45_v64_vv80_69_66_63_59_29_21_14_12_3_v37_vv57_v24_v37_v38_vvvv86_68_42_10_v69_v58_55_25_12_v87_27_18_v62_v47_v90_68_65_40_vv92_77_48_23_15_vvv28_vv55_23_v104_53_14_13_v106_44_38_25_v98_vv15_v104_98_88_61_58_19_5_vvvv101_63_52_v99_24_17_v78_48_23_22_vv114_105_102_28_v21_20_vv88_43_vvv118_117_102_75_71_61_60_38_33_28_25_19_14_13_v76_1_v103_92_16_2_vv123_vv88_79_15_12_v114_77_vv68_59_31_26_v15_v134_128_101_43_11_9_v38_vv105_v48_v57_v115_98_v142_141_140_139_136_135_130_125_120_114_111_109_107_93_90_88_86_85_82_79_78_75_72_59_57_56_55_51_46_45_44_43_42_38_36_35_32_29_26_23_17_14_12_10_4_1_v5_v139_30_vv76_4_v114_32_23_vvv62_v151_116_84_75_53_52_45_35_v2_v129_126_11_vv13_vv108_v158_123_120_91_90_65_59_52_42_v153_49_17_v42_v51_v158_157_146_118_90_72_63_54_50_48_32_18_17_13_8_2_v115_21_vv13_v117_114_61_56_51_42_27_24_v153_122_86_85_52_v169_148_121_97_v27_v134_28_v127_83_53_45_9_v172_137_134_105_104_79_56_21_14_v115_51_49_31_12_v169_149_41_v171_170_31_13_v76_v88_29_v118_58_30_16_1_v46_v38_v139_51_v169_131_94_78_38_v95_75_69_65_38_33_21_vv151_148_95_10_v21_v186_156_155_153_152_131_124_120_119_96_89_88_81_76_71_68_53_49_32_29_15_13_v130_15_v123_108_v60_28_vvv130_v26_vv195_109_105_104_54_30_v196_174_105_92_73_62_55_1_v171_45_vv58_v152_77_59_v60_v184_106_104_100_v11_v63_v173_142_64_49_vv127_95_v67_vv211_176_144_135_113_112_105_95_v160_137_125_70_v63_61_48_27_v201_187_163_115_v37_v54_v120_118_97_90_83_30_v184_94_76_44_v121_120_85_77_32_v78_v130_55_v49_v202_190_184_174_142_81_v143_82_vv225_203_135_121_29_vv201_177_75_30_v128_100_16_vv87_77_63_v144_80_49_v186_173_100_83_81_20_16_4_1_v187_84_82_2_v140_v179_160_119_99_94_66_49_34_v1_v213_204_114_108_100_96_51_43_34_2_v225_194_187_167_162_148_73_v240_173_82_v241_203_173_148_144_90_83_69_54_30_v242_166_v243_175_146_92_85_71_56_32_v200_82_v125_103_74_42_30_28_v172_144_139_72_67_13_v210_123_114_105_62_1_v226_199_143_138_133_124_106_89_87_v119_v237_v238_170_69_61_6_1_v214_159_143_110_11_9_v179_125_120_101_85_23_20_19_7_v150_40_1_v249_v83_v193_v233_189_172_162_159_133_55_13_v226_199_178_138_135_117_v225_193_192_161_144_88_36_v261_226_194_193_185_167_155_21_20_19_18_1_v144_100_99_87_v265_252_233_223_212_182_133_121_107_99_88_53_45_v250_219_3_v251_220_183_154_150_98_v261_214_197_167_104_v262_179_168_92_v233_200_152_117_110_96_57_26_v107_30_v233_146_128_85_23_4_v234_190_147_129_86_24_7_5_1_v240_130_76_47_6_v192_131_v193_132_v194_17_v195_92_v228_196_191_181_152_69_v198_136_v245_63_v162_118_v212_176_163_139_119_v135_v184_180_147_109_80_v181_148_97_v284_273_263_262_257_251_236_225_221_199_198_194_193_190_189_186_175_161_160_157_150_147_138_119_88_80_67_37_26_22_v179_144_87_1_v238_163_145_69_12_2_v265_183_146_3_v240_165_12_4_v280_175_148_v149_84_v179_150_84_v151_106_v286_170_152_v164_153_v289_172_154_v242_224_222_155_106_25_v292_248_211_177_156_86_71_39_26_v253_242_202_201_200_196_186_180_161_157_96_80_75_73_61_51_16_15_v177_158_37_v299_v211_v5_v26_v214_179_5_v182_88_v281_264_166_v241_v89_v158_118_81_77_v212_66_v150_122_31_v298_275_245_220_210_203_197_170_162_155_141_110_89_75_65_30_29_23_v215_109_15_1_v32_16_1_v199_116_42_v19_v220_v221_204_158_v233_v302_224_v77_v224_v303_291_101_v292_v,328,train,258
vvvvvvvvvvvvvvvvvvvvv6_vv8_vvvvvv27_vv17_8_vv29_20_19_15_14_2_vvv30_v31_1_vvvvvv17_v42_vvv25_24_v44_41_36_30_10_v42_1_vvvvvv25_vvv26_v55_54_47_46_45_41_39_31_26_8_7_3_vvvv28_vvvvv53_v31_v27_v59_58_45_33_v58_51_50_49_37_25_v41_vv71_42_vv65_6_2_v35_6_vv59_8_v55_v81_v51_27_v62_61_12_vvvv18_v46_30_v18_v91_90_89_88_87_86_85_84_83_82_81_80_79_78_77_76_75_74_73_72_71_70_69_68_67_66_65_64_63_62_61_60_59_58_57_56_55_54_53_52_51_50_49_48_47_46_45_44_43_42_41_40_39_38_37_36_35_34_33_32_31_30_29_28_27_26_25_24_23_22_21_20_19_18_17_16_15_14_13_12_11_10_8_7_6_5_4_3_2_1_v90_1_v2_v3_1_v84_42_15_4_v5_v39_25_19_6_2_v7_v86_85_66_8_v9_v,101,train,58
vvvvvvvvvvvvvvvv10_vv17_15_13_12_9_7_6_4_3_v16_13_12_9_8_6_5_4_v1_vvv4_v10_6_5_v25_24_23_14_13_11_8_6_4_vv2_v26_9_3_v10_vvv15_v8_v18_9_v9_vv19_v24_v27_23_14_1_v22_v23_22_16_12_10_9_6_2_v38_1_v39_35_32_29_25_24_21_13_11_7_4_2_v42_5_v6_v21_v6_v38_30_18_v31_v,50,train,140
vvv1_vvvvvv8_v8_vv9_vv11_10_vvvvvv17_8_v1_v2_v7_v24_v22_19_8_vv21_10_2_v28_27_25_23_21_19_17_13_12_9_5_4_vv17_v28_22_2_v14_v30_15_1_vv10_v17_16_15_8_v35_34_27_25_v24_18_13_10_7_5_1_v39_11_v37_6_2_v41_13_2_v39_29_16_8_4_v15_v44_16_v31_v40_29_21_v34_v45_40_10_v44_40_21_v,50,train,383
vvvv1_vvvvvvvvvvvvvvvvvvv22_15_v23_vvvvvv26_vv28_v10_vvvvvv35_7_v32_1_vvv37_vvvv13_v22_v23_v17_vv10_9_vv50_vv20_v35_31_v54_vv21_20_9_vv29_v33_24_9_5_v41_vvv31_vv69_v34_v67_8_vvv23_vvvvv78_vv47_44_38_11_v76_45_26_1_vvv79_3_vvv57_18_vv57_50_37_30_6_v89_34_v35_v84_64_62_45_34_5_v12_v94_90_62_57_41_8_v55_23_v71_27_vv56_v88_24_vvvv51_14_vvv7_4_v95_11_v96_15_12_1_v13_vv88_65_vvvvv117_116_113_57_54_48_28_22_21_17_10_v107_57_v104_76_71_70_51_49_34_18_v1_v44_vv56_13_4_v5_vv105_v121_84_75_46_45_28_8_v85_76_72_47_29_9_vvv35_vv37_v94_3_v113_112_91_75_69_44_40_5_3_v113_112_74_62_v41_v56_v138_116_101_44_v87_50_v41_v130_42_5_v75_73_24_vvv134_46_43_4_v138_132_119_99_37_v106_105_96_21_20_v134_2_v54_8_v124_98_47_11_vv98_88_v54_vv38_vv135_113_v80_40_v134_v75_v47_vvv78_70_v74_32_31_vv159_157_140_139_137_120_107_84_75_50_13_12_6_v146_107_33_vvvv67_v55_vv156_125_121_116_106_102_86_84_65_59_51_32_31_23_12_10_vvv58_v74_62_7_v145_v72_v155_154_106_73_v153_117_116_114_105_78_41_25_vv94_v187_166_70_61_36_v163_v180_96_92_vv24_4_v186_124_122_107_93_65_64_v97_51_v166_11_5_v161_148_v77_75_12_v78_v131_14_v73_32_12_v70_66_v146_141_131_25_v121_10_v200_199_171_140_v171_109_108_v29_18_14_vv207_172_138_90_1_v131_130_v98_56_45_33_8_v179_167_158_145_131_117_82_62_51_40_vv204_145_142_93_v209_150_v129_97_v166_123_91_53_v216_99_v216_184_48_v150_148_99_34_v218_196_8_vvv103_98_v44_v103_56_v144_41_15_v224_220_219_218_217_215_213_211_210_209_208_207_198_197_195_190_184_180_178_167_165_159_158_156_154_151_149_143_142_141_140_138_134_133_128_120_118_117_116_113_112_106_105_104_99_98_96_83_79_77_74_71_70_69_66_65_64_63_60_58_56_55_54_53_52_51_49_48_47_45_44_43_42_41_40_37_36_32_30_29_28_18_11_8_6_5_4_3_2_1_v213_203_202_201_177_170_165_163_137_110_91_88_58_39_10_8_v132_v223_186_173_148_147_110_81_37_3_v224_187_178_149_148_145_131_111_103_102_20_1_v134_101_v137_v57_v8_v118_v10_2_v236_v62_vvv229_141_95_v238_179_v242_107_16_v184_80_68_v212_150_v209_190_176_164_54_vv97_61_1_v216_154_v129_v245_208_204_183_181_166_152_139_124_123_56_49_41_22_5_v101_65_61_38_4_v218_46_v154_108_v236_136_98_57_29_9_v30_23_v138_133_91_73_61_47_31_2_v163_153_v245_235_234_120_90_71_52_40_16_v250_245_220_212_208_201_195_183_180_176_175_172_168_151_147_146_145_144_142_131_80_71_52_36_35_31_29_10_v142_35_v253_214_160_73_55_23_v152_87_v113_v259_231_222_213_195_180_166_146_138_137_117_55_36_35_v260_184_37_1_v261_225_224_215_200_185_148_119_75_37_16_2_v262_186_169_22_v263_227_226_202_187_150_77_39_18_4_v44_v242_240_178_45_v137_v154_130_61_55_v270_211_v253_252_249_231_230_218_209_205_197_188_184_180_178_173_170_158_145_143_141_117_109_75_64_48_43_36_35_16_3_v,276,train,290
vvvvvvvv7_v2_v3_v4_vvv7_v8_vvvvv20_vvv5_v6_1_vvvvv4_vvvv27_vv16_vv5_v20_14_7_v32_vvv14_v32_30_vvv39_21_v40_vvvv6_1_vv25_24_11_v1_vv43_24_19_v44_25_20_v46_41_vvv55_28_10_v37_16_9_v25_vv28_vvv20_8_1_v31_v17_vvvvvvv8_v20_v53_24_18_v63_6_v52_38_8_v69_v65_60_45_v32_5_v78_vvvvv1_v69_43_31_24_23_14_v1_v29_v93_91_90_89_87_82_78_75_74_73_68_64_63_57_56_54_53_50_43_41_39_37_36_33_28_21_20_19_16_12_11_10_8_6_5_3_1_v8_6_v22_2_v3_v26_4_vv59_v12_v63_29_1_v5_v79_77_61_33_25_23_10_v103_99_72_71_61_56_54_46_44_29_26_18_11_6_v12_v56_v83_65_27_v82_v89_16_v98_82_67_v99_87_66_31_8_4_v19_v20_v21_v44_25_v69_26_25_v80_v90_25_11_v84_11_v70_v81_28_v39_vv31_1_v125_v125_121_94_78_51_47_28_22_18_v92_34_19_8_v,129,train,90
vvvvvvvv8_v5_vvvv13_1_vv15_vv4_vvvvv1_v23_18_10_v5_v9_6_v26_22_7_3_v14_v17_2_v16_v24_10_4_v10_v19_v21_20_5_v34_v28_22_21_vv36_30_27_24_14_v15_12_9_vv17_v15_v19_v31_v20_19_17_v26_v34_v24_5_vv47_36_31_20_13_10_1_v46_41_v48_38_6_v36_26_v53_40_27_16_15_11_6_v35_v42_4_v43_34_30_v45_v50_31_1_v,59,val,59
vvvv3_v2_v2_v3_vvv6_v8_7_v12_vvv11_v12_v16_13_11_10_v14_v14_8_vv17_v18_v15_14_v22_10_v21_v18_v19_v24_v25_12_vv23_1_v28_15_v21_20_19_9_v22_1_v31_20_7_v36_24_23_22_16_2_v35_v26_v3_1_v32_31_v1_v42_v39_v40_34_v43_31_12_v15_v43_41_30_v44_4_v29_v46_v51_v50_16_15_v40_v50_v43_6_v48_45_20_v53_v,58,train,279
vvvvvvvvvvvvvvv6_vv3_vvvvvvv4_vvvvv13_v11_v26_v8_v13_12_8_v8_v15_vvv18_14_5_1_v22_vvvv13_vvv37_5_v8_7_v29_15_v18_vv34_vvvvv47_32_23_19_18_9_v1_v58_57_56_55_54_53_52_51_50_48_47_45_44_42_41_40_36_35_32_31_30_29_27_24_22_16_14_13_9_8_7_6_5_4_3_2_v1_v16_2_v3_v21_4_v16_v44_v7_v43_40_32_8_v9_v58_10_v11_v12_v59_30_25_15_v14_v2_v54_50_44_31_18_17_v4_v18_v30_v56_20_v21_v22_v,81,train,282
vvvvvvvvv8_v2_v3_v4_vvv7_v8_vvvvv2_v12_11_10_7_6_vvvvvvvv24_vvvvv35_vvv10_v11_6_1_vvv24_15_v25_16_v21_vv6_vvv9_vv24_19_8_vvvv15_vv14_vvvv34_vvvv63_v60_v58_vvvvvvv37_vvvv49_vv18_v53_42_22_v74_60_51_9_vv44_vvvvvvv37_v74_65_50_v72_v51_vv89_v85_83_13_v82_v59_vvvv95_63_v96_vv19_v3_vvv87_66_v72_v72_v90_69_3_1_v32_6_vvv20_v17_8_vvv83_vv69_68_32_vv2_v1_v18_vv115_67_49_vvv118_70_52_v72_vv122_108_v30_vv119_76_v52_50_23_v96_30_27_v139_v136_76_24_v103_40_20_v63_v95_vv140_51_45_v68_v135_vvvvv67_48_15_1_v74_vv87_68_35_34_v134_86_36_vv13_v92_vv110_v137_132_113_v21_16_v139_vvv35_vvvv46_v174_vv139_15_v170_31_vv82_vv26_25_v125_v86_v153_111_45_v50_v158_vv181_147_138_86_60_57_46_43_v149_142_134_92_84_v172_163_158_139_133_132_129_102_66_57_44_26_20_v144_143_136_94_83_40_24_2_v45_v179_vv167_157_114_v76_8_vv190_176_100_81_v144_123_v160_v185_vv88_vvvvvv1_v173_104_71_57_56_29_v1_v65_v212_210_209_208_205_200_188_184_178_177_172_157_154_133_132_128_123_113_95_90_85_81_78_71_63_46_43_42_28_20_18_17_11_9_5_3_1_v11_6_vv46_3_v208_v117_v6_v208_100_68_v181_167_130_v61_9_v196_191_180_59_33_v97_v216_5_v129_6_v113_36_v221_138_51_v165_49_35_21_v49_v200_179_158_149_72_64_59_53_51_47_25_24_2_v212_202_149_139_70_35_10_v171_104_v204_52_v138_v196_183_139_78_48_45_23_v235_231_171_166_137_128_119_100_95_64_49_34_24_13_v48_v199_184_142_v161_v28_v223_174_124_v203_146_64_52_v191_v171_148_53_v210_33_v233_228_226_213_192_187_147_135_117_72_v58_v209_202_v236_210_162_155_147_145_98_85_82_71_61_59_24_14_7_5_v61_v221_179_170_77_45_7_v63_v64_v65_1_vv44_v228_76_v46_v47_v216_100_85_51_v1_v176_157_129_94_53_52_v142_3_v184_60_v250_168_149_68_v134_103_77_v213_55_25_v190_25_v243_238_219_47_32_v90_v154_153_16_v176_v195_v51_v29_v187_64_v82_v92_v1_v68_2_v203_100_13_v41_v92_78_53_v188_177_133_v171_114_55_v286_270_72_v286_282_262_225_222_213_212_211_202_195_194_186_179_164_142_115_106_98_64_54_51_44_30_v210_76_45_20_v,290,train,36
vvvvvvvv8_vvvv2_vvvvv12_vv18_15_14_9_8_4_3_v16_15_13_11_10_7_5_4_v1_vv3_vv10_6_5_v26_25_24_16_15_11_8_6_4_v1_v26_25_8_2_v9_vv13_vv7_v28_17_10_8_4_vv9_v27_v38_30_v28_22_13_v25_1_v31_v23_22_16_13_11_10_7_3_v1_v34_29_25_24_13_5_2_v43_37_31_7_6_v7_v2_v22_12_v7_v47_40_10_5_v,51,train,124
vvvvvvvvvv1_vvvvvvv11_vvvvvvvvvv21_vv25_vvv23_v14_v2_vvv28_18_vvvv13_12_v20_v18_v25_v5_v15_vvvvvvv28_v48_46_4_vv54_31_2_v9_vvvvvvv60_21_v41_36_9_1_v32_vvv62_58_46_36_33_v66_6_v62_33_vv50_17_v47_8_v47_32_v76_32_v66_44_41_v77_75_34_33_v72_57_56_46_30_10_6_v29_16_vv45_28_v32_21_vv83_v67_30_v68_43_31_vv60_vv8_v39_v75_v84_8_v85_15_9_1_v86_66_52_2_1_v11_v58_20_vvvv48_v95_85_53_vv94_76_72_68_50_49_35_14_6_v86_59_47_v54_10_2_v31_12_3_v102_86_76_54_26_v2_v107_82_70_47_46_22_6_v83_71_69_47_23_7_v82_v45_v88_vv100_87_41_3_vv104_v24_vv67_66_17_vv114_30_29_28_vv120_66_v120_116_106_94_91_30_v100_99_87_17_16_v118_93_60_52_2_v71_24_v46_vv102_v56_vvv70_vvvv134_133_131_119_118_116_110_108_91_85_82_72_68_62_50_47_46_12_1_v88_39_1_vv127_67_65_36_3_v84_40_v109_90_85_vv68_65_v130_117_v143_142_139_129_127_117_114_103_101_100_94_91_77_73_72_71_62_42_21_9_8_1_v80_16_1_v50_11_2_v84_76_3_v51_13_4_vv130_89_78_47_41_39_19_v151_104_103_101_96_89_11_vv129_63_v39_v103_v155_154_141_140_139_129_112_96_83_59_22_21_20_12_10_8_v163_vv125_56_v150_vv150_75_v64_v135_29_v10_v22_v67_v149_33_v78_57_v165_151_140_68_47_35_32_26_v156_155_118_80_47_13_v155_125_123_122_117_85_56_33_32_21_20_v101_41_vv76_59_v170_v150_v129_39_38_v8_v179_117_109_107_100_v165_81_46_v84_v28_v3_v158_47_12_v51_v109_54_vv117_v157_v22_v194_143_142_128_109_87_86_v193_143_v179_23_14_vv97_96_52_24_v98_v151_136_26_v91_90_v175_93_v200_174_v195_v175_153_124_v204_150_v152_151_61_56_vv190_184_172_152_134_101_85_68_67_56_48_v104_v210_v210_163_160_111_90_69_35_v147_v181_140_110_77_68_66_26_v164_163_114_41_38_vv25_v215_189_v139_84_30_v142_119_116_103_83_v173_84_75_52_v154_120_94_64_v196_v163_50_15_v229_225_224_223_222_221_219_218_217_216_215_214_208_207_206_204_201_198_196_180_179_176_174_173_172_171_170_166_163_159_158_156_151_150_141_136_135_134_132_130_129_128_125_123_118_117_115_107_102_100_93_89_87_86_80_78_77_76_73_67_64_63_62_61_60_59_58_57_56_55_54_52_51_50_49_43_40_29_27_26_25_18_11_10_8_6_5_4_3_1_v174_58_52_17_v85_53_1_v193_181_170_142_111_84_12_v31_20_v133_118_98_v224_202_166_158_106_57_v139_v233_208_194_173_172_132_109_43_39_8_v61_v62_v236_211_199_176_175_170_151_135_129_128_27_3_v187_155_127_v187_v14_v189_135_v160_114_v17_3_v226_v16_v143_140_124_108_99_v75_v76_51_v199_184_v210_197_189_55_v248_v199_v184_150_30_v248_225_102_46_41_v219_26_v153_129_v256_231_205_204_190_171_149_148_47_23_7_v205_187_183_105_52_16_v247_157_146_119_61_58_33_9_v182_178_132_34_18_v182_159_156_141_123_108_104_86_62_51_35_2_v255_233_228_194_8_v4_v256_249_240_234_226_218_208_201_197_194_189_172_167_166_165_164_81_56_41_39_30_26_8_v163_39_v262_236_230_218_179_121_83_21_11_v108_97_v167_v194_v269_249_244_232_217_203_184_168_162_161_145_60_36_33_v252_251_195_45_v271_247_246_234_222_211_170_147_77_35_15_2_v64_47_v273_249_248_224_213_172_79_37_17_4_v274_214_41_5_v275_215_190_26_v241_197_132_48_v258_250_202_37_v265_263_252_238_226_222_206_196_192_168_167_126_77_68_34_v,283,train,269
vvvvv1_vvvvvv1_vvvvvvv11_vvvvvvvv19_v23_v24_23_vv20_v12_v2_vvv25_16_vvv11_10_v17_v16_v4_v23_v14_vvvvvv45_25_vv44_42_4_v50_28_1_v8_vvvvvv31_7_v56_55_20_1_v29_vvv56_52_41_33_30_v60_5_v56_30_vv45_16_v43_8_v43_30_v71_29_v60_41_38_v72_70_32_31_v66_52_51_43_28_10_6_v15_vv42_26_vvv78_v62_29_v63_40_30_vv56_v7_v37_vv77_7_v78_14_8_1_v9_v80_49_3_2_v55_19_vvvv45_v88_50_vv95_87_71_68_64_49_47_34_14_6_v80_56_45_v52_11_2_v30_11_3_v95_80_72_53_25_v2_v100_77_67_46_45_21_6_v78_68_66_47_22_7_v78_v44_v83_vv93_40_3_vv97_vv65_63_16_vv106_29_28_26_vv112_63_v112_108_99_89_86_30_v94_93_83_16_15_v110_88_58_50_2_v68_23_v44_vv97_v54_vvv68_vvvv126_125_123_112_111_110_105_103_87_82_79_70_66_60_49_46_45_12_1_v84_38_1_vv119_65_63_35_3_v103_86_81_v82_40_v121_110_v133_132_129_120_118_110_107_97_95_94_89_86_73_69_68_67_58_39_19_7_6_1_v76_14_1_v47_9_2_v80_72_3_v48_11_4_vv122_85_74_44_38_36_17_v141_99_97_96_91_85_10_vv36_v97_v144_143_131_130_129_121_105_91_78_55_19_18_17_11_9_7_v153_vv118_52_v139_v16_v58_vv73_v62_v129_28_v12_v140_30_v75_53_v154_142_132_64_44_32_29_25_v146_145_112_77_44_13_v145_119_118_116_111_81_53_30_29_20_19_v96_38_vv140_v159_v123_35_34_v87_77_14_v8_v168_112_104_102_95_v155_77_43_v80_v28_v3_v150_44_12_v48_v104_51_vv112_vv22_v184_183_138_136_123_104_83_82_v182_137_v169_23_14_vv93_92_51_24_v94_v145_131_26_v87_86_v167_89_v189_166_v166_146_118_v185_v193_144_v146_145_60_55_vv180_175_165_146_129_97_82_65_64_55_48_v198_v198_156_153_106_86_v141_v172_134_105_73_66_64_25_v158_156_109_40_v23_v202_179_v132_79_28_v135_113_110_98_78_v165_79_72_55_v147_114_89_62_v186_v157_48_13_v217_212_211_210_209_208_206_205_204_203_202_201_196_195_194_193_190_188_186_171_170_168_167_165_164_163_162_159_156_152_151_149_144_143_134_130_129_128_127_124_123_122_119_117_112_111_109_102_97_95_88_84_82_81_77_75_74_73_70_65_62_61_60_59_58_57_56_55_54_53_52_50_49_48_47_41_38_27_25_24_23_16_10_9_8_6_5_4_3_1_v166_61_50_15_v81_51_1_v28_17_v126_111_92_v210_191_158_150_100_54_v133_v219_196_184_165_164_125_103_40_36_7_v58_v59_v223_222_199_189_168_167_162_143_128_122_121_24_3_v177_147_120_v179_v13_v181_128_v152_108_v16_3_v213_v135_132_119_101_94_v71_v72_47_v189_175_v199_187_179_51_v233_v189_v232_212_96_41_37_v176_143_29_v144_121_v241_240_217_195_193_180_161_140_139_42_21_6_v202_v195_178_174_100_49_15_v232_149_138_112_57_54_31_9_v173_169_125_32_17_v173_151_148_132_116_103_100_82_58_47_33_2_v240_221_216_185_9_v4_v241_227_222_215_207_198_192_188_185_180_164_159_158_157_156_79_77_52_39_37_29_25_9_v155_37_v247_224_79_v104_98_v184_v160_v255_254_231_221_207_194_175_160_154_153_138_56_35_32_v238_237_186_43_v256_201_37_2_v60_45_v258_236_235_225_214_203_164_142_75_36_18_4_v259_204_180_25_v242_236_191_34_v167_151_61_58_v249_248_225_215_211_196_186_159_158_120_72_v,268,train,337
vvvvvvvvv8_v2_v3_v4_vvv7_v8_vvvvvvv23_vvv6_v7_1_vvv11_8_vvv5_vvvv18_vv33_vv20_vv5_v24_17_8_v37_vvvv17_v38_36_vvv45_25_v46_vvvv6_1_vv28_27_11_vv2_vv50_26_21_v51_27_22_v29_v54_48_vvv64_31_12_v43_18_11_v28_vvv32_vvv23_9_1_v35_v20_vvv64_61_53_vvvvv9_v22_v61_27_20_v84_74_72_69_61_56_54_44_30_25_18_8_6_v59_42_8_v79_v74_68_50_v36_5_v88_vvvvv1_v77_47_33_25_24_14_v1_v30_v104_102_101_100_97_92_87_84_82_81_76_71_69_62_61_59_57_54_47_45_42_40_38_35_29_21_20_19_16_12_11_10_8_6_5_3_1_v8_6_v22_2_v3_v27_4_v91_88_27_19_vv64_v13_v69_30_1_v6_v88_85_66_35_26_24_11_v115_111_78_77_66_61_59_49_47_30_27_19_12_6_v27_v14_v62_v93_71_29_v91_v99_18_v110_91_73_v34_v112_98_79_73_34_10_5_v36_v37_v38_v39_1_v26_v27_v28_v52_32_v80_33_32_v92_v71_54_46_v105_33_17_v97_17_v82_v93_36_v47_vv39_1_v144_v144_140_107_90_85_73_59_55_35_29_24_v105_42_25_8_v,148,train,236
vvvvvvvvvvv9_vvv8_3_v9_vvvv4_vv10_v19_8_v23_9_7_v13_v14_v15_v16_v17_7_vv19_vvv33_17_10_v28_9_vvvvvvv10_vv37_vvvv36_vv26_vv36_7_6_1_v41_v39_vv46_v37_v7_6_v45_44_v58_55_54_52_51_50_49_47_42_41_39_30_28_27_24_23_22_21_20_19_18_17_16_13_11_5_4_v15_9_v8_v3_v,63,train,66
vvvvvvv4_vvvvvvvvv6_vv17_2_v8_v13_v18_1_vv5_vvvv13_8_2_v4_vvv4_v32_v26_12_v25_v35_34_31_25_22_19_17_16_13_11_9_7_3_v29_15_3_v30_16_4_1_v32_19_8_v34_32_28_27_18_5_v1_v2_v36_26_4_v24_v25_vv37_12_v42_v29_v23_14_v32_31_27_v46_12_4_v28_9_4_v18_v54_19_v55_20_1_vv23_11_3_v23_v57_44_42_40_30_14_3_v60_25_v52_27_v43_10_v55_24_v21_16_2_v,65,train,168
vv2_vvv3_vvv8_vvvvv13_8_vvv4_vvvv14_vv18_8_v22_20_18_17_13_11_8_5_4_v21_18_17_13_12_7_6_5_v25_17_v26_7_1_v19_v4_v5_v12_7_6_v30_19_16_13_10_7_v30_8_1_v9_vv14_vvvv39_35_5_v17_v23_v27_22_11_1_v20_v32_v33_v23_22_15_13_11_9_8_4_v43_1_v44_39_36_30_25_24_21_14_13_12_6_2_v7_v36_8_v5_v41_29_18_v53_45_27_v31_v53_43_28_14_6_v,56,val,74
vvvvvvvv3_vvvv3_vvvvv12_10_9_vvv13_11_5_vvv6_v24_22_20_15_14_9_6_4_2_v8_v23_15_v3_vv25_9_5_v11_v14_vv30_22_7_v1_v32_24_9_2_v30_19_15_12_3_v13_v19_vv30_23_16_vv25_v42_31_30_29_27_15_11_4_2_v24_20_4_v28_v3_v23_vv32_v44_31_7_2_v,51,train,451
vvvvvvvvvvvvvv1_v8_vvvvvvvvvv23_vvvvvvvvv21_vvvv13_v38_vvvv4_vvv27_vvvvvvvvv47_vv40_11_v33_v51_22_vvvvv42_vv62_v15_vvv43_32_vvv72_30_v73_35_1_vvvvvvv60_v45_v64_vv83_69_66_64_61_27_18_12_10_3_v36_vv59_v21_v35_v36_vv60_32_1_v87_69_39_9_v70_v57_53_22_11_v88_67_24_18_v61_v44_v91_68_64_36_vv93_78_45_23_14_vvv50_20_vv105_49_13_12_v107_39_34_23_v97_v13_v103_95_87_56_53_17_4_v72_vvv21_14_v73_42_20_19_vv101_v18_17_vv84_39_vvv116_115_100_69_65_54_53_34_30_25_22_17_13_11_v70_1_v101_88_15_2_vv121_v82_72_14_11_vv111_71_vv24_v15_v133_126_97_40_11_9_v83_35_vv101_v45_v53_v113_93_v141_140_139_138_134_133_126_122_118_111_107_105_103_87_84_82_79_78_75_72_71_69_66_55_53_52_51_48_43_42_41_40_39_37_34_33_31_28_26_23_17_14_13_10_4_1_v5_v68_2_vv109_31_22_v146_108_74_68_54_46_45_39_31_v122_119_6_v7_vv96_v151_113_109_79_78_60_56_50_44_36_v145_42_11_v43_v148_53_26_v102_14_vv103_100_51_47_43_34_19_16_v141_109_74_73_44_v18_v120_19_v44_36_7_v162_124_120_90_89_67_47_16_11_v99_42_40_22_10_v158_138_32_v159_151_11_v64_v75_v139_120_v103_50_15_v29_v125_43_v156_116_68_vvvv139_135_11_v176_143_142_140_139_115_108_105_104_84_77_76_70_65_62_59_44_40_29_26_15_13_v114_15_v108_95_v52_26_vvv114_vv184_95_92_91_44_28_v185_162_92_80_63_52_45_1_v96_v160_41_vv49_v137_68_50_v51_v172_94_92_90_v11_v54_v160_126_55_46_vv114_85_v58_vv201_163_129_123_101_100_94_86_v145_125_112_61_v124_112_111_57_v188_176_148_103_v36_v158_60_5_v108_106_88_81_74_30_v171_85_67_44_v109_108_76_68_32_v69_v118_54_v49_v191_177_170_159_129_72_v130_73_v123_vv216_193_124_111_31_vv191_163_72_31_v169_154_88_13_v158_143_105_85_80_61_44_29_v1_v197_186_100_95_86_82_46_39_29_2_v207_175_167_144_131_67_v225_153_74_v226_184_153_131_127_80_75_64_49_25_v227_149_v228_155_129_82_77_66_51_27_v197_v111_89_69_37_25_23_v123_67_11_v191_109_100_91_56_1_v210_179_127_123_119_110_92_81_80_v105_v157_106_1_v108_v221_v222_154_66_58_8_1_v197_144_130_98_13_11_v113_108_20_9_v227_137_37_1_v235_v80_v174_v219_171_156_147_144_121_52_15_v210_180_162_126_123_105_v209_175_174_156_146_132_85_41_33_12_v248_210_209_176_175_170_152_141_23_22_21_20_13_1_v235_8_2_v241_3_v134_97_96_86_v253_239_219_208_196_168_124_111_103_96_87_52_44_v249_236_204_5_v237_205_169_142_140_96_v249_198_181_154_101_v250_155_91_v219_184_142_111_106_95_56_30_v217_135_117_82_26_3_v218_175_136_118_83_27_6_4_1_v225_119_75_44_5_v256_229_209_169_117_115_88_79_46_32_v178_121_v179_122_v180_19_v181_91_v212_182_177_168_142_68_v184_126_v231_v195_163_152_128_115_v178_v179_v171_169_137_108_79_v170_138_96_v273_259_251_250_244_237_220_208_204_185_184_181_180_177_176_173_164_151_150_147_140_137_129_117_88_79_66_41_28_22_v167_134_86_1_v222_153_135_68_12_2_v253_171_136_3_v224_155_12_4_v267_165_138_v139_83_v168_140_83_v141_105_v273_160_142_v154_143_v277_162_144_v225_210_209_145_105_26_v280_232_197_167_146_85_69_41_27_v238_225_189_188_187_185_175_170_151_147_95_79_74_71_65_55_16_15_v167_148_37_v288_v198_v5_v26_v201_169_5_v172_87_v269_249_156_v225_v88_v198_69_v146_120_31_v283_259_228_206_198_196_191_186_159_155_150_139_126_108_87_78_68_29_28_22_v201_107_14_1_v31_15_1_v188_114_41_v18_v206_v207_193_154_v218_v288_210_v80_v210_v290_276_99_v56_v278_v,316,train,219
vvvvvvvv5_vvv8_vv11_10_5_vv5_v16_11_vv12_1_v14_vvv13_11_v10_1_v2_v8_vv8_v9_1_v10_v11_3_v17_v6_1_v23_18_7_1_v3_1_v35_34_23_19_16_8_6_v15_v24_v17_v8_v38_27_24_22_20_9_7_5_v37_28_22_19_1_v33_31_19_18_1_v25_22_7_5_2_v9_v2_v10_8_3_v31_27_14_6_v8_7_v44_30_22_v17_v11_v12_v46_33_13_vv15_v21_v53_v41_33_18_4_v4_v38_36_18_v48_21_v29_v57_46_38_28_v46_28_26_v32_v53_v67_62_32_v15_v,69,val,56
vvvvvvvvvv1_vvvvvvvvvvvvvv1_v20_vvv25_vv9_v14_vvv25_17_vv9_8_v15_v21_6_vvv34_vv21_vv40_37_5_v44_24_1_vvvv50_vv31_29_24_6_v50_30_16_1_v22_16_2_v22_3_vv25_v32_vv54_49_40_29_v58_8_v53_v43_17_v37_27_vv55_35_v51_26_14_v62_49_48_37_29_8_5_v62_28_v36_25_v34_v55_26_vv57_28_vv48_v8_v35_vvv71_9_v72_15_10_1_v11_v74_3_2_v55_vvvv44_vvv81_64_61_58_48_46_31_15_6_v50_10_1_v45_v29_11_3_v88_56_v91_90_77_66_53_28_v98_v4_v97_72_64_48_47_24_8_v73_65_64_49_25_9_vv43_vv52_30_vv63_61_15_vv104_v104_99_92_79_27_v84_83_75_11_10_v101_52_46_2_v92_v72_vvv111_109_107_98_97_95_88_86_77_71_68_57_54_49_40_36_35_5_1_v73_22_1_vvv87_75_71_v72_30_v57_55_28_6_vv118_58_56_v109_v121_119_116_109_107_96_88_87_81_78_64_62_61_59_54_32_15_10_9_1_v66_1_v40_12_2_v70_64_3_v66_34_v127_89_87_86_82_73_11_v110_109_v28_v129_127_117_116_115_104_95_78_67_39_19_18_17_8_6_v101_39_vvv47_v61_v24_vv51_36_v17_v51_v124_29_v64_v130_129_99_65_v129_106_105_103_99_70_42_28_27_17_v85_vv73_56_12_v142_131_58_41_36_30_26_v110_33_32_v124_v150_96_90_88_84_vv127_35_8_vv157_116_114_99_84_60_59_v156_115_v144_14_6_v142_133_v72_70_37_15_v73_v123_107_17_vv162_137_v137_123_v118_50_10_v122_44_v152_144_136_130_122_114_104_92_71_61_51_50_40_36_v168_130_127_81_64_49_30_v113_76_v141_110_80_58_48_46_v132_130_84_33_27_vv172_147_vv110_88_85_74_63_v64_54_36_v88_47_v131_34_11_v183_181_180_179_178_176_174_173_172_171_170_169_166_165_164_162_157_155_153_145_144_141_140_138_137_136_135_128_127_123_122_121_119_116_111_105_103_102_101_98_97_96_93_90_84_83_81_77_74_72_69_68_66_65_58_56_55_54_53_49_48_47_46_45_44_43_42_40_39_38_37_36_35_34_33_28_27_22_20_19_18_13_9_8_7_5_4_3_2_1_v139_41_36_13_v65_37_1_v23_15_v177_157_128_122_76_39_v186_161_152_137_136_97_78_30_29_5_v187_162_154_138_137_129_114_98_90_89_18_1_v146_119_88_v148_v9_v150_97_v11_2_v153_137_v174_160_151_144_37_v152_v190_28_26_vv107_v199_174_172_158_156_141_126_117_102_101_39_32_30_13_5_v29_v124_v163_v160_141_108_92_75_37_v192_115_103_88_41_40_23_10_v24_v139_117_114_101_92_78_75_60_45_37_25_2_v200_176_148_11_v4_v205_201_187_181_176_173_170_163_161_155_151_149_147_130_125_124_123_122_116_110_60_56_41_30_29_23_21_11_v121_29_v208_183_173_89_58_v212_194_187_179_169_154_139_123_115_114_104_43_26_25_v213_163_27_1_v214_190_189_181_174_164_125_106_57_27_15_2_v215_165_142_21_v216_192_191_176_166_127_59_29_17_4_v144_20_v37_v203_202_154_38_v203_194_155_29_v207_178_152_126_121_93_v,225,train,378
vvvvvv1_v2_v3_v4_v5_vv6_5_4_3_2_vvvvvvvvvvvv8_vvvvvv6_v26_19_15_1_v6_vvvv1_vvvvv33_vv38_v39_vv15_1_vvvv11_v35_v36_22_v30_vv22_v20_v46_v21_20_10_v10_vv39_vvvvv29_8_vvvvvv10_v49_vvv4_v61_47_41_19_16_v21_v59_56_38_v60_59_57_39_35_15_11_1_v18_vv67_53_31_vv53_vv82_75_vv42_v43_vv9_vvvv1_v8_2_v40_32_v99_98_97_96_94_88_85_84_82_81_80_74_73_67_66_65_59_57_50_46_45_44_42_40_35_30_29_28_21_15_14_13_11_8_4_1_v37_1_v31_2_v3_vv66_v101_89_v7_v61_27_v80_v82_33_27_14_v94_88_80_79_43_41_37_35_34_33_17_16_1_v89_v71_32_13_v71_64_54_24_14_v15_v74_35_v75_35_v99_18_v50_24_v76_40_39_7_4_3_v104_96_91_90_89_60_48_46_26_4_v22_v23_v24_v101_25_9_v5_v86_27_v28_v47_35_24_18_v116_101_82_79_56_26_19_v31_v,131,train,506
vvvvvvvvvvvvvvvvvv13_vvvvvvv20_1_vv21_vvv11_vvv14_v8_7_v12_v21_17_vv23_19_7_2_vvv17_16_v33_vvv22_v41_36_6_vv46_25_2_vvvvvvv28_7_v50_21_1_vv27_vv52_48_38_30_28_v55_5_vvvv43_17_v41_25_8_v67_31_v65_64_32_31_v57_39_37_v62_49_48_40_31_10_5_v29_15_v63_30_v40_27_v11_v56_27_v57_40_28_vvvvvv71_7_v72_12_8_1_v9_v74_57_49_3_2_v18_vvv43_v10_v81_51_v73_14_v81_66_63_60_46_45_32_v53_20_v50_11_2_v45_vv90_89_76_68_54_51_26_v93_72_65_44_43_6_vvv42_v78_v77_70_69_49_11_v90_87_77_64_61_38_31_4_3_v59_58_13_v96_25_24_22_v103_56_v101_97_89_79_77_25_v84_83_76_11_6_v99_79_51_42_2_v61_16_vv46_v72_vvv110_108_107_97_96_95_89_88_78_70_67_58_53_48_36_35_7_1_v73_28_1_vv120_103_v89_74_69_v114_52_51_v105_v117_115_113_105_103_95_93_86_85_77_74_60_57_56_55_48_14_7_6_1_v64_1_vv39_10_3_v38_11_4_v70_61_5_v63_33_28_26_v127_87_86_84_79_73_10_v125_123_113_112_111_103_93_75_63_42_16_15_14_8_5_4_v36_vv55_vv45_v21_v99_92_74_72_46_25_9_v57_v122_121_91_58_30_v121_98_96_95_90_62_37_21_11_v63_53_8_v133_122_113_34_27_20_v78_vv125_30_vv120_v143_91_82_81_76_vv123_7_vv87_v150_109_108_95_57_52_v152_109_v138_16_7_v57_56_v67_64_35_17_v68_v117_103_19_v155_133_v133_123_116_24_v160_113_v115_114_41_39_v145_140_133_124_114_97_63_57_45_35_33_vv164_124_121_76_61_v109_76_v138_103_53_46_43_v125_124_79_29_v98_vv167_145_vv104_84_59_v60_53_v115_83_66_46_v125_37_13_v181_176_175_174_173_171_170_169_168_167_165_164_161_160_159_158_155_152_151_142_141_136_134_133_132_131_130_124_123_120_119_116_113_111_104_100_99_98_97_94_93_85_84_82_79_77_75_72_70_65_64_62_61_57_55_53_51_50_48_47_46_45_44_43_42_40_39_38_35_34_33_32_30_29_23_21_20_19_15_10_9_7_5_4_3_2_1_v134_39_15_v83_v165_148_118_90_v101_v174_156_126_117_75_43_v99_71_v182_161_153_133_132_95_78_34_32_7_v183_162_155_134_133_128_96_90_85_22_1_v144_115_88_v117_v11_v12_1_v101_13_v103_vv24_v163_150_142_42_v194_v152_v74_35_32_v138_106_23_v149_v108_92_v109_27_24_v200_179_159_158_145_107_102_39_18_8_v164_v192_115_88_46_27_10_v28_v137_117_92_79_67_50_43_29_2_vv203_200_187_182_178_173_169_161_158_154_151_147_144_129_125_124_123_122_121_112_68_61_46_33_32_24_22_8_v120_32_v206_184_172_136_91_63_19_11_v147_v210_189_182_168_155_123_117_112_106_49_28_27_v92_36_35_v212_162_30_2_v114_v214_194_193_186_175_164_127_110_64_31_14_4_v212_149_98_v41_v202_201_153_42_v223_209_206_205_196_188_180_176_172_161_157_150_149_146_145_130_123_122_121_103_93_65_56_40_33_29_28_13_5_v,225,train,466
vvvvv3_vvvvvv1_vvvvvvv11_vvvvvvv18_v24_v25_22_vv19_v11_v2_vvvv25_16_vv11_10_v17_v16_v4_v22_v14_vvvvvv46_25_vv43_41_4_v48_28_1_v8_vvvvvv56_53_19_v32_8_1_v29_vvv55_51_41_33_30_v59_6_v55_31_vv45_16_v43_8_v43_30_v70_29_v70_67_31_30_v60_42_39_v65_52_51_43_28_10_6_v16_vv41_26_vv75_v60_28_v61_39_29_vv55_v35_vv74_6_v75_12_7_1_v8_v77_47_3_2_v53_18_vvvv43_v85_48_vv94_84_69_66_61_47_45_32_6_v54_43_v50_11_2_v27_11_3_v92_78_70_51_v73_v97_75_65_44_43_20_6_v76_66_64_44_21_7_v41_v80_vv89_37_3_vv93_vv62_60_15_vv102_28_27_25_v107_59_v107_103_95_85_82_28_v90_89_79_14_13_v105_84_54_45_2_v64_21_v41_vv93_v51_vvv64_vvvv121_120_118_108_107_106_101_99_83_78_75_66_62_56_44_43_12_1_v80_36_1_vv97_81_76_v115_61_60_34_4_v78_38_v116_106_v128_127_124_116_114_106_103_93_91_90_85_82_69_65_64_63_55_37_19_7_6_1_v72_14_1_v45_9_2_v76_67_3_v46_11_4_vv118_81_71_42_37_35_17_v136_95_93_92_87_81_11_vv35_v93_v139_138_127_126_125_117_101_87_74_53_19_18_17_11_9_7_v148_vv114_50_v134_vv69_v58_v123_26_v10_v21_v135_29_v72_51_v63_v141_140_107_74_43_12_v140_114_113_111_106_78_51_30_28_19_18_v92_37_v152_141_131_65_47_35_31_28_vv153_v137_v119_36_34_v85_75_16_v9_v163_108_99_98_92_v151_75_43_v78_v28_v145_42_12_v47_v100_50_vv108_vv22_v180_177_133_131_118_100_80_79_v176_132_v164_23_13_vv90_89_50_24_v91_v140_126_26_v85_84_v162_89_v183_161_v178_v162_142_115_v187_139_v141_140_59_54_vv191_v176_171_161_142_125_95_82_66_64_55_48_v192_151_148_103_85_v136_v166_130_102_72_65_63_25_v153_151_106_40_v23_v196_174_v128_78_28_v130_110_107_96_77_v160_78_71_47_v142_111_88_61_v181_v151_48_12_v211_206_205_204_203_202_200_199_198_197_196_195_191_190_189_188_185_183_181_166_165_163_162_160_159_158_157_154_151_147_146_144_140_138_130_127_126_125_124_121_120_119_116_114_109_108_107_100_96_94_87_83_81_80_76_74_73_72_69_64_61_60_59_58_57_56_55_54_53_52_51_50_49_48_46_40_37_27_25_24_23_16_10_9_8_6_5_4_3_1_v161_55_50_14_v81_51_1_v28_16_v123_109_91_v204_186_153_144_99_54_v130_v213_191_179_160_159_122_102_40_36_7_v58_v59_v219_216_194_184_163_162_157_139_125_119_118_23_3_v172_143_118_v174_v13_v176_125_v148_107_v16_3_v208_v132_129_100_93_v71_v72_47_v184_170_v194_182_175_51_v227_v184_v170_139_28_v227_208_96_42_38_v141_120_v237_234_212_190_188_175_157_137_136_41_21_6_v189_172_169_98_47_14_v225_145_135_110_56_53_30_8_v167_164_123_31_16_v167_147_144_131_114_101_98_81_57_45_32_2_v233_215_209_179_7_v4_v234_221_216_209_201_192_186_182_179_175_160_155_154_153_152_77_75_51_38_36_28_24_8_v151_36_v240_218_77_v102_89_v155_v180_v250_247_225_215_201_188_170_156_150_149_136_54_34_31_v232_231_180_42_v249_196_36_2_v59_44_v251_230_229_219_208_198_160_140_74_35_17_4_v252_199_175_24_v161_v163_148_60_57_v238_232_187_35_v243_242_220_210_206_191_182_157_156_119_72_v,262,train,233
vvvvvvv5_vvv9_v3_v4_vvv7_v8_v9_vvv1_vvvvvvvvv24_vvv32_vvv8_v9_1_vvv17_v22_14_vv16_12_2_vvv8_vvv8_vvvv26_vvv34_1_v27_v16_11_v53_vvvvvv36_vv13_v40_31_17_v60_vvv48_1_vvv30_v55_v36_v68_v37_21_v65_64_vv35_vv75_46_v76_vv64_47_vv66_49_2_v52_3_vv9_3_vvv50_49_20_vv2_v10_vv4_v86_47_34_vvv1_v90_51_38_v53_v44_v94_81_v27_vvv109_90_v73_26_24_v108_55_22_v77_31_20_v48_v41_v76_60_39_vv20_v111_43_39_v55_v76_5_vvvv41_16_1_v60_v67_v35_vvv106_102_90_v58_vvvv40_vv130_20_v13_v93_v35_v134_105_102_62_45_41_30_26_v115_69_11_v83_1_v128_120_116_104_98_97_94_74_51_41_27_14_11_v102_68_13_v134_v108_v123_115_83_v58_8_v107_90_v145_vv65_v66_vvv1_v131_42_37_19_v127_76_51_36_35_21_v42_v162_160_159_157_155_150_139_135_131_130_125_116_113_97_96_94_90_83_72_69_65_59_56_50_39_29_28_27_21_15_13_12_9_6_5_2_1_v9_6_v4_v31_3_v96_v27_v6_v88_v40_8_v146_142_132_40_26_v76_v165_101_35_v17_v108_42_1_v148_102_6_v141_135_99_48_35_31_15_v177_174_121_119_99_92_88_70_66_42_36_24_16_6_v34_v18_v139_v164_124_92_v147_105_37_v152_22_v172_167_166_155_141_135_106_97_85_48_v41_v159_v175_152_117_106_42_11_5_v44_v45_v46_v47_1_v132_v133_v33_vv169_80_75_57_v36_v138_94_40_2_v38_v71_41_v118_42_38_v137_v100_73_59_v161_43_22_v142_25_v117_116_11_v36_v24_v138_48_v61_vv51_1_v150_74_8_v33_v127_41_v217_v217_214_194_165_161_158_157_156_148_144_143_138_132_124_100_82_78_73_59_46_40_37_21_v155_57_38_13_v,221,train,38
vvv1_vv5_3_v6_1_v3_v8_v5_vv9_5_v6_1_v13_8_2_vv13_9_2_v8_5_4_3_1_v17_15_12_11_9_4_v9_vvv21_19_16_8_4_v22_20_16_9_5_1_v11_v22_v23_22_21_18_16_15_13_11_7_3_1_v26_18_15_13_vv26_23_22_12_11_v29_27_23_17_16_13_12_10_8_2_v20_19_1_v25_18_15_5_v24_3_v25_20_17_7_3_v29_12_5_v33_29_v34_23_11_6_v36_25_17_v36_13_v34_10_v39_3_v39_16_11_v5_v41_25_18_5_v42_19_14_10_3_v8_v9_v45_42_36_18_16_v45_37_20_19_v49_47_43_38_37_36_33_23_18_2_v45_22_21_v51_49_44_42_38_33_26_21_10_v52_50_27_22_19_16_v51_28_23_9_2_v45_44_36_29_v50_26_v,56,train,342
vvvvvvvv7_v2_v3_v4_vvv7_v8_vvvvv20_vvv5_v6_1_vvvvv4_vvvv27_vv16_vv5_v20_14_7_v32_vvv14_v32_30_vvv39_21_v40_vvvv6_1_vv25_24_11_v1_vv43_24_19_v44_25_20_v46_41_vvv55_28_10_v37_16_9_v25_vv28_vvv20_8_1_v31_v17_vvvvvvv8_v20_v53_24_18_v63_6_v52_38_8_v69_v65_60_45_v32_5_v78_vvvvv1_v69_43_31_24_23_14_v1_v29_v93_91_90_89_87_82_78_75_74_73_68_64_63_57_56_54_53_50_43_41_39_37_36_33_28_21_20_19_16_12_11_10_8_6_5_3_1_v8_6_v22_2_v3_v26_4_vv59_v12_v63_29_1_v5_v79_77_61_33_25_23_10_v103_99_72_71_61_56_54_46_44_29_26_18_11_6_v12_v56_v83_65_27_v82_v89_16_v98_82_67_v99_87_66_31_8_4_v19_v20_v21_v44_25_v69_26_25_v80_v90_25_11_v84_11_v70_v81_28_v39_vv31_1_v125_v125_121_94_78_51_47_28_22_18_v92_34_19_8_v,129,val,64
vvvvv1_vvv3_vvvvvvvv3_vvvvv8_vvvv12_vvvvvvv5_v20_vv17_vv13_v10_v34_32_27_6_v27_vv38_29_vvvvv36_34_1_v4_v10_vv27_26_14_vv46_23_v47_24_v49_v6_v44_15_6_v26_v52_vvvvvv7_6_1_vvvvv35_v55_v33_v18_v57_22_18_v10_v63_57_54_51_37_33_31_v42_9_v2_v60_59_54_40_35_19_12_3_vv74_v50_v58_v10_v81_77_36_v73_15_v11_vvvvv92_91_90_89_88_86_83_82_78_77_75_66_65_62_60_58_56_51_42_41_40_38_37_36_31_25_24_23_19_11_10_8_4_3_2_1_v80_69_56_v2_v27_3_v4_v92_35_v6_v60_2_v52_22_21_v66_v55_v36_v73_65_v92_82_66_42_31_26_13_v93_81_67_v66_57_51_33_15_v16_v97_96_70_30_v81_71_30_v104_86_70_64_v99_93_v99_21_v14_v108_103_102_80_77_73_72_53_50_49_39_36_16_10_6_5_v88_6_v82_v26_v27_v28_v72_36_v97_30_13_v87_31_v32_v86_81_63_v87_v96_23_v36_v,129,train,488
vvvvvvvv7_v2_v3_v4_vvv7_v8_vvvvv20_vvv5_v6_1_vvvvv4_vvvv27_vv16_vv5_v20_14_7_v32_vvv14_v32_30_vvv39_21_v40_vvvv6_1_vv25_24_11_v1_vv43_24_19_v44_25_20_v46_41_vvv55_28_10_v37_16_9_v25_vv28_vvv20_8_1_v31_v17_vvvvvvv8_v20_v53_24_18_v63_6_v52_38_8_v69_v65_60_45_v32_5_v78_vvvvv1_v69_43_31_24_23_14_v1_v29_v93_91_90_89_87_82_78_75_74_73_68_64_63_57_56_54_53_50_43_41_39_37_36_33_28_21_20_19_16_12_11_10_8_6_5_3_1_v8_6_v22_2_v3_v26_4_vv59_v12_v63_29_1_v5_v79_77_61_33_25_23_10_v103_99_72_71_61_56_54_46_44_29_26_18_11_6_v12_v56_v83_65_27_v82_v89_16_v98_82_67_v99_87_66_31_8_4_v19_v20_v21_v44_25_v69_26_25_v80_v90_25_11_v84_11_v70_v81_28_v39_vv31_1_v125_v125_121_94_78_51_47_28_22_18_v92_34_19_8_v,129,train,99
vvvvvvvvvvv11_vvv2_vvvv12_vv19_16_14_8_7_4_3_v17_15_13_11_9_6_5_4_v1_vv3_vvv11_7_6_v28_27_26_16_15_12_9_7_5_v1_v28_27_9_2_v10_vv14_vv7_v29_18_11_8_4_vvvv11_v29_v42_31_v30_25_15_v28_1_v33_v26_25_18_15_13_12_9_3_v42_1_v43_39_36_32_28_27_22_15_10_9_5_2_v47_38_7_6_v7_v23_11_v6_v50_41_27_9_4_v,54,train,231
vvvvvvvvvvvv11_5_vvvv4_vvvvv14_vvv10_v12_v12_v11_vvv25_v20_17_v30_v22_19_6_2_v13_v19_v26_v7_vv27_v27_vv42_v40_25_v42_12_v38_2_vvvv2_vvvvv11_vv47_41_32_vv43_15_vv44_39_26_v53_30_v38_v32_v42_v29_v56_30_14_v58_52_43_11_9_v67_62_52_48_38_11_vvvv58_29_v59_57_42_30_v45_26_v27_1_v2_v3_1_v12_vv55_34_v2_v10_v18_11_1_v62_53_2_1_v13_v72_12_v54_v88_87_83_54_51_46_29_20_18_9_7_v65_63_48_46_11_v86_81_80_75_66_62_50_49_24_v41_vv23_vv39_v75_3_v65_v86_63_v88_87_77_65_59_38_31_5_4_v99_88_80_32_v53_27_26_11_vv62_60_14_v97_55_v96_81_20_vv52_v99_93_90_84_65_52_50_41_30_26_25_v107_97_65_12_v84_67_v54_v100_50_45_4_v103_48_47_v100_v106_100_91_72_57_53_52_48_7_1_v59_48_v98_62_54_27_21_18_10_v111_75_73_8_v97_35_v98_1_v19_v82_26_v114_108_99_56_15_8_v112_89_26_v35_v92_83_66_63_38_9_v112_86_84_24_17_9_v104_v129_41_vv122_75_69_64_59_v38_v109_21_v111_v94_92_v129_93_v6_v43_42_v103_v131_116_v107_98_70_19_15_v135_93_vv128_76_74_v145_128_103_57_2_v97_31_v109_97_56_55_v58_v142_106_60_45_v62_v151_63_v151_136_28_v112_110_64_26_v85_v154_143_64_16_8_v84_v148_133_v69_56_50_v66_63_v153_152_151_145_142_136_119_117_102_97_93_78_77_75_65_57_55_46_43_37_35_33_29_23_14_7_2_v118_34_v139_126_110_88_60_49_8_v149_136_132_128_124_103_75_65_63_39_33_11_8_v128_98_90_51_v141_109_103_38_v113_98_v122_95_72_v127_78_v81_v141_122_95_94_93_84_69_8_6_v81_63_56_v125_123_v129_v173_76_11_v109_v160_108_v134_42_v135_v163_111_v157_129_93_74_18_v140_138_4_v88_v131_v167_39_v96_77_68_64_58_25_v173_118_106_v87_63_57_42_32_13_v178_167_164_137_130_125_105_57_42_21_v180_166_165_153_115_102_76_58_44_19_9_v154_116_103_84_77_20_10_v148_102_v182_169_126_79_30_v122_94_v31_7_v65_32_8_v195_98_33_9_v195_186_185_183_175_166_157_154_148_140_136_129_125_123_117_109_103_102_101_88_80_59_50_34_31_27_24_10_4_v,198,train,371
vvv2_v3_v4_v5_v6_vvvv2_v9_8_7_6_5_vvvvvvvv3_v7_vvv3_v7_v25_14_12_2_v10_vvvv29_v9_v28_25_17_6_vv34_18_v35_v6_vvv23_v15_2_v9_v29_v30_20_vvvvv47_v48_v32_v5_v40_vvvvvvvv16_vv10_v43_v37_vv4_v35_v55_45_40_21_18_v45_v54_51_38_33_v52_39_33_12_1_v19_v60_50_30_v74_63_33_v2_vvv78_45_19_v80_66_v48_v41_10_v16_v70_65_60_58_28_24_20_18_17_15_7_6_1_v52_v69_53_14_7_v70_67_54_v72_71_55_16_v64_56_16_v82_81_79_75_70_68_56_50_44_25_v34_13_v84_76_75_62_60_57_54_37_34_33_21_20_11_6_4_3_v79_72_70_69_67_43_30_28_15_4_v1_v62_v6_v95_87_66_60_52_50_48_47_45_36_35_v25_21_14_v66_60_44_v36_16_v,101,train,382
vvvvvvvvvvvvvvvvvvvvvv1_v2_vvv10_vv12_vvvvvv32_vv21_8_v16_vv34_25_24_19_15_3_v12_vvv36_3_v37_4_1_v5_vvvvv24_5_v20_v50_vvvvv30_29_v53_50_45_38_13_v51_1_vvvvv63_46_27_9_vv31_vvv31_v65_64_57_56_55_50_45_37_31_9_8_3_vvvv32_vvvv33_22_vv29_v65_v69_68_51_37_v68_57_56_55_41_26_v46_vv81_47_46_vv10_v68_v69_v78_9_5_v41_9_vv68_11_v64_v58_29_v70_69_14_vvvv21_v51_32_v20_v104_102_101_100_99_98_97_96_95_94_93_92_91_90_89_88_87_85_84_80_79_78_77_76_75_74_73_72_71_70_69_68_66_65_63_62_61_60_59_58_57_56_55_53_52_51_50_47_46_45_44_43_42_41_39_38_37_36_35_34_33_32_31_30_29_28_27_26_25_24_23_22_21_20_19_18_17_13_12_11_10_9_8_7_6_5_4_3_2_1_v60_v104_2_v3_v4_1_v72_v73_32_21_v33_20_v100_49_18_8_v9_v45_31_22_10_2_v11_v102_101_77_12_v13_v81_v,119,train,420
vvvvvvvv7_v2_v3_v4_vvv7_v8_vvvvv20_vvv5_v6_1_vvvvv4_vvvv27_vv16_vv5_v20_14_7_v32_vvv14_v32_30_vvv39_21_v40_vvvv6_1_vv25_24_11_v1_vv43_24_19_v44_25_20_v46_41_vvv55_28_10_v37_16_9_v25_vv28_vvv20_8_1_v31_v17_vvvvvvv8_v20_v53_24_18_v63_6_v52_38_8_v69_v65_60_45_v32_5_v78_vvvvv1_v69_43_31_24_23_14_v1_v29_v93_91_90_89_87_82_78_75_74_73_68_64_63_57_56_54_53_50_43_41_39_37_36_33_28_21_20_19_16_12_11_10_8_6_5_3_1_v8_6_v22_2_v3_v26_4_vv59_v12_v63_29_1_v5_v79_77_61_33_25_23_10_v103_99_72_71_61_56_54_46_44_29_26_18_11_6_v12_v56_v83_65_27_v82_v89_16_v98_82_67_v99_87_66_31_8_4_v19_v20_v21_v44_25_v69_26_25_v80_v90_25_11_v84_11_v70_v81_28_v39_vv31_1_v125_v125_121_94_78_51_47_28_22_18_v92_34_19_8_v,129,train,145
vvv1_vvvvv1_v5_vvv9_v10_7_vvv13_4_v1_v2_v12_10_v1_v14_10_vv3_v21_vvv24_12_v17_8_5_v13_12_v17_14_6_3_v11_9_v29_2_v33_v27_vv22_16_v30_2_v18_10_v19_v33_18_v32_vvv43_20_v43_vv26_vvv1_v43_v44_1_v45_2_1_vv55_54_52_26_25_22_13_11_9_6_5_v35_v48_v50_7_6_5_v46_v52_9_8_v40_v51_43_v3_1_v24_1_v56_v56_40_v47_v60_49_47_34_31_28_v40_14_v70_15_vv52_36_v68_v54_45_7_5_vv74_73_64_46_31_v77_44_22_v15_13_v76_49_31_25_v24_v26_v61_22_19_v83_28_v74_59_58_18_16_v77_46_45_34_33_23_21_7_3_v75_63_31_v32_v17_15_v80_v76_71_v90_82_5_v89_85_73_62_58_24_17_v49_20_v70_v51_v89_77_31_28_25_23_18_16_8_3_1_v78_32_4_2_v83_71_v67_20_v95_81_29_27_7_5_4_3_v98_71_58_v91_58_47_16_v,103,train,177
vvvvvvvvv8_3_v7_2_v7_v3_vvvv12_5_v11_1_v2_v11_vvvvvvv21_3_v2_vv22_v14_13_6_v15_v8_6_vvv29_v36_v32_23_2_v14_v15_v3_v19_vv31_26_18_13_2_vv8_v17_v45_44_19_18_v47_36_vvv46_27_v15_v45_41_28_27_24_16_vv30_12_2_vv3_v11_v39_30_vv40_v62_61_58_32_31_26_18_14_12_8_5_v26_v30_vv49_vv59_29_v62_60_49_39_35_23_21_4_2_vv46_44_28_18_v13_v36_10_v51_v52_v53_2_v26_v55_31_v56_53_46_v38_vv68_45_37_v78_v10_9_8_v58_29_25_v49_v50_42_40_5_v67_16_v74_47_42_25_23_20_9_v84_55_53_4_v69_68_57_25_v65_49_v88_v86_70_68_64_57_55_51_47_34_33_32_20_19_15_6_5_v58_22_9_5_v49_v97_35_v51_v2_v63_v95_64_v23_v90_81_80_77_73_66_54_52_33_20_12_10_9_v10_7_5_v105_69_43_v101_83_79_74_53_50_46_27_18_12_3_v101_70_44_v46_v62_27_22_v110_48_v74_48_16_v85_56_52_6_v47_v108_100_77_73_69_67_47_41_25_19_18_5_3_v78_20_v87_73_54_48_v85_66_40_26_23_v56_v38_25_6_v90_32_26_v84_21_v85_v86_2_v73_47_10_7_v62_43_36_30_11_v109_93_85_81_79_v119_88_80_59_v72_68_34_15_v92_66_v81_61_v124_122_111_102_97_94_85_83_79_69_66_65_64_42_15_1_v,132,train,173
vvvvvvvvvv4_v7_vv8_7_3_v14_10_vv12_vv2_vv15_1_v5_v6_4_3_v13_10_v11_v25_24_19_11_9_7_4_vv6_v26_20_12_11_v10_3_v11_v23_17_6_3_v4_v4_v19_v7_v11_9_v23_9_v10_7_v5_v36_31_24_22_vv39_1_v36_v43_4_v20_vv35_28_27_14_1_v41_35_28_26_19_18_14_6_1_v24_v21_v4_v52_48_27_v37_35_v,54,train,222
vvvvvvvvvvvvvvvvvvvvv6_vv8_vvvvvv25_22_15_11_v29_vv18_9_vvv28_17_v32_23_22_18_17_7_4_v14_vvv34_3_v35_4_1_v5_vvvvv26_5_v22_v48_vv22_vv31_30_v50_47_42_36_12_v48_26_20_1_v30_8_vvvvvv58_57_55_50_48_44_43_42_39_36_30_28_27_26_24_7_3_1_v32_1_v2_v36_30_3_v32_v63_62_55_54_53_49_47_39_31_9_8_5_3_vvvvv33_vvvv34_24_v65_64_51_35_21_9_v16_v31_v65_v67_60_59_58_42_28_v48_vv7_v81_56_50_49_48_vv11_vv77_12_4_v42_28_9_vv71_11_v67_31_v60_32_30_v73_72_14_vvvv37_20_v52_33_v20_v102_101_100_99_98_97_96_95_94_93_92_91_90_89_88_87_86_85_84_83_82_81_80_79_78_77_76_75_74_72_71_70_68_66_64_63_62_61_60_59_58_57_56_54_53_52_51_49_48_47_45_44_43_42_41_39_38_37_36_35_33_32_31_30_29_28_27_26_25_24_23_22_21_20_19_17_16_13_12_11_10_9_8_7_6_5_4_3_2_1_v61_v103_2_v28_v29_v5_v6_1_v97_v77_34_22_v35_22_v101_52_20_10_v11_v48_33_24_12_2_v108_97_96_89_87_85_83_81_74_71_70_30_22_15_14_11_v14_v113_99_32_v105_104_82_16_v17_v,120,val,51
vvvvvvvvvvvvvvvv11_vvvvvvvvvv10_vv1_vvv28_vvv9_v15_vvv18_vvv11_10_vv41_4_v15_v30_25_vvvv9_vvvv24_vv50_48_7_v54_27_1_v23_vv19_vvvvvv40_37_34_9_v63_38_22_1_vv32_3_v4_v34_vvv67_64_50_38_36_v71_8_vvv54_21_v52_36_29_8_v49_35_v80_35_v36_v73_47_45_v65_33_17_v78_62_61_49_37_11_7_vv48_31_v61_11_vv87_49_v70_34_v77_71_65_49_48_46_35_v48_31_vvv64_vvv56_20_7_vvv84_67_vv95_13_v96_21_14_1_v15_vv90_88_73_22_6_vvvv56_vvv105_83_79_76_60_58_40_17_6_v69_53_v63_11_2_v35_3_v69_31_v113_96_84_67_65_v117_89_79_55_54_25_6_v90_80_77_56_26_7_vvv51_vvv20_v62_34_v116_v88_52_39_v77_75_17_vv94_v95_v130_72_v130_127_115_101_99_31_v107_106_96_17_16_v129_101_65_56_2_v100_96_88_vvv136_135_134_120_119_113_109_107_94_86_80_69_65_58_45_39_38_4_1_v88_1_vv84_12_11_v144_v146_131_v114_v115_v112_94_86_v87_37_vv137_71_69_36_11_v71_v135_v150_149_147_135_133_121_119_110_109_108_100_94_79_75_74_72_63_39_18_14_13_1_v82_1_v47_16_2_v86_77_3_vv19_5_v81_43_37_v158_110_108_107_99_91_13_vv58_v139_138_vv162_161_147_146_145_133_120_98_84_27_26_25_12_10_7_v133_130_117_44_v51_vvv73_v60_v33_v162_136_133_127_120_117_98_95_70_64_58_43_42_37_16_14_vv22_v156_126_125_123_115_79_48_29_28_16_15_v65_v152_39_v77_v162_161_121_78_v103_vv72_55_v178_158_150_70_49_45_34_31_v134_38_37_23_v183_116_107_105_99_v168_75_48_vv158_v51_vv192_141_139_121_100_75_74_v191_140_v176_14_8_vv174_165_v86_v148_129_22_v88_87_46_23_v79_78_v180_168_165_161_155_148_116_115_78_58_35_28_v140_60_10_v30_v145_144_51_v206_169_117_102_69_48_32_4_v186_178_168_158_145_138_125_107_88_72_59_58_46_39_vv206_158_155_97_76_59_25_v138_94_v175_132_96_71_57_55_20_v160_158_100_35_28_v125_vvv132_104_101_76_v77_63_39_v105_52_v156_42_12_v222_219_218_217_216_215_214_213_212_211_210_209_201_200_199_193_192_189_187_175_174_169_168_166_164_162_160_155_152_148_147_145_141_138_129_122_119_118_117_114_113_112_109_107_102_101_98_91_86_84_82_81_79_78_67_65_64_63_60_54_52_51_50_49_48_47_45_44_43_42_41_40_39_38_37_33_31_25_22_21_20_15_9_8_6_5_4_3_2_1_v167_45_44_14_v74_45_1_v23_16_v209_206_181_148_108_v193_120_v118_105_88_v220_194_156_147_91_50_v227_199_186_165_164_116_93_36_35_8_v228_200_190_166_165_157_136_117_111_110_22_1_v177_142_108_v146_v180_v13_v182_117_v148_68_61_v16_3_v63_v133_vv127_123_100_86_vv195_84_68_v217_201_189_179_50_v47_v191_v41_37_v246_218_215_195_193_175_154_142_129_128_50_44_40_19_4_v237_136_127_106_52_49_28_5_v1_v166_138_135_120_110_90_85_73_50_43_30_2_v164_31_16_v237_v246_220_214_208_204_193_185_181_178_174_151_146_145_144_66_48_35_34_25_23_v142_34_v151_81_v167_v256_234_228_218_203_185_164_145_139_138_122_50_29_28_v257_194_30_1_v258_231_230_220_208_195_147_124_66_30_12_2_v259_196_167_17_v260_233_232_210_197_149_68_32_14_4_v42_v243_242_181_43_v171_v179_v266_64_v268_254_253_249_237_224_217_213_206_193_189_182_179_173_170_151_147_145_144_122_107_66_59_43_36_28_26_15_2_v,270,train,14
vvvvvvvvvv8_vvvvv15_vvvv13_v18_vvvvv23_vvv18_vvvv30_7_2_v9_vvv35_vvv20_v15_8_vv10_v41_v24_vv40_27_v47_vv24_v48_v24_v36_vv27_3_v53_30_15_vvvvvv10_7_vv20_9_v1_v62_vv23_v68_67_66_65_64_63_62_61_60_59_57_56_55_54_53_52_51_50_49_47_46_45_44_42_39_37_35_34_33_32_31_30_29_27_23_22_21_20_18_16_15_13_12_11_10_9_8_6_3_2_1_v,69,train,395
vvvvvvvvvvv3_vvvv5_v14_12_10_vvvvvv22_19_7_vv13_v22_3_v23_1_v14_vvv1_v9_v21_v32_v31_8_v25_20_13_vvv11_v23_v29_v38_31_22_19_vv36_v33_v29_vv33_10_v23_v27_24_23_8_v4_v48_34_29_25_17_2_v11_5_v41_28_11_v32_8_4_vv27_v54_52_50_47_46_40_35_34_32_31_30_29_28_27_24_9_8_5_3_v54_42_v2_vv54_2_v39_34_vv16_10_7_v40_v64_62_60_59_57_52_50_48_47_46_45_30_29_27_21_19_11_9_8_7_6_3_v1_v68_67_52_35_v,69,train,331
vvvvv2_vv7_vv6_vvv12_v10_6_v13_v15_v2_vvv5_v20_17_v15_13_11_10_4_3_v19_v19_v18_6_3_v25_22_13_v23_vv26_25_21_15_8_v15_11_2_v9_v28_22_v18_v33_30_26_21_v13_10_v32_22_7_v18_v34_30_v13_v26_19_17_6_1_v12_v12_9_v28_1_v29_2_v21_17_15_v17_v18_1_v47_44_34_v48_45_41_9_v46_10_v47_28_11_v51_48_33_30_24_23_12_v52_v50_46_44_41_28_22_14_v,54,train,193
vvvvvvvvvv1_v1_v3_1_v9_7_v3_vvvv3_vv1_v12_v8_v8_v14_13_vvv16_vv18_vvvv10_v20_v35_32_28_13_10_5_vv33_31_v32_13_v38_30_28_24_17_13_11_6_5_4_v31_v35_6_3_v3_v43_vvv23_11_v34_14_10_v37_vvv29_21_16_v45_vv32_24_22_v22_9_v37_v46_v57_39_22_19_9_2_v48_2_v53_35_25_8_6_v59_45_41_v4_1_v47_19_2_v49_41_18_v58_57_20_5_v52_40_27_13_8_6_5_v65_51_47_5_4_1_v64_55_35_31_2_v64_1_v57_33_32_2_v64_40_28_17_11_v55_38_33_22_v34_v39_v22_v48_v38_19_v,78,train,33
vvvvvvvvvvvv6_vvv2_vvv13_12_v14_13_10_6_5_4_1_vv19_vv23_vvvvv15_9_v16_v29_27_18_vvv15_v31_22_v14_v34_15_9_v36_25_17_7_5_vv33_v23_16_v17_1_v2_v3_1_v9_5_vvvvv30_vv45_11_v49_40_21_v53_30_v53_52_42_18_vv32_16_15_2_vv57_55_46_vv59_48_35_30_28_23_16_vv60_27_26_v62_60_51_43_38_31_30_29_26_3_v7_v64_53_36_28_15_5_2_v16_v55_v67_38_34_31_29_v57_v66_63_59_9_v1_v2_v5_v53_v74_63_vv7_v78_70_55_25_2_v54_16_v42_v11_v81_70_v31_26_23_v19_vv85_83_74_66_61_57_55_54_53_49_42_41_40_28_21_18_13_7_5_3_2_1_v17_10_v77_67_61_48_31_26_8_v68_53_49_27_v20_v88_79_61_57_v40_6_v54_v75_v78_71_54_53_52_44_39_7_6_v85_70_47_37_8_v78_vv72_v92_22_v23_v100_99_92_90_86_82_80_77_76_73_71_70_69_58_57_56_55_54_52_47_36_34_23_18_17_10_9_4_v102_92_91_82_63_54_41_35_25_8_7_v83_64_55_45_42_9_8_v103_94_69_43_17_v101_100_88_67_66_53_11_5_v,107,val,4
vvvvvvvvvvvvvvvvvvvvv16_1_vv20_vv10_vv5_4_v9_vv15_vvvv14_13_v28_vv18_vv34_31_6_v21_1_vvvvvvv24_7_v45_20_1_v23_v44_40_32_25_v48_3_vvv36_14_v34_21_6_v55_54_27_26_v47_32_v52_41_40_33_26_8_4_v24_11_v53_25_v46_21_vvvv56_4_v57_7_5_1_v6_v59_38_3_2_v13_vvv33_v10_v66_41_vvv46_34_v68_55_53_40_38_27_3_v73_72_61_54_41_19_v77_57_53_33_32_2_vv59_55_54_35_4_v33_v63_v47_45_7_vv78_22_21_19_v82_78_72_63_21_v67_66_62_9_7_v80_40_33_2_v48_14_vv37_v58_vvv91_89_88_80_79_78_73_72_64_57_54_47_43_39_32_31_7_1_v59_24_1_vv93_41_40_v86_v96_94_92_86_84_77_71_70_69_62_59_48_46_45_44_40_12_5_4_1_v51_1_v32_7_2_v55_48_3_vv33_10_5_v52_29_24_v103_101_93_92_91_84_76_60_51_35_13_12_11_7_5_2_vv32_vvv37_v51_v38_v20_vv103_102_76_52_28_9_v18_v57_47_6_v103_25_v56_v106_87_86_84_60_39_v69_vv117_108_37_30_25_v103_v10_v124_80_73_72_69_v114_54_34_vv2_v109_9_vv80_v134_99_97_86_57_55_v122_19_8_v62_61_37_15_v62_v104_17_v136_117_v100_99_41_37_v126_121_117_108_86_62_55_33_v94_v90_49_44_42_v109_107_69_23_vv143_124_vv73_54_v55_50_38_v100_76_61_44_v107_30_10_v155_152_151_150_149_147_146_145_144_143_142_141_139_138_137_136_133_131_130_123_122_118_117_115_114_113_112_109_106_104_103_101_99_97_93_91_90_89_88_85_84_80_79_78_75_73_72_70_67_65_60_59_57_56_54_52_51_50_47_46_44_43_42_41_40_39_38_37_36_35_33_32_31_30_29_25_23_17_16_15_14_12_9_8_7_5_4_3_2_1_v75_v18_13_v87_63_v149_134_109_102_69_35_v157_137_132_113_112_82_71_25_23_5_v42_v43_v160_140_136_116_115_112_85_83_81_19_3_v125_103_81_v10_v11_1_v90_88_81_70_65_v115_91_15_v63_26_v125_v94_80_v169_149_134_132_121_92_90_28_12_v142_v138_v141_135_120_119_81_67_v162_98_77_35_21_v22_v100_81_70_54_39_34_23_2_v172_169_158_154_152_147_143_136_134_130_128_125_123_113_109_108_107_106_105_98_58_49_36_26_25_19_15_8_v102_25_v175_156_146_81_51_11_v73_68_v127_v181_161_157_144_133_106_104_102_95_40_24_21_v168_167_127_30_v183_138_26_2_v32_v185_166_165_161_151_140_110_99_51_25_16_4_v182_129_89_v113_v,191,train,299
vvvvvvvvvvvvvvvv5_vvvvv15_vvv4_vvvvv18_13_vv20_15_2_v4_1_vv34_16_1_vvv14_v28_vv24_11_9_v35_20_9_v8_vvvvvv10_v32_13_8_v32_16_vv28_v4_vvvvvvv59_57_56_55_52_50_48_47_46_45_43_41_40_37_36_35_34_33_28_25_24_23_22_19_17_16_15_14_12_9_8_7_6_4_3_2_1_v33_v17_2_v3_v4_vv17_6_v65_61_46_45_40_37_35_28_26_20_18_12_7_2_v8_v62_60_37_v55_10_v37_v12_v13_v14_v15_v44_43_5_v51_17_v18_v10_v78_74_59_50_33_15_13_v21_v,82,val,21
vvvvvv2_vvv3_vvvv4_vvv11_vv3_v2_v6_v21_3_vv20_18_v21_19_13_7_6_5_1_vv14_v6_vvv30_vvv24_vvv19_12_v20_vvvv34_11_v19_v36_27_18_2_vv45_v41_25_23_16_vvvvvvvvvvvv34_v45_39_vv49_vv45_v46_v47_2_v52_46_7_v49_25_v50_47_40_v69_v7_6_5_v41_37_v38_vv44_40_3_v60_58_57_46_44_35_26_24_14_vv77_vv58_53_49_37_27_16_15_11_6_v23_v38_v4_v15_v76_67_66_63_58_54_40_39_22_15_9_7_5_v45_10_v54_v87_69_65_60_41_40_35_19_14_8_3_v81_74_68_60_54_50_45_40_29_22_17_16_14_12_vv86_v69_44_39_4_vv84_v6_v65_7_v8_v83_31_v84_78_59_39_10_1_v24_14_vv74_56_26_22_v78_v54_28_v80_29_vv92_76_67_47_18_9_v74_29_25_17_v102_98_90_80_75_19_v21_v109_108_98_94_90_85_82_78_75_73_71_69_68_60_57_56_55_54_53_50_30_29_24_18_16_13_10_5_v97_91_81_72_52_45_23_14_13_v,112,train,128
vvvvvvvvvvvvvvvvv17_vvvv14_vvvvvvvv4_vvv31_v12_vvvvv22_vv33_19_v41_vv38_v42_v38_30_29_25_24_11_9_7_v28_vvv47_v7_5_3_vvv8_vvv11_v54_vvv60_59_58_57_56_54_53_52_51_50_49_48_47_46_43_42_41_40_39_38_37_36_35_34_33_32_31_30_29_28_27_26_25_23_21_20_19_18_16_14_12_11_10_9_8_7_6_5_3_2_1_v,61,train,376
vv2_vvv1_v5_vv2_vv10_6_v7_v8_1_v13_2_vv15_4_vvvv15_6_vvv22_v22_2_v1_v2_v26_22_vv24_vv30_26_19_15_vv28_v10_v28_vvv33_27_24_18_11_vv35_28_27_v26_24_20_13_v41_37_28_26_v4_v12_v40_25_7_v16_9_v42_33_v25_v18_vv40_39_31_24_22_9_2_vv12_v44_35_v54_50_35_v55_51_42_5_v16_v50_v54_35_22_13_11_8_v55_31_9_v57_54_53_43_29_25_20_18_15_13_11_9_7_v60_1_v2_v3_v58_4_v,65,train,455
vvvvvvvvvvvvvvvvvvvvv6_vv8_vvvvvv28_vv17_8_vv29_20_19_15_14_2_vvv30_v31_1_vvvvvv17_v43_vvv25_24_v44_41_36_30_10_v42_1_vvvvvv25_vvv26_v55_54_47_46_45_41_39_31_26_8_7_3_vvvv28_vvvvv53_v31_v27_v59_58_45_33_v58_51_50_49_37_25_v41_vv71_42_v34_vv66_7_3_v36_7_vv60_9_v56_v51_27_v62_61_12_vvvv18_v46_30_v18_v91_90_89_88_87_86_85_84_83_82_81_80_79_78_77_76_75_74_73_72_71_70_69_68_67_66_65_64_63_62_61_60_59_58_57_56_55_54_53_52_51_50_49_48_47_46_45_44_43_42_41_40_39_38_37_36_35_34_33_32_31_30_29_28_27_26_25_24_23_22_21_20_19_18_17_16_14_13_12_11_10_9_8_7_6_5_4_3_2_1_v91_1_v2_v3_1_v84_42_14_4_v54_v39_25_18_6_2_v7_v8_v87_86_67_9_v10_v,102,train,0
vvvvvvvvvvvvvv1_v9_6_vvvvvvvvvvvvvv26_vvvv26_20_vvvvvv10_v38_vvvvv5_vvvv29_vvvvv33_v45_vvv41_24_22_9_v30_v50_22_vvvv11_vv36_27_vvv67_24_v2_v69_31_2_vvvv32_v59_18_vvv53_33_v42_v69_61_v79_66_62_56_54_23_18_13_10_2_v49_25_vv34_vvvv34_v35_v90_vvvv27_v3_v88_68_42_15_v69_v59_54_28_17_v51_42_13_v90_70_32_23_v88_v65_v49_v94_68_42_vv96_79_49_29_20_vv51_vv56_29_vv110_54_16_15_v112_49_43_32_vv15_v107_101_89_62_58_20_4_vvvv112_46_v121_105_103_64_57_v102_80_26_17_v79_53_25_23_vv17_v121_110_106_33_v22_21_vv92_50_vv122_121_104_77_72_66_65_43_35_28_25_19_15_14_v78_1_v105_95_17_2_v126_v86_78_13_9_vv23_v11_v137_129_101_42_8_6_v103_v124_v46_v86_vv144_143_142_141_136_135_130_122_118_114_111_108_106_91_87_85_84_83_82_80_79_77_73_60_58_57_56_49_42_41_40_39_38_35_32_31_29_26_22_18_13_11_10_9_5_1_v6_v139_26_22_v131_98_74_v82_v78_5_v94_v115_30_21_vv63_v154_116_87_78_60_50_49_42_32_v92_v3_v13_v14_v77_52_35_v107_v161_123_118_94_92_70_64_56_49_39_v154_47_18_v48_v160_157_145_91_72_59_44_30_18_v21_vv46_v115_111_57_53_47_38_27_24_v153_120_89_86_48_v119_v27_v28_v117_14_v84_50_49_42_10_v177_2_v176_138_133_109_107_79_54_22_15_v47_33_14_v101_95_v172_151_43_v165_124_73_v177_174_168_35_17_v30_v121_56_31_19_1_vv41_v138_52_v172_147_132_131_97_78_70_41_v167_vv153_148_98_9_v178_114_v161_v192_160_158_156_155_133_129_126_124_98_89_88_81_77_71_67_56_54_35_32_17_14_vv129_115_v144_62_32_2_v7_v197_110_103_102_54_30_v198_172_103_88_69_61_55_1_v56_v148_71_57_v58_v147_129_6_v101_99_96_v61_v170_141_62_46_v66_v128_90_v65_vv211_173_144_135_107_106_99_89_v155_137_124_68_v122_119_59_v61_58_v173_v201_164_160_118_111_v34_v64_7_v187_172_163_134_16_3_v117_115_93_83_27_v184_91_77_42_v118_117_85_78_29_v144_vv81_v131_58_v202_191_182_174_147_83_v148_84_v213_180_156_152_146_51_45_v229_203_158_135_119_31_15_vv73_v181_177_76_v20_v145_79_v185_174_100_83_80_22_16_2_1_v186_84_81_2_v177_162_115_94_66_45_36_v211_202_109_105_100_95_46_1_v224_191_183_167_163_145_72_62_49_v225_197_192_168_164_50_v242_175_81_v243_200_174_146_140_89_82_67_50_32_v244_168_v245_176_142_91_84_69_52_34_v119_102_72_42_29_26_v134_68_11_v206_118_112_104_58_1_v170_v224_197_139_135_129_120_106_88_87_v175_v118_v254_238_236_164_v239_174_67_58_8_1_v2_v213_159_142_112_13_11_v124_121_101_87_21_20_10_v245_238_235_206_149_42_1_v246_213_212_207_180_161_43_40_v247_170_114_2_v140_v222_145_75_v235_193_176_161_158_132_59_17_v228_202_184_136_134_120_v186_v228_199_197_175_161_144_90_48_38_15_v267_229_228_200_198_191_168_155_25_24_23_22_16_1_v255_10_2_v3_v145_106_105_89_v273_259_240_225_215_191_137_127_112_105_90_61_50_v266_256_223_5_v257_224_190_157_152_126_104_89_v267_217_204_169_110_50_v268_235_193_185_177_170_158_102_94_56_13_v238_207_154_122_115_100_65_32_v236_158_130_113_48_37_36_v236_148_134_88_30_4_v237_199_149_135_89_31_7_5_1_v245_136_82_6_v187_127_v202_138_v203_139_v204_21_v205_97_v233_206_199_184_155_78_v143_v218_177_163_144_124_v233_30_v234_31_v186_183_112_87_v184_99_v292_279_267_266_263_256_240_231_228_206_205_198_197_192_191_188_178_163_162_160_155_154_142_125_94_88_72_43_29_22_v181_150_1_v242_165_151_74_11_2_v269_185_152_3_v244_167_11_4_v206_108_v288_178_155_v156_v183_157_93_v158_109_v173_159_v160_v296_175_161_v231_162_26_v299_253_219_179_163_95_76_43_27_v258_247_205_204_203_200_190_182_169_164_104_86_80_78_69_58_17_16_v180_165_38_v215_v4_v217_180_3_v183_92_v247_v159_81_79_v211_70_v294_59_v154_122_30_v272_v200_80_v303_278_252_224_213_211_206_199_176_167_160_145_132_117_93_82_71_30_29_22_v201_159_v242_173_129_127_v219_119_16_3_v34_17_1_v203_126_43_v20_v224_207_165_v56_v84_v226_v307_296_105_v297_v,336,train,496
vvvvvvv3_1_vvvvv7_v1_v8_vvvvvv17_3_v2_vvv12_11_6_v13_v8_6_vvv29_v27_20_2_v13_v14_v3_v18_vv28_23_17_12_2_v7_vv37_35_17_16_v39_32_vvv40_25_v14_v39_37_26_25_22_15_vv28_11_2_vv3_v11_vv37_v53_52_48_29_28_24_15_13_11_7_4_v24_vv14_v44_1_v26_v35_19_vv42_40_25_16_vv33_9_v47_v48_v49_2_v24_v51_29_v52_49_42_v35_v15_vv63_43_36_v71_v11_10_9_v55_28_25_v47_v48_41_39_5_v64_17_v69_45_41_25_23_21_10_v53_51_4_v66_65_25_v62_47_v81_v79_67_65_61_55_53_49_46_34_33_32_21_20_16_6_5_v56_23_9_5_v48_v88_35_v50_v2_v61_v62_v36_v25_v86_79_78_75_71_65_54_52_35_21_13_11_10_v11_8_6_v97_68_44_v95_81_77_72_53_50_47_29_19_13_3_v69_45_v47_v62_28_23_v102_49_v73_49_17_v83_56_53_6_v49_48_v96_76_72_69_67_43_26_20_19_5_3_v77_21_v85_72_55_50_v83_66_42_27_24_v57_v39_26_6_v88_33_27_v83_22_v84_v85_2_v73_49_10_7_v63_44_37_31_11_v105_91_84_81_79_v113_87_80_61_v72_69_35_15_v91_67_v99_92_82_78_69_65_42_29_14_v,123,train,188
vvvvvvvvv7_2_vv3_vv6_v4_v5_vv6_vvv17_4_v2_v16_12_vv18_14_8_7_2_v14_v8_6_vv25_16_1_v11_v19_v3_v21_13_v5_v12_v34_33_13_12_v25_v27_9_v31_28_27_19_18_16_10_v20_7_1_vv6_v20_vv34_v45_9_v32_31_18_v43_v40_23_19_v30_28_17_11_v22_4_v3_v36_17_v37_33_v49_35_15_5_v7_v44_42_28_23_v42_29_v28_9_v49_v46_32_27_25_4_1_vv27_v36_35_6_v56_39_16_v58_47_45_37_36_33_30_22_20_12_4_3_v38_16_9_3_v32_v68_64_23_21_14_v34_v2_v43_v44_v26_5_v58_54_46_9_v64_39_v11_8_6_v74_61_56_51_39_37_34_24_16_12_3_v50_32_v34_v65_45_24_20_v70_17_v54_36_16_v62_43_40_6_v72_70_56_51_49_34_25_22_18_17_4_2_v57_19_v76_69_64_61_54_41_38_22_5_vv40_2_v78_53_v62_19_vv38_24_1_v65_v83_58_v8_v68_6_v43_29_27_18_5_v84_65_63_v92_70_64_51_12_v62_46_1_v73_55_v54_16_v97_95_93_81_75_69_67_66_58_41_17_v,104,train,508
vvvv2_v5_v4_v5_2_vvvv2_v11_vv12_vvv15_v18_11_v4_vvvv14_v21_18_17_15_12_9_8_3_2_v19_16_15_11_10_5_4_3_v15_1_v2_vv29_7_v28_v10_7_6_v29_17_16_11_7_v28_8_1_v9_vvvvvv40_32_5_vv18_1_v19_v28_21_12_v24_1_v31_v45_v33_v25_24_17_15_13_11_10_5_v42_1_v43_38_36_30_27_26_23_16_15_14_7_2_v50_35_v44_v32_v50_37_14_13_v7_v43_33_22_v49_v37_v36_v52_v61_50_v58_48_35_18_10_2_v,64,val,24
vvvvvvvvvvvvvvv13_vvvvvvvvvv2_v19_vv23_13_5_v27_14_7_vv18_12_v3_v14_2_v3_v4_1_v8_vvvvvvv40_33_25_18_11_v13_v45_44_43_38_35_34_28_27_16_vv28_16_14_2_vvv49_43_40_30_24_18_14_vv50_24_23_v26_8_v6_v10_v14_v56_v54_52_49_7_v1_v2_v46_v4_vv44_v20_v36_v9_v25_20_18_vv12_8_vv63_57_50_41_24_20_6_v58_44_42_21_v16_v52_32_vv59_32_v65_59_45_44_43_34_31_6_5_v34_29_v51_v72_60_40_32_9_vv61_v82_81_76_74_72_70_68_64_63_60_59_58_57_48_47_46_45_44_42_38_28_27_20_15_13_9_8_2_v84_76_75_70_54_44_33_28_22_7_4_v71_55_45_37_34_8_5_v85_78_58_35_15_v71_57_35_10_v,89,train,235
vvvvv3_vvvvvv1_vvvvvvv11_vvvvvvv18_v24_v25_22_vv19_v11_v2_vvvv25_16_vv11_10_v17_v16_v4_v22_v14_vvvvvv46_25_vv43_41_4_v48_28_1_v8_vvvvvv56_53_19_v32_8_1_v29_vvv55_51_41_33_30_v59_6_v55_31_vv45_16_v43_8_v43_30_v70_29_v70_67_31_30_v60_42_39_v65_52_51_43_28_10_6_v16_vv41_26_vv75_v60_28_v61_39_29_vv55_v35_vv74_6_v75_12_7_1_v8_v77_47_3_2_v53_18_vvvv43_v85_48_vv94_84_69_66_61_47_45_32_6_v54_43_v50_11_2_v27_11_3_v92_78_70_51_v73_v97_75_65_44_43_20_6_v76_66_64_44_21_7_v41_v80_vv89_37_3_vv93_vv62_60_15_vv102_28_27_25_v107_59_v107_103_95_85_82_28_v90_89_79_14_13_v105_84_54_45_2_v64_21_v41_vv93_v51_vvv64_vvvv121_120_118_108_107_106_101_99_83_78_75_66_62_56_44_43_12_1_v80_36_1_vv97_81_76_v115_61_60_34_4_v78_38_v116_106_v128_127_124_116_114_106_103_93_91_90_85_82_69_65_64_63_55_37_19_7_6_1_v72_14_1_v45_9_2_v76_67_3_v46_11_4_vv118_81_71_42_37_35_17_v136_95_93_92_87_81_11_vv35_v93_v139_138_127_126_125_117_101_87_74_53_19_18_17_11_9_7_v148_vv114_50_v134_vv69_v58_v123_26_v10_v21_v135_29_v72_51_v63_v141_140_107_74_43_12_v140_114_113_111_106_78_51_30_28_19_18_v92_37_v152_141_131_65_47_35_31_28_vv153_v137_v119_36_34_v85_75_16_v9_v163_108_99_98_92_v151_75_43_v78_v28_v145_42_12_v47_v100_50_vv108_vv22_v180_177_133_131_118_100_80_79_v176_132_v164_23_13_vv90_89_50_24_v91_v140_126_26_v85_84_v162_89_v183_161_v178_v162_142_115_v187_139_v141_140_59_54_vv191_v176_171_161_142_125_95_82_66_64_55_48_v192_151_148_103_85_v136_v166_130_102_72_65_63_25_v153_151_106_40_v23_v196_174_v128_78_28_v130_110_107_96_77_v160_78_71_47_v142_111_88_61_v181_v151_48_12_v211_206_205_204_203_202_200_199_198_197_196_195_191_190_189_188_185_183_181_166_165_163_162_160_159_158_157_154_151_147_146_144_140_138_130_127_126_125_124_121_120_119_116_114_109_108_107_100_96_94_87_83_81_80_76_74_73_72_69_64_61_60_59_58_57_56_55_54_53_52_51_50_49_48_46_40_37_27_25_24_23_16_10_9_8_6_5_4_3_1_v161_55_50_14_v81_51_1_v28_16_v123_109_91_v204_186_153_144_99_54_v130_v213_191_179_160_159_122_102_40_36_7_v58_v59_v219_216_194_184_163_162_157_139_125_119_118_23_3_v172_143_118_v174_v13_v176_125_v148_107_v16_3_v208_v132_129_100_93_v71_v72_47_v184_170_v194_182_175_51_v227_v184_v170_139_28_v227_208_96_42_38_v141_120_v237_234_212_190_188_175_157_137_136_41_21_6_v189_172_169_98_47_14_v225_145_135_110_56_53_30_8_v167_164_123_31_16_v167_147_144_131_114_101_98_81_57_45_32_2_v233_215_209_179_7_v4_v234_221_216_209_201_192_186_182_179_175_160_155_154_153_152_77_75_51_38_36_28_24_8_v151_36_v240_218_77_v102_89_v155_v180_v250_247_225_215_201_188_170_156_150_149_136_54_34_31_v232_231_180_42_v249_196_36_2_v59_44_v251_230_229_219_208_198_160_140_74_35_17_4_v252_199_175_24_v161_v163_148_60_57_v238_232_187_35_v243_242_220_210_206_191_182_157_156_119_72_v,262,train,225
vvvvvvv7_vvv4_1_vvv13_2_vv5_vv17_v8_vv7_v9_vv23_19_10_v24_1_v12_v2_v14_v15_v18_16_3_v30_vv27_19_18_v32_28_25_20_10_v11_10_7_v23_v13_v14_v27_v14_vv31_v19_5_v32_v42_31_25_17_13_9_3_v35_v43_33_6_v31_16_v17_v49_36_25_16_15_12_7_v37_4_v38_29_27_v41_v6_1_v47_38_29_2_v,55,train,56
vvvvvvvvvvvvvv11_7_vv2_vv17_v18_v20_vvvv16_vvv26_vvvv12_vvv5_vvv35_v14_vvvvvv36_20_v45_vv43_v29_v28_vv37_v48_vvvv37_vvvv54_v60_54_46_vvv64_62_60_59_58_57_56_55_54_53_52_51_47_44_43_42_41_40_39_38_36_35_34_32_31_30_29_28_27_26_25_24_23_22_21_20_19_18_17_15_14_12_11_10_9_7_6_5_4_2_1_v,65,val,61
vvvvvvvv7_v2_v3_v4_vvv7_v8_vvvvvvvv23_vvv5_v6_1_vvvvv4_vvvvv31_vvvvvv21_v9_v24_18_11_v39_vvvvv20_vvv43_41_vvvv51_30_v52_vvvv7_1_vv34_33_14_vv2_vv56_34_25_v57_35_26_v59_51_vvv68_37_11_v47_17_10_v31_vv21_v35_vvv22_9_1_v38_v19_vvv57_vvvvv9_vv23_v66_38_27_21_v76_30_19_7_v65_43_9_v85_v78_73_54_v36_5_v94_vvvv88_vv1_v83_48_35_27_26_16_v1_v109_107_106_105_103_98_92_88_87_86_81_77_76_66_65_63_60_55_47_45_42_40_39_36_30_22_21_20_16_12_11_10_8_6_4_2_v33_1_v9_6_v20_v25_4_v5_v30_6_vv68_v13_v74_32_1_v69_5_v94_92_68_37_27_25_12_v121_117_86_85_68_62_60_51_49_32_28_20_13_6_v107_82_v15_v96_v99_73_30_v65_v105_19_v117_98_75_v118_103_73_34_9_4_v22_v40_v24_v25_v50_28_v77_29_28_v93_vv98_14_v109_31_14_v79_v126_101_v94_34_v45_vv37_1_v132_106_100_55_43_9_8_v148_v148_144_131_114_113_111_110_109_101_98_97_93_89_84_73_59_57_54_37_33_27_24_17_v109_41_25_11_v,152,train,346
vvvvvvvvvvvvvvvvv13_vvvvvvvvvv6_v11_vvvv27_vvvvv7_vv21_vv23_v7_v16_vvv15_14_vv46_6_v2_v34_32_v25_vv37_35_15_11_3_vv11_vv13_9_vvv34_v57_53_5_vv61_37_2_v20_vvv23_vv46_31_vvvv44_43_41_10_vv70_46_24_2_v38_23_3_v4_vv41_vv74_71_59_42_41_v77_7_vvv63_22_vv59_40_32_8_v88_38_v39_v80_51_50_v84_71_69_52_37_10_6_vv65_9_vv54_34_v94_52_v79_34_v83_80_70_51_50_48_35_vv35_14_v69_vvv57_17_6_v5_vvv107_v100_12_v101_13_1_v14_vvv77_v41_vvvv58_v86_v66_28_v112_90_83_81_60_59_40_19_6_v71_53_vv35_3_v66_15_4_v122_95_81_54_52_26_5_v96_82_77_55_27_6_vv49_vvv86_84_46_35_vv73_72_13_v94_v95_v96_2_v135_68_v133_130_121_101_100_29_v110_109_95_14_13_v132_102_61_52_2_v47_v102_55_v103_97_87_vvv141_140_139_128_126_122_112_109_92_85_78_67_63_57_45_39_38_6_1_v49_v148_123_76_50_v90_3_vv150_136_v105_47_42_v114_92_83_vv140_67_66_32_9_v86_36_v141_v153_152_150_141_138_121_120_108_106_104_97_90_75_71_70_69_61_35_18_12_9_1_v78_1_v62_v129_29_v45_16_4_v84_75_5_v77_35_v163_107_106_104_95_87_12_v20_8_vv135_132_128_111_39_v164_163_152_151_149_132_115_92_80_24_23_20_11_7_3_v72_v146_99_23_vv15_v127_89_v175_154_vv164_135_131_124_116_112_92_90_67_59_58_43_42_34_16_13_v106_v155_33_v160_122_120_119_110_74_47_27_24_15_13_v61_48_v174_158_144_59_42_36_27_24_v63_v38_vvv78_v171_170_120_79_v102_v130_37_34_v186_112_103_102_96_v174_71_46_v95_vv49_v193_136_135_116_97_71_70_v195_136_v181_10_7_v71_70_v57_v81_80_43_21_v82_v145_125_23_v176_169_v183_169_165_159_152_144_113_111_75_57_37_30_28_v135_10_v30_v60_37_v186_117_61_v142_141_52_v211_171_164_156_115_106_101_68_50_34_6_v192_182_168_156_142_123_86_73_59_56_47_40_vv212_156_153_94_77_60_33_v176_128_92_69_57_53_20_v156_155_96_36_35_v122_vvv148_v174_116_111_10_v188_175_v77_65_v153_44_12_v227_226_223_222_221_220_219_218_217_216_215_214_213_208_207_205_201_196_191_188_173_171_167_165_164_161_159_157_149_148_145_144_142_138_136_128_119_118_117_116_111_110_109_104_103_100_99_97_92_87_85_81_80_76_75_68_66_63_62_61_56_53_52_49_46_45_42_41_40_39_38_37_36_34_31_27_24_23_22_15_10_9_7_6_2_1_v165_53_46_14_v134_107_104_81_2_v107_59_3_v76_49_3_v214_182_145_111_v206_v224_195_153_144_92_52_v230_203_184_162_160_113_94_37_8_v231_204_190_163_161_154_135_114_109_108_22_1_v176_140_107_v145_v182_143_96_69_60_v13_v14_1_v63_vv121_96_84_v222_v201_133_96_73_36_vv193_85_69_v222_v221_199_187_175_52_v188_v40_36_v130_28_26_v249_222_217_192_191_172_153_140_127_126_48_46_40_19_4_v213_197_v164_160_113_29_17_v243_135_105_52_30_7_v163_136_133_110_92_76_55_44_31_1_vv250_221_214_206_202_190_181_178_175_171_150_143_142_141_67_48_34_30_25_23_v139_34_v155_150_83_v165_v259_234_232_218_201_182_163_142_137_136_123_50_29_28_v245_243_174_38_v261_235_234_220_206_191_144_125_68_30_12_2_v262_192_166_17_v263_237_236_208_193_146_70_32_14_4_v42_v176_v266_196_36_7_v45_v270_257_256_255_240_223_214_210_202_189_185_180_176_171_167_152_144_143_142_120_107_72_58_41_35_30_26_14_3_v,274,train,276
vvvvvv4_vvvvv1_vvvvvvv11_vvvvvvv18_v24_v25_21_vv19_v11_v2_vvvv25_16_vv11_10_v17_v16_v4_v22_v14_vvvvvv46_25_vv43_41_4_v48_28_1_v8_vvvvvv56_52_19_v32_8_1_v29_vvv55_51_41_33_30_v58_6_v55_31_vv45_16_v43_8_v43_30_v70_29_v70_67_31_30_v60_42_39_v65_52_51_43_28_10_6_v16_vv41_26_vv75_v60_28_v61_39_29_vv55_v35_vv74_6_v75_12_7_1_v8_v77_47_3_2_v53_18_vvvv43_v85_48_vv94_84_69_66_61_47_45_32_6_v54_43_v50_11_2_v27_11_3_v92_78_70_51_v73_v96_75_65_44_43_20_6_v76_66_64_44_21_7_v41_v80_vv89_37_3_vv93_vv62_60_15_vv102_28_27_25_v107_59_v107_103_95_85_82_28_v90_89_79_14_13_v105_84_54_45_2_v64_21_v41_vv93_v51_vvv64_vvvv121_120_118_108_107_106_101_99_83_78_75_66_62_56_44_43_12_1_v80_36_1_vv97_81_76_v115_61_60_34_4_v78_38_v116_106_v128_127_124_116_114_106_103_93_91_90_85_82_69_65_64_63_55_37_19_7_6_1_v72_14_1_v45_9_2_v76_67_3_v46_11_4_vv118_81_71_42_37_35_17_v136_95_93_92_87_81_11_vv35_v93_v139_138_127_126_125_117_101_87_74_53_19_18_17_11_9_7_v148_vv114_50_v134_vv69_v58_v123_26_v10_v21_v135_29_v72_51_v63_v141_140_107_74_43_12_v140_114_113_111_106_78_51_30_28_19_18_v92_37_v152_141_131_65_47_35_31_28_vv153_v137_v119_36_34_v85_75_16_v9_v163_108_99_98_92_v151_75_43_v78_v28_v145_42_12_v47_v100_50_vv108_vv22_v180_176_133_131_118_100_80_79_v176_132_v164_23_13_vv90_89_50_24_v91_v140_126_26_v85_84_v162_89_v183_161_v178_v162_142_115_v187_139_v141_140_59_54_vv192_v176_171_161_142_125_95_82_66_64_55_48_v192_151_148_103_85_v136_v166_130_102_72_65_63_25_v153_151_106_40_v23_v196_174_v128_78_28_v130_110_107_96_77_v160_78_71_47_v142_111_88_61_v181_v151_48_12_v211_206_205_204_203_202_200_199_198_197_196_195_191_190_189_188_185_183_181_166_165_163_162_160_159_158_157_154_151_147_146_144_140_138_130_127_126_125_124_121_120_119_116_114_109_108_107_100_96_94_87_83_81_80_76_74_73_72_69_64_61_60_59_58_57_56_55_54_53_52_51_50_49_48_46_40_37_27_25_24_23_16_10_9_8_6_5_4_3_1_v161_55_50_14_v81_51_1_v28_16_v123_109_91_v204_186_153_144_99_54_v130_v212_191_179_160_159_122_102_40_36_7_v58_v59_v219_215_194_184_163_162_157_139_125_119_118_23_3_v172_143_118_v174_v13_v176_125_v148_107_v16_3_v208_v132_129_100_93_v71_v72_47_v184_170_v194_182_175_51_v227_v184_v170_139_28_v227_208_96_42_38_v141_120_v237_233_212_190_188_175_157_137_136_41_21_6_v189_172_169_98_47_14_v225_145_135_110_56_53_30_8_v167_164_123_31_16_v167_147_144_131_114_101_98_81_57_45_32_2_v233_215_209_179_7_v4_v234_221_216_209_201_192_186_182_179_175_160_155_154_153_152_77_75_51_38_36_28_24_8_v151_36_v240_218_77_v102_89_v155_v180_v250_246_225_215_201_188_170_156_150_149_136_54_34_31_v232_231_180_42_v248_196_36_2_v59_44_v250_230_229_219_208_198_160_140_74_35_17_4_v251_199_175_24_v161_v163_148_60_57_v238_232_187_35_v243_242_220_210_206_191_182_157_156_119_72_v,262,train,122
vvvvv1_vvvvvvv1_vvvvvvv12_vvvvvvvv20_v24_v25_24_vv20_v12_v2_vvv25_16_vvv11_10_v17_v16_v4_v23_v14_vvvvvvv47_26_v45_42_4_vv52_29_2_v9_vvvvvvv33_8_v59_58_22_1_v31_vvv59_54_43_35_32_v63_5_v58_32_vv47_17_v45_8_v45_32_v74_31_v62_43_40_v75_73_34_33_v69_54_53_45_30_10_6_v15_vv44_28_v72_vv81_v64_30_v65_42_31_vv58_v7_v38_vv79_7_v80_14_8_1_v9_v82_51_3_2_v57_19_vvvv47_v90_52_vv98_89_73_70_66_49_48_34_14_6_v82_58_46_v53_11_2_v30_11_3_vv99_98_83_75_54_26_v3_v104_80_70_47_46_22_7_v81_71_69_48_23_8_v81_v45_v86_vvv97_42_4_vv101_vv67_66_18_vv110_31_30_28_vv117_66_v117_112_103_93_90_32_v98_97_87_17_16_v114_92_60_52_2_v71_25_v46_vv101_v56_vvv70_vvvv131_129_127_116_115_114_109_107_91_85_82_72_68_62_51_48_47_12_1_v88_40_1_vv123_67_65_37_3_v107_89_84_v85_42_v125_114_v138_136_133_124_122_114_111_101_99_98_92_89_75_71_70_69_60_41_19_7_6_1_v78_14_1_v49_9_2_v82_74_3_v50_11_4_vv126_87_76_45_39_36_17_v146_102_101_99_94_87_10_vv36_v100_v149_147_135_134_133_125_109_93_80_57_19_18_17_11_9_7_v158_vv122_53_v143_v16_vv74_v63_v132_27_v11_v65_v144_30_v77_53_v158_146_136_66_44_32_29_25_v150_149_115_79_44_13_v149_122_120_119_114_83_53_30_29_20_19_v98_38_vv86_76_12_v145_v164_v126_36_35_v8_v173_114_106_104_97_v159_79_43_v82_v28_v3_v154_44_12_v48_v106_51_vv114_vv22_v189_188_140_139_125_106_84_83_v187_140_v173_23_14_vv95_94_51_24_v96_v148_133_26_v88_87_v171_90_v194_170_v170_149_120_v189_v198_147_v149_148_60_55_vv184_179_169_158_149_131_98_82_65_64_55_48_v203_v203_159_156_108_86_v143_v176_136_107_73_66_64_25_v160_159_111_40_v23_v207_183_v134_79_28_v137_115_112_98_78_v169_79_72_50_v149_116_89_62_v190_v159_48_13_v222_217_216_215_214_212_210_209_208_207_206_205_200_199_198_197_194_192_190_175_174_171_169_168_167_166_165_161_158_154_153_151_146_145_136_132_131_130_129_126_125_124_121_119_113_112_110_102_97_95_88_84_82_81_77_75_74_73_70_65_62_61_60_59_58_57_56_55_54_53_52_50_49_48_47_41_38_27_25_24_23_16_10_9_8_6_5_4_3_1_v169_61_50_15_v81_51_1_v28_17_v128_112_92_v214_195_160_152_100_54_v135_v224_200_188_167_166_127_103_40_36_7_v58_v59_v228_227_203_193_170_169_164_145_130_123_122_24_3_v181_149_121_v181_v13_v183_129_v154_108_v16_3_v217_v137_133_119_101_94_v71_v72_47_v192_177_v203_190_181_51_v238_v192_v177_144_28_v237_217_97_42_38_v146_121_v246_245_221_197_196_182_163_141_140_42_21_6_v206_v198_180_176_100_49_15_v236_151_139_112_57_54_31_9_v175_171_125_32_17_v175_153_150_132_116_103_100_82_58_47_33_2_v244_225_220_187_8_v4_v249_245_231_226_219_211_208_201_198_194_190_187_182_166_161_160_159_158_152_143_82_77_52_39_37_29_25_9_v157_37_v252_228_79_v104_93_v186_v162_v260_259_235_225_210_196_177_162_155_154_138_56_35_32_v242_241_188_43_v261_203_37_2_v60_45_v263_240_239_229_217_205_166_142_75_36_18_4_v264_206_182_25_v246_240_193_34_v169_151_61_58_v253_252_229_218_214_198_188_160_159_120_72_v,273,train,431
vvvvvv5_vvvvvvvvvvvvv15_vvvvv12_7_vv9_6_2_vvvvv7_vv16_vv16_v2_v33_vvv5_vvvvv13_vvv34_1_vvv38_v28_vvv27_vv14_vvvvv6_2_v34_vvv8_vv3_vv26_v38_v31_v63_56_v19_vv75_v73_40_15_v27_15_v54_vv13_v74_27_vvv46_vv70_67_61_v37_vvvv26_v85_12_v63_v22_v88_73_71_41_29_27_19_17_v78_68_54_46_44_40_38_34_9_v57_1_v2_v3_v4_v93_90_85_82_76_71_69_53_37_31_21_15_12_vv7_v60_v10_v66_vv48_vvv64_v94_33_30_19_vv115_113_112_110_108_105_100_97_94_93_92_85_83_71_70_69_65_61_53_51_48_45_42_38_31_26_25_24_20_12_10_9_7_5_4_1_v34_1_v8_6_v24_v29_4_v5_v6_v105_102_98_35_20_v57_v46_36_27_v114_106_82_74_39_21_4_v38_29_v126_123_90_89_73_69_65_52_50_35_31_18_12_4_v101_32_13_v27_v15_v104_v70_v114_93_v112_19_v122_81_v34_v35_v36_v37_v38_1_v100_84_v101_v28_v125_64_61_50_v30_v105_74_33_2_v32_v77_61_46_v34_v19_v89_v29_v103_38_v39_v61_5_v155_152_140_122_119_117_115_114_108_105_104_101_98_91_75_64_62_54_43_33_29_25_12_v42_26_7_v,158,train,465
vvvvvvvvvvvv3_vvvv13_11_9_vv7_vvvv22_20_18_4_vv20_2_v21_1_v13_vvv1_v18_v19_v31_vv30_9_vv10_v26_19_15_v22_v27_v36_29_21_18_v29_v34_v27_vv31_10_v22_v25_23_22_7_v4_v45_32_27_24_15_2_v10_5_v27_v30_8_4_vv26_v51_49_47_44_43_38_33_32_31_30_29_28_27_26_23_9_8_5_3_v51_40_v2_vv51_2_v37_33_vv16_10_7_v39_v61_59_57_56_54_50_49_48_45_44_43_31_29_26_21_19_11_9_8_7_6_3_v1_v66_65_50_34_v,67,train,300
vvvvvvvvvvvvvv8_v12_8_1_vvvv19_vv15_v16_6_vvv19_vv10_v22_vvvvvvv29_vv5_vvv38_v14_vvvvv29_19_v47_vv43_v46_v28_vv47_25_v39_v51_v7_vvvvvv54_v62_56_43_vvv66_64_62_61_59_58_57_56_55_54_53_50_49_48_47_43_42_40_39_37_36_35_34_33_32_30_29_28_27_26_25_24_23_22_21_20_19_18_16_15_14_11_10_9_8_7_6_5_4_2_1_v,67,train,139
vvvvvv2_vvv4_v4_vvvvvvvvv3_vvvvv8_vvvv12_vvv5_v27_vvvv3_v7_vv23_vvv21_vv35_v11_vv41_39_32_8_v43_v33_vv47_35_vvvvv43_40_1_v10_vv45_v32_vv54_29_26_vv56_31_28_v58_v61_33_v9_v52_17_8_v32_v34_v63_vvvvvv8_6_1_vvvvv40_v42_v53_v38_v21_v67_26_20_v11_v73_67_64_61_42_37_35_v48_10_v2_v70_69_64_45_39_19_13_3_vv86_v58_v9_v69_v94_88_41_v83_v11_vvvvvv106_105_104_103_102_99_95_94_89_88_86_77_76_70_69_66_63_56_48_46_45_42_41_39_34_27_26_25_20_12_11_10_5_4_3_2_1_v91_v28_2_v3_v104_36_v5_v65_2_v22_21_v72_v59_v111_v79_70_v85_56_v103_92_72_44_32_27_13_v104_92_73_v71_63_54_34_15_v16_v118_65_v109_108_77_32_v90_78_32_v121_v122_119_118_113_99_96_77_71_64_44_v111_22_v113_107_v125_v126_v124_117_116_90_87_81_80_58_55_54_43_40_20_13_8_7_v119_74_v100_51_9_v93_v30_v31_v32_v82_41_v112_34_16_v95_14_v99_36_v138_v38_v98_92_71_v99_v109_30_v42_v,149,val,23
vvvvvvvvvvv3_vvv4_v13_11_9_vvvvvv21_18_7_vv12_v21_3_v22_1_v14_vvv1_v9_v20_v31_v30_8_v24_20_13_vvv11_v23_v28_v37_30_22_19_v30_v35_v28_vv32_9_v22_v26_23_22_7_v4_vv47_34_29_25_17_3_v11_6_v28_vv33_10_6_vv28_v54_52_50_47_46_41_36_35_33_32_31_30_29_28_25_11_10_6_3_v54_43_v2_vv54_2_v40_35_vvv19_11_8_v42_v65_63_61_60_58_54_52_50_49_48_47_32_31_29_24_22_12_10_9_8_7_3_v1_v55_20_16_6_v70_69_55_38_v,71,train,474
vvvvv1_vvvvvv1_vvvvvvv11_vvvvvvvvv20_v24_v25_24_vv21_v13_v2_vvv26_17_vvv11_10_v18_vvv18_v6_v26_v16_vvvvvv48_27_vv47_45_4_v53_30_1_v8_vvvvvvvv35_9_v61_60_22_1_v33_vvv61_57_46_37_34_v65_5_v61_34_vv50_18_v47_8_v47_32_v76_31_v65_45_42_v77_75_34_33_v71_57_56_47_30_10_6_v15_vv46_28_vv82_v66_30_v67_41_31_vv59_vv38_vv81_7_v82_13_8_1_v9_v84_50_3_2_v58_18_vvvv46_v92_51_vv99_91_74_71_67_50_48_33_14_6_v84_57_46_v53_11_2_v29_11_3_v99_84_75_54_v2_v104_80_70_45_44_21_6_v81_71_67_46_22_7_v81_v43_v86_vv97_39_3_vv101_vv66_64_16_vv110_29_28_26_vv116_64_v116_112_103_92_89_30_v97_96_86_16_15_v114_91_57_49_2_v69_23_v44_vv100_v53_vvv67_vvvv130_129_127_116_115_113_108_106_88_83_80_69_65_59_49_46_45_12_1_v85_38_1_vv123_64_62_35_3_v106_87_81_v82_40_v125_113_v137_136_133_124_122_113_110_98_96_95_90_87_72_68_67_66_58_39_19_7_6_1_v75_14_1_v47_9_2_v79_71_3_v48_11_4_vv125_84_73_44_38_36_17_v145_100_98_97_91_84_10_vv36_v98_v148_147_135_134_133_124_106_90_77_55_19_18_17_11_9_7_vv158_v121_52_v143_v16_vv72_v61_v131_27_v11_v146_145_109_73_40_10_v64_v144_31_v158_145_135_64_44_32_29_25_v77_55_v149_120_119_117_111_81_53_30_29_20_19_v95_38_vv143_v85_75_13_v115_10_v165_v126_37_36_v172_111_103_101_95_v159_77_43_v80_v28_v122_7_v153_44_12_v48_v104_51_vv111_vv20_v188_187_139_137_122_104_83_82_v186_138_v173_27_14_vv93_92_51_24_v94_v146_130_26_v87_86_v170_89_v193_169_v169_147_118_v189_v197_145_v147_146_60_55_vv184_178_168_146_128_97_82_65_64_55_48_v202_v202_157_154_106_86_v140_v175_133_105_73_66_64_25_v159_157_109_40_v23_v206_182_v132_79_28_v134_113_110_98_78_v166_79_72_49_v146_114_89_62_v189_v156_48_13_v221_216_215_214_213_212_210_209_208_207_206_205_200_199_198_196_193_191_189_172_171_169_168_166_165_164_163_158_155_151_150_148_143_142_134_130_129_128_127_124_123_122_119_117_112_111_109_102_97_95_88_84_82_81_77_75_74_73_70_65_62_61_60_59_58_57_56_55_54_53_52_50_49_48_47_41_38_27_25_24_23_16_10_9_8_6_5_4_3_1_v167_61_50_15_v81_51_1_v28_17_v126_111_92_v214_194_157_149_100_54_v133_v223_199_185_164_163_125_103_40_36_7_v62_v63_v227_226_202_192_167_166_161_143_128_122_121_24_3_v178_147_120_v191_v181_v14_v183_129_v153_109_v17_3_v218_215_197_v199_198_7_v137_134_121_103_96_v71_v72_49_v192_176_v202_190_180_53_v239_v192_v224_207_188_9_v177_145_31_v240_219_100_45_41_v147_124_v248_247_223_199_197_182_164_143_142_45_24_7_v206_v199_180_176_103_52_17_v239_152_141_115_60_57_34_10_v175_172_128_35_19_v175_154_151_135_119_106_103_85_61_50_36_2_v247_227_222_187_8_v4_v248_233_228_221_211_202_194_190_187_182_167_162_161_160_159_84_80_55_42_40_32_28_9_v158_40_v254_230_82_v107_95_v186_v163_v262_261_237_227_211_196_178_163_157_156_141_59_38_35_v245_244_188_46_v263_203_40_2_v63_48_v265_242_241_231_218_205_167_145_78_39_18_4_v266_206_183_26_v249_242_193_36_v170_154_64_61_v256_255_229_219_215_198_189_162_161_123_75_v,275,train,401
vvv1_vvvvv2_vvv10_v10_vv11_v12_10_vvvvvv13_v19_8_v19_15_1_v2_v7_v26_v24_20_8_vv8_v23_11_3_v31_30_28_25_22_20_18_14_13_10_6_5_vv12_v31_23_2_v12_v25_v25_v18_v36_19_1_vv14_v34_21_20_19_13_11_9_6_v22_1_v42_41_32_30_v30_23_18_14_11_6_1_v46_15_v44_7_2_v48_17_2_v26_v47_34_22_10_5_v20_v52_21_v38_v47_35_27_v52_45_10_v50_45_25_21_v,57,train,250
vvvvvvvvvvvv12_6_vv3_v12_5_3_v1_v5_vv15_v14_1_vv21_v12_v9_vv18_v1_v12_v21_13_vv14_4_vvv30_v30_5_v3_v27_22_21_vv29_23_14_12_9_8_2_v21_20_8_v24_v23_8_v11_8_v32_6_v32_30_v40_v45_v43_33_30_2_v46_v23_vv20_v26_v39_v55_v39_vv10_v32_20_1_v33_v46_v45_42_29_22_2_vv16_v50_28_v29_v39_v40_4_v69_68_54_52_35_8_v49_19_v56_55_23_v61_56_55_39_37_35_24_vv59_v42_13_3_v61_vv5_v55_42_vv74_v66_8_v83_81_79_68_43_41_36_20_14_13_10_5_vv57_56_37_v47_v20_8_2_vv19_v75_v76_v77_72_3_vv82_53_42_v85_83_71_55_50_30_26_5_4_v26_v27_v98_86_29_v66_63_37_27_vvv54_17_v73_v74_v99_51_v12_v37_v75_33_9_v79_74_v16_v93_83_63_47_43_v109_100_97_63_19_v101_46_45_26_2_v58_53_15_v86_67_60_v100_90_v89_69_53_51_50_49_30_6_1_vv58_50_18_vv106_55_29_26_v116_76_74_67_7_v96_93_78_31_v96_64_56_13_7_v113_84_31_v90_64_v101_98_v117_96_93_88_80_76_66_62_48_45_44_25_24_19_8_7_vv82_75_28_15_8_v113_44_20_18_14_v130_49_24_vv106_21_vv88_v67_v37_v133_91_v113_87_v126_50_49_v135_61_vv117_114_109_104_96_21_16_v139_91_v129_77_76_v19_15_v94_31_30_v144_119_113_106_77_72_69_40_29_21_5_v148_103_67_v136_63_v146_104_67_47_v70_v152_71_v155_138_30_v156_144_68_13_5_v109_72_27_vv123_82_79_10_v154_142_132_112_100_96_94_92_69_58_44_39_36_30_12_3_v113_31_v147_146_131_125_121_118_100_79_68_64_37_29_7_6_v93_v149_107_95_v122_42_37_v83_v29_25_v70_v169_v42_v132_v157_90_v173_79_11_v159_125_v135_55_47_v159_107_34_v171_v130_42_v145_v132_v164_112_v174_156_64_55_44_40_34_30_15_6_1_v157_65_7_2_v145_61_v137_7_v179_160_48_44_10_5_4_3_v174_118_111_87_58_52_29_v173_90_63_55_38_32_15_v169_161_129_125_123_41_v179_138_124_96_v114_111_63_v120_84_2_v145_108_v179_99_v33_7_v63_34_8_v197_103_35_9_v189_129_100_30_v,199,val,46
vvvvvvvv1_vv9_vv7_vvvv7_6_v11_v5_vv14_vvv23_17_2_v12_vv21_19_16_3_v26_20_10_1_v15_10_2_v18_3_vv30_4_v28_9_v6_vv31_21_3_v13_v14_v28_vvv29_vv40_31_9_2_vv43_35_31_30_23_22_14_6_1_v26_1_v2_v47_38_32_22_21_10_3_v39_33_32_23_11_4_v7_v24_v30_29_7_v44_43_37_5_4_v49_v51_49_41_32_23_20_16_v44_v45_vv44_36_34_v35_15_v59_57_47_38_29_26_14_6_v42_41_39_37_3_v20_v57_56_vv21_v44_v23_16_v65_49_47_46_44_17_10_9_7_v58_vv71_50_49_41_34_24_23_v50_v69_62_v34_v31_v32_16_8_v65_55_11_v53_21_7_v76_70_64_61_55_50_45_38_31_27_21_20_18_15_v61_58_36_13_v51_v61_60_38_15_14_v39_37_29_v59_16_5_v85_84_82_80_77_72_66_64_63_55_54_51_42_38_37_34_21_20_17_10_9_3_2_1_v64_18_7_v11_8_v19_v78_50_47_v90_81_74_65_64_46_38_20_19_5_v91_82_76_66_65_61_54_47_44_43_12_1_v50_v87_77_71_67_22_v21_v73_v96_87_85_75_74_66_59_54_49_48_23_18_17_6_3_v57_v54_13_5_v55_53_45_31_23_20_14_1_v99_87_85_82_70_69_16_10_v57_16_v102_98_93_87_80_72_65_58_55_54_50_23_12_11_v103_77_13_1_v104_96_95_89_85_78_60_52_33_13_8_2_v105_79_68_12_v106_98_97_87_80_62_35_15_10_4_v70_v68_66_v87_74_v,111,train,26
vvvvvvvvvv8_vvvvv15_vvvv13_v18_vvvvv23_vv17_vvvv7_v30_7_3_v8_1_vvvvv37_v20_vvv10_v1_v42_v25_vv22_v48_vv44_31_v49_v19_11_v37_vv53_30_22_vvvvvvv18_v60_vv20_v66_65_64_63_62_61_60_59_58_57_55_54_53_52_51_50_49_48_47_45_44_43_42_40_38_36_35_32_31_30_29_28_27_26_20_18_17_16_15_13_12_11_10_9_8_7_6_5_3_2_1_v,67,val,13
vvv2_v3_v4_v5_v6_v5_4_3_2_1_vvvv2_vvvv4_vv17_10_8_2_vvv1_vvv9_v20_v25_v26_vv11_1_vvvv23_v24_18_vv15_v15_14_6_v36_v28_vv19_4_vv43_vv5_v34_v28_vv4_v40_34_29_13_11_v26_23_7_vvv44_38_20_v54_47_v21_2_vvvv23_19_v60_17_2_1_vv40_v64_54_v36_14_v53_17_13_7_v57_56_51_49_25_23_21_19_18_17_10_9_1_v57_v52_44_17_v23_v13_v48_46_21_3_v63_61_58_57_55_35_28_26_15_4_v18_v2_v74_38_v25_20_14_10_v69_64_48_46_32_16_11_v,79,val,34
vvvvvvvvv1_vv11_5_vv11_3_2_v1_v4_vvv11_v13_1_v7_v7_v10_v15_9_v9_vvv20_v18_15_14_v27_v20_16_6_2_v13_12_6_v17_v15_6_vv24_v24_23_v31_v36_9_v35_26_23_2_vv36_vvv31_2_vvv8_vv28_v37_v36_32_20_v13_vv51_41_26_v27_v35_v37_vv59_58_46_44_32_9_vvv49_48_23_v49_48_35_24_v51_38_21_v22_1_v2_v3_1_vv56_47_29_v2_v62_9_v63_14_10_1_v64_53_45_2_1_v12_v61_11_v76_71_69_63_45_43_35_23_17_15_8_6_v56_54_38_v22_5_1_v58_43_v35_v3_v21_v70_v71_35_v72_66_3_v57_v76_55_v78_77_68_57_52_34_29_5_4_v89_78_30_v17_v48_27_26_12_v53_15_v84_22_21_20_v88_50_v47_v87_80_75_57_47_44_25_24_v95_86_84_59_11_v87_42_20_2_v76_60_v50_v87_v81_63_50_47_46_24_6_1_v53_44_v14_v92_88_57_50_26_20_17_10_v100_69_67_7_v87_34_v88_1_v73_24_v99_78_23_v102_88_v87_81_73_61_57_36_8_7_v74_21_14_7_v98_36_18_16_12_v110_39_vv68_61_55_v35_v80_v114_81_v108_37_36_v29_v92_84_63_14_11_v118_80_v110_66_64_v121_85_50_v83_25_v115_94_83_48_47_v123_90_52_35_v54_v108_76_53_35_29_v127_56_v133_118_23_v134_123_54_6_v96_58_22_v74_v60_59_41_v56_53_v136_133_130_123_118_100_87_84_68_67_65_55_47_38_34_26_22_12_8_4_2_v101_27_v77_v129_128_118_114_110_107_91_66_55_53_32_26_9_8_v79_v107_82_60_v132_99_86_v70_v134_121_104_82_81_80_72_56_6_4_v106_104_v136_111_v150_63_8_v120_47_39_v137_93_v114_34_v115_v140_96_v117_3_v74_v81_80_62_53_45_19_v147_100_90_v147_71_50_44_34_26_10_v142_140_109_106_89_44_34_17_v141_98_45_36_15_v99_16_v125_87_v152_105_77_v24_6_v51_25_7_v168_81_26_8_v110_80_v,170,train,86
vvvvvvvv7_v2_v3_v4_vvv7_v8_vvvvv20_vvv5_v6_1_vvvvv4_vvvv27_vv16_vv5_v20_14_7_v32_vvv14_v32_30_vvv39_21_v40_vvvv6_1_vv25_24_11_v1_vv43_24_19_v44_25_20_v46_41_vvv55_28_10_v37_16_9_v25_vv28_vvv20_8_1_v31_v17_vvvvvv76_vv9_v21_v54_25_19_v64_7_v53_39_9_v70_v66_61_46_v33_5_v79_vvvvv1_v70_44_32_25_24_14_v1_v30_v94_92_91_90_88_83_79_76_75_74_69_65_64_58_57_55_54_51_44_42_40_38_37_34_29_22_21_20_16_12_11_10_8_6_5_3_1_v8_6_v23_2_v3_v27_4_vv60_v12_v64_30_1_v5_v80_78_62_34_25_23_10_v104_100_73_72_62_57_55_47_45_29_26_18_11_6_v12_v57_v84_66_27_v83_v90_16_v99_83_68_v100_88_67_31_8_4_v19_v20_v21_v45_25_v70_26_25_v81_v91_25_11_v85_11_v71_v82_28_v39_vv31_1_v126_v126_122_95_79_51_47_28_22_18_v93_34_19_8_v,130,train,418
vvvvvvvvvvv1_v3_v2_v14_2_vv15_13_v16_14_10_6_5_4_1_v10_v5_vv19_v11_v23_vv14_vv16_10_v17_vv14_vv32_v30_19_17_10_vvvvv21_v18_vv33_1_v41_24_21_vv32_v33_v34_2_v15_v36_18_v37_35_29_v14_v51_v8_7_6_vv24_15_13_12_v20_v47_45_44_35_32_27_21_20_15_v57_v44_40_35_28_21_14_13_9_5_4_v48_34_v19_v12_v57_51_50_48_44_39_31_30_19_11_6_5_4_v34_7_v29_v65_53_50_46_32_31_28_16_12_7_3_vvv53_34_31_3_v29_28_v14_7_v52_39_24_15_13_v37_8_v56_v39_18_v58_19_9_v72_70_64_56_50_9_v45_30_6_v54_v78_76_63_58_56_38_25_19_v,80,train,520
vvvvvvvvv7_v5_v3_2_v6_vv8_vvv16_11_1_v8_vvv21_v17_15_13_5_v21_16_11_1_v2_v3_vv25_4_v24_11_v25_1_vv14_v15_v24_vv25_vv34_27_7_2_v29_23_21_11_v35_24_v38_31_29_18_17_7_2_v32_30_29_19_8_3_vv6_v29_27_6_v37_36_34_5_4_v41_v43_41_30_19_18_v38_v39_vv34_30_v31_14_v49_36_25_24_6_v40_38_37_33_3_v18_v17_v40_v54_44_43_41_37_14_7_6_4_v44_8_7_4_v50_vv60_47_45_35_29_22_21_v46_v59_54_v46_45_30_v49_9_v45_17_5_v64_59_57_55_47_42_39_32_27_23_17_16_14_12_v55_52_31_v43_v56_54_33_13_v50_14_4_v71_69_67_65_59_58_56_46_45_44_33_32_29_17_15_2_1_v57_16_6_v7_v34_v17_v68_44_41_v77_70_67_57_56_41_34_18_17_6_v78_71_69_58_57_53_47_42_40_39_12_1_vv67_v68_44_v19_v48_v79_74_69_63_24_v23_v68_23_v72_v88_81_80_75_73_63_57_53_50_49_26_23_22_11_4_v56_10_v54_19_6_v55_46_35_25_20_1_vv84_82_68_67_23_16_v94_91_87_85_79_69_63_58_56_55_51_28_17_16_v95_74_18_1_v96_90_89_87_84_75_60_53_36_18_8_2_v97_76_66_13_v98_92_91_86_77_62_38_20_10_4_v68_v102_67_65_60_26_14_8_v86_72_27_9_v,104,train,423
vvvvvvvvvvvvvvv1_v10_9_vvvvvvvv24_vvvvvvv28_vvvvvvv24_vvvv11_v41_vvv21_vv5_vvvv30_vvvvvvv36_vv52_vv45_11_v33_v56_24_vvvv41_vv66_v14_vvv42_33_vvvv77_31_v78_37_1_vvvv59_38_vvvvv62_40_v49_v69_vv90_76_71_66_63_29_21_14_12_3_vv39_vv62_v25_v38_v39_v82_vvv97_73_43_11_v74_v63_58_26_13_v55_44_10_v97_29_21_v68_v49_v100_74_71_42_vv102_83_50_26_16_vvv55_23_vv115_54_14_13_v117_45_39_26_v107_vv14_v114_106_93_62_59_19_5_vvvvv121_44_v129_111_105_66_55_v107_84_26_18_v83_51_25_23_vv114_v128_116_111_31_v23_22_vv96_47_vvv131_129_110_79_75_65_64_41_36_30_27_22_17_16_v80_1_v111_100_19_2_vv137_v92_82_15_11_v120_80_vv28_v14_v147_139_108_45_10_8_v39_vv112_v134_v51_vv61_vv58_v6_v127_107_v160_159_158_157_153_151_145_136_132_126_123_121_119_101_98_96_94_93_90_87_86_83_80_66_64_63_62_58_52_51_50_49_48_46_43_42_39_35_31_27_21_18_17_15_9_1_v10_v157_145_143_35_31_5_4_v145_109_81_vv85_5_v127_38_28_vvv155_112_v170_129_93_85_60_59_53_41_vv142_139_12_v15_v14_v83_44_v117_v177_136_131_100_99_77_73_66_60_48_v171_57_18_v47_v172_59_v177_176_160_128_99_80_70_62_57_54_38_19_17_14_8_2_v124_22_vv56_28_v126_123_69_64_57_47_32_25_v168_132_95_93_58_v27_v146_28_v128_14_v171_137_91_59_58_50_32_9_v170_v178_v193_152_147_116_115_89_64_23_16_v126_58_56_34_14_v108_102_v191_165_50_v115_vv195_194_185_37_18_v88_v131_67_20_vv43_v153_61_v189_162_144_106_91_82_43_v107_87_79_74_42_25_vvv169_164_108_10_v196_123_v210_174_173_171_170_145_138_134_133_109_101_100_94_89_82_78_64_60_37_34_18_15_v144_18_v137_122_v157_71_33_vv54_43_26_10_v144_vv218_121_117_116_59_34_v219_191_117_104_82_72_60_1_v188_49_vv63_v165_86_64_v65_v200_117_115_113_v10_v211_97_71_66_55_38_v69_v191_156_70_54_v78_33_vv142_108_v74_v73_62_v173_vv238_197_161_153_128_127_121_109_v177_155_141_79_v234_195_165_v225_208_184_180_136_130_v41_v168_3_v103_64_v195_184_150_4_v88_65_v138_136_113_106_100_36_v208_110_88_52_v139_138_102_89_38_vv91_v150_67_v59_v227_215_206_195_163_94_v164_95_v238_202_174_169_163_61_54_39_vv257_229_177_156_142_38_18_vv227_203_199_88_39_v247_v131_100_89_v207_193_117_16_v157_62_v67_34_v199_181_136_116_106_78_55_41_v1_v237_228_130_125_117_108_57_50_41_2_v251_215_207_187_182_167_84_74_59_v252_223_216_188_183_60_v271_194_94_v272_226_194_168_163_102_95_79_61_34_v273_188_v274_196_165_104_97_81_63_36_v113_102_v114_103_41_v146_115_104_v225_97_v145_119_89_53_37_32_v162_84_17_v236_143_135_121_72_1_v254_223_166_161_154_144_122_104_102_v112_v141_v269_v270_195_81_72_7_1_v241_183_167_127_15_13_v146_142_25_8_v275_232_175_48_1_v276_241_240_233_201_185_49_45_v277_192_129_2_v164_v1_v287_v252_172_90_v102_v223_v267_219_201_190_187_159_72_19_v260_229_208_164_161_139_v259_223_222_200_189_171_107_45_v301_260_224_223_216_195_184_30_29_28_27_1_v288_13_2_v171_122_121_104_v305_291_268_255_243_213_161_144_129_121_105_67_56_v287_251_4_v288_252_213_184_178_143_120_104_v302_245_228_196_126_57_v303_265_216_209_203_197_185_119_109_63_13_v268_231_180_139_132_116_71_36_v287_266_184_147_129_113_54_41_40_v288_267_229_1_v230_2_v231_3_1_v269_176_154_105_33_7_v270_224_177_155_106_34_10_8_1_v278_156_97_59_9_v226_157_v227_158_v228_21_v229_113_v262_230_224_213_182_88_v232_162_v283_77_v192_143_v246_209_193_165_144_v160_v216_214_178_131_101_v215_179_117_v328_314_301_300_295_289_270_259_255_232_231_227_226_222_221_218_208_191_190_187_181_178_163_144_109_100_81_47_30_25_v212_170_108_1_v272_193_171_83_12_2_v303_216_172_3_v274_195_12_4_v322_206_174_v175_103_v211_176_103_v177_126_v328_200_178_v195_179_v331_202_180_v276_258_257_181_126_25_v335_282_244_207_182_103_83_43_26_v288_276_234_233_232_230_218_210_192_183_117_94_88_85_75_61_16_15_v207_184_40_v343_v244_v5_v26_v247_209_5_v212_102_v319_299_192_v275_v278_158_110_102_v243_75_v174_141_30_v358_334_229_202_185_183_87_73_v337_311_279_253_244_242_236_228_196_187_180_164_149_131_102_89_75_30_29_23_v217_178_v273_231_191_179_1_v249_131_17_3_v34_18_1_v232_139_44_v21_v254_v255_237_185_v268_v61_v342_259_v90_v259_v344_332_117_v132_v133_v335_v,377,train,456
vvvvvvvvvvvvvvvv9_vvvvvvvvv8_vv10_v7_vv13_vvvvv14_v29_27_3_vv36_17_2_vvvvv5_vvv38_35_26_21_20_v42_vv29_11_v39_25_24_v50_48_22_21_v44_33_32_27_20_6_3_v36_15_v37_24_16_vvv53_v48_5_v49_6_1_v7_v51_31_3_2_v11_vvv29_vv58_34_vv58_44_42_32_31_22_13_6_v39_29_v36_11_2_v22_11_3_v65_53_48_36_v2_v70_32_6_v48_33_7_v31_v62_1_v42_41_10_vv73_70_63_56_55_21_v71_56_36_32_1_v42_13_v33_vvvv80_79_78_69_68_67_65_63_55_50_47_42_39_36_32_30_29_6_1_v53_22_1_vv75_41_39_19_3_v65_54_v76_69_v86_85_83_76_74_69_68_63_62_61_56_53_45_44_43_42_39_22_12_6_5_1_v47_10_1_v31_8_2_v51_47_3_v31_10_4_vv49_27_22_v94_66_65_63_9_v94_93_84_83_82_77_69_57_50_35_15_14_13_8_6_4_v30_vv11_v36_v19_vv88_21_v72_59_10_v93_92_70_51_28_v92_77_75_74_55_33_20_11_v62_v103_93_88_42_32_26_23_20_v46_vv57_vv94_v112_74_70_68_67_v102_51_33_vv98_32_10_v36_v74_v121_89_88_79_51_50_v120_89_v110_17_8_v52_v61_60_36_18_v62_vv98_21_v126_109_v97_25_v95_94_42_37_v117_85_61_45_36_34_v131_103_100_69_v112_88_67_51_45_43_15_v103_102_71_28_vv134_117_vv75_72_56_v111_57_51_39_v76_44_v104_35_10_v148_144_143_142_141_140_139_138_137_136_135_134_133_130_129_128_127_126_125_123_116_115_113_111_110_109_108_107_104_103_101_100_99_97_96_93_91_90_89_88_85_84_82_80_78_73_72_71_69_67_66_62_61_59_58_55_53_52_51_48_46_45_44_43_42_41_40_39_37_36_35_33_32_31_30_28_26_20_18_17_15_12_9_8_7_5_4_3_2_1_v111_44_37_12_v20_13_v91_v141_127_106_102_70_40_20_v148_125_110_84_27_5_v118_101_77_v7_v4_v9_2_v140_v89_86_79_71_65_v132_122_34_v123_v138_63_26_24_v158_126_125_116_88_87_26_10_3_v133_v150_96_75_32_17_5_v18_v98_95_79_67_55_37_30_19_2_v157_143_136_127_123_121_119_117_109_104_103_102_101_48_32_22_21_15_14_v100_21_v162_145_50_v69_65_v121_v168_135_126_104_98_97_36_20_v155_154_122_26_v27_v156_153_124_v161_160_147_139_135_124_100_77_48_v,178,train,407
vvvvvvvvvvvvvvvv10_vv17_15_13_12_9_7_6_4_3_v16_13_12_9_8_6_5_4_v1_vvv4_v10_6_5_v25_24_23_14_13_11_8_6_4_vv2_v26_9_3_v10_vvv15_v8_v18_9_v9_vv19_v24_v27_23_14_1_v22_v23_22_16_12_10_9_6_2_v38_1_v39_35_32_29_25_24_21_13_11_7_4_2_v42_5_v6_v21_v6_v38_30_18_v31_v,50,train,112
vvvvvvvvvvvvvvvvvvvvvvvvv18_1_vvv23_vv9_v14_vv16_vv8_7_v14_v3_v21_vvv17_16_v33_vv22_vv39_36_6_v43_25_1_vvvvv52_vv33_31_26_7_v50_32_19_1_v24_2_v3_vv27_v34_vv54_50_42_31_v58_8_vvv46_19_v42_26_8_v41_32_v67_66_32_31_v58_39_v63_52_51_40_32_9_5_v30_17_v64_31_v41_28_v58_28_v59_38_29_vv42_v51_v7_v37_vvvv74_10_v75_14_11_1_v12_v77_50_3_2_v55_20_v60_vvv47_v12_v85_55_vv85_69_66_64_52_50_34_17_1_v48_vv56_13_3_v31_13_4_v94_93_82_71_57_29_v98_75_68_49_48_24_6_v76_69_68_50_25_7_vv44_v82_v53_v64_62_12_vv100_26_25_23_v104_100_94_81_25_v86_85_78_10_9_v102_52_44_2_v94_v66_18_vv49_v76_vvv114_112_111_103_102_100_93_91_82_75_72_60_56_51_42_37_36_8_1_v77_28_1_vv92_78_73_v74_29_v57_56_26_5_v119_56_55_v112_v122_120_118_112_110_99_91_90_83_80_64_61_60_59_53_29_16_8_7_1_v67_1_v39_10_2_v71_63_3_vv40_13_5_v67_34_29_v130_93_91_90_85_76_12_vv131_129_121_120_119_108_99_80_68_44_18_17_16_9_7_4_v106_38_vvv60_v47_v23_vv17_v50_v127_27_v67_55_7_v64_v134_133_102_65_36_v133_109_108_106_101_70_44_28_27_16_v85_vv59_47_v145_135_56_43_35_30_27_v127_v114_34_33_v152_98_90_89_85_vv131_35_8_vv95_v160_120_118_102_86_62_61_v159_119_v149_15_7_v147_138_v72_71_39_16_v73_v127_110_18_v164_141_v141_132_126_v120_9_v125_124_45_41_v156_148_141_133_124_116_105_92_72_63_51_50_39_36_v170_133_130_80_21_v115_v146_110_78_57_49_47_v135_133_83_27_24_vv174_151_vv110_87_83_62_v63_55_37_v121_88_69_47_v133_34_11_v187_183_182_181_180_178_177_176_175_174_173_172_170_169_168_166_161_159_157_149_148_144_143_141_140_139_138_130_129_125_124_122_119_117_111_105_103_102_101_97_96_92_90_89_85_84_82_79_76_74_68_67_65_64_59_57_56_55_52_49_48_47_46_45_44_43_42_41_40_39_37_36_35_34_33_28_27_21_19_18_17_13_9_8_7_5_4_3_2_1_v142_42_36_13_v85_v66_38_2_v23_16_v101_73_v182_163_132_124_80_41_v190_167_159_141_140_98_82_32_30_7_v191_168_161_142_141_133_117_99_93_92_20_1_v151_122_91_v10_v11_1_v156_139_v178_165_154_146_36_v155_v69_28_26_v139_106_18_v152_v108_90_v202_179_177_162_160_144_128_117_104_103_39_33_31_12_6_v124_v166_v169_163_143_141_91_74_37_v195_114_87_40_23_10_v24_v139_116_112_103_91_77_75_60_44_37_25_2_v205_202_189_183_179_175_171_164_161_155_151_148_145_128_123_122_121_120_119_109_64_54_39_28_27_19_17_8_v118_27_v208_185_174_88_56_11_v148_v213_197_190_183_171_155_139_121_115_114_105_42_23_22_v214_164_24_1_v215_193_192_185_176_165_123_107_55_24_13_2_v216_166_142_20_v217_195_194_178_167_125_57_26_15_4_v35_v205_204_153_36_v146_v217_153_98_v207_198_156_v211_190_181_177_153_122_121_92_v,229,train,315
vvvvvvvvv2_vvvvvvvvvvv3_vvvv7_vvv10_vvvv26_vvvvvv8_v21_vvvvvvvv37_35_30_8_v30_vvv43_33_vvvv37_v9_vvv31_vvvv51_26_v53_v59_33_8_v48_15_7_v41_vvvvv63_59_14_v46_vvvvvvvv34_v18_v81_61_57_33_22_21_18_16_v66_61_56_37_32_v43_25_17_8_v63_62_58_39_33_16_10_2_v75_v50_v6_v72_vvvvv15_v95_93_92_91_88_85_82_80_77_76_74_67_66_59_58_56_53_47_39_37_35_33_32_31_27_20_19_18_14_9_8_7_5_4_3_2_v79_v2_v22_3_v4_v5_vv56_v18_v58_v88_79_59_34_23_20_10_v89_79_60_v102_101_76_59_54_51_43_29_25_12_6_v13_v83_v94_93_64_25_v65_v94_17_v96_91_v103_98_97_73_69_64_63_44_41_40_31_29_12_9_4_3_v20_v37_v22_v23_v84_10_v93_25_10_v79_26_v27_v88_44_4_v78_72_54_v79_v121_120_112_96_95_94_93_92_86_83_82_77_73_67_59_48_47_42_32_25_19_17_10_v92_32_18_8_v,128,train,157
v1_vvvv1_vvvv7_vv4_vvv11_10_9_8_v15_vvv9_1_vv18_11_vvv16_6_v24_15_vv12_vv14_v22_6_v18_5_v20_7_v30_28_25_18_16_8_5_3_vv26_v26_v7_v30_14_8_6_v34_33_24_v5_v8_v18_5_v19_6_vv12_vv14_v44_42_41_39_37_35_34_33_28_26_25_23_22_21_19_17_14_13_9_8_4_2_v1_v40_v,50,train,387
vvvvvv2_vvv4_vvvvvvvvv3_vvvv7_vvvvv12_vvv6_v26_vvvv6_v21_vvvvvv16_v34_vvv40_38_32_10_v42_v33_vv46_35_vvvvv43_40_1_v4_v11_vvv47_v35_34_19_v1_v1_vv57_31_vv59_33_v35_v62_v65_v13_v57_22_11_v65_vvvv45_37_18_16_v19_v6_vvvvv47_v55_v68_v41_v19_v70_25_18_v57_v76_71_68_64_45_40_38_v1_v73_72_66_47_41_19_12_2_v86_v60_v69_63_v8_v83_12_v8_vvvvv104_103_102_101_100_97_94_93_88_87_85_76_75_70_69_66_63_55_46_43_40_37_35_33_29_23_22_21_16_10_9_7_4_3_2_1_v90_79_63_v2_v25_3_v4_v5_v64_v55_19_18_v57_v108_v33_v69_v101_91_70_38_27_23_12_v102_90_71_v22_v70_61_48_30_15_v16_v116_63_v108_107_76_29_v77_v119_v120_117_116_112_98_95_76_70_59_41_v111_106_v16_9_v123_v124_v122_116_115_91_86_80_79_54_51_50_39_37_20_14_8_7_v118_71_v48_9_v117_29_v101_v102_v32_v114_v34_v106_71_v36_v114_37_19_v97_17_v138_v103_40_v41_v100_94_70_v101_v115_105_29_v45_v,150,train,182
vvvvvv2_vv8_v6_vvvv13_1_v14_vv3_vvvvv21_17_8_v4_v8_5_v24_21_6_3_v12_v15_2_v14_v23_9_4_v16_v18_17_4_v31_v25_19_vv33_27_24_21_13_v14_11_8_vv16_v14_v18_v22_v28_v21_3_vv41_35_v32_5_4_v31_22_v47_34_23_13_12_8_5_v30_v7_v48_37_33_23_17_14_7_v38_31_27_v,52,train,312
vvvvvvv6_vv6_3_v7_4_vvv7_5_3_v4_v9_3_vv16_vvvvvvv13_v22_19_16_vv17_vvv18_15_vvv1_v19_v29_vv4_vvv34_32_27_9_v35_vvv20_vv9_v33_v46_45_42_40_35_34_33_24_16_14_11_8_6_vvv4_v45_16_13_5_v18_11_v12_1_v49_47_45_15_7_vv33_v58_57_41_29_13_5_2_v11_vv13_12_v38_v25_20_15_v16_15_v17_v18_1_v43_v60_13_v62_33_30_22_v51_18_1_v37_31_23_vv52_13_v68_66_61_19_15_6_v10_v72_55_54_29_26_4_3_v37_v78_77_73_62_61_60_59_58_55_52_51_50_49_46_41_33_31_30_26_22_20_18_9_v,79,train,355
vvvvvvvv7_v5_2_vvvv5_vvvvvv14_v1_vv15_vvvvv1_v18_v19_v5_v18_4_vvv31_4_v2_v30_26_vv32_28_17_11_8_7_2_v20_19_7_v27_v22_v10_8_vvvv46_v44_32_2_v21_v17_v18_vv38_25_vv41_v8_vv30_19_2_v31_vvv48_41_28_22_3_v15_vv28_v63_61_29_28_v65_53_v43_vv66_37_v60_23_v64_61_58_38_37_35_24_vvv41_13_3_vv3_v12_vvvv45_v72_v60_v84_83_79_45_43_38_21_18_16_11_8_v57_56_38_v48_v59_43_v68_v81_49_39_v84_82_51_46_26_24_v24_vv60_58_32_22_v13_v48_10_v66_v67_v68_2_v30_v70_35_v71_67_58_v69_28_9_v44_vv90_77_58_43_v103_90_50_34_v11_10_9_v73_33_28_v80_62_v56_17_v101_85_v84_65_50_47_7_1_v90_19_v97_55_49_27_26_24_11_v70_68_6_v91_89_86_72_65_56_38_37_28_v101_61_11_v83_57_v116_105_v113_88_86_81_73_70_59_55_40_37_36_24_23_19_7_6_v74_26_12_6_v57_v123_39_21_v59_v2_v79_v80_v101_76_v28_v118_103_100_96_91_83_63_61_38_24_14_11_10_v118_65_63_v72_16_v13_10_8_v28_17_v68_29_v136_90_52_v134_107_102_95_66_62_57_36_24_17_7_v95_29_23_v92_54_v56_v112_76_36_29_v142_58_v142_130_v97_59_23_vv111_71_66_9_v59_v133_120_101_90_86_83_53_37_34_27_26_7_4_v102_28_11_v140_119_114_110_89_66_61_7_v35_19_v110_83_53_36_32_v69_v50_34_7_v117_v50_39_22_v118_44_37_v145_92_v112_33_v82_44_v114_v149_96_v125_47_v117_26_5_v154_147_135_122_112_20_v97_67_18_14_v82_62_53_46_29_19_v148_140_125_110_106_103_v102_v163_120_105_81_v96_91_51_24_v101_70_2_v126_88_35_v107_84_v169_167_165_139_131_128_111_109_105_91_87_61_25_1_v,176,train,212
vvvvvvvvvvvvvvvvvvvvv1_v18_vv22_vv8_vvvv7_6_v12_vvv28_vv17_v33_30_4_vv38_20_2_vvvvvvv28_26_22_7_v45_27_16_1_vv3_v4_vvv48_44_36_26_25_v52_7_vv39_17_v34_26_vv45_25_12_v55_44_43_33_28_7_4_v30_20_v23_v24_vvv42_vv32_vvv63_9_v64_13_10_1_v11_v48_vvvv41_vvv72_57_54_52_43_42_27_14_6_v46_9_1_v40_v3_v78_52_v62_56_55_40_20_5_v85_63_57_41_40_21_6_vv36_vv44_26_v54_53_11_v88_84_78_66_65_20_v71_70_64_8_7_v86_67_42_2_vvv93_91_90_82_81_79_73_71_65_59_55_45_42_38_31_27_26_3_1_v62_14_1_vv60_v42_18_4_v74_64_59_v60_23_v99_46_vv102_100_98_92_90_80_79_75_74_68_64_51_49_47_43_23_12_9_8_1_v53_1_v31_11_2_v57_3_v26_13_4_v54_v109_77_76_74_69_10_v94_93_v110_108_100_99_98_88_82_64_55_30_18_17_16_8_6_4_vvvv50_v39_v23_v103_24_v84_65_11_vv108_89_87_86_81_56_33_22_21_12_v19_v118_108_99_43_32_29_25_20_v45_v56_v115_114_87_57_vv74_v64_48_14_v129_81_74_72_v119_52_37_vv39_vv137_101_100_85_73_53_52_v136_101_v126_11_7_v124_116_v62_60_36_18_v63_v109_20_vv108_24_v102_47_9_v106_42_v133_126_120_115_106_98_90_80_64_56_47_46_37_34_v147_115_112_70_v98_v124_95_69_55_46_44_16_v116_115_73_29_vvv76_73_59_v60_51_30_v76_44_v114_35_10_v161_159_158_157_156_154_153_152_151_150_149_148_146_145_144_142_138_136_134_129_128_125_123_122_121_119_118_113_110_107_106_105_103_101_97_92_90_89_88_86_85_84_81_78_75_74_72_69_68_66_65_64_62_61_55_53_52_51_49_46_45_44_43_42_41_40_39_37_36_35_33_32_31_30_29_27_25_20_18_17_16_12_8_7_6_5_4_3_2_1_v123_37_36_12_v20_13_v162_140_133_118_117_83_70_26_25_3_v163_141_135_119_118_111_99_84_79_78_15_1_v129_104_77_v6_v7_1_v86_71_62_v129_v135_v152_141_133_125_33_v134_v91_v173_151_149_137_136_121_109_101_89_88_33_27_25_11_3_v163_95_86_76_31_30_15_4_v16_v97_94_80_66_53_35_28_17_2_v3_v174_171_158_153_150_148_145_137_135_129_126_124_122_108_104_103_102_101_95_92_47_46_31_21_20_16_14_6_v100_20_v180_164_158_152_143_128_116_101_96_95_88_32_18_17_v181_136_19_1_v182_161_160_154_148_137_103_90_45_19_9_2_v183_138_119_13_v184_163_162_150_139_105_47_21_11_4_v26_v172_171_128_27_v123_v109_98_39_36_v152_129_102_79_v,192,train,414
vvv3_vvvvvvv4_vvv7_v9_8_4_v4_v9_v17_10_vvv13_vvv14_10_v10_1_v2_v8_v7_v8_1_v9_v10_3_v5_vv15_7_1_v23_19_8_1_v3_1_v36_35_24_19_16_9_7_v15_v24_v17_v36_26_20_17_v36_27_24_22_20_9_7_5_1_v33_29_18_17_2_v24_21_6_4_3_v8_v2_v9_7_3_v30_26_13_7_v8_7_v42_29_22_v48_16_v43_30_10_v11_v12_v13_v22_v20_v53_v17_v36_34_17_v46_19_v27_v26_v29_v50_v65_58_29_v15_v,67,train,47
vvvvvvvvvvvvvvvvv1_vvvvvvvv8_vv10_vv13_12_vvvvv13_vv30_28_4_v35_21_16_1_vvvv25_vvv7_vv39_36_26_21_20_v43_vvv30_13_v41_26_25_v51_49_24_23_v46_34_33_28_22_7_3_v12_v39_38_18_v39_27_19_vv4_vv51_5_v52_6_1_v7_v54_34_3_2_v12_vvvv32_v61_37_vv61_46_44_36_34_24_13_6_v42_32_v22_10_2_v67_54_49_39_20_v2_v72_32_5_v33_6_v62_32_v44_42_8_vv74_71_63_56_55_19_v72_56_36_31_1_v43_11_vv33_vvvv82_81_80_70_69_68_66_64_57_52_49_43_39_36_31_29_28_7_1_v54_21_1_vv41_39_19_3_v66_56_v77_70_v88_87_85_77_75_70_69_65_64_63_58_55_45_44_43_42_38_22_13_6_5_1_v48_10_1_v29_8_2_v52_47_3_v30_10_4_vv85_49_27_v96_68_66_65_9_v96_95_85_84_83_78_71_58_50_34_15_14_13_8_6_4_v30_vv11_v35_vv50_v39_v22_vv92_24_v52_v105_94_89_42_33_26_23_20_v98_97_76_54_33_v97_83_82_80_58_38_24_15_v66_vv95_v114_75_70_68_66_v103_50_33_vv2_v100_33_7_v37_v75_v124_93_91_81_52_51_v123_92_v112_14_9_v60_59_36_14_v61_v99_16_v127_109_v98_v96_95_41_36_v117_84_60_44_35_33_v132_104_101_67_v112_87_66_50_44_42_13_v105_103_69_23_vv135_117_vv73_71_55_v112_56_50_38_v97_74_62_43_v103_30_10_v148_144_143_142_141_140_139_138_137_135_134_133_130_129_128_127_126_125_123_117_116_114_113_111_110_109_108_105_103_101_100_98_96_95_91_89_88_87_86_83_82_81_78_76_72_71_70_69_67_66_61_60_58_57_54_52_51_50_47_45_44_43_42_41_40_39_38_37_36_35_34_32_31_30_29_27_25_18_17_16_15_12_9_8_7_5_4_3_2_1_v112_43_32_12_v108_v20_14_v142_127_106_101_70_35_v149_109_82_25_5_v6_v7_1_v138_v85_83_77_68_62_v121_30_v122_v111_88_14_v137_61_25_23_v90_79_v159_128_126_116_87_86_26_10_5_v152_134_122_v128_113_64_30_v152_95_75_33_18_8_v19_v97_95_79_67_51_37_31_20_2_v159_144_138_129_124_122_119_117_108_103_102_101_100_48_33_23_22_16_7_v99_22_v164_146_50_v69_65_v121_v170_137_127_103_98_97_37_21_v156_155_122_27_v28_v105_v158_155_125_v167_v,180,train,129
vvvvv1_vvvvvvv1_vvvvvvv12_vvvvvvvv20_v24_v25_24_vv20_v12_v2_vvv25_16_vvv11_10_v17_v16_v4_v23_v14_vvvvvvv47_26_v45_42_4_vv52_29_2_v9_vvvvvvv33_8_v59_58_22_1_v31_vvv59_54_43_35_32_v63_5_v58_32_vv47_17_v45_8_v45_32_v74_31_v62_43_40_v75_73_34_33_v69_54_53_45_30_10_6_v15_vv44_28_v72_vv81_v64_30_v65_42_31_vv58_v7_v38_vv79_7_v80_14_8_1_v9_v82_51_3_2_v57_19_vvvv47_v90_52_vv98_89_73_70_66_49_48_34_14_6_v82_58_46_v53_11_2_v30_11_3_vv99_98_83_75_54_26_v3_v104_80_70_47_46_22_7_v81_71_69_48_23_8_v81_v45_v86_vvv97_42_4_vv101_vv67_66_18_vv110_31_30_28_vv117_66_v117_112_103_93_90_32_v98_97_87_17_16_v114_92_60_52_2_v71_25_v46_vv101_v56_vvv70_vvvv131_129_127_116_115_114_109_107_91_85_82_72_68_62_51_48_47_12_1_v88_40_1_vv123_67_65_37_3_v107_89_84_v85_42_v125_114_v138_136_133_124_122_114_111_101_99_98_92_89_75_71_70_69_60_41_19_7_6_1_v78_14_1_v49_9_2_v82_74_3_v50_11_4_vv126_87_76_45_39_36_17_v146_102_101_99_94_87_10_vv36_v100_v149_147_135_134_133_125_109_93_80_57_19_18_17_11_9_7_v158_vv122_53_v143_v16_vv74_v63_v132_27_v11_v65_v144_30_v77_53_v158_146_136_66_44_32_29_25_v150_149_115_79_44_13_v149_122_120_119_114_83_53_30_29_20_19_v98_38_vv86_76_12_v145_v164_v126_36_35_v8_v173_114_106_104_97_v159_79_43_v82_v28_v3_v154_44_12_v48_v106_51_vv114_vv22_v189_188_140_139_125_106_84_83_v187_140_v173_23_14_vv95_94_51_24_v96_v148_133_26_v88_87_v171_90_v194_170_v170_149_120_v189_v198_147_v149_148_60_55_vv184_179_169_158_149_131_98_82_65_64_55_48_v203_v203_159_156_108_86_v143_v176_136_107_73_66_64_25_v160_159_111_40_v23_v207_183_v134_79_28_v137_115_112_98_78_v169_79_72_50_v149_116_89_62_v190_v159_48_13_v222_217_216_215_214_212_210_209_208_207_206_205_200_199_198_197_194_192_190_175_174_171_169_168_167_166_165_161_158_154_153_151_146_145_136_132_131_130_129_126_125_124_121_119_113_112_110_102_97_95_88_84_82_81_77_75_74_73_70_65_62_61_60_59_58_57_56_55_54_53_52_50_49_48_47_41_38_27_25_24_23_16_10_9_8_6_5_4_3_1_v169_61_50_15_v81_51_1_v28_17_v128_112_92_v214_195_160_152_100_54_v135_v224_200_188_167_166_127_103_40_36_7_v58_v59_v228_227_203_193_170_169_164_145_130_123_122_24_3_v181_149_121_v181_v13_v183_129_v154_108_v16_3_v217_v137_133_119_101_94_v71_v72_47_v192_177_v203_190_181_51_v238_v192_v177_144_28_v237_217_97_42_38_v146_121_v246_245_221_197_196_182_163_141_140_42_21_6_v206_v198_180_176_100_49_15_v236_151_139_112_57_54_31_9_v175_171_125_32_17_v175_153_150_132_116_103_100_82_58_47_33_2_v244_225_220_187_8_v4_v249_245_231_226_219_211_208_201_198_194_190_187_182_166_161_160_159_158_152_143_82_77_52_39_37_29_25_9_v157_37_v252_228_79_v104_93_v186_v162_v260_259_235_225_210_196_177_162_155_154_138_56_35_32_v242_241_188_43_v261_203_37_2_v60_45_v263_240_239_229_217_205_166_142_75_36_18_4_v264_206_182_25_v246_240_193_34_v169_151_61_58_v253_252_229_218_214_198_188_160_159_120_72_v,273,train,217
vvvvvvvvvvv1_vvvvvvv18_13_vvvvvvvvvvv24_vv25_vv23_v14_v10_v3_vv28_18_vvvv12_11_v20_v18_v4_v26_v15_vvvvvvv28_vv51_47_5_v54_31_1_v9_vvvv62_vv58_37_20_v40_38_34_8_1_v30_vvv61_57_45_35_32_v64_6_v61_32_vvv50_17_v46_9_v46_32_v76_31_v76_74_33_32_v67_45_42_v72_57_56_46_30_11_6_v17_vv45_27_vv82_v66_29_v67_41_30_vv45_v59_vv38_v74_vv84_9_v85_15_10_1_v11_v87_52_3_2_v58_21_v65_vvvv48_v96_86_54_vv53_10_v96_77_74_70_53_51_38_17_7_1_v88_61_49_v31_12_2_v103_87_77_56_v80_v107_82_71_49_48_23_5_v83_72_70_49_24_6_v46_vv88_v100_41_3_vv56_v6_4_v106_vvv70_68_17_vv116_32_31_29_v123_67_v121_117_107_95_92_32_v100_99_88_17_16_v119_94_62_52_2_v72_23_v48_vv103_v58_vvv72_vvvv135_134_132_120_119_117_111_109_92_86_83_74_69_63_52_48_47_12_1_v88_39_1_vv108_89_84_vv86_40_v131_70_69_39_6_v130_117_v143_142_139_129_127_117_114_103_101_100_94_91_77_73_72_71_63_41_20_8_7_1_v81_15_1_v49_10_2_v85_75_3_vv51_13_5_v129_90_79_46_40_39_18_v153_104_102_101_96_90_12_vv37_v102_v154_153_140_139_138_128_111_96_82_57_20_19_18_11_9_6_v162_vv124_54_v149_vv149_75_v61_v130_27_v145_28_v64_47_v12_v150_120_119_117_112_81_49_28_26_19_16_v24_v164_150_139_66_45_33_27_25_v68_v81_59_v157_156_119_82_47_15_vv103_41_v169_v149_v129_38_36_v6_v178_117_107_106_100_v164_78_44_v82_v28_v156_41_9_v48_v108_51_vv116_vv18_v191_142_140_127_107_84_83_vv194_142_v178_21_14_vv94_93_51_28_v95_v150_136_30_vv181_171_v199_173_v172_151_123_v195_v205_149_v179_99_v85_v148_16_v67_v155_154_64_56_vv193_186_175_164_155_145_137_123_103_87_71_69_59_52_v71_v212_v215_166_163_112_92_73_48_v151_v184_144_112_79_71_69_31_v168_166_115_51_49_v29_v217_191_v142_85_34_v144_119_117_104_84_v176_85_77_51_v156_120_95_67_v198_v166_57_14_v231_227_226_225_224_223_221_220_219_218_217_216_210_209_208_206_202_200_198_182_181_178_177_175_174_173_172_169_166_162_161_158_154_152_144_139_137_136_135_131_130_129_126_123_119_118_117_107_103_101_94_90_88_87_82_80_79_78_75_70_67_66_65_64_63_62_61_59_58_57_55_54_53_52_51_46_43_32_30_29_28_17_10_9_8_6_5_4_3_1_v176_59_58_16_v110_88_60_1_v33_18_v139_v225_203_168_158_106_63_25_v135_122_100_v233_208_195_175_174_131_109_46_42_7_v61_v62_v236_211_200_178_177_172_152_134_129_128_25_3_v187_157_128_v189_v13_v191_135_v162_114_v11_v51_44_v18_5_v229_v143_141_109_101_v75_v49_v77_55_v202_188_v230_213_200_193_60_v253_v202_vv251_228_102_63_56_46_41_12_7_1_v189_153_33_v154_131_v258_233_229_209_207_194_174_164_151_150_58_51_47_25_7_v232_67_60_11_5_4_v209_191_188_109_58_19_v251_159_151_122_66_63_35_10_v186_183_135_36_21_v186_161_159_143_126_112_109_95_67_52_37_2_v3_v260_238_233_200_10_v260_253_243_238_230_222_219_212_206_202_198_194_176_170_169_168_167_86_57_43_41_33_29_9_v165_41_v266_240_88_v113_98_v170_v199_v272_253_247_236_221_208_188_170_165_164_148_61_39_36_v256_255_199_47_v274_250_249_238_226_216_172_150_83_38_16_2_v65_49_v276_252_251_228_218_174_85_40_18_4_v277_219_44_5_v278_220_194_27_v261_253_205_71_67_39_v268_266_240_229_225_209_200_171_169_165_129_v,287,train,436
vvvvvvvvvvvvv1_vvvvvvvvvv21_vvvvvvvv19_vvvv12_v35_vv20_vv4_vvvvvvvvvv33_vv45_vvv32_v49_22_vvvvv41_vv59_v16_vvv42_32_vv68_29_v69_34_1_vvvv56_36_vvvvvv46_vv80_68_66_60_27_18_13_11_2_v37_vv58_v21_v35_v36_vv60_32_1_v85_68_39_9_v69_v57_53_23_11_v85_25_17_v61_v44_v88_68_64_36_vv90_77_45_22_14_vvv50_20_vv102_49_13_12_v104_39_35_23_v95_v13_v101_94_86_56_53_17_4_vvv94_73_20_13_v72_42_19_18_vv97_vv18_17_vv84_38_vvv114_112_99_69_65_54_53_34_30_25_22_17_13_12_v70_1_v100_88_15_2_vv119_v83_72_15_12_v108_70_vv23_v14_v129_122_96_39_10_8_v83_34_vv100_v44_v52_vv112_94_v138_137_136_135_132_130_125_120_117_111_107_105_103_87_84_82_79_78_75_72_71_70_67_55_53_52_51_48_43_42_41_40_39_37_34_33_31_29_27_23_17_14_13_11_5_1_v6_v126_95_67_v70_3_vv110_33_23_vv145_110_77_69_56_48_47_41_34_v123_120_8_v9_vv98_v150_115_111_82_81_62_58_52_46_39_v145_44_13_v145_45_v148_137_80_55_28_v104_16_vv46_20_v106_103_54_50_47_37_23_19_v144_113_77_76_48_v21_v124_22_v48_39_8_v146_v163_128_124_95_94_71_52_18_13_v103_46_44_26_12_v160_141_37_v161_13_v68_v79_v106_53_16_vv33_v130_47_v120_72_vvv142_138_10_v176_146_145_143_142_118_111_109_108_87_80_79_73_69_66_62_48_44_30_27_14_12_v117_14_v130_54_26_vvv116_vv183_97_94_93_46_27_v184_163_94_82_65_55_47_1_v160_40_vv50_v138_69_51_v52_v172_95_93_91_v10_v55_v161_127_56_45_vv115_87_v59_vv199_164_131_123_102_101_95_88_v146_125_113_62_v124_113_112_56_v164_v177_154_150_105_v35_v161_60_6_v83_54_v111_109_91_84_78_30_v174_88_70_43_v112_111_80_71_32_v72_v121_54_v48_v193_180_173_162_132_75_v133_76_v126_vv216_195_145_127_114_32_15_vv193_170_166_73_33_v173_157_92_13_v161_145_109_89_83_61_44_31_v1_v199_189_103_98_90_85_46_40_31_2_v210_179_170_151_134_67_v225_157_75_v226_187_157_134_130_81_76_63_49_27_v227_151_v228_159_132_83_78_65_51_29_v200_v130_69_1_v115_93_70_40_27_24_v127_67_12_v195_113_105_95_57_1_v213_183_131_127_124_114_96_83_82_v159_v111_v156_64_58_6_v199_146_132_100_12_10_v115_111_19_7_v191_139_37_1_v131_v1_v237_v80_v178_v222_176_160_151_148_125_55_15_v214_184_166_130_127_109_v213_180_179_160_150_137_85_43_34_13_v249_214_181_180_173_156_145_24_23_22_21_14_1_v137_97_96_84_v252_239_221_210_198_170_126_113_103_96_85_53_43_v238_207_3_v239_208_171_145_143_113_95_83_v249_200_184_156_101_v250_157_89_v221_187_145_111_106_93_57_29_v240_220_117_104_33_v241_221_185_1_v221_139_121_83_26_5_v222_179_140_122_84_27_8_6_1_v229_123_77_45_7_v258_233_214_173_120_117_88_81_47_33_v182_125_v183_126_v184_19_v215_185_180_171_145_70_v187_129_v234_v199_166_156_131_116_v127_v182_v183_v175_173_142_108_82_v174_143_97_v274_262_254_253_248_241_224_212_208_189_188_185_184_181_180_177_168_155_154_151_145_142_132_118_90_82_67_41_28_24_v171_138_89_1_v226_157_139_69_12_2_v256_175_140_3_v228_159_13_4_v269_170_142_v143_86_v173_144_86_v145_106_v275_164_146_v159_147_v278_166_148_v229_213_212_149_107_26_v282_236_201_171_150_88_70_41_27_v243_229_193_192_191_189_180_174_156_151_98_80_75_72_66_55_16_15_v171_152_39_v289_v202_v5_v27_v205_173_5_v176_88_v272_254_160_v230_v89_v202_69_v148_122_32_v287_263_233_210_202_200_195_191_163_157_152_139_127_111_88_79_68_29_28_22_v180_151_v226_194_160_152_1_v207_112_16_3_v192_33_17_1_v195_119_43_v20_v212_v213_200_158_v224_v59_v294_217_v83_v217_v296_283_103_v61_v285_v,320,val,75
vvvvv3_vvvvvv1_vvvvvvv11_vvvvvvv18_v24_v25_22_vv19_v11_v2_vvvv25_16_vv11_10_v17_v16_v4_v22_v14_vvvvvv46_25_vv43_41_4_v48_28_1_v8_vvvvvv56_53_19_v32_8_1_v29_vvv55_51_41_33_30_v59_6_v55_31_vv45_16_v43_8_v43_30_v70_29_v70_67_31_30_v60_42_39_v65_52_51_43_28_10_6_v16_vv41_26_vv75_v60_28_v61_39_29_vv55_v35_vv74_6_v75_12_7_1_v8_v77_47_3_2_v53_18_vvvv43_v85_48_vv94_84_69_66_61_47_45_32_6_v54_43_v50_11_2_v27_11_3_v92_78_70_51_v73_v97_75_65_44_43_20_6_v76_66_64_44_21_7_v41_v80_vv89_37_3_vvv94_vv63_61_16_vv103_29_28_26_v108_60_v108_104_96_86_83_29_v91_90_80_15_14_v106_85_55_46_2_v65_22_v42_vv94_v52_vvv65_vvvv122_121_119_109_108_107_102_100_84_79_76_67_63_57_45_44_12_1_v81_37_1_vv98_82_77_v116_62_61_35_4_v79_39_v117_107_v129_128_125_117_115_107_104_94_92_91_86_83_70_66_65_64_56_38_19_7_6_1_v73_14_1_v46_9_2_v77_68_3_v47_11_4_vv119_82_72_43_38_36_17_v137_96_94_93_88_82_11_vv35_v94_v140_139_128_127_126_118_102_88_75_54_19_18_17_11_9_7_v149_vv115_51_v135_vv70_v59_v124_26_v10_v21_v136_29_v73_52_v64_v142_141_108_75_43_12_v141_115_114_112_107_79_51_30_28_19_18_v93_37_v153_142_132_66_47_35_31_28_vv154_v138_v120_36_34_v86_76_16_v9_v164_109_100_99_93_v152_76_43_v79_v28_v146_42_12_v47_v101_50_vv109_vv22_v181_178_134_132_119_101_81_80_v177_133_v165_23_13_vv91_90_50_24_v92_v141_127_26_v86_85_v163_90_v184_162_v179_v150_85_v164_144_117_v189_141_v143_142_60_55_vv193_v178_173_163_144_127_97_83_67_65_56_49_v194_153_150_105_86_v138_v168_132_104_73_66_64_26_v155_153_108_41_v24_v198_176_v130_79_29_v132_112_109_97_78_v162_79_72_48_v144_113_89_62_v183_v153_49_12_v213_208_207_206_205_204_202_201_200_199_198_197_193_192_191_190_187_185_183_168_167_165_164_162_161_160_159_156_153_149_148_146_142_140_132_129_128_127_126_123_122_121_118_116_111_110_109_101_97_95_88_84_82_81_77_75_74_73_70_65_62_61_60_59_58_57_56_55_54_53_52_51_50_49_47_41_38_28_26_25_24_16_10_9_8_6_5_4_3_1_v163_56_51_14_v82_52_1_v29_16_v125_111_92_v206_188_155_146_100_55_v132_v215_193_181_162_161_124_103_41_37_7_v59_v60_v221_218_196_186_165_164_159_141_127_121_120_23_3_v174_145_120_v176_v13_v178_127_v150_108_v16_3_v210_v134_131_101_94_v72_v73_48_v186_172_v196_184_177_52_v229_v186_v172_141_28_v229_210_97_42_38_v143_121_v239_236_214_192_190_177_159_139_138_41_21_6_v191_174_171_99_47_14_v227_147_137_111_57_54_30_8_v169_166_124_31_16_v169_149_146_132_115_102_99_82_58_45_32_2_v235_217_211_181_7_v4_v236_223_218_211_203_194_188_184_181_177_162_157_156_155_154_78_76_51_38_36_28_24_8_v153_36_v242_220_78_v103_90_v157_v182_v252_249_227_217_203_190_172_158_152_151_137_54_34_31_v234_233_182_42_v251_198_36_2_v59_44_v253_232_231_221_210_200_162_141_75_35_17_4_v254_201_177_24_v163_v165_149_60_57_v240_234_189_35_v245_244_222_212_208_193_184_159_158_120_73_v,264,train,349
vvvvvvvvvv9_4_v8_2_vv3_vvvv12_v12_1_v10_vvvv10_2_vvv22_4_v2_vv17_v13_12_6_v18_v15_v9_7_v24_vv30_v37_v34_23_2_v15_v16_v3_v21_vv31_26_19_14_2_v7_vv45_44_19_18_v47_35_vvv47_27_v40_14_v44_41_40_28_27_24_15_vv30_11_2_vvv4_v12_vv4_v42_v63_62_58_33_31_26_17_15_13_9_5_v26_vv48_v57_36_27_v58_38_20_vv69_60_22_v46_44_27_18_vv35_9_v52_v53_v54_2_v10_v27_v57_32_v58_54_45_v56_26_10_v39_vv77_17_v70_47_40_v82_v13_12_11_v78_v62_33_29_v52_v81_6_v54_47_45_7_v73_21_v78_51_47_29_28_26_12_v89_59_57_5_v75_74_30_v87_66_30_v71_54_v95_v91_76_74_70_62_60_56_53_40_38_37_26_25_20_7_6_v63_28_11_6_v55_v103_40_22_vv58_v3_v69_v102_70_v29_v96_89_88_84_80_72_61_59_41_24_14_11_10_v11_8_5_v112_75_49_v109_91_86_80_60_57_53_33_20_13_3_v108_76_50_v52_v69_31_24_v117_54_v117_105_21_v81_55_18_v119_110_v94_65_61_8_v56_v117_108_85_81_78_76_50_29_22_21_7_4_v86_23_v113_102_96_94_91_81_62_58_55_28_21_7_5_vv94_76_49_31_27_v65_v46_29_7_v129_123_122_63_5_v101_38_31_v94_25_v95_vv5_v98_75_4_v11_v87_60_15_11_v75_54_45_38_16_v70_43_36_28_20_10_v123_106_99_96_94_v133_102_95_75_16_v87_83_43_21_v91_63_2_v107_81_v21_6_v43_22_7_v147_91_87_81_23_14_8_v139_137_120_111_101_97_86_83_61_55_24_9_v,150,train,339
vv2_vvvv2_1_v6_3_2_vvv6_v7_5_v4_v10_v4_vv13_3_v15_v16_vv17_14_13_v19_4_vv22_19_16_v23_20_17_1_v18_2_1_v24_21_6_v22_19_17_7_5_1_v1_v27_vvv27_23_18_17_12_1_v27_v32_vv31_24_17_16_9_6_1_v25_10_7_2_v19_2_v36_v37_24_v22_11_5_v40_v17_v44_42_27_v27_24_19_16_11_3_1_v19_16_11_10_9_8_5_v40_24_23_22_v44_36_12_v47_4_v48_5_v20_15_v51_48_20_v48_33_27_vv50_35_1_v54_11_v,57,train,54
vvvvvvvvvvvv1_vvvvvvvv20_14_vvvvv5_vvvv23_vvv25_vv8_v14_v25_15_vv7_6_v35_v13_vvv14_v5_v25_vv20_v42_38_6_vv47_23_2_v50_vvvv55_v30_24_6_v50_17_1_vvv30_vv53_47_38_27_v56_6_v53_vv42_16_vvv54_34_v61_47_46_35_29_8_4_v71_69_46_43_32_6_v36_24_vv53_24_v54_50_25_vv45_vvv33_vvv49_v6_v73_11_v74_12_1_v13_v54_5_vvv43_vv93_92_89_50_49_42_26_22_20_15_9_vv80_63_60_59_46_45_32_16_6_v49_9_1_v43_v29_3_v90_75_64_50_vv69_63_61_45_24_6_v95_70_64_46_45_25_7_v41_v84_v85_62_34_2_v106_86_78_35_vv59_58_13_vv104_v102_96_89_76_24_v81_80_74_11_10_v98_51_44_2_v68_vvv108_107_105_94_93_90_84_82_75_67_63_55_51_47_38_32_31_4_1_v70_1_vv100_v85_71_66_v67_27_v103_54_53_25_6_v103_v116_115_110_103_101_90_84_83_75_71_59_57_56_55_49_27_12_8_7_1_vv63_2_v63_57_v38_12_4_v68_61_5_v63_32_26_v126_85_84_82_77_71_11_v45_vv126_125_113_112_111_100_93_76_65_19_18_17_10_6_v116_32_v100_38_vv14_v128_104_76_v46_v61_v100_93_75_50_29_12_v49_36_vv122_99_97_96_91_65_38_25_24_20_14_v66_5_v31_vv123_33_v64_vv131_130_99_66_v153_61_v106_34_33_22_v88_v148_95_88_87_83_vv152_110_109_96_82_58_57_v154_110_v139_8_4_v136_128_v68_66_38_17_v69_v118_104_19_vvv125_118_25_v163_v114_11_v146_100_98_v171_121_79_v119_48_v150_142_136_128_119_114_104_92_73_62_53_52_42_37_v75_v170_129_126_81_66_32_v114_84_v142_110_80_61_53_49_v178_86_v180_155_44_v181_161_81_14_6_v133_132_87_38_36_vvv113_90_87_68_v69_61_v90_52_v132_42_14_v184_183_182_181_180_179_177_174_173_172_171_170_167_166_165_162_158_156_154_148_147_142_140_139_137_136_135_131_130_126_125_123_121_119_113_108_104_103_102_100_99_97_95_92_88_87_86_81_78_76_74_73_71_70_65_62_60_59_58_54_52_51_50_48_47_44_43_41_40_39_38_37_36_33_32_31_28_26_25_24_16_11_7_6_5_4_3_2_1_v140_51_44_16_v84_70_45_1_v29_18_v172_148_100_89_87_57_13_12_v179_159_132_125_81_48_28_v188_163_155_139_138_100_83_36_6_v189_164_158_140_139_133_119_101_95_94_22_1_v149_123_94_v127_v150_v151_101_v12_v109_v9_v15_3_v177_99_v206_v207_194_193_103_14_v183_137_v162_148_v170_160_153_51_v205_v162_vv189_143_v8_v119_30_27_v210_185_183_168_167_154_140_129_116_115_55_47_43_22_7_v136_v173_v14_v202_126_102_56_32_11_v33_v151_128_125_114_106_92_89_77_60_49_34_2_v153_v119_89_53_44_18_v211_197_191_188_185_180_172_167_163_160_158_140_136_135_134_79_69_53_39_38_31_29_v132_38_v221_202_196_190_178_165_151_133_127_126_116_54_33_32_v206_205_159_40_v223_199_198_192_183_173_135_118_71_34_13_2_v224_174_36_3_v225_201_200_185_175_137_73_36_15_4_v44_v210_201_164_34_v235_152_147_131_42_22_10_v216_215_186_171_165_162_143_133_116_105_61_43_38_11_v,237,train,45
vvvvvvvv8_vvvvvvvvvvvvvv3_vvvvvvvvvvv12_v27_v7_vvvvv22_v7_v11_vv22_vvvv43_39_36_23_19_17_6_v9_vv11_vvv53_52_51_50_48_47_44_43_41_40_39_37_35_33_32_31_28_27_26_24_22_21_20_19_18_17_16_15_13_11_10_9_8_7_4_2_1_v17_1_v2_v3_v27_16_10_v43_5_v33_32_25_6_v52_41_v8_v47_v50_10_v11_v26_v13_v14_vv50_7_v17_v63_52_v47_19_v20_v67_55_51_35_27_6_5_v36_25_16_13_10_v57_23_14_7_v,78,train,384
vvvvvvvv7_vv3_v4_vvv7_v8_v9_vvvvv21_vvv5_v6_1_vvvvv4_vvvv28_vv16_vv5_v20_14_7_v33_vvv14_v31_30_vvv40_21_v41_vvvv6_1_vv25_24_11_v1_vv44_24_19_v45_25_20_v47_41_vv52_28_vv57_29_11_v38_17_10_v26_vv29_v55_vvv22_9_1_v33_v19_vvvvvvv8_v22_v55_26_19_v65_6_v54_40_8_v72_v67_62_47_v34_5_v81_vvvvv1_v71_45_32_24_23_14_v1_v30_v96_94_93_92_90_85_80_77_76_75_70_66_65_59_58_56_55_52_45_43_41_39_38_34_28_21_20_19_16_12_11_10_8_6_5_3_1_v8_6_v22_2_v3_v40_v27_5_vv62_v13_v66_30_1_v5_v75_51_v83_81_65_35_27_25_12_v108_104_76_75_65_60_58_50_47_31_28_20_13_7_v14_v103_60_v87_69_29_v86_v93_18_v107_103_86_71_v104_91_70_33_8_4_v21_v22_v23_v46_27_v73_28_27_v84_v94_27_11_v88_11_v74_v85_30_v41_vv33_1_v130_v130_126_98_82_53_49_29_22_18_v96_36_19_8_v,134,train,220
vvvvvvvv7_v2_v3_v4_vvv7_v8_vvvvvv21_v4_2_vv6_2_vvvvvvv5_vvvv29_vv18_vv5_v22_18_7_v34_vvv14_v34_32_vvv41_22_v42_vvv30_24_vv7_1_vv32_v27_26_13_v1_vv47_26_21_vv49_28_23_v51_46_vvv60_31_12_v41_19_10_v28_vv31_v58_vvv24_9_1_v35_vv20_vvvv13_10_2_vvvvv11_10_v69_v25_v62_30_23_v9_v74_8_v61_47_10_v80_vv77_71_55_v41_7_v90_vvvv40_7_vv1_v79_54_39_31_30_18_v1_v37_v106_104_103_102_100_95_91_88_86_84_80_75_74_68_67_65_64_61_53_50_48_45_44_41_35_25_24_23_19_14_12_11_9_7_5_3_1_v9_6_v26_2_v3_v31_4_vv70_v12_v29_v75_34_2_v6_v92_89_73_40_29_26_11_v117_113_84_83_73_68_65_55_53_34_30_20_12_7_v13_v67_v96_77_30_v94_v101_17_v112_94_79_v113_100_78_45_34_8_4_v20_v21_v22_v50_26_v81_27_26_v92_31_v102_26_11_v96_11_v49_v82_v94_30_v42_vv33_1_v140_v140_136_107_91_57_51_30_23_19_v105_36_20_9_v,144,val,58
vvvvvvvvvvvvvvv1_v11_10_vvvvvvvv13_11_vv18_vvvvv29_vvvvvvv24_vvvvvvv14_v45_vvvv4_vvv31_vvvvvv36_20_vv54_vvv46_24_22_11_v34_v59_22_vvvv42_vv68_v14_v16_vvv44_32_vvv79_30_v80_35_1_vvvvv68_22_vvv62_v46_v69_vv91_76_71_66_63_28_19_13_11_3_v54_30_v39_vv62_v23_v38_v39_v82_v43_v97_72_42_10_v73_v59_55_24_12_v53_42_9_v97_27_19_v64_v48_v100_73_67_40_vv102_82_48_24_15_vv50_vv55_23_v115_52_14_13_v117_42_37_25_v106_v61_47_v14_v115_105_92_61_57_19_5_vvvv108_62_50_v104_24_16_v78_47_23_21_vv111_16_v126_113_108_vv22_21_vv124_111_v92_46_vv90_14_vv133_130_110_79_74_63_62_41_37_31_28_23_18_17_v80_1_v111_97_20_2_v137_v90_80_17_13_v120_78_vv62_28_v15_v147_139_104_45_9_7_v39_vv108_v50_v90_v59_v55_vv124_103_v158_157_156_155_152_149_142_134_129_123_118_115_113_98_94_92_90_89_85_82_81_79_76_63_61_60_59_56_50_49_48_47_46_43_41_40_37_34_31_26_18_16_15_13_7_1_v8_v155_142_140_35_31_5_4_v79_3_v99_v120_37_24_v64_v107_v151_108_v167_122_88_80_57_56_50_40_v4_v138_135_11_v12_v58_42_v112_v173_128_124_94_93_69_62_56_46_v168_53_16_v54_v172_171_154_65_51_33_16_v118_19_vv119_115_63_58_53_40_27_21_v161_125_88_86_54_v124_v24_v137_25_v121_13_v165_85_56_55_44_29_9_v171_v187_142_138_108_107_83_60_20_14_v118_52_49_30_13_v184_157_43_v173_156_127_77_v144_129_v188_187_177_32_16_v81_v136_v122_62_19_v38_v144_54_v181_151_136_135_98_83_75_38_v99_74_69_35_23_vvv144_37_v159_155_11_v189_116_v204_165_163_161_160_137_129_126_125_103_95_94_88_83_78_73_58_54_35_32_18_16_v136_18_v129_115_v150_65_32_vv50_25_11_v135_vv212_114_111_110_55_34_v213_184_111_98_75_66_56_1_v181_46_vv59_v158_79_60_v123_v62_v174_v159_137_v196_114_112_109_v13_v207_96_70_65_40_v68_v184_150_69_55_v221_132_vv138_106_v73_v72_vv234_189_155_147_124_123_117_107_v171_149_136_77_v228_219_202_178_173_131_125_105_36_17_8_v42_v138_39_v200_187_176_143_48_17_3_v131_129_107_93_35_v197_102_83_52_v132_131_95_84_37_v85_v142_65_v57_54_v218_203_196_186_154_88_v155_89_vv248_219_147_133_35_vv193_179_v218_194_189_83_37_v238_v247_v126_95_74_v156_88_57_v200_184_111_93_89_17_1_v201_94_90_2_v190_172_131_109_101_76_54_39_v1_v229_217_122_118_110_103_56_49_37_2_v243_207_198_174_160_83_58_v263_184_90_v264_215_184_160_155_97_91_77_59_30_v265_178_v266_186_157_99_93_79_61_32_v107_v108_36_v140_109_v137_112_85_47_33_30_v187_153_82_14_v224_133_126_114_69_1_v244_213_157_152_147_134_115_99_98_v131_v258_v259_184_78_68_6_1_v228_173_157_119_13_11_v194_136_132_110_97_24_21_20_7_v264_256_254_221_164_43_1_v265_229_228_222_190_179_175_44_41_v266_181_121_2_v276_v236_160_146_92_85_v96_v208_v254_205_188_178_175_146_63_16_v244_214_195_152_148_129_v188_67_v244_210_209_178_162_102_42_v290_245_211_210_203_184_173_27_26_25_24_1_v276_12_2_v162_116_115_100_v294_279_256_242_230_201_150_135_122_115_101_60_52_v275_239_4_v276_240_201_173_169_115_v291_232_215_185_120_v292_250_197_192_186_174_113_105_58_14_v253_218_171_131_125_111_64_33_v251_160_141_96_27_3_v252_208_161_142_97_28_6_4_1_v259_143_88_53_5_v210_144_v211_145_v212_18_v213_104_v246_214_208_198_166_76_v216_149_v227_192_178_150_132_v246_29_v247_30_v200_197_162_122_88_v198_163_107_v312_297_284_283_278_269_253_240_236_215_214_211_210_206_205_202_192_174_173_171_165_162_150_134_99_87_72_40_26_20_v196_156_98_1_v255_176_157_74_11_2_v286_200_158_3_v257_178_11_4_v305_192_160_v161_90_v196_162_90_v163_116_v311_183_164_v179_165_v315_185_166_v258_242_239_167_116_24_v320_265_227_191_168_91_76_39_25_v271_258_218_217_216_213_203_195_176_169_104_85_80_78_66_54_16_15_v190_170_35_v327_v228_v5_v25_v231_192_5_v195_93_v302_281_178_v257_v94_v227_68_v314_60_v164_132_32_v320_292_261_237_227_220_214_182_174_168_154_118_94_80_68_30_29_23_v231_116_15_1_v32_16_1_v216_127_41_v19_v236_v237_221_172_v249_v322_240_v80_v240_v324_309_106_v310_v,355,train,291
vvvvvvvvv8_v4_vvvv6_5_vvvvvv18_v1_v22_v17_14_2_v23_9_1_v18_vv24_22_16_v27_4_v24_8_v27_26_25_19_14_3_1_v19_11_v23_vv24_v26_24_23_16_14_7_v1_v34_32_26_18_v29_24_23_15_6_3_v38_30_25_16_15_7_4_vv33_32_27_3_2_v25_v40_39_38_32_22_16_14_13_v32_23_22_v23_10_v16_10_3_v44_42_36_31_26_18_17_11_4_v11_v47_31_29_28_27_23_5_vv48_47_46_40_21_8_4_v39_15_v6_v49_36_35_33_32_10_9_5_v36_11_10_v53_29_26_v56_38_36_29_25_19_18_v52_48_v24_12_5_v37_3_v56_52_47_44_39_36_31_28_23_20_17_16_12_9_v39_8_1_v62_61_60_59_58_55_52_47_45_44_42_35_34_33_25_24_15_12_11_10_9_7_4_1_v43_11_10_3_v21_11_1_v7_5_v66_58_52_44_43_32_26_10_4_v67_59_54_45_44_40_36_33_30_29_7_1_v54_48_45_12_v69_61_60_51_49_42_38_36_32_31_12_10_9_3_1_v38_v55_v38_10_4_v43_39_38_34_31_26_24_20_15_13_11_1_v64_61_59_58_47_46_19_13_8_v75_70_67_62_55_48_44_41_38_37_35_15_9_8_v73_72_47_14_v77_70_69_64_60_54_43_37_21_10_8_2_v78_55_12_3_v79_72_71_62_56_45_23_12_10_4_v76_51_v,82,train,391
vvvvvvvvvvvv1_vvvvvvv13_vvvvvvvv21_vv25_vvvv13_vvv24_16_vv10_9_v16_v14_v23_21_v11_vv26_24_3_vvv20_v40_vvvv26_vv48_45_8_v53_29_1_vvvvvvvv34_8_vvv59_53_41_33_31_v63_v56_vv45_15_v71_30_v59_39_37_v32_v67_51_49_41_29_8_4_v67_27_v28_v41_23_v9_v59_24_v60_39_25_vvv8_vvvv76_8_v77_12_9_1_v10_v79_60_49_3_2_vvv39_vv86_49_vv84_68_64_61_44_42_30_14_1_v55_40_vv28_10_3_v49_12_4_v99_95_94_77_69_65_51_49_27_v59_v73_v101_76_67_42_8_vv78_69_67_44_10_v42_vv83_v93_92_81_64_60_40_33_3_2_v30_10_vv61_59_17_vv105_29_28_26_vv111_105_97_85_83_29_v91_90_81_14_12_v107_85_54_48_2_v63_23_v91_vvv118_116_114_102_100_99_94_92_79_70_67_59_55_51_42_38_37_5_1_v72_31_1_vv127_109_v110_57_55_29_4_v70_33_v95_76_71_v124_57_56_v113_v127_125_121_113_109_101_99_91_89_88_79_76_64_62_61_60_53_34_14_9_8_1_v67_1_v43_11_2_v71_65_3_v43_13_4_vv67_38_30_29_v135_89_87_86_81_10_v29_v136_134_122_120_118_110_97_79_69_48_19_18_17_9_7_5_v42_vv12_vv114_23_v64_v124_25_v54_vv128_101_100_98_93_68_39_23_22_14_12_v69_59_5_v142_129_120_55_35_30_26_21_v58_v68_v137_135_100_69_37_vv127_v88_v155_96_90_88_83_v140_65_38_vv2_v133_37_5_v42_v164_115_113_101_63_61_v163_114_v149_12_8_v63_61_v75_74_38_19_v76_v152_58_v123_22_v145_72_v170_167_144_v131_123_v5_vv123_122_47_vv158_154_145_133_123_118_109_97_76_64_53_52_42_39_vv83_1_v180_134_131_89_vv152_115_88_63_54_52_21_v136_134_92_36_v111_vv185_159_vv117_97_94_81_69_v146_70_61_39_v98_53_v166_v135_45_15_v199_195_194_193_192_190_188_186_185_184_183_182_178_176_174_173_171_168_166_154_153_147_146_144_143_142_141_137_135_132_131_129_126_125_118_114_112_111_110_108_107_103_101_100_94_92_91_85_81_79_76_75_73_72_66_64_63_62_59_56_55_54_53_52_51_50_49_48_47_46_43_42_41_40_38_37_35_29_27_26_24_18_11_10_8_6_5_4_3_1_v145_54_47_17_v70_48_1_v28_23_v31_20_v184_163_v192_172_139_133_85_52_31_v202_177_166_143_109_87_38_7_v203_178_169_144_140_110_102_100_24_1_v154_129_100_v131_v11_v158_109_v7_v14_3_v102_v117_113_100_90_81_vv60_47_v178_163_50_v164_v200_138_6_v174_143_39_17_v190_161_119_v125_102_v220_195_171_169_157_119_117_41_18_6_v178_170_152_85_47_4_v209_129_99_51_27_8_v28_v151_131_128_111_103_88_86_75_56_45_29_2_v218_193_161_v48_v223_218_204_198_193_186_181_173_170_167_164_161_158_143_140_139_138_137_136_125_77_69_50_35_33_25_23_8_v135_33_v226_201_200_185_151_130_101_71_51_19_11_v91_78_v61_v62_v233_208_199_182_170_140_132_130_118_54_31_30_v215_213_164_39_v235_211_210_201_187_142_120_71_32_15_2_v41_v237_213_212_189_144_73_34_17_4_v131_v219_218_212_169_63_59_58_32_v147_130_58_55_v244_227_226_225_215_204_194_190_186_176_174_167_166_163_161_137_136_135_117_105_74_58_41_36_31_29_24_15_3_v,246,train,483
vvvvvvvvvvvvvvv1_vvvvvv21_vvvvvvv24_vvvvvvvvv23_vvvv13_v39_vvvv4_vvv29_vvvvvvvvv48_vv43_11_v61_v34_v53_23_vvv5_vvv45_vv65_v17_vvv45_34_vvv75_32_v76_37_1_vvvvvvv63_v47_v68_vv86_74_70_67_64_28_18_12_10_3_v38_vv61_v21_v37_v38_vv62_33_1_v90_71_41_9_v72_v59_55_22_11_v91_69_24_18_v63_v46_v94_70_66_36_vv96_81_47_23_14_vvv52_20_vv108_50_13_12_v110_39_34_23_v101_v13_v106_100_90_58_54_17_4_v74_vvv120_118_103_101_99_93_60_59_46_v22_15_v76_43_21_20_vv107_v19_18_vv87_40_vv68_vv121_120_105_73_68_56_55_36_32_27_24_19_15_13_v74_1_v105_92_17_2_vv126_v86_76_15_12_vv116_74_vv26_v16_v138_131_101_42_11_9_v87_37_vv105_v47_v55_v117_97_v146_145_144_143_139_138_133_127_123_115_111_109_107_91_87_85_81_80_77_74_73_71_68_57_55_54_53_50_45_44_43_42_41_39_36_35_33_30_27_24_17_14_13_10_4_1_v5_v142_31_v32_v72_4_vv115_34_24_v153_114_78_72_58_50_49_43_34_v96_91_83_28_v129_126_9_v10_vv103_v159_120_116_84_83_65_61_55_49_40_v153_47_14_v48_v156_58_45_29_14_v109_17_vv110_106_56_52_47_37_22_19_v151_116_79_78_48_v21_v127_22_v48_39_7_v170_131_127_95_94_72_51_17_11_v104_46_43_25_10_v166_145_35_v167_25_11_v69_v80_v107_53_14_v31_v131_45_v165_122_72_31_vv64_60_19_v65_v66_vvv148_144_13_v186_152_151_149_148_122_115_112_111_91_84_83_77_72_68_65_49_45_31_28_17_15_v121_17_v115_102_v57_28_vvv121_vv194_102_99_98_49_30_v195_171_99_87_68_57_50_1_v103_v169_43_vv54_v146_73_55_v56_v182_101_99_97_v11_v59_v169_133_60_48_vv121_92_v63_vv211_172_136_130_108_107_101_92_v153_132_119_66_v131_119_118_60_v200_185_157_110_v39_v167_63_5_v115_113_94_86_79_30_v180_90_72_46_v116_115_81_73_32_v74_v125_56_v51_v201_186_179_168_136_77_v137_78_v130_vv226_202_131_118_31_vv200_172_74_31_v172_104_76_v179_162_94_14_v166_151_112_91_86_64_45_30_v1_v207_196_106_101_92_88_47_40_30_2_v220_185_176_152_139_70_v236_161_77_v237_194_161_139_135_84_78_67_50_26_v238_157_v239_163_137_86_80_69_52_28_v207_92_v135_124_72_60_1_v119_96_73_39_27_25_v132_71_12_v202_116_107_98_58_1_v222_190_136_132_127_117_99_85_84_v112_v166_113_1_v115_v250_235_233_v236_163_71_60_8_1_v208_153_139_105_14_12_v120_115_21_9_v146_39_1_v247_v84_v183_v230_180_165_156_153_128_54_15_v221_189_171_134_130_112_v220_184_183_165_155_140_89_43_35_12_v260_221_220_185_184_179_161_150_24_23_22_21_13_1_v8_2_v3_v142_101_100_90_v266_252_230_219_207_177_131_118_107_100_91_54_46_v261_250_215_5_v251_216_178_151_148_100_v261_208_190_163_105_v262_164_95_v230_193_150_116_110_99_58_31_v153_87_v229_143_125_85_27_4_v230_185_144_126_86_28_7_5_1_v237_127_78_47_6_v269_241_221_179_123_121_94_82_49_34_v188_129_v189_130_v190_20_v191_94_v224_192_187_178_150_71_v194_134_v243_v205_173_161_136_120_v188_v189_v181_179_145_113_82_v180_146_99_v286_274_264_262_256_249_232_218_214_195_194_191_190_187_186_183_174_159_158_155_148_145_135_122_91_82_69_42_29_23_v177_142_89_1_v234_161_143_71_12_2_v265_181_144_3_v236_163_12_4_v281_174_146_v147_86_v178_148_86_v149_108_v287_168_150_v162_151_v290_170_152_v235_220_219_153_108_26_v293_244_207_176_154_88_72_42_27_v250_235_199_198_197_195_185_179_159_155_98_82_77_74_67_56_16_15_v175_156_38_v301_v208_v5_v26_v211_177_5_v180_90_v281_261_164_v235_v91_v208_70_v151_123_31_v317_296_197_79_v298_272_239_217_209_207_202_196_168_162_156_145_130_112_91_81_70_30_29_23_v319_199_v213_112_16_2_v33_17_1_v199_119_43_v20_v218_v219_204_161_v230_v303_222_v83_v222_v305_290_104_v59_v292_v,333,train,375
vvvvv3_vvvvvvv1_vvvvvvvv13_vvvvvvvvvv23_v29_v30_27_vv23_21_v12_v2_vvvv29_17_vv11_10_v18_vvv19_v6_v25_v16_vvvvvvv54_29_v28_21_18_vv55_32_v53_50_7_1_v22_v1_v12_v53_vvvvv58_3_vvv70_67_26_v41_14_1_v38_vvv69_63_51_42_39_v73_6_v68_40_vv55_22_v52_8_v52_37_v84_36_v84_76_38_37_v72_51_48_v79_62_61_52_35_10_6_v16_vv50_30_vv88_v70_34_v71_46_35_vv64_v41_v77_v87_6_v88_12_7_1_v8_v90_54_3_2_v62_18_vvvv47_v98_87_55_vv108_96_78_75_70_52_51_32_6_v61_44_v56_11_2_v27_11_3_v106_88_79_56_v82_v111_84_74_44_43_20_6_v85_75_71_44_21_7_v41_v89_vv101_37_3_vv105_vv67_66_15_vv115_28_27_25_v121_60_v121_115_105_94_91_28_v101_73_v117_93_54_45_2_v101_100_90_16_15_v66_22_v42_vv103_v52_vvv65_vvvv136_134_132_119_118_117_111_109_91_85_77_67_63_57_45_44_13_1_v85_37_1_vv107_88_77_v128_62_61_35_4_v79_39_v127_116_v143_141_137_127_125_116_113_101_99_98_92_84_70_66_65_64_56_38_20_7_6_1_v73_14_1_v46_9_2_v77_68_3_v142_v48_12_5_v129_82_72_43_38_36_17_v151_102_99_98_88_82_11_vv138_115_v37_v97_v155_153_139_138_137_128_110_89_76_55_20_19_18_12_10_7_v164_vv125_52_v148_vv157_135_129_105_100_90_v149_72_v61_v135_28_v11_v23_v64_v149_32_v76_55_v154_153_111_77_45_13_v153_123_121_120_109_81_54_32_30_21_20_v95_39_vv168_155_144_69_51_38_34_31_v168_v149_v127_38_36_v8_v179_110_101_100_94_v163_77_44_v80_v28_v156_43_11_v48_v102_51_vv110_vv20_v196_193_140_139_120_102_82_81_vv193_141_v177_23_14_vv93_92_52_24_v94_v149_129_26_vv89_88_v200_173_v193_vv175_152_119_v205_144_v180_98_v147_146_63_59_vv210_v191_185_175_147_130_100_85_70_68_59_51_v211_162_159_108_90_v141_v180_135_107_76_69_67_28_v163_162_111_42_v26_v215_188_v133_82_31_v135_115_112_101_81_v171_82_75_51_v147_116_92_64_v206_184_183_68_59_v156_50_12_v230_225_224_223_222_220_218_216_215_214_213_212_206_205_204_203_199_197_195_178_177_174_172_171_167_165_163_159_156_152_151_149_145_143_135_132_131_130_129_126_125_124_121_119_114_113_112_105_101_99_91_87_85_84_80_78_77_76_73_67_64_63_62_60_59_58_57_56_55_54_53_52_51_50_49_43_40_29_27_26_25_16_10_9_8_6_5_4_3_1_v172_57_52_14_v199_v86_54_2_v31_17_v129_115_96_v222_201_159_150_105_57_v136_v233_206_192_166_165_128_106_44_40_8_v61_v62_v239_236_209_199_169_168_163_145_131_125_124_24_3_v182_149_124_v185_v14_v187_131_v154_112_v48_41_v18_4_v225_v139_136_106_99_v217_v75_v250_242_219_199_189_84_43_v48_v78_54_v200_180_v211_198_185_59_v251_v200_vv250_227_106_92_62_55_47_43_14_7_1_v228_107_8_2_v183_152_36_v153_131_v263_260_233_207_206_187_169_149_148_48_27_8_v232_67_60_12_6_5_4_v208_185_182_110_56_21_v250_158_148_122_66_63_38_11_v180_177_135_39_23_v180_160_157_144_126_113_109_91_67_53_40_2_v3_v163_v259_252_243_238_231_221_206_199_195_192_188_173_168_167_166_165_86_59_46_44_35_31_9_v164_44_v267_240_88_v113_101_v192_v276_273_246_236_219_200_182_168_162_161_146_61_40_37_v254_253_192_49_v275_208_42_2_v66_51_v277_251_250_240_226_210_172_150_84_41_17_4_v278_211_187_26_v173_v175_160_67_64_v260_253_199_41_v267_264_239_228_219_203_194_169_168_130_80_v,288,train,493
vvvvvvvvvv10_4_vvv3_vvv8_v11_v17_vv8_v10_v10_v10_vvv22_v2_v19_16_v27_v21_18_7_2_v14_v19_v7_vv25_v25_v31_v35_v34_25_2_v38_11_vvvv2_v45_vv34_vv10_vv31_vv40_36_28_22_vv16_v49_28_v29_v39_v59_58_46_43_33_7_vvv50_23_v51_50_38_35_24_v40_21_vv23_2_v3_v4_1_v48_28_v5_v9_v10_1_v54_45_2_1_v12_v63_11_v76_73_72_45_43_38_22_17_15_11_6_v57_55_38_v58_42_v33_vv20_vv32_v67_3_v56_v76_54_v78_77_68_56_51_31_28_5_4_v88_78_72_29_v64_62_36_26_vvv49_28_26_14_v54_16_v88_50_v70_6_v46_v83_77_58_46_42_26_25_v96_88_58_13_v77_60_54_v53_48_11_v91_4_v90_v83_64_48_46_6_1_v52_45_13_v90_55_48_27_21_18_9_v100_69_67_61_7_v88_34_v89_1_v73_25_v100_78_24_v80_72_58_54_35_6_vv74_68_20_14_7_v111_38_19_vv65_54_v35_vv80_v29_v115_82_v39_38_vv93_85_64_15_13_v119_81_v113_67_65_v124_89_51_v84_25_v95_83_50_49_v124_91_53_36_v55_v129_56_v133_120_23_v134_124_55_5_v96_58_22_v74_vv57_54_v133_132_125_119_100_84_82_68_67_65_56_46_37_34_26_23_11_4_v101_27_v77_v130_119_114_110_107_89_66_56_54_32_27_9_8_v79_v96_85_v108_83_62_v70_v131_59_v148_v125_106_83_82_81_74_57_8_6_v108_106_v111_v152_66_10_v140_94_30_v115_35_v129_v117_v144_98_v38_35_30_28_5_1_v6_2_v121_6_v79_v42_39_9_5_4_3_v86_66_58_50_24_v153_105_95_74_52_46_27_v77_55_50_38_31_13_v146_102_50_39_17_v103_18_v129_91_v109_82_v28_5_v56_29_6_v172_86_30_7_v171_164_163_161_154_145_137_134_129_121_117_114_111_109_104_97_91_90_89_75_68_51_44_31_29_24_22_8_4_v,174,val,38
vvvvvvvvvvvvv8_6_3_v4_vvv8_7_vv11_7_6_v19_7_v8_vv23_19_10_1_v11_3_v12_6_v17_v25_v5_v27_20_16_11_2_v21_v8_v3_v20_v17_10_vv33_25_23_22_21_20_19_13_12_2_1_v37_14_13_9_4_v21_20_8_2_v34_32_26_v30_6_v29_22_v18_v37_30_17_13_v27_20_v35_31_v29_22_10_6_v30_23_v31_12_v25_5_v27_v18_v42_38_7_v40_v31_23_v31_v39_32_22_10_v4_v49_29_26_15_10_v,59,train,80
vvvvvvvvvvvvvvvvvv17_vvv4_3_v7_vvv10_vv12_vvvvv16_14_5_v32_17_11_1_vvv35_3_vv24_11_v22_17_vv8_v38_29_28_22_19_4_v21_14_vv27_vv41_v42_7_1_vvvvvv47_36_34_28_27_18_4_v24_v38_35_34_24_11_2_v56_39_36_25_24_12_3_vv26_v34_33_6_v57_54_49_41_12_v45_44_41_6_5_v56_2_vvv62_61_60_53_52_51_47_46_42_39_35_28_24_19_18_3_1_v1_vvv33_v5_vv33_v70_69_62_61_60_54_50_39_32_9_8_7_3_vvvv32_v25_v14_v66_15_vvv29_v36_v79_71_23_20_v75_74_56_38_v74_63_62_61_42_28_v49_vv87_49_vvv93_68_67_58_49_38_37_v83_8_4_v42_41_8_v43_v73_10_v68_v86_82_79_58_44_38_25_v61_35_30_v76_75_48_14_vvv51_39_v40_22_v52_33_v76_20_8_v109_108_107_106_105_104_103_102_101_100_99_98_97_96_95_94_92_90_89_86_85_84_83_82_81_79_78_75_74_73_72_71_69_67_65_63_62_61_60_59_58_57_56_54_53_52_51_49_48_46_45_44_42_41_40_39_38_37_36_35_34_33_32_31_30_29_28_27_26_25_24_22_21_20_19_18_17_14_13_12_11_10_8_7_6_5_4_3_2_1_v109_92_88_78_77_56_48_17_16_1_v110_93_90_79_78_75_66_57_55_54_11_1_v3_v4_1_v98_92_87_81_20_v114_97_89_88_79_70_59_58_15_5_1_v105_62_48_18_7_2_v8_v64_52_45_30_22_18_9_2_v112_99_98_96_88_84_83_81_79_71_68_67_28_20_12_11_9_v66_11_v120_103_100_94_85_76_67_65_64_59_21_11_10_v121_89_12_1_v122_106_105_102_98_90_69_61_29_12_8_2_v123_91_79_10_v124_108_107_100_92_71_31_14_10_4_v17_v114_113_85_18_v,128,train,302
v1_vvvvvvvvvv9_vv9_3_v4_2_1_vvv4_vv9_vv1_v20_vvvvvvv22_1_v23_2_vvv27_v21_vvv21_vvvvv37_34_18_11_vv4_v2_v27_v21_v11_vv19_8_v51_v50_30_11_v20_v36_19_16_15_v10_v19_vvv34_v50_48_46_v28_vv19_v9_v48_v29_14_v56_34_6_v42_1_v66_65_59_57_55_52_50_37_26_23_14_9_7_v44_vv7_v43_31_19_v63_17_16_9_v39_34_23_13_v66_64_63_16_7_v33_v36_v68_46_v80_78_58_57_44_40_39_31_28_17_14_9_5_3_v12_v67_v14_v15_v16_v17_v18_1_v62_v63_v79_33_32_25_v65_44_17_1_v38_v62_51_v48_34_25_v13_v54_v20_v33_3_v99_97_90_79_77_74_73_72_69_66_65_62_59_56_44_36_34_30_25_22_19_17_9_v25_18_5_v,101,train,35
vvvvvvvvvv7_3_vv11_9_8_4_vv4_vvv14_7_1_v6_v7_vvvv10_v5_vv2_v16_8_vvv20_13_vv1_v23_3_vv32_v21_v34_32_28_24_14_vvv38_22_20_19_18_12_11_8_1_v1_v29_vv20_v21_19_v40_31_28_10_8_v47_29_v2_v45_36_7_6_v38_v50_39_v39_15_v6_v14_v43_5_v53_40_39_31_26_25_23_22_v24_1_v12_2_v,59,train,131
vvvvvvvvvvvv1_v8_vvvvvvvvvvv22_vvvvvvv20_v25_vvvv12_v36_vvvv4_vvv27_vvvvvvvv46_vv10_v31_v50_21_vvvv39_vv58_v13_vvv40_30_vv67_27_v68_32_1_vvvv34_vvvvv58_v44_v63_vv80_68_65_62_59_27_19_14_12_3_vv56_v21_v34_v35_vvv1_v86_67_39_9_v68_v56_52_24_11_v86_26_18_v60_v44_v89_67_63_37_vv91_76_45_23_15_vvv50_20_vv102_49_13_12_v104_40_36_23_v96_v13_v102_94_85_56_53_17_4_vvv106_38_v94_73_21_14_v72_44_20_19_vvv98_v19_18_vv84_40_vvv116_114_99_70_66_56_55_36_31_26_23_18_14_13_v71_1_v100_88_16_2_vv121_v82_73_15_11_v109_71_vv24_v14_v130_124_96_40_10_8_v35_vv100_v45_v54_vv112_93_v139_138_137_136_134_132_126_121_117_111_107_105_103_88_85_83_81_80_77_74_73_72_69_57_55_54_53_49_44_43_42_41_40_38_35_34_32_30_27_23_17_14_13_11_5_1_v6_v137_126_27_4_v72_3_v109_32_22_vv145_109_78_70_56_48_47_41_33_v122_119_7_v8_v34_v98_v150_114_110_83_82_62_58_52_46_38_v146_44_12_v146_45_v149_136_107_81_55_27_12_v104_15_vv45_v106_103_54_50_46_36_22_18_v144_111_77_47_v20_v123_21_v146_115_74_47_46_38_24_8_v60_v163_127_123_96_95_71_51_18_13_v104_45_43_25_12_v88_v162_141_37_v163_155_26_14_v69_v107_52_16_v31_v127_45_v119_85_71_31_vv139_135_7_v163_98_v175_144_143_141_140_118_111_109_108_86_79_78_72_68_64_60_46_42_29_26_13_10_v117_13_v97_v53_26_vv40_20_v117_vv183_98_94_93_45_27_v184_162_94_82_64_54_46_1_v159_40_vv49_v138_68_50_v51_v171_95_93_91_v10_v79_52_32_v55_v161_129_56_46_v61_vv117_89_v60_v145_vv202_166_135_127_105_104_98_90_v149_129_117_64_v116_115_59_v166_v179_153_108_v38_v63_6_v85_57_v114_112_93_86_80_34_v176_90_72_45_v115_114_82_73_36_vv75_v125_58_v52_v196_183_176_166_136_78_v137_79_vv219_197_149_130_117_35_15_vv195_169_76_36_v174_161_94_13_v130_v166_150_112_92_86_65_49_35_v1_v202_192_106_101_93_88_51_44_35_2_v214_181_174_156_151_138_71_63_53_v229_162_79_v230_190_162_138_134_85_80_67_54_28_v231_156_v232_164_136_87_82_69_56_30_v133_96_72_52_v117_95_73_43_27_24_v130_69_12_v197_115_107_97_62_1_v215_186_134_130_126_116_98_86_85_v112_v158_67_60_5_v200_148_134_101_10_8_v116_112_18_6_v230_141_36_1_v132_v239_v81_v180_v222_178_162_152_149_125_56_13_v214_186_167_130_127_109_v213_182_181_161_151_137_86_41_31_v250_214_183_182_175_157_146_21_20_19_18_1_v136_98_97_84_v253_241_222_210_199_171_126_113_104_97_85_51_41_v239_206_3_v240_207_146_143_96_v251_201_186_157_102_42_v252_169_158_89_v221_189_145_112_107_94_55_26_v220_148_105_30_v220_138_120_85_23_4_v221_179_139_121_86_24_7_5_1_v228_122_77_42_6_v173_117_v182_124_v183_125_v184_18_v185_v216_186_182_172_145_69_v188_129_v234_v201_167_155_131_117_v128_v174_172_140_106_81_v173_141_97_v273_261_252_251_246_239_223_212_208_189_188_184_183_180_179_176_167_153_152_149_143_140_131_117_89_80_63_37_26_22_v170_136_88_1_v225_155_137_65_11_2_v254_174_138_3_v227_157_11_4_v269_168_140_v141_83_v172_142_83_v143_106_v275_162_144_v157_145_v278_164_146_v229_213_212_147_106_25_v282_235_201_169_148_84_66_39_26_v240_229_192_191_190_188_179_172_154_149_97_76_70_68_61_51_16_15_v169_150_37_v288_v201_v5_v25_v204_171_5_v174_84_v270_251_158_v230_v133_84_v201_65_v147_121_30_v73_v286_262_234_210_202_200_195_190_162_157_152_139_129_111_84_75_65_30_29_23_v179_151_v228_193_160_152_1_v207_111_17_3_v34_18_1_v194_119_43_v21_v212_v213_199_158_v225_v292_216_v79_v216_v294_281_98_v143_v283_v,319,train,41
vvvvvvvvvvv3_vv5_vv7_vvvvv3_v13_vvvv11_v18_vv24_20_v21_vvv18_17_7_v1_v1_vv17_v32_v8_v31_11_7_vv23_18_10_9_vvvv8_v38_31_v32_5_1_vv29_vv36_v44_vvvvvv50_44_33_v59_58_57_56_55_54_53_52_50_49_47_43_42_40_39_37_35_32_29_27_24_23_22_21_19_17_16_15_14_11_10_9_6_5_4_3_2_v17_1_v2_v3_v55_16_4_v56_49_v38_35_27_6_v7_v59_20_v59_9_v61_v55_43_41_v63_43_25_24_8_4_v13_v14_v15_v60_16_8_v52_17_v18_v19_v,79,train,133
vvvvv5_vvv2_vvv11_9_3_vv11_2_v12_1_vv15_5_vvv1_v19_4_vv20_8_v17_15_12_v22_18_14_13_vv25_10_vvv16_v19_17_16_6_v4_v7_v31_24_22_19_11_3_v34_v11_v11_4_v24_12_vv28_12_8_v8_v39_38_37_35_34_32_30_29_28_27_26_24_23_22_20_12_11_6_2_v1_v5_v16_v16_6_4_v33_v43_37_6_5_v47_32_22_v41_17_11_5_v50_45_29_16_v,51,train,460
vvvv2_vvvv2_v5_vv8_v12_v11_v8_1_vvvvv17_6_v16_vv7_v21_v9_v23_v17_vv28_27_18_16_13_6_4_v11_v29_24_23_20_9_vv26_v10_v16_v32_24_23_21_19_9_8_7_v25_21_1_v33_v24_20_9_4_2_v11_v2_v12_7_3_v7_6_v37_13_v42_17_v10_v11_v31_12_v13_v21_v37_31_15_v49_20_v41_17_v47_40_34_25_23_v40_37_25_20_v25_v54_51_6_v44_38_v58_30_v,59,train,502
vvvvvvvv1_vvv8_vvvvvvvv17_vvv10_vvv18_13_vv9_8_v14_v12_v10_vvvv29_vvv20_vv36_33_6_v40_23_1_vvvv28_25_4_v43_16_1_vv43_38_32_25_23_v46_3_v34_9_v41_28_26_vv48_38_37_30_20_5_3_v48_19_10_v20_9_v30_16_v44_16_v45_17_vv40_vv8_v54_6_v55_9_7_1_v56_2_1_v9_vv28_v62_35_v60_50_47_44_31_29_21_8_3_v33_5_1_v40_30_v22_8_3_v72_69_68_58_51_47_37_35_20_v54_v73_56_48_31_30_16_6_v57_49_47_32_17_7_v5_v31_vv20_7_vv44_42_13_vv76_22_21_20_vv83_v83_78_74_65_63_22_v70_69_61_13_12_v80_65_42_39_2_v49_19_v71_vv89_87_85_79_78_76_73_71_60_53_52_46_44_41_32_31_30_4_1_v55_26_1_vv85_46_44_24_3_v55_28_v73_58_56_vv95_47_46_v89_v98_96_93_89_87_80_78_71_70_69_62_61_53_52_51_50_44_30_13_9_8_1_v1_v37_11_2_v58_55_3_v38_13_4_v56_34_v105_71_69_68_66_10_v28_v106_104_97_96_95_88_77_64_58_42_18_17_16_8_6_4_v38_v10_v44_v91_21_v44_v99_23_v48_35_v105_104_77_53_28_v79_68_12_v105_83_82_80_78_38_23_22_12_v112_104_97_49_32_28_25_19_v114_97_v101_v86_27_26_v121_78_75_73_69_v112_55_33_v1_v106_32_v36_vv129_93_91_83_72_56_55_v129_92_vv65_63_32_14_v66_v99_16_v117_63_v104_v135_117_v100_21_v100_39_v127_123_115_100_90_66_54_45_44_34_31_v70_v141_107_104_75_58_45_27_v97_v121_95_74_53_44_42_17_v109_107_78_30_27_v144_126_v94_80_77_68_56_v115_57_48_35_v80_41_v132_v151_150_149_147_145_144_143_140_139_138_136_135_133_131_121_120_116_115_113_112_107_105_104_102_101_95_91_90_88_87_82_78_77_75_71_66_64_61_59_58_52_50_49_48_46_43_42_41_40_39_38_37_35_33_28_19_18_17_12_7_6_4_3_2_v114_42_34_12_v134_121_112_95_74_55_v22_14_v123_104_97_57_v149_136_111_108_69_38_v157_140_130_115_114_90_71_29_28_6_v158_141_133_116_115_112_101_91_85_84_18_1_v123_v124_89_v83_8_6_v93_91_81_71_62_v112_v137_126_121_35_v127_v161_46_27_24_v167_150_131_129_121_110_94_93_27_10_3_v139_127_v161_102_92_76_38_35_18_5_v1_v118_104_101_88_80_66_64_53_39_31_20_2_v169_165_152_147_142_133_128_126_125_123_111_107_106_49_33_23_15_v106_22_v172_155_154_142_116_76_51_13_v67_62_v144_118_78_15_v177_163_160_152_139_131_120_110_104_103_91_37_20_19_v175_159_127_80_25_v179_163_162_154_144_136_112_93_50_21_12_2_v168_167_130_29_v181_165_164_146_138_114_52_23_14_4_v182_139_25_5_v170_165_133_42_23_v175_174_150_146_130_126_108_79_23_v,187,train,259
vvvvvvv5_v2_vv3_vvv11_1_v8_vv7_v8_vv9_4_vvv21_4_v2_v19_15_v20_16_10_7_6_1_v14_13_6_v17_v8_6_v22_v28_v30_20_1_v12_v23_v3_v20_v26_23_15_10_1_v6_v14_v15_v30_v32_10_v36_33_32_21_20_18_11_v22_7_1_vv21_vv38_v48_22_8_vv34_33_19_v48_v39_v46_26_21_v49_47_28_16_14_v48_15_v35_33_20_14_v26_7_v40_v41_v42_38_v57_40_18_5_v51_46_31_25_v40_19_17_v47_33_v32_9_v57_v51_36_30_28_5_1_vv30_17_15_v68_40_39_6_v55_36_9_4_v65_45_19_v50_37_v68_54_52_48_43_42_38_35_28_26_25_16_15_14_6_5_v44_18_11_5_v76_73_28_25_15_vv2_v48_v78_49_v30_5_v67_64_60_56_51_8_v73_43_v10_8_6_v84_67_62_57_43_41_39_25_17_11_3_v84_55_36_v39_v78_16_v82_v59_40_15_v68_47_45_6_v69_v91_82_77_62_58_56_54_36_27_24_22_18_3_v63_19_v86_76_71_68_66_59_47_42_40_23_18_7_6_v68_22_v23_v45_3_v73_31_25_v90_60_v70_22_vv42_27_1_v73_v95_65_v75_5_v46_31_29_20_4_v95_92_73_71_69_v103_77_70_56_v66_64_36_v69_50_2_v81_62_v18_v37_19_v62_20_v111_109_107_92_85_78_76_75_68_64_47_21_v,117,train,406
vvvvvvvvvvv11_4_vv11_4_2_v1_v4_vvv11_v6_vv7_v10_v9_v9_vv20_vv19_15_14_v27_v21_16_6_2_v13_v17_v7_vv24_v24_23_v30_v36_9_v35_26_23_2_vv36_vvv31_2_vvv8_vv37_vv30_v39_v14_vv40_37_24_v48_43_28_v29_v39_v59_58_46_44_33_7_vvvv50_49_24_v50_49_36_25_v52_40_22_v23_1_v2_v3_1_vv57_48_30_v2_v9_v10_1_v55_46_2_1_v12_vv63_12_v78_73_72_65_47_45_37_24_19_16_9_7_v58_56_40_v59_44_v36_vv21_v71_v72_34_v73_68_3_v58_v77_56_v80_78_70_58_53_33_30_5_4_v90_79_31_vv49_27_26_12_v54_14_v87_50_v45_vv81_76_58_46_44_25_24_v96_87_85_60_11_v76_60_v48_v90_4_v88_v82_64_50_46_6_1_v52_45_v92_88_55_48_25_19_16_10_v99_69_67_7_v88_33_v89_1_v73_23_v99_78_22_v80_72_56_54_33_6_v85_64_v74_20_14_7_v109_36_vvv66_54_v34_v116_109_99_58_43_23_v81_v60_2_v115_83_v110_38_37_v5_v94_86_65_16_14_v119_82_v112_68_65_v123_87_50_v85_26_v117_96_85_49_48_v124_92_52_37_v54_v14_v129_56_v96_56_22_v136_121_26_v137_126_56_7_v75_v24_v128_92_v80_45_22_v59_56_v136_135_127_122_104_90_86_71_70_68_58_50_41_38_30_26_14_8_2_v105_31_v80_v133_132_122_118_114_111_91_68_58_56_36_30_10_9_v82_v135_102_89_v112_86_64_v72_v131_75_32_v139_127_109_86_85_84_75_60_7_5_v111_109_v141_116_v155_67_9_v141_97_v118_37_v119_v144_100_v121_3_v77_v83_65_57_49_19_v151_104_93_72_51_44_24_v151_74_54_48_36_27_9_v144_100_48_37_13_v101_14_v128_88_v155_108_79_v23_5_v54_24_6_v171_83_25_7_v113_82_v,173,train,185
vvvvvv3_vvvvvvv1_vvvvvvv20_12_vvvvvvv19_v25_v26_23_vv19_v11_v2_vvvv25_16_vv11_10_v17_v16_v4_v22_v14_vvvvvvv48_26_vv45_42_5_v50_29_1_v9_vvvv59_vvv59_56_21_v34_9_1_v31_vvv58_53_43_35_32_v62_6_v57_33_vv47_17_v45_8_v45_32_v73_31_v73_70_33_32_v62_44_41_v68_54_53_45_30_10_6_v16_vv43_27_vv78_v62_29_v63_41_30_vv57_v36_vv76_6_v77_12_7_1_v8_v79_49_3_2_v55_18_vvvv44_v87_50_vv97_86_71_68_63_48_46_32_6_v56_44_v51_11_2_v27_11_3_vv96_95_81_73_53_v76_v101_78_68_45_44_21_7_v79_69_67_45_22_8_vv43_v84_vv93_39_3_vv97_vvv66_64_18_vv107_31_30_28_v113_63_v113_108_100_90_87_31_v95_94_84_16_15_v110_89_57_48_2_v68_24_v44_vv98_v54_vvv67_vvvv127_125_123_113_112_111_106_104_88_82_79_69_65_59_47_46_12_1_v84_39_1_vv102_85_80_v81_40_v121_65_64_38_5_v121_111_v134_132_129_121_119_111_108_98_96_95_89_86_72_68_67_66_58_40_19_7_6_1_v75_14_1_v48_9_2_v79_70_3_vv50_12_5_v123_84_74_44_38_36_17_v142_99_97_96_91_84_11_vv36_v97_v145_143_132_131_130_122_106_90_77_56_19_18_17_11_9_6_v154_vv119_52_v139_v71_vv61_v128_26_v10_v73_50_v140_29_v142_115_114_112_107_78_48_27_26_19_16_v79_69_8_v67_v147_146_112_78_44_13_v95_37_v157_146_136_68_47_35_30_28_vv158_v142_v123_36_35_v7_v168_110_101_100_94_v155_77_42_v80_v27_v149_40_11_v46_v102_49_vv110_vv23_v185_182_136_134_120_102_81_80_v181_135_v168_21_13_vv92_91_49_26_v93_v143_128_28_v85_84_v166_90_v188_165_v182_v166_145_117_v192_142_v81_v145_144_59_51_vv197_v181_176_166_155_146_128_97_82_66_65_55_48_v198_155_152_106_85_v139_v171_133_105_72_65_63_26_v157_155_109_43_v24_v202_179_v131_78_29_v133_113_110_97_77_v165_78_71_46_v145_114_88_61_v186_v154_51_12_v217_212_211_210_209_207_205_204_203_202_201_200_196_195_194_193_190_188_186_171_170_167_166_164_163_162_161_157_154_150_149_147_143_141_133_130_129_128_127_124_123_122_119_117_111_110_108_100_96_94_87_83_81_80_76_74_73_72_69_64_61_60_59_58_57_56_55_54_53_52_50_49_48_46_41_38_28_26_25_24_16_10_9_8_6_5_4_3_1_v165_53_14_v103_81_54_1_v29_16_v126_110_91_v209_191_156_147_99_57_22_v133_v219_196_184_163_162_125_102_41_37_7_v57_v58_v225_222_199_189_166_165_160_142_128_121_120_23_3_v176_146_119_v178_v13_v180_127_v151_107_v11_v17_4_v214_v136_132_101_94_v74_v75_49_v189_174_v200_187_179_53_v234_v189_v174_143_29_v233_214_94_43_39_v145_121_v244_241_218_195_193_179_161_140_139_42_22_6_v194_176_173_99_49_15_v231_149_137_111_58_55_31_8_v171_168_124_32_17_v171_151_148_132_115_102_99_85_59_46_33_2_v239_221_215_183_7_v4_v244_240_227_222_215_207_204_197_194_190_186_183_179_164_159_158_157_156_150_145_87_77_52_39_37_29_25_8_v155_37_v247_224_79_v103_89_v159_v184_v117_42_41_v258_255_232_222_207_193_175_161_154_153_138_56_36_33_v239_238_185_44_v257_201_38_2_v61_46_v259_237_236_226_214_203_165_142_77_37_18_4_v260_204_180_25_v166_v168_150_62_59_v245_239_192_37_v250_249_227_216_212_196_187_160_159_121_75_v,271,train,409
vvvvvvvvv6_vv5_v8_vv14_12_9_4_vv2_vvv5_v8_v9_v5_vv19_v6_v12_5_4_v19_v16_7_1_v23_18_8_1_v3_1_v18_v6_v6_v31_25_21_19_16_7_5_3_v26_1_v14_v24_19_8_2_v26_v5_4_v2_v40_12_v8_v9_v26_10_v35_23_20_v34_v40_24_19_v36_28_2_v32_30_25_23_13_4_v16_v28_4_v18_v36_28_27_17_4_v40_v38_29_19_10_6_v27_v40_31_21_12_8_2_v41_32_22_13_9_1_v50_25_v12_v29_v33_v,63,train,115
vv1_vvvvvvvv7_vvvv9_5_vv7_5_2_vvv5_v11_vv1_v8_5_v21_vvvvvv23_1_vv26_vvv21_v36_v22_14_3_vvv22_v5_vvvvv4_vv3_vv1_v31_v25_v17_v21_14_vv55_v3_v55_34_15_v27_v45_37_23_vv14_v63_27_23_v46_4_vv40_v33_4_vv60_58_53_v38_v35_18_vv27_v74_12_v56_v76_63_61_36_29_26_18_16_v67_45_7_v51_1_v75_74_70_68_63_60_59_48_34_28_17_10_7_v42_v18_v49_v68_v40_8_v58_vv12_v58_v79_28_24_14_v77_51_47_43_32_18_6_v28_1_v59_48_10_v84_82_79_24_14_v48_v95_21_v86_64_v85_80_59_29_21_17_7_v97_95_74_73_59_56_55_43_40_25_22_12_8_4_v20_v83_v63_20_v23_v91_72_23_6_2_v25_v26_v27_v28_1_v81_v82_v100_49_45_35_v84_59_22_1_v61_43_33_v13_v20_v31_v41_3_v36_v117_115_110_97_94_92_91_90_88_86_83_78_76_73_56_45_43_39_29_24_20_18_8_v29_19_6_v,120,train,348
vvv3_vvvvvv5_vvv4_vv8_v15_9_v8_4_vv11_1_v13_vvvvv7_vv7_vv9_v10_3_2_vvv32_30_24_17_13_6_4_v11_v32_27_26_v13_v14_8_v33_28_22_19_17_7_6_5_v33_29_19_13_1_v1_v22_7_5_2_v19_9_5_v9_7_6_2_v28_23_12_5_v7_6_v39_34_26_19_vv10_v46_3_v12_v30_13_v14_v51_42_39_31_29_20_6_v36_29_16_v38_25_v46_18_v49_39_32_24_22_v57_51_25_v39_32_v,59,val,57
vvvvv1_vv1_vv9_6_1_vvvv8_6_4_2_v12_v6_vvv14_9_1_v5_v14_8_7_vv21_vv22_10_v20_7_v26_4_v13_8_v3_v15_vvvv32_26_12_2_1_v34_28_22_21_18_16_14_8_4_2_1_v1_v2_v3_v4_v4_v26_v23_v40_28_v36_33_31_v42_30_20_15_2_v36_35_11_vv33_v20_v44_27_26_21_14_3_1_v45_32_22_v37_25_16_v,52,val,27
vvvvvvv2_vvv8_v5_v2_vv12_8_vv9_4_vvv4_v17_14_v18_15_13_9_6_5_1_v15_vv19_vvvvvv18_9_v30_20_vv26_15_v14_v15_v25_v36_26_6_v15_9_v25_v33_8_v35_15_v38_36_35_24_23_22_16_v26_16_v17_1_v2_v3_1_v29_14_5_vv8_v9_1_v42_31_2_1_v11_v47_10_v33_v15_v45_42_30_v56_46_32_19_vv28_vv56_39_v57_22_v45_30_21_v37_21_20_7_vv65_55_14_vv67_57_42_37_31_19_18_v69_64_v56_44_v33_v66_62_v72_62_47_38_37_36_5_1_v39_17_14_v74_64_38_7_2_v71_54_15_v67_63_v67_vv79_49_44_43_39_v70_v23_22_v82_72_v29_v70_43_vv73_52_19_14_v81_12_v84_3_vv50_v91_81_v92_82_67_58_56_44_43_41_34_27_21_19_18_13_6_v81_71_65_51_29_23_4_v89_79_75_73_71_62_40_34_33_19_16_7_6_v73_58_53_25_v86_66_61_v57_39_v59_v79_v84_74_57_56_55_48_37_7_5_vv42_8_v91_50_37_10_v84_v44_30_27_22_17_3_v96_72_57_27_9_v107_97_95_85_65_54_37_28_24_7_4_v86_66_55_42_38_8_5_v68_v98_73_40_17_vv18_7_v35_19_8_v54_20_9_v116_113_111_110_107_96_91_90_88_84_82_76_75_73_68_61_58_57_56_47_42_34_30_21_17_15_14_10_4_v,117,train,13
vvvvvvvvvv3_vvvv5_vvv14_vvvv13_10_vvvv8_vvvvv30_vvvvvvvvvvv34_31_vv27_vvvv15_vvv22_vvvvv13_vvvv30_vv39_19_18_11_v62_55_vvv7_3_vvv65_43_vvv66_vv41_26_v71_49_v53_14_vvvv11_vv53_47_18_14_9_v40_21_vv81_v47_vvv70_v86_v67_vv55_v82_12_vv69_45_34_10_v93_71_17_v84_63_36_21_12_vvv39_v27_vvv23_v42_12_v101_37_35_25_v50_vv25_vv80_17_vv102_40_v114_111_92_89_84_79_53_52_45_vv87_69_23_v110_55_v64_v96_19_v112_98_91_28_vv25_v119_8_vv80_63_42_38_15_vv114_93_34_30_22_v1_v118_v79_69_14_10_v39_v58_31_vv120_vvv113_v135_113_54_49_29_vv79_78_75_v51_v5_v101_v139_131_110_81_77_51_47_40_38_22_15_14_v134_122_118_31_26_4_3_v122_90_73_v114_v34_v88_23_vvv148_44_29_v63_v137_vvv152_81_60_51_vv97_94_90_34_v96_v8_v124_18_vv22_v82_65_46_v161_95_69_60_v47_v165_143_132_v161_158_140_115_96_77_72_62_58_55_39_24_22_18_5_2_v26_vvv110_68_57_46_29_vv114_84_10_v149_122_86_57_56_48_34_7_v148_83_v176_3_vv166_v103_v171_50_v161_157_145_122_85_83_v111_v140_130_125_42_v178_175_165_41_17_v184_162_8_v70_vv40_vv191_173_59_1_v126_69_43_24_3_v143_64_31_v173_150_135_134_105_91_85_50_v192_v180_140_107_90_83_77_50_44_28_v31_v185_155_151_129_85_63_7_v132_v197_87_86_78_49_v79_v162_v112_18_v137_v185_128_v136_114_110_101_85_41_25_v48_v10_v151_80_41_1_v12_v67_48_36_15_v9_v157_v177_53_vvv106_17_v213_100_v135_v176_114_v206_161_147_9_v31_v127_122_v33_v203_107_85_81_62_50_v142_vvv85_66_vv227_156_135_126_v80_72_v82_v223_213_197_176_174_140_138_114_37_15_8_v162_v44_v148_41_39_v213_197_189_178_154_96_54_17_4_v137_98_71_51_v144_117_34_v115_98_60_v146_99_36_vvv222_190_173_168_65_v221_209_188_186_85_32_v242_129_103_92_84_74_vv188_125_91_1_v161_90_54_v185_120_99_91_19_11_1_v100_92_2_v127_124_110_47_v209_144_78_58_27_10_v232_200_193_183_178_163_83_75_50_v233_201_184_179_51_v178_113_103_94_55_v241_171_114_95_29_v221_183_141_115_96_v175_64_49_v160_148_121_120_86_65_50_14_2_v248_66_v210_95_76_v141_121_89_41_28_24_v192_165_84_14_v264_242_95_51_v169_108_72_39_v139_v267_248_245_181_v249_190_76_61_6_1_v2_v199_144_141_112_99_21_20_7_v253_215_170_39_1_v254_226_225_216_180_40_36_v255_186_131_2_v232_167_152_92_82_v251_v124_21_v208_183_56_15_v227_130_93_17_v230_216_119_81_v193_62_v236_148_73_v214_188_v281_215_210_180_1_v167_118_117_101_v286_268_248_239_227_207_158_144_123_117_102_57_46_v278_226_217_192_120_45_v279_245_207_200_195_193_180_115_104_51_13_v259_244_178_145_122_107_45_35_34_v260_245_219_1_v220_2_v221_3_1_v240_213_152_56_v182_95_94_v170_153_93_8_v217_171_154_94_9_1_v155_10_v261_143_40_v198_159_61_v62_v183_168_145_134_v232_199_184_160_135_v104_88_v302_258_183_170_105_95_v155_v255_247_33_v256_248_34_v257_35_2_v192_v103_v216_211_131_89_v212_107_v281_248_222_218_188_186_142_73_27_v224_185_112_v220_215_195_173_93_74_63_4_3_v174_30_v64_v250_139_v224_56_v153_112_18_v273_v266_262_207_v107_v326_296_212_187_166_162_70_58_v299_256_225_170_161_103_73_14_13_v328_214_v247_180_120_119_v233_13_3_v119_70_v252_70_v216_v237_v156_148_v,336,train,266
vvv3_v3_vv5_3_vvv9_vvv11_vvv15_9_v3_vvvv13_vv17_v21_19_17_16_12_10_9_5_4_v20_17_16_12_11_7_6_5_v25_16_v26_7_1_v18_v4_v5_v12_7_6_v29_18_17_13_10_7_v29_8_1_v9_vv14_vvvv39_34_5_v17_v18_v28_22_11_v25_1_v31_v32_v23_22_15_13_11_9_8_4_v42_1_v43_38_35_30_25_24_21_14_13_12_6_2_v7_v8_v5_v40_29_18_v53_44_27_v31_v52_42_28_12_6_v,56,train,215
vvvvv3_vvvvvvvvvvvvvvv13_vvvvvvvvvvvv25_v31_v32_29_vvvvv16_vv19_vv20_vv9_vvv2_vv17_16_vvv8_v37_31_v8_vv40_34_17_12_3_vv27_7_vv52_vv41_v62_35_vv37_vvvvv19_vvvvvvv56_v39_vvv74_68_54_43_40_v78_vvvv59_21_v56_29_9_v89_35_v76_51_48_v87_60_37_36_v84_66_64_53_34_10_5_v84_32_17_v33_v44_10_v53_v74_31_v77_75_45_44_32_vv66_v52_33_v34_1_v10_v3_v4_1_v65_vvvv98_13_v99_17_14_1_vv16_v67_23_v71_vvvvv97_19_v62_26_v112_62_v121_109_89_84_80_58_57_40_20_v100_68_51_vv36_3_v70_v125_120_119_100_89_82_65_63_35_vv66_17_7_v126_97_81_31_8_vvv102_v53_v102_86_36_13_v3_v121_118_103_79_75_49_43_5_3_v71_38_37_11_v75_74_17_vv1_v98_v99_vv138_132_121_107_104_33_v114_113_97_16_11_v134_106_66_58_2_v76_25_v105_59_v106_98_89_vv73_vv147_145_143_129_127_126_118_116_95_89_82_73_68_63_52_45_44_7_1_v34_1_vv157_138_v139_69_67_33_4_v86_37_v118_95_87_vv154_70_69_v141_v157_155_151_140_137_126_123_109_107_105_99_92_78_75_74_73_66_39_17_10_9_1_v82_1_v48_12_2_v86_78_3_v47_14_4_vv141_91_80_43_37_33_18_v165_108_106_98_11_vv59_v139_135_130_112_105_89_66_63_41_vv169_167_152_151_149_138_117_98_85_55_23_22_21_12_10_8_v131_50_vv15_vv75_v60_v163_132_131_125_118_113_96_93_68_63_41_40_33_13_11_v30_vv159_123_122_121_113_80_47_27_26_17_15_v81_66_6_v175_160_147_63_41_34_30_24_v66_v162_36_v79_vv155_v170_169_122_82_46_v131_36_35_22_v106_v190_116_108_106_101_v173_75_44_vv162_42_4_v47_v112_v202_199_139_138_121_104_73_68_v180_10_7_v72_71_v84_83_42_20_v85_v145_22_vv167_v204_201_173_v173_168_160_154_147_38_29_v153_v11_v130_41_v33_v56_v147_146_54_v99_v176_123_105_70_48_37_8_v194_188_172_160_148_141_130_114_86_75_62_61_50_44_v61_v96_1_v222_vv220_163_161_104_65_v185_137_102_73_63_61_26_v164_163_106_42_vv223_192_vv211_v79_69_44_v111_58_v140_113_110_81_v50_15_v238_233_232_231_230_228_226_224_223_222_220_219_213_212_210_209_205_201_199_180_178_174_173_172_171_169_165_161_159_155_154_151_147_146_139_131_128_127_125_121_120_114_109_107_103_102_98_92_90_86_84_82_81_74_72_71_70_67_61_60_59_58_57_56_55_53_52_51_48_47_46_45_43_41_40_38_33_31_30_29_19_10_9_8_6_4_3_2_1_v173_59_52_17_v79_53_1_v203_180_165_140_78_v35_20_v220_189_155_122_v110_107_v184_152_144_82_v232_207_164_156_98_59_36_v242_213_124_100_43_9_v246_243_214_198_165_148_125_117_112_26_1_v74_33_v155_v154_116_v187_v188_125_v79_70_v17_v10_v19_2_v178_v75_15_v137_22_v212_193_159_157_156_141_122_20_16_v138_134_121_107_97_v183_vv172_v207_93_82_v83_v202_64_v160_94_v219_46_v241_v259_48_v149_38_v236_199_147_33_v218_100_v152_127_v275_272_243_233_212_211_194_177_162_146_141_66_62_55_30_9_v222_202_v261_156_122_70_41_11_v42_26_v185_158_155_136_126_110_105_94_74_59_43_2_v260_187_176_v63_v275_270_252_245_234_226_222_211_209_205_201_197_193_173_167_166_165_162_159_152_96_86_65_49_47_37_33_8_v162_47_v278_248_247_225_185_159_123_88_66_25_12_v226_186_160_124_26_13_v111_98_v173_105_45_v288_285_256_240_224_207_190_167_159_154_143_68_43_42_v270_220_200_v266_264_200_54_v284_255_200_130_52_v156_v57_v291_263_262_246_232_173_149_92_48_19_6_v270_269_260_205_79_74_73_44_v175_158_71_69_v298_282_279_276_264_245_236_233_227_214_210_204_202_198_193_178_166_165_164_141_128_93_73_56_49_38_35_16_5_v,300,train,132
vvv3_v1_v2_vv4_v5_v6_vv11_1_vvvv15_11_10_8_7_6_vv6_vvv14_4_v21_19_10_v15_8_4_3_v10_9_5_4_v24_23_5_3_v14_v2_v16_v25_5_v26_v6_vvvv24_23_8_v24_v36_30_5_v26_vv28_18_v19_16_13_v20_v18_v21_20_11_5_v23_v39_2_v40_34_32_28_24_23_21_15_14_13_8_3_v26_3_v37_21_v46_34_v39_v27_v39_30_21_v53_42_29_14_13_9_6_v43_4_v44_31_v53_42_31_v,57,train,104
vvvvvvvvvvvvv1_v8_vvvvvvvv20_vvvvvvvvv19_vvvv13_v35_vvvv4_vvv27_vvvvvvvv44_vv10_v32_v48_21_vvvvv41_vv58_v15_vvv42_31_vv67_28_v68_33_1_vvvvvvv42_v61_vv77_64_63_61_58_25_16_11_9_3_vv55_v18_v32_v33_vv56_29_1_v81_65_36_8_v66_v53_49_20_10_v82_63_22_16_v57_v41_v85_64_60_33_vv87_74_42_21_14_vvv47_19_vv98_46_13_12_v100_36_32_22_v91_v13_v97_89_83_53_50_17_4_vvv20_13_v68_39_19_18_vvv17_16_vv79_37_vvv109_108_95_65_61_50_49_33_29_24_21_16_12_11_v66_1_v96_83_14_2_vv114_v77_68_14_11_vv106_67_vv23_v15_v125_119_92_39_11_9_v79_34_vv96_v44_v52_v108_88_v133_132_131_130_127_126_119_117_113_106_102_100_98_83_80_78_75_74_71_68_67_66_63_54_52_51_50_47_42_41_40_39_38_36_33_32_30_28_26_23_17_14_13_10_4_1_v5_v65_2_vv104_31_22_v138_103_71_65_53_45_44_38_31_v117_114_6_v7_vv92_v143_108_104_76_75_59_55_49_43_36_v138_41_11_v42_v141_52_26_v98_14_vv99_96_50_46_43_34_19_16_v72_44_v18_v115_19_v44_36_7_v56_v155_120_116_88_87_67_48_17_12_v96_43_41_23_11_v152_134_33_v153_145_12_v64_v75_v135_116_v100_51_16_v30_v121_44_v113_68_vvv134_130_10_v168_138_137_135_134_111_104_102_101_83_76_75_69_65_62_59_44_40_29_26_14_12_v110_14_v93_v52_26_vvv110_vv176_94_91_90_44_28_v177_157_91_79_63_52_45_1_v95_v155_41_vv49_v133_68_50_v51_v167_93_91_89_v11_v54_v155_122_55_46_vv112_85_v58_vv193_158_126_120_100_99_93_86_v141_122_111_61_v121_111_110_57_v171_144_102_v35_v153_60_5_v107_105_88_81_74_30_v166_85_67_43_v108_107_76_68_32_v69_v117_54_v48_v186_172_165_155_127_72_v128_73_v122_vv208_188_123_110_31_vv186_159_72_31_v165_150_88_13_vv155_141_106_86_81_62_45_30_v1_v193_182_101_96_87_83_47_40_30_2_v164_131_68_v218_151_75_v219_180_151_131_127_81_76_64_50_26_v220_147_v221_153_129_83_78_66_52_28_v193_v127_70_1_v113_91_71_39_27_25_v124_68_13_v188_111_102_93_58_1_v207_177_128_124_121_112_94_83_82_v107_v156_108_1_v110_v153_66_59_7_v193_144_130_99_13_11_v114_109_21_8_v221_137_38_1_v229_v80_v171_v215_169_156_147_144_122_53_14_v206_177_161_127_124_106_v205_173_172_156_146_133_85_42_34_11_v241_206_205_174_173_168_152_141_23_22_21_20_12_1_v229_8_2_v235_3_v135_98_97_86_v246_233_215_204_193_167_125_112_104_97_87_53_45_v5_v143_141_97_v243_195_179_154_102_v244_155_91_v215_182_143_112_107_95_57_30_v213_136_118_83_25_3_v214_174_137_119_84_26_6_4_1_v221_120_76_45_5_v250_225_206_169_118_116_88_80_47_32_v177_122_v178_123_v179_19_v180_v209_181_177_168_143_69_v183_127_v227_v193_163_153_129_116_v178_v179_v171_169_138_108_80_v170_139_97_v266_253_247_246_240_233_217_205_201_185_184_181_180_177_176_173_164_152_151_148_141_138_130_118_89_80_67_40_28_22_v167_135_87_1_v219_154_136_69_12_2_v249_171_137_3_v221_156_12_4_v261_166_139_v140_84_v169_141_84_v142_106_v267_161_143_v155_144_v271_163_145_v222_208_207_146_106_26_v274_229_197_168_147_86_70_41_27_v235_222_189_188_187_185_176_171_152_148_96_80_75_72_65_54_16_15_v168_149_37_v281_v198_v5_v26_v201_170_5_v173_88_v265_245_157_v223_v89_v198_68_v147_121_31_v279_255_226_206_198_196_191_187_160_156_151_139_127_109_88_78_67_29_28_22_v201_108_14_1_v31_15_1_v189_115_41_v18_v206_v207_194_155_v218_v284_210_v79_v210_v286_272_100_v139_v94_57_v275_v,310,train,270
vv1_vvvvvvvvvvvvvvvv17_v18_17_vvvv7_vvv25_10_vv12_vvvvv32_31_16_10_vvv34_3_vv23_10_vv35_26_25_19_16_2_v19_vvvv38_v39_1_vvvvvv51_44_33_31_30_25_24_16_9_4_v22_v28_7_2_v3_v54_37_23_4_v38_34_5_vvv48_v34_33_9_vv58_55_50_42_16_v56_1_vvv62_61_60_53_52_51_47_46_42_39_36_29_27_24_22_21_3_1_v1_vv18_vv35_v6_vv36_vv72_71_64_63_62_56_52_43_37_11_10_9_4_vvvv37_v30_v16_vvv33_v72_61_60_59_43_26_17_v72_21_v42_v77_76_59_43_v52_v40_31_vv89_54_vv95_94_69_68_60_40_39_v84_7_3_vv47_46_12_v48_v75_66_14_v71_v88_84_63_46_33_25_v100_78_76_52_12_v83_66_50_38_32_v79_78_54_19_14_vvv68_57_54_42_v43_24_v58_34_v25_9_v113_111_110_109_108_107_106_105_104_103_102_101_100_99_98_97_95_93_92_89_88_87_86_85_84_83_82_81_79_77_76_75_74_73_71_69_68_67_66_65_64_63_62_60_57_56_54_52_50_49_48_47_45_44_42_41_40_39_38_36_35_34_33_32_31_30_29_28_27_26_25_24_23_22_20_19_18_16_14_13_12_11_8_7_6_5_4_3_2_1_v65_56_49_v113_96_92_82_63_19_2_v115_114_97_83_80_64_60_59_13_1_v4_v5_1_v102_96_91_86_23_v119_118_101_93_92_84_64_63_17_5_1_v109_69_63_52_23_20_8_2_v1_v82_71_68_61_56_48_47_36_24_20_10_2_v11_v117_104_101_94_91_89_87_86_79_76_75_31_23_14_13_10_v74_13_v126_125_108_99_91_75_71_70_24_12_11_v114_113_88_15_v127_111_110_103_96_77_33_13_9_2_v128_97_11_v18_v,132,train,429
vvvvvvvvv2_vvv12_6_v10_2_vvvv5_vv13_v9_vv13_v8_v2_vv11_v10_3_vvv16_vv22_17_vvv25_20_11_8_3_v17_8_v20_vv11_8_v28_7_vvv37_v42_v2_v45_v19_vv21_vv51_v35_v29_v45_vv39_37_27_20_3_vv26_v56_55_27_25_v37_v38_vv63_46_45_8_vv37_v51_21_v56_52_50_38_36_35_22_vvv41_14_3_vvv48_v5_v16_v55_44_vv62_53_16_5_v64_11_v80_79_75_44_42_34_23_17_16_11_6_vv22_6_vvvv67_vv76_51_39_v79_77_68_53_47_31_26_5_4_v12_v91_79_73_28_v63_36_25_v84_vvv90_46_v9_v39_v68_v71_30_8_v93_13_v79_57_41_v101_91_59_16_v92_44_43_22_2_v90_83_v83_61_47_46_45_24_4_1_v98_vv50_23_20_v104_67_65_59_v33_v100_75_24_v57_v103_86_83_78_69_65_58_55_37_34_33_20_19_15_6_5_v56_v34_14_12_10_v116_37_17_vv96_15_4_v61_v115_76_v37_36_v75_50_vv101_94_89_80_60_11_v120_76_v110_64_63_v14_11_v128_83_49_v91_63_53_31_22_16_5_v48_v126_87_36_v53_v108_75_52_32_28_v134_55_v136_119_24_v137_125_54_13_6_v132_115_93_85_79_77_53_33_29_23_4_v124_112_107_102_99_83_59_51_48_27_21_3_2_v115_62_vv79_v104_78_29_v64_v127_54_v146_v33_v139_v71_v71_v151_143_142_63_12_v108_v117_45_39_v137_91_v149_v108_33_v116_v141_95_v8_v19_v136_116_83_v89_v17_v73_52_46_35_27_13_v146_142_112_106_v155_117_107_78_25_v90_53_v101_68_2_v80_v129_99_31_13_7_6_v157_141_53_32_7_v172_99_94_84_33_16_8_v171_163_161_158_152_141_131_128_123_118_115_110_107_105_101_93_89_88_87_70_64_51_42_34_31_23_21_9_4_v,174,train,40
vvvvvvvvvvvvv11_vv8_7_vvvv6_vvvv23_vvvvv24_vvvvvvvvvvvv12_v38_vvvvvvvvvv29_17_vv44_vv38_20_17_8_v56_v29_vvvv10_vvvv35_25_vv64_vvv26_v54_16_vv69_57_47_16_10_6_5_v39_19_vvv24_vv26_v78_v63_v53_vv33_v77_57_32_12_vv59_v68_41_33_v36_v79_30_vv81_66_37_vvv40_vvv45_25_v95_42_14_12_v97_36_27_vv52_v52_42_v95_88_78_51_47_19_5_vv20_vv108_106_91_89_85_81_53_52_44_v87_65_24_18_vv62_v94_17_v106_96_91_31_vv24_23_vv108_106_91_64_52_51_40_32_28_25_18_13_v65_1_v91_79_15_2_v112_v73_66_12_8_v40_vv120_113_84_37_7_5_vv87_vv73_72_v48_v3_vvv130_129_128_127_124_122_117_109_107_101_97_94_92_80_76_75_74_73_70_68_67_66_64_58_57_56_54_48_44_43_42_41_39_35_33_32_29_26_23_18_15_13_12_10_7_2_v126_116_113_26_22_5_4_v110_v28_v68_4_v83_v100_30_22_vv60_v91_v130_v129_93_vv5_v116_14_vv19_v17_v56_39_v143_48_19_v40_v147_146_132_105_84_72_62_52_48_46_33_20_19_14_5_1_v103_22_vv48_v105_101_59_54_49_41_25_v86_50_v27_v28_v107_11_v142_114_82_51_50_44_33_9_v142_78_67_32_v150_v49_33_v150_147_136_112_74_72_v161_160_153_34_14_v44_v119_v108_55_17_v39_v136_125_52_25_v157_132_120_119_93_76_69_40_v162_125_94_73_67_62_40_34_21_v114_93_23_v69_v70_v128_37_v140_135_98_12_v166_v178_146_142_141_123_117_115_97_91_90_82_72_67_56_32_v6_v133_63_30_1_v9_v52_37_23_11_v7_v138_vv186_111_105_103_57_32_v187_163_104_92_74_67_58_1_v59_v140_76_60_v82_v133_v63_v155_95_v143_127_11_v109_107_103_vv183_89_72_67_52_38_v69_v164_137_70_vvv73_vv151_129_75_v68_63_v200_193_179_159_155_122_118_96_34_15_6_v40_v131_37_35_v193_178_166_158_15_3_v84_60_v125_123_99_33_v176_99_83_v126_125_84_35_v85_vv181_167_147_87_v148_88_v218_194_137_123_31_v172_162_v204_193_173_169_77_v210_v114_92_77_v146_81_52_v165_87_82_19_13_1_v88_83_2_v170_97_69_48_34_v201_191_114_110_105_98_49_42_31_1_v189_126_68_57_27_13_v57_v122_100_85_v157_60_49_v140_128_107_106_73_61_50_10_2_v225_62_v189_84_v123_106_76_40_28_24_v195_123_107_60_v215_188_142_137_132_124_108_89_v170_121_v98_v242_227_225_164_v228_172_71_61_6_1_v2_v114_v233_197_150_38_v234_203_202_198_165_161_39_36_v235_169_116_2_v142_v210_147_78_v232_v224_186_177_165_162_136_55_15_v206_115_17_v217_193_183_139_123_v176_60_v243_10_v146_105_104_91_v259_246_227_214_205_187_139_127_109_104_92_53_44_v152_102_v254_205_194_170_108_v255_221_182_175_171_158_101_95_50_11_v220_110_v157_87_v221_149_133_86_26_4_v222_194_150_134_87_27_5_1_v135_78_6_v196_136_v197_137_v138_v142_58_v160_148_128_119_v206_175_161_141_120_v220_26_v221_27_v165_v133_v134_110_36_v276_264_254_252_248_240_227_217_214_203_201_195_193_191_188_176_163_162_160_156_154_141_122_89_78_64_39_24_20_v180_148_1_v229_165_149_66_2_v255_184_150_3_v202_162_104_v176_152_v153_v180_154_v155_106_v172_156_v157_v280_174_158_v159_24_v284_214_160_85_37_25_v234_204_203_202_198_187_179_168_161_95_77_73_72_63_53_v162_35_v211_177_1_v166_65_v206_59_v145_115_25_v300_277_192_151_v205_197_191_102_80_70_60_16_v193_159_v303_195_v230_166_121_120_v214_196_v120_71_v71_v69_v,309,train,464
vvvvvvv1_vvvv1_v3_v2_vv15_3_vv6_5_4_v12_11_4_v5_4_vvv11_v23_19_2_v10_vv23_15_v4_vv18_12_2_v19_vv25_14_2_v10_vv27_v36_22_v14_v37_23_15_vvvvvv26_vv23_v40_v30_28_v14_vv28_5_v40_v41_v42_2_v19_v44_22_v45_42_v54_35_25_v59_54_31_20_v37_v38_28_27_3_vv29_16_15_v43_41_4_v56_54_53_45_40_34_24_23_18_v61_38_7_v67_64_v67_54_53_50_45_44_36_34_25_24_23_16_15_11_6_5_v46_18_9_5_v47_v48_v61_46_v71_62_61_58_55_50_38_37_23_14_8_6_5_v43_9_v7_v17_10_v42_18_v78_66_62_59_40_38_35_21_16_10_5_v56_33_v57_34_11_v65_41_38_3_v78_59_52_49_48_31_19_13_2_v60_14_v19_10_v66_49_30_20_17_v18_v28_21_11_v70_26_20_v66_19_v49_25_v68_v75_27_v70_4_v82_v59_40_13_10_v61_v57_54_29_v75_52_v64_51_v80_77_63_56_53_37_1_v,101,train,526
vvvvvvvv2_vv6_v7_vvvv15_vv2_vv4_vv17_vvv19_13_v19_vvvv26_v11_vvv18_15_6_v23_22_19_14_vv4_v14_v35_16_9_v36_23_v29_12_9_5_vvv10_9_v29_1_v30_2_v37_32_v20_14_v46_14_v42_v44_v50_45_44_38_28_25_17_15_13_12_10_9_5_v2_1_v2_v3_v49_4_v,56,train,118
vvvvvvvvvvvvv1_vvvvvvvv19_vvvvvvv16_vvvvvv13_v34_vvvvv5_vvvvvvvvvv34_vv45_vv39_25_23_11_v34_v49_23_vvvv42_vv58_v15_vvv43_32_vv67_28_v68_34_1_vvvv35_vv60_21_vvv45_vv78_66_60_25_17_12_10_2_v52_27_vvv59_v21_v34_v35_vvvv2_v86_71_40_12_v72_v59_54_25_14_v52_41_11_v87_28_19_v64_v46_v90_72_67_39_vv92_81_47_24_17_vv49_vv53_25_v104_51_14_13_v106_42_38_27_v97_vv14_v104_97_91_59_56_19_5_vvvvv101_62_51_v101_79_25_17_v78_49_24_22_vv115_105_104_30_vvv23_22_vv92_47_vvv121_119_108_76_72_62_61_42_36_30_27_22_17_16_v77_1_v109_96_19_2_vv126_v89_79_16_13_v117_77_vv28_v14_v136_129_104_45_10_8_v90_39_vv108_v50_v89_v61_v121_100_v145_144_143_142_139_137_132_129_126_120_116_113_111_94_91_89_87_86_83_80_79_78_75_63_61_60_59_54_48_47_46_45_44_41_39_38_35_31_28_23_17_14_13_11_5_1_v6_v142_32_vv79_4_v97_v119_35_24_vv153_119_86_77_63_54_53_47_36_v133_130_9_vv11_v76_55_v107_v159_125_120_92_91_71_66_59_53_42_v154_50_15_v42_v52_v159_158_148_118_91_74_63_55_50_48_31_16_15_11_8_2_v114_19_vv50_v116_113_62_57_51_40_26_22_v89_52_v24_v135_25_v118_14_v127_85_53_43_9_v173_139_134_106_105_80_56_20_14_v114_49_47_29_12_v170_153_40_v162_152_123_74_v173_172_30_14_v77_v117_56_16_v35_v138_49_v168_146_129_95_78_70_35_v96_75_68_64_35_20_v23_v152_147_96_8_v185_157_155_153_152_128_121_119_118_95_87_86_80_75_69_64_50_46_30_27_13_11_v127_13_v139_56_25_vv125_vv191_106_101_100_47_25_v192_173_101_88_66_56_48_1_v170_40_vv51_v146_70_52_v115_v54_v147_126_v184_103_101_98_v12_v58_v172_138_59_46_v122_vv128_93_v63_vv210_176_143_134_111_110_104_93_v157_136_125_66_v124_122_59_v175_v207_200_190_165_161_120_114_94_30_16_9_v36_v63_6_v189_175_164_134_17_3_v55_v121_119_96_89_83_33_v187_93_75_45_v122_121_85_76_35_vv78_v133_57_v51_v208_194_186_175_147_81_v148_82_vv228_209_158_138_124_36_16_vv207_182_178_77_37_v185_170_97_13_v174_157_115_94_88_63_47_34_v1_v213_202_108_103_95_90_49_44_33_2_v182_164_145_69_v237_170_78_v238_199_170_145_140_85_79_65_52_28_v239_163_v240_172_142_87_81_67_54_30_v138_126_69_58_v197_79_v120_98_71_42_28_24_v137_69_12_v207_118_110_100_60_1_v227_195_141_136_130_119_101_86_84_v171_v116_v235_170_67_61_6_v211_157_141_105_12_10_v120_116_19_7_v203_148_38_1_v212_211_204_159_39_36_v138_v249_v220_144_74_v83_v192_v237_190_174_162_159_131_58_16_v228_198_181_136_133_115_v227_194_193_173_161_144_88_45_34_14_v262_228_195_194_186_167_156_25_24_23_22_15_1_v11_2_v3_v146_102_101_88_v267_254_239_225_213_187_134_121_109_101_89_57_46_v5_v157_152_100_v264_215_200_169_106_47_v265_234_189_183_176_170_158_99_93_53_14_v237_203_154_118_112_98_61_32_v235_109_36_v235_146_128_88_28_4_v236_195_147_129_89_29_7_5_1_v244_130_83_47_6_v228_186_123_v198_132_v199_133_v200_20_v229_201_195_183_152_73_v203_136_v249_64_v164_120_v215_179_165_139_121_v232_32_v233_33_v187_184_149_112_86_v185_150_102_v288_276_270_269_264_256_238_227_223_204_203_198_197_193_192_189_179_162_161_158_152_149_138_122_96_86_69_43_29_23_v183_145_95_1_v240_164_146_71_12_2_v272_187_147_3_v242_166_13_4_v283_178_149_v150_89_v182_151_89_v152_111_v289_171_153_v166_154_v292_173_155_v244_228_226_156_112_26_v296_250_216_178_157_91_72_42_27_v257_244_205_204_203_200_189_181_163_158_102_82_76_74_68_57_16_15_v178_159_38_v303_v215_v5_v27_v218_180_5_v183_90_v288_267_167_v245_v90_v214_71_v152_127_31_v277_248_223_213_206_199_170_163_157_143_115_89_81_70_29_28_22_v201_155_v218_115_15_2_v198_32_16_1_v202_124_42_v19_v223_v224_207_161_v238_v308_227_v83_v227_v310_296_102_v297_v,331,train,191
vvvvvvvvvv7_v2_v3_v4_vvv7_v8_vv1_vvvvvvv24_vvvv7_v8_1_vv5_vvvvv10_vvvv14_vvvvvv40_vvv51_vvvv31_vv10_v35_27_13_v50_v32_vv62_11_9_vv23_vv53_51_6_v39_vvv61_42_v62_vvvvvv49_vvv11_4_vv81_62_48_47_38_30_17_v42_41_19_v1_v6_1_vv72_40_30_v35_26_vv41_v76_44_34_v78_70_v44_vv10_v34_v89_49_17_v70_28_15_v41_v38_vv45_vvvv33_10_1_v49_v59_46_26_25_v27_v48_vvvvvvv10_v26_v87_33_22_v92_84_81_78_54_48_42_v99_8_v2_v87_86_81_57_49_19_11_3_v109_v102_95_67_v45_7_v85_73_v119_v101_v10_vvvvv1_v107_63_40_31_30_19_v1_v37_v111_98_75_v137_135_134_133_131_126_119_116_114_113_108_97_95_83_82_79_77_72_60_57_54_49_48_43_37_28_27_26_22_16_15_14_9_7_6_4_2_v9_7_v29_2_v3_v82_v34_5_vv25_24_v85_v15_v91_38_1_v6_v124_112_86_43_33_29_12_v149_145_105_103_85_78_73_59_56_38_34_21_13_7_v126_112_88_v28_v16_v139_77_v130_92_35_v119_v133_20_v146_143_142_136_119_115_93_84_72_45_v134_126_v148_135_93_91_43_40_11_5_v24_v25_v26_v56_31_v86_1_v96_33_32_v112_v129_31_13_v116_13_v88_v94_v14_v94_v114_37_v52_vv40_1_v96_86_v179_v179_175_135_129_108_68_62_37_30_24_v128_44_25_12_v,185,train,487
vvvvvvvvvv1_vvvvvvv17_13_vvvvv5_vvvv22_1_vv23_vvv22_v14_v24_15_v20_16_vvv12_11_v21_vv17_v37_33_5_vv40_20_2_v20_vvv3_vv49_v22_7_vvvv49_v46_vv36_14_v36_32_21_6_v58_25_v26_v54_41_40_29_26_4_v62_40_6_v30_22_v46_21_v47_43_31_22_vvvv29_vvv62_8_v63_9_1_v10_vvvv37_v79_42_17_vv70_53_49_48_39_38_27_13_6_v42_8_1_v35_v3_v80_57_35_4_v58_36_5_vvv63_v73_v77_74_62_54_52_32_29_4_3_v92_75_30_v51_50_12_v90_47_v88_84_76_63_21_v85_1_vvv92_91_89_79_78_76_69_67_63_56_51_42_38_31_27_26_3_1_v59_1_vv100_85_v70_60_54_vv56_24_v89_45_22_7_v89_76_v101_100_97_89_87_76_73_72_65_60_51_48_47_42_24_12_9_8_1_v54_1_vv33_12_3_v4_v53_24_22_v110_74_73_71_65_61_11_v108_107_96_95_94_83_79_63_54_17_16_15_7_4_v99_26_vvvv39_v111_90_88_66_v51_v86_80_65_63_44_10_v43_31_v26_v105_86_84_83_77_55_33_23_21_12_vv20_v46_v107_31_v57_vv114_113_85_59_v74_v128_74_71_vv132_95_94_83_52_51_vv135_96_v121_7_5_v53_52_v61_59_34_16_v62_v104_91_18_vv109_103_23_v143_100_v44_v102_101_41_39_v129_122_101_89_64_47_45_36_33_v47_vv149_113_110_72_59_49_29_v121_94_70_55_46_43_v113_112_74_31_29_v156_139_4_vvv96_78_75_60_v61_52_31_v78_46_v112_36_12_v162_159_158_157_156_155_153_152_151_150_148_147_144_143_142_140_136_133_131_128_127_123_121_120_118_117_115_112_111_109_108_106_103_102_97_92_91_90_89_88_87_86_83_80_78_77_75_70_68_67_66_65_63_62_56_54_52_51_50_48_46_45_44_43_41_38_37_36_35_34_33_32_31_30_29_28_27_23_21_20_19_14_9_8_6_5_4_3_2_1_v121_38_36_14_v147_131_127_107_86_75_73_49_9_v161_138_116_85_29_3_v162_139_117_113_86_82_81_17_1_v106_v128_105_81_v7_v33_26_v9_2_vv130_127_vv154_114_31_v137_124_v174_v136_42_v137_v159_119_v173_151_72_61_44_37_33_29_11_6_1_v178_155_141_140_129_98_97_33_17_4_v153_46_39_8_3_2_v170_104_84_41_22_6_v23_v124_106_103_88_74_61_45_37_24_2_v96_72_32_v178_163_157_154_141_137_135_132_129_116_113_112_111_54_40_28_27_23_20_v109_27_v186_163_148_137_110_106_105_41_25_24_v172_171_131_29_v188_166_165_153_112_56_26_10_2_v103_v190_168_167_155_114_58_28_12_4_v33_v195_183_180_179_168_163_158_154_150_141_138_135_133_130_127_118_110_109_108_95_84_56_45_32_29_24_22_9_3_v,198,train,3
vvvvv1_vvvv2_v10_vvvvvvvvvv20_10_vvvv17_vv24_vvv18_15_14_11_v2_v9_vv31_12_7_v32_18_vv33_32_31_26_13_v31_25_20_18_10_5_vv29_27_v37_4_v12_v13_v35_v37_v44_38_37_32_23_20_16_15_12_11_10_7_6_v2_1_v2_v3_v42_4_v,50,train,92
vvvvvvvvvvvvvvvvv14_vvvvv4_v9_vvvvv12_vv14_vvvvvvvvv35_31_24_19_18_v39_vvv28_13_vv37_25_24_v42_32_31_26_21_7_3_v17_vvvv44_4_v45_5_1_v6_vvvvvvv52_40_31_30_20_11_6_v37_28_v56_36_v18_3_v36_11_4_v61_60_50_45_36_v65_44_6_v45_7_vv30_v41_40_10_vv68_64_59_52_51_19_v65_52_34_28_1_v41_13_vvvv74_72_71_64_63_62_59_58_52_48_45_39_35_32_29_27_26_5_1_v17_1_vv36_35_18_3_vv79_77_75_70_68_63_62_59_58_57_53_50_40_39_38_37_35_20_10_5_4_1_v43_1_v28_7_2_v47_41_3_vv26_10_5_v45_24_v86_84_77_76_75_70_64_52_44_28_13_12_11_7_5_2_vv27_vvv34_v46_v37_v20_vv87_86_67_47_26_9_v18_v86_24_v50_v89_76_75_74_54_34_v61_v56_44_10_vv100_92_87_45_35_30_27_25_v73_9_v74_1_v107_72_66_65_64_v98_51_34_vv2_v37_v103_16_5_v57_56_34_13_v58_v91_15_v87_86_37_33_v77_58_43_38_36_6_v93_92_62_18_vvv65_62_47_v48_43_31_v85_66_52_37_v24_v129_128_127_126_125_123_122_121_120_119_118_117_116_115_114_113_111_110_109_104_103_101_100_99_98_97_96_92_91_89_88_86_85_83_81_79_78_77_76_75_74_73_70_68_63_62_60_59_57_56_53_52_50_49_47_45_44_43_40_39_37_36_35_34_33_32_31_30_29_28_27_26_25_24_22_18_16_13_12_11_10_9_8_7_6_5_4_3_2_1_v13_v78_v32_v33_v133_74_5_v88_66_v7_v8_1_v125_v78_74_68_61_56_v37_24_v99_80_14_v55_22_v82_69_v120_v133_85_65_26_16_v17_v87_84_69_58_43_30_18_2_v143_140_131_128_126_123_121_115_113_110_108_105_104_96_93_92_91_90_86_80_42_37_28_21_20_14_13_5_v89_20_v60_55_v137_136_105_22_v23_v92_v,154,train,507
vvvvvvvvvvvvvvvvvvvv2_vvvv8_vv10_vvvvvv28_25_17_13_v32_vv20_9_vv33_24_22_18_15_5_2_vvvv35_v36_1_vvvvvv19_v31_v49_vv20_v28_27_v50_47_42_35_11_v48_23_1_v38_vvv55_54_53_46_44_43_41_40_36_33_30_27_24_22_20_18_17_4_1_v1_vv25_3_vv60_59_57_52_49_45_42_41_38_35_29_28_27_26_9_5_4_1_v31_1_v7_2_v35_3_v9_4_v33_v66_65_58_57_55_51_47_39_33_12_11_10_6_4_2_vvvv34_v16_vv61_18_vv15_v32_v38_v75_66_27_23_20_18_v71_70_54_40_v69_60_59_58_44_31_v49_vv83_55_50_v75_40_29_vv31_v79_8_4_v44_28_8_vv70_10_v77_46_vv68_33_vv1_v64_41_36_34_10_v76_75_17_vvv45_v87_84_v47_42_26_v59_37_v24_v109_108_107_106_105_104_103_102_101_100_99_98_97_96_94_93_92_91_90_87_86_85_84_83_82_81_80_79_78_76_75_74_73_72_71_69_68_67_66_65_64_63_62_61_59_58_57_56_55_54_52_51_49_48_46_44_43_42_40_39_38_37_36_35_34_33_32_31_30_29_28_26_25_24_23_22_20_18_17_16_15_12_9_8_7_6_5_3_2_1_v109_1_v2_v87_v4_2_v66_55_50_v104_54_21_6_v7_v58_48_33_25_8_2_v9_v106_104_82_10_v11_v107_106_103_84_25_23_22_9_v,122,val,70
vvvvvvvv7_vv3_v4_vvv7_v8_v9_v8_vvvvvvv24_vvv7_v8_1_vvvvv4_vvvvv32_vv19_vv5_v23_15_8_v37_v16_vvvv17_vv38_37_28_6_vvv47_25_v48_vvvvv31_v10_v9_3_vv32_31_15_v1_vv54_30_25_vv56_32_27_v58_51_vv63_35_vv68_36_12_v46_21_11_v33_vv36_v66_vvvv26_10_1_v41_v21_vvv12_9_vvvvvvv11_v45_v27_v68_32_24_v70_66_48_43_v81_53_9_v68_50_11_2_v89_v83_76_60_v41_6_v98_44_vvvvv1_v85_54_38_29_28_16_v1_v36_v113_111_110_109_107_102_96_93_90_89_84_80_79_72_71_68_66_62_52_50_48_45_44_40_34_24_23_22_17_12_11_10_8_6_5_3_1_v8_6_v25_2_v3_v46_v32_5_vv70_v74_v14_v80_34_1_v6_v89_59_v76_v99_97_77_42_30_27_14_v127_123_91_90_77_71_67_58_55_36_31_22_15_9_v101_97_79_v17_v123_70_v110_104_82_32_v103_v84_v111_22_v128_124_120_115_104_101_85_77_69_43_v125_115_109_91_88_84_82_57_50_49_39_37_17_10_5_3_v25_v26_v27_v55_31_v86_32_31_v101_v112_31_12_v105_12_v85_v11_v101_35_v46_vv38_1_v102_72_v103_v154_v154_150_118_98_63_56_36_27_22_v116_43_23_11_v,158,train,164
vvvvvvvvvv1_v6_4_vvvvvv4_vv12_vv20_11_vv8_4_vv14_4_2_vv16_v17_5_v18_14_13_vv20_v6_v20_16_v34_21_v35_34_31_28_23_14_13_11_9_6_3_1_v23_6_2_vv4_1_v28_16_11_v20_6_v34_v19_13_v41_40_37_16_4_v24_10_8_v38_29_26_22_v12_8_6_v38_36_24_8_4_v37_19_17_13_v14_v21_16_10_v51_16_v50_29_23_9_v53_18_2_v31_25_v40_39_37_14_v33_1_v49_22_11_v58_23_v30_18_4_v46_32_26_22_21_14_13_4_v52_36_v55_52_43_41_27_17_8_v,63,train,295
vvvvvvvvvvvvvvvvvvvvvvvvv8_vv10_vvvvvv30_vv19_8_v35_34_15_14_v31_22_21_17_14_2_vvv32_v33_1_vv7_vvvvv18_v46_vvv26_25_v47_44_39_33_11_v45_1_v19_vvvv2_vvv25_vv58_57_55_50_48_44_41_40_37_34_29_28_27_26_10_4_1_v31_1_v2_v3_v32_v63_62_55_54_53_49_45_37_32_11_9_5_3_vvvv34_vvv49_40_8_vv14_v31_v44_23_v64_v40_v69_68_53_41_v68_59_58_57_45_32_vv80_49_vv68_26_8_v53_v76_7_4_v43_27_7_vv68_9_v64_30_v59_31_29_v70_69_12_vvvv36_21_v53_32_vv103_100_99_98_97_96_95_94_93_92_91_90_89_88_87_86_85_84_83_80_79_78_77_76_75_74_73_72_71_70_69_68_67_66_65_64_63_62_61_59_58_57_56_55_54_53_52_51_50_49_47_45_43_42_40_38_37_36_35_34_33_32_31_30_29_28_26_25_24_23_22_21_20_19_18_17_16_13_12_11_10_9_8_7_6_5_4_3_2_v20_1_v102_2_v3_v4_1_v49_32_6_v96_48_16_6_v7_v43_27_20_8_2_v103_92_89_82_80_79_77_76_71_67_66_26_18_11_8_7_v10_v78_v100_99_78_12_v13_v,117,val,17
vvvvvvvvvvvvv11_vv9_7_vvvvvvvvvvvv24_vvvvvvvvvvvv12_v39_vvvv4_vvv27_vvvvvv32_v45_vv39_22_20_9_v30_v49_20_vvv37_vv11_v36_25_vvv66_23_v67_28_1_vvvv30_vv57_18_vv53_v39_v75_62_58_55_52_21_15_11_9_1_v45_23_vv31_vv54_vv31_v32_vvvv2_v83_64_37_13_v65_v53_49_25_15_v47_38_11_v83_65_28_20_v58_v43_v86_66_61_37_vv88_74_44_25_17_vv46_v30_vv51_27_vv104_50_16_15_v107_40_30_vvv16_v103_96_86_58_55_21_5_vvvvv109_45_v101_62_v98_77_28_20_v76_52_27_25_vv20_v117_106_102_34_vv26_25_vv89_50_vv120_117_103_75_71_65_64_44_38_32_29_22_17_16_v76_1_v104_92_19_2_vv125_v86_78_15_11_vv70_63_33_27_v12_v135_126_99_46_9_7_v40_vv103_v51_v87_vvv145_143_142_141_137_134_130_124_120_115_111_108_106_92_89_87_86_85_83_82_81_79_76_64_62_61_60_55_49_48_47_46_45_41_38_37_34_30_26_21_16_13_12_11_5_1_v6_v140_129_30_26_4_v131_99_77_v148_137_vv82_6_v97_v116_35_25_vv155_116_89_81_66_57_56_48_36_v128_11_v14_v13_v80_58_38_v107_v161_122_118_95_94_74_69_62_54_42_v154_51_17_v41_v155_53_v160_158_145_117_94_77_66_56_51_48_32_18_15_11_8_2_v21_vv50_v116_113_63_58_51_41_28_24_v153_121_93_90_52_v26_v27_v118_14_v156_126_88_53_52_44_31_9_v175_136_132_109_108_83_56_20_14_v115_49_48_31_12_v102_97_v171_151_43_v163_151_124_78_v140_v176_174_167_34_16_v120_57_17_v48_vv40_v139_53_v171_147_132_101_83_74_40_v102_79_71_66_38_23_v26_vv153_149_103_10_v178_117_v191_159_157_155_154_134_130_127_126_103_95_94_86_81_74_69_57_53_35_32_18_15_v133_18_v118_v144_63_31_v50_40_23_9_v7_v136_vv199_116_111_110_56_32_v200_176_111_96_74_65_57_1_vv59_v152_77_60_v124_v62_v153_135_10_v186_112_110_106_v11_v90_64_54_37_v67_v176_149_68_53_v132_v74_v139_101_v72_v161_vv220_181_154_146_122_121_113_101_v165_136_76_v135_133_67_v181_v214_208_196_172_169_131_125_101_35_18_10_v70_5_v95_62_v194_181_172_145_47_19_3_v85_63_v132_130_104_98_93_36_v192_102_85_52_v133_132_95_86_38_vv88_v144_65_v59_55_v212_199_192_183_159_91_v160_92_v221_189_167_163_158_61_54_39_v237_213_169_149_133_37_16_vv213_189_186_85_v191_180_107_13_v148_59_v184_170_124_105_99_72_51_37_v1_v219_208_118_113_106_101_53_46_36_2_v230_198_191_176_172_157_78_70_55_v248_182_87_v249_206_182_157_152_94_88_74_56_29_v250_176_v251_184_154_96_90_76_58_31_v149_135_109_78_64_55_v205_88_v129_109_80_45_25_v183_153_147_77_72_13_v214_128_121_111_65_1_v232_204_151_146_139_129_112_95_93_v184_v126_v244_183_73_64_6_v218_169_151_116_12_10_v190_130_127_20_7_v249_211_159_39_1_v250_219_218_212_171_40_37_v147_v258_v227_154_87_80_v92_v205_v243_202_186_174_171_141_61_16_v234_209_194_145_143_126_v233_206_205_185_173_153_97_47_35_14_v273_234_207_206_199_179_166_25_24_23_22_15_1_v260_11_2_v3_v154_111_110_95_v278_264_245_232_222_200_144_132_118_110_96_58_47_v272_261_229_5_v262_230_199_167_161_131_109_95_v273_224_212_181_115_48_v274_241_202_195_188_182_168_108_100_54_14_v243_215_163_127_121_107_62_32_v242_167_135_118_45_36_v242_156_139_93_28_4_v243_208_157_140_94_29_7_5_1_v250_141_85_6_v198_132_v211_143_v212_144_v213_20_v214_v239_215_208_196_163_76_v148_v256_66_v173_130_v228_190_174_151_131_vv145_1_v81_v245_36_v246_37_v203_199_164_124_93_v200_165_110_v302_289_279_278_274_266_251_242_240_220_219_214_213_209_208_205_193_176_175_172_167_164_151_135_102_92_74_47_33_27_v197_160_102_1_v253_178_161_76_16_2_v281_201_162_3_v255_180_16_4_v221_118_v192_165_v166_v197_167_96_v168_120_v302_186_169_v170_v305_188_171_v172_31_v310_264_233_192_173_97_78_47_32_v269_259_222_221_220_216_204_195_179_174_110_88_82_80_73_62_17_16_v175_43_v231_v4_v233_193_3_v196_94_v226_71_v161_130_30_v210_170_80_v309_285_261_236_225_223_217_209_182_173_167_153_138_119_91_82_71_26_25_18_v198_165_v212_166_1_v232_119_12_3_v30_13_1_v15_v236_216_170_v250_v57_v314_240_v239_v315_302_103_v303_v,342,train,20
vvvvv1_vvvvvvv1_vvvvvvv12_vvvvvvvv20_v24_v25_24_vv20_v12_v2_vvv25_16_vvv11_10_v17_v16_v12_v5_v24_vvvvvvv47_26_v45_42_4_vv52_29_2_v9_vvvvvvv33_8_v59_58_22_1_v31_vvv59_54_43_35_32_v63_5_v58_32_vv47_17_v45_8_v45_32_v74_30_v62_43_40_v75_73_33_32_v69_54_53_45_30_10_6_v69_v16_v44_28_vvv81_v64_30_v65_41_31_vv58_v10_v38_vv79_7_v80_13_8_1_v9_v82_50_3_2_v57_19_vvvv47_v90_52_vv98_89_73_70_66_49_48_34_14_6_v82_58_46_v53_11_2_v30_11_3_vv99_98_83_75_54_29_v78_v104_80_70_47_46_22_7_v81_71_69_48_23_8_v6_v45_v86_vvv97_42_4_vv101_vv67_66_18_vv110_31_30_28_vv117_66_v117_112_103_93_90_32_v98_97_87_17_16_v114_92_60_52_2_v71_25_v46_vv101_v56_vvv70_vvvv131_129_127_116_115_114_109_107_91_85_82_72_68_62_51_48_47_12_1_v88_40_1_vv123_67_65_37_3_v107_89_84_v85_42_v125_114_v138_136_133_124_122_114_111_101_99_98_92_89_75_71_70_69_60_41_19_7_6_1_v78_14_1_v49_9_2_v82_74_3_v50_11_4_vv126_87_76_45_39_36_17_v146_102_101_99_94_87_10_vv36_v100_v149_147_135_134_133_125_109_93_80_57_19_18_17_11_9_7_v158_vv122_53_v143_v16_vv130_25_v75_v141_27_v65_v12_v66_v77_53_v158_146_136_66_44_32_29_25_v150_149_115_79_44_13_v149_122_120_119_114_83_53_30_29_20_19_v98_38_vv86_76_11_v145_v164_v126_36_35_v8_v173_114_106_104_97_v159_79_43_v82_v28_v3_v154_44_12_v48_v106_51_vv114_vv22_v189_188_140_139_125_106_84_83_v187_140_v173_23_14_vv95_94_51_24_v96_v148_133_26_v170_92_v89_88_v194_170_v170_149_120_v189_v198_147_v149_148_60_55_vv184_179_169_158_149_131_98_82_65_64_55_48_v203_v203_159_156_108_86_v143_v176_136_107_73_66_64_25_v160_159_111_40_v23_v207_183_v134_79_28_v137_115_112_98_78_v169_79_72_49_v149_116_89_62_v190_v159_48_13_v222_217_216_215_214_212_210_209_208_207_206_205_200_199_198_197_194_192_190_175_174_171_169_168_167_166_165_161_158_154_153_151_146_145_136_132_131_130_129_126_125_124_121_119_113_112_110_102_97_95_88_84_82_81_77_75_74_73_70_65_62_61_60_59_58_57_56_55_54_53_52_50_49_48_47_41_38_27_25_24_23_16_10_9_8_6_5_4_3_1_v169_61_50_15_v81_51_1_v28_17_v128_112_92_v214_195_160_152_100_54_v135_v224_200_188_167_166_127_103_40_36_7_v58_v59_v228_227_203_193_170_169_164_145_130_123_122_24_3_v181_149_121_v181_v13_v183_129_v154_108_v16_3_v217_v137_133_119_101_94_v71_v72_47_v192_177_v203_190_181_51_v238_v192_v177_144_28_v237_217_97_42_38_v146_121_v246_245_221_197_196_182_163_141_140_42_21_6_v206_v198_180_176_100_49_15_v236_151_139_112_57_54_31_9_v173_171_125_32_17_v175_153_150_132_116_103_100_82_58_47_33_2_v244_225_220_187_8_v4_v249_245_231_226_219_211_208_201_198_194_190_187_182_166_161_160_159_158_152_143_82_77_52_39_37_29_25_9_v157_37_v252_228_79_v104_92_v186_v162_v260_259_235_225_210_196_177_162_155_154_138_56_35_32_v242_241_188_43_v261_203_37_2_v60_45_v263_240_239_229_217_205_166_142_75_36_18_4_v264_206_182_25_v246_240_193_34_v169_151_61_58_v253_252_228_218_214_198_188_160_159_120_71_v,273,train,403
vvvvv1_v2_v3_v4_vvv7_vvvvvvvv3_vvv6_vvvv10_vvvvv3_v28_v17_vvvvv13_vv33_30_25_7_v25_vv39_27_vv41_vvv34_32_2_vvv26_25_13_v1_v1_vv45_25_v47_v8_v42_15_7_vvv32_25_11_10_v12_vvvvvv49_v13_v50_16_13_v55_50_48_45_31_27_24_v1_v52_47_33_8_2_v64_v44_v50_v7_v74_v63_11_v9_vvvvv85_84_83_82_81_76_73_72_68_67_65_58_57_55_54_51_48_43_36_34_31_30_29_28_26_20_19_18_16_11_10_8_4_3_2_1_v70_61_48_v2_v22_3_v4_v5_v51_v44_v77_69_53_31_23_20_8_v78_68_54_v53_46_38_25_10_v11_v82_81_57_24_v58_v89_73_57_51_v84_79_v84_16_v92_87_86_67_63_59_58_42_39_38_31_29_11_9_5_4_v18_v19_v20_v80_21_9_v70_22_v23_v24_v,110,train,373
vvvvvvvvvvv1_vvvvvvv18_13_vvvvvv6_vvv22_vv23_vvv13_vvv25_16_v12_v9_8_v17_v14_v23_21_v10_vvvvv19_v23_vv31_7_vvv27_vv49_45_9_v52_30_1_v52_vvvvvv62_v39_vv36_10_vvv60_56_45_36_34_v63_v60_vv49_17_v49_46_27_7_v73_34_v63_43_41_v36_v69_56_54_45_33_9_5_vvv45_26_v81_57_55_10_v63_27_v64_59_43_28_vvv8_vv86_vv79_8_v80_12_9_1_v81_62_52_2_1_v11_vvvv43_v89_53_vv88_71_68_65_47_45_31_14_6_v49_8_1_v59_42_v28_11_3_v104_58_23_v97_82_73_54_52_27_vv4_v102_79_71_43_8_v80_72_70_44_9_v79_v43_vv86_vv97_68_57_v99_98_86_70_65_42_35_5_4_v117_99_91_36_v26_vvv68_66_21_v111_32_31_30_vv119_63_v117_113_105_93_91_32_v98_97_89_18_17_v115_93_59_52_2_v13_v69_27_v99_vvvv126_125_123_113_111_109_103_102_89_79_74_66_62_57_48_44_43_7_1_v20_v82_38_2_vv134_120_82_24_v121_64_62_36_5_v78_40_v106_86_79_v123_v135_134_131_123_120_111_109_100_99_98_88_83_71_68_67_66_59_40_16_9_7_1_v74_1_v48_11_2_v78_71_3_v49_13_4_v72_43_35_32_v144_97_95_94_87_8_v120_58_v32_v144_143_132_131_129_120_107_86_75_54_19_18_16_9_7_5_v135_106_38_v49_vv13_v57_v125_24_vv135_26_v61_40_v142_141_102_69_33_v140_111_110_108_101_75_42_23_22_14_v88_32_v153_140_131_62_38_31_26_22_vv74_v122_113_110_95_92_64_20_vv138_v163_103_96_94_89_v151_70_38_vv2_v143_36_11_v42_v171_124_122_108_69_68_v173_123_v159_17_8_v69_67_v81_79_38_18_v82_v61_v132_21_v154_75_v178_154_v141_132_19_vv184_128_v166_109_vv132_131_49_v170_164_156_143_131_126_116_104_84_67_53_52_44_39_v88_87_v90_v191_144_141_96_72_35_v2_v163_122_95_64_55_53_22_v199_175_46_v200_182_94_12_6_v148_146_101_40_38_vv195_171_vv125_105_102_86_71_v158_72_63_v105_55_v177_v144_46_16_v209_208_205_204_203_202_201_199_198_197_196_195_194_190_189_187_185_182_179_178_166_165_158_157_155_153_151_150_146_144_141_140_138_134_133_126_122_120_119_117_116_115_114_111_108_102_101_99_89_85_83_79_77_74_73_68_66_65_64_62_58_56_55_54_53_52_51_50_48_47_46_44_43_41_39_37_31_29_28_26_18_12_9_8_6_5_4_3_1_v156_55_48_18_v31_19_v194_177_173_166_164_140_109_98_96_60_14_13_v202_182_146_139_87_51_31_v209_186_176_150_115_89_38_5_v210_187_179_151_147_116_108_107_23_1_v136_v8_v166_114_v6_v11_3_v196_105_v223_vv123_120_102_91_82_v226_111_13_v171_v204_147_v190_174_52_v225_v176_v208_151_v131_27_23_v228_205_181_179_165_126_125_41_19_5_v219_135_98_51_25_6_v26_v157_137_134_117_103_89_86_74_56_44_27_2_v227_203_168_v122_86_39_13_v228_213_208_203_196_190_180_174_171_168_164_149_145_144_143_142_69_48_33_31_25_v141_31_v234_210_157_71_18_v91_10_v186_168_129_v239_216_208_190_176_145_137_136_119_52_30_29_v225_223_169_36_v241_219_218_210_195_147_121_70_31_13_2_v38_v243_221_220_197_149_72_33_15_4_v134_v229_228_220_174_60_56_54_32_v252_137_39_13_v249_236_235_234_223_213_202_198_192_182_179_172_171_168_166_149_142_141_140_115_105_73_59_40_36_29_26_14_3_v,254,train,91
vvvv3_vvvv7_vvv9_vv11_v7_v14_vv17_10_2_vv10_2_vv15_4_v16_10_1_v6_v7_vv12_vv25_19_16_15_12_11_8_3_1_v15_1_v2_v25_19_15_v23_13_4_v24_14_5_v18_17_6_v34_17_v30_29_26_24_19_15_14_11_v24_20_vv11_v37_34_28_23_19_18_10_4_vv41_28_27_25_5_v15_v33_31_v28_v18_12_v41_33_31_30_13_10_8_5_v32_31_28_16_15_vv49_33_v23_11_4_v24_v39_6_vv38_10_v55_38_v19_v40_18_17_v21_v29_1_v60_47_44_33_26_23_15_v46_45_34_16_15_v35_33_27_v63_61_58_57_54_52_50_48_47_44_43_42_37_32_31_30_21_17_13_12_11_6_2_1_v48_18_v57_47_38_18_2_v58_48_47_39_35_34_1_v52_37_v20_15_v16_v57_v55_24_v72_v14_v58_v16_vv76_67_37_34_29_24_20_17_9_8_1_v70_63_62_59_47_46_13_7_v69_31_26_10_3_2_v53_28_17_9_v54_52_46_35_31_18_1_v55_19_v75_67_64_56_52_51_18_17_v76_71_57_37_18_6_1_v77_72_58_38_19_7_2_v82_81_77_65_30_28_27_19_v84_71_70_65_v,89,train,361
vvvvvvvvv6_vv7_v2_v13_12_11_vvvvvvvv20_11_1_vvv20_15_3_v12_v2_v14_v22_17_v5_vvv3_v22_19_16_15_11_v22_13_vvv32_5_v17_v28_9_8_4_v39_27_v4_v13_v10_v18_v19_1_vv14_v19_v49_48_47_44_42_41_37_36_34_33_30_26_25_24_22_20_13_12_9_8_4_3_v46_41_29_24_21_1_v,51,train,1
vvvvvvvvvvvvvvv1_v9_8_vvvvvv9_vv14_vvvvv25_vvvvvvv22_vvvv11_v38_vvvv4_vvvvvvvv32_vv46_vvv29_v50_20_vvvv38_vv59_v14_vvv38_29_vvv69_27_v70_32_1_vvvvvv78_60_vvv43_vv80_67_56_26_18_12_10_2_vvv54_v21_v34_v35_v73_vv85_64_38_9_v65_v54_50_22_11_v39_9_v86_25_16_v59_v44_v89_65_62_37_vv91_74_45_21_15_vv25_vv51_22_v103_49_14_13_v105_40_35_24_v96_vv14_v103_95_84_57_54_19_5_vvvvv109_40_v117_99_61_50_v98_26_18_v75_47_25_23_vv104_v116_102_31_v23_22_vv87_44_vvv120_118_101_74_70_60_59_40_36_30_27_22_17_16_v75_1_v102_91_19_2_v124_v85_76_14_10_v111_74_vv65_57_32_27_v13_v134_127_98_44_9_7_v38_vv102_v49_v57_v53_vv114_97_v144_143_142_141_138_136_130_124_119_113_110_108_106_92_89_87_85_84_81_78_77_75_72_61_59_58_57_54_48_47_46_45_44_41_39_38_35_31_27_23_17_15_14_12_6_1_v7_v141_131_129_31_27_5_4_vv76_4_v113_33_23_vv63_v139_102_v153_115_84_75_55_54_48_36_v3_v128_125_11_v14_v13_v76_39_v107_v160_122_118_91_90_68_61_55_43_v155_52_17_v42_v54_v160_159_146_117_90_75_65_57_52_49_34_18_17_14_8_2_v114_21_vv13_v116_113_64_59_52_42_29_24_v170_146_120_96_v26_v132_27_v118_14_v156_126_85_54_53_45_31_9_v161_v175_137_133_106_105_83_58_22_15_v115_52_50_32_13_v172_149_44_v174_173_165_32_14_v79_v117_58_16_v48_v38_v138_53_v144_130_96_81_73_38_v97_78_70_65_38_34_21_v149_145_97_8_v174_v187_154_153_151_150_129_122_119_118_98_90_89_83_78_71_67_54_50_31_28_13_11_v128_13_v140_60_26_vv46_36_19_7_v127_v25_vv195_109_106_105_52_28_v196_171_106_93_71_62_53_1_v168_43_vv56_v149_75_57_v58_v181_106_104_101_v11_v190_86_64_59_49_32_v62_v171_140_63_48_vv128_96_v66_v65_55_vv213_175_144_135_115_114_108_96_v159_137_127_70_v64_61_48_v186_166_162_123_117_v141_v38_v165_135_3_v78_56_v124_122_99_87_33_v185_96_78_45_v125_124_89_79_35_vv81_v136_58_v51_v204_192_185_176_147_84_v148_85_vv230_205_141_127_34_vv203_183_179_78_35_v19_v222_v229_v118_91_81_68_v150_84_53_v190_176_106_88_85_24_18_5_1_v191_89_86_2_v146_v182_164_124_105_98_71_54_40_v1_v216_207_118_114_106_100_56_49_40_2_v190_171_155_77_58_v246_177_86_v247_205_177_155_150_94_87_72_59_34_v248_170_v249_179_152_96_89_74_61_36_v104_94_v105_95_40_v133_106_96_v206_89_v132_110_81_51_36_33_v179_154_149_78_74_16_v215_130_123_112_70_1_v232_205_153_148_141_131_113_96_94_v128_v178_75_69_5_v218_168_152_116_13_11_v185_132_128_107_92_25_22_21_6_v249_243_241_212_159_46_1_v250_219_213_170_47_44_v251_176_118_2_v259_v226_155_82_v91_v201_v241_198_183_173_170_142_66_15_v234_207_189_147_144_126_v233_202_201_172_154_96_42_v272_234_203_202_194_178_167_26_25_24_23_1_v260_11_2_v154_110_109_96_v278_263_242_231_221_194_145_131_117_109_97_63_53_v4_v272_222_206_178_113_53_v273_238_196_190_185_179_167_106_100_59_12_v241_209_162_126_119_104_66_31_v166_116_35_v240_155_137_95_25_4_v241_201_156_138_96_26_6_5_1_v248_139_87_53_6_v203_140_v204_141_v205_17_v235_206_201_191_160_78_v208_144_v252_69_v170_126_v220_187_171_147_127_v143_v194_191_157_116_90_v192_158_106_v294_281_270_269_264_258_243_232_228_209_208_205_204_200_199_196_186_169_168_166_160_157_146_127_98_89_73_38_25_20_v190_152_97_1_v245_171_153_75_11_2_v272_194_154_3_v247_173_12_4_v289_184_156_v157_93_v189_158_93_v159_115_v295_178_160_v174_161_v298_180_162_v249_232_230_163_116_24_v302_255_221_185_164_94_76_38_25_v261_249_212_211_210_207_196_188_171_165_106_86_80_78_65_52_16_15_v185_166_35_v309_v222_v5_v26_v225_187_5_v190_94_v288_271_174_v249_v94_v166_86_81_v222_67_v301_60_v159_133_32_v282_254_232_222_215_207_179_171_164_149_121_95_80_67_31_30_24_v226_119_16_1_v33_17_1_v209_127_42_v20_v231_v232_214_167_v244_v310_235_v79_v235_v311_299_107_v300_v,340,train,12
vvvvvvvvvvvvvvvvvvvv5_4_v17_vvvvvvv10_vvvvvvv13_5_vv36_v23_18_3_vvv4_v26_vvvvvvv22_v13_v17_9_v44_v18_v19_v4_v52_35_12_v42_37_19_vv58_22_17_v25_v45_4_vv28_4_vv28_15_vvvv34_v69_12_v30_vv21_v73_60_59_32_27_26_18_17_v29_17_9_v17_vv50_v5_vvvvv12_vv27_v87_84_82_81_80_79_78_76_75_74_73_70_69_60_59_58_55_47_43_42_40_38_35_31_25_23_21_20_14_10_9_8_7_6_4_2_1_v22_1_v2_vv4_vv92_61_23_v30_12_v56_21_8_v94_92_75_56_53_52_40_28_22_9_4_v10_vv76_60_23_v87_13_v6_2_v3_v16_v32_v18_v19_v20_v76_21_v22_v34_28_20_16_v109_107_101_92_90_87_86_85_80_78_75_69_68_65_53_43_39_36_27_19_15_13_7_v25_14_v,113,train,439
vvv1_vvvv2_vvvv3_vv6_5_2_vv11_5_v1_v17_vvv9_6_5_vv7_v4_v13_11_v18_v7_3_v12_v15_10_v1_v15_v12_v32_31_24_15_13_9_1_v18_6_v19_14_v33_24_23_v35_31_30_28_15_v26_v23_v22_7_vvv27_v11_v29_14_11_v40_9_v44_vv44_38_33_v35_29_v35_v49_18_v50_19_v51_20_2_v22_v43_30_v47_43_31_30_16_15_14_9_1_v20_v56_v54_27_23_v45_v25_6_v62_30_v,63,val,1
vv1_vv2_vvv1_vvvv5_vvv8_vvv11_v10_vv5_v19_18_16_4_v16_vv23_18_vvvv22_v3_v9_vv29_v30_v15_v29_11_vv34_vvvvv6_5_1_vvv27_v25_vv6_v43_40_37_35_28_24_22_v32_v2_v43_42_38_31_26_14_8_3_v34_v51_vv25_9_v51_v9_v58_26_15_5_3_v54_v59_42_38_30_22_8_v62_1_v42_2_v35_13_12_v47_v45_v61_54_46_27_20_15_8_v62_54_47_v64_63_48_17_v54_49_15_v68_57_43_v66_63_v70_68_67_55_53_49_48_34_31_30_24_21_10_6_4_3_v59_4_v57_v62_17_7_v56_51_38_v57_v,79,train,32
vvvvvvvvvvvvvvvvvvvvvv6_vv8_vvvvvv28_vv17_8_vv29_20_19_15_14_2_vv35_vv31_v32_1_vvvvvv18_v44_vvv26_25_v45_42_37_31_10_v43_1_vvvvvv26_vvv27_v35_v57_56_49_48_47_43_41_33_28_9_8_4_vvvv29_vv7_vv54_v31_v27_vv61_60_47_34_v60_53_52_51_38_26_v43_vv73_44_v18_v67_6_2_v36_6_vv61_8_v57_v52_27_v63_62_11_vvvv18_v46_29_v17_v93_91_90_89_88_87_86_85_84_83_82_81_80_79_78_77_76_75_74_73_72_71_70_69_68_67_66_65_64_63_62_61_60_59_58_56_55_54_53_52_51_50_49_48_47_46_45_44_43_42_41_40_39_38_37_36_35_34_33_31_30_29_28_27_26_25_24_23_22_21_20_19_18_17_16_15_14_13_12_11_10_9_8_7_6_5_4_3_2_1_v58_33_v93_2_v3_v4_1_v86_43_15_5_v6_v40_25_19_7_2_v8_v88_87_68_9_v10_v,104,train,30
vvvv1_vvvvvvv10_vv1_v1_v3_1_v10_8_v3_vvv19_vv21_3_vvv13_v9_v26_8_v15_14_v28_vv13_vv32_19_vv21_vv36_12_v11_v22_vv41_38_31_15_11_5_v42_39_33_21_v37_35_v36_14_vv44_34_32_27_20_14_12_8_7_5_v35_v40_7_4_v7_v4_v24_10_9_v47_36_14_9_v39_vvv30_20_15_vv32_22_v28_21_17_10_8_v18_v37_v58_22_3_v49_v62_40_19_18_10_3_v51_2_v56_36_25_8_vv4_1_v68_50_42_18_v53_38_24_13_6_4_3_v3_1_v66_56_34_29_2_v66_1_v58_31_30_2_v52_36_29_20_v30_v36_v44_v33_15_v53_11_v,81,train,422
vvvv3_2_vvvvv1_v4_v5_vv10_9_5_1_v4_1_v14_11_v10_6_v13_2_vv12_6_v16_5_vv14_13_vv8_v25_15_v10_v14_6_4_v22_17_v2_v23_11_v6_vv30_v28_27_9_4_v31_v26_18_v25_14_7_v31_19_8_7_v35_v36_25_20_v22_19_14_4_v23_5_v30_11_v8_v18_4_3_v19_9_5_v20_10_6_1_v21_11_7_1_v24_v34_26_v46_41_v,52,train,296
vvvvv3_vvvvvv1_vvvvvvv11_vvvvvvv18_v24_v25_22_vv19_v11_v2_vvvv25_16_vv11_10_v17_v16_v4_v22_v14_vvvvvv46_25_vv43_41_4_v48_28_1_v8_vvvvvv56_53_19_v32_8_1_v29_vvv55_51_41_33_30_v59_6_v55_31_vv45_16_v43_8_v43_30_v70_29_v70_67_31_30_v60_42_39_v65_52_51_43_28_10_6_v16_vv41_26_vv75_v60_28_v61_39_29_vv55_v35_vv74_6_v75_12_7_1_v8_v77_47_3_2_v53_18_vvvv43_v85_48_vv94_84_69_66_61_47_45_32_6_v54_43_v50_11_2_v27_11_3_v92_78_70_51_v73_v97_75_65_44_43_20_6_v76_66_64_44_21_7_v41_v80_vv89_37_3_vv93_vv62_60_15_vv102_28_27_25_v107_59_v107_103_95_85_82_28_v90_89_79_14_13_v105_84_54_45_2_v64_21_v41_vv93_v51_vvv64_vvvv121_120_118_108_107_106_101_99_83_78_75_66_62_56_44_43_12_1_v80_36_1_vv97_81_76_v115_61_60_34_4_v78_38_v116_106_v128_127_124_116_114_106_103_93_91_90_85_82_69_65_64_63_55_37_19_7_6_1_v72_14_1_v45_9_2_v76_67_3_v46_11_4_vv118_81_71_42_37_35_17_v136_95_93_92_87_81_11_vv35_v93_v139_138_127_126_125_117_101_87_74_53_19_18_17_11_9_7_v148_vv114_50_v134_vv69_v58_v123_26_v10_v21_v135_29_v72_51_v63_v141_140_107_74_43_12_v140_114_113_111_106_78_51_30_28_19_18_v92_37_v152_141_131_65_47_35_31_28_vv153_v137_v119_36_34_v85_75_16_v9_v163_108_99_98_92_v151_75_43_v78_v28_v145_42_12_v47_v100_50_vv108_vv22_v180_177_133_131_118_100_80_79_v176_132_v164_23_13_vv90_89_50_24_v91_v140_126_26_v85_84_v162_89_v183_161_v178_v162_142_115_v187_139_v141_140_59_54_vv191_v176_171_161_142_125_95_82_66_64_55_48_v192_151_148_103_85_v136_v166_130_102_72_65_63_25_v153_151_106_40_v23_v196_174_v128_78_28_v130_110_107_96_77_v160_78_71_47_v142_111_88_61_v181_v151_48_12_v211_206_205_204_203_202_200_199_198_197_196_195_191_190_189_188_185_183_181_166_165_163_162_160_159_158_157_154_151_147_146_144_140_138_130_127_126_125_124_121_120_119_116_114_109_108_107_100_96_94_87_83_81_80_76_74_73_72_69_64_61_60_59_58_57_56_55_54_53_52_51_50_49_48_46_40_37_27_25_24_23_16_10_9_8_6_5_4_3_1_v161_55_50_14_v81_51_1_v28_16_v123_109_91_v204_186_153_144_99_54_v130_v213_191_179_160_159_122_102_40_36_7_v58_v59_v219_216_194_184_163_162_157_139_125_119_118_23_3_v172_143_118_v174_v13_v176_125_v148_107_v16_3_v208_v132_129_100_93_v71_v72_47_v184_170_v194_182_175_51_v227_v184_v170_139_28_v227_208_96_42_38_v141_120_v237_234_212_190_188_175_157_137_136_41_21_6_v189_172_169_98_47_14_v225_145_135_110_56_53_30_8_v167_164_123_31_16_v167_147_144_131_114_101_98_81_57_45_32_2_v233_215_209_179_7_v4_v234_221_216_209_201_192_186_182_179_175_160_155_154_153_152_77_75_51_38_36_28_24_8_v151_36_v240_218_77_v102_89_v155_v180_v250_247_225_215_201_188_170_156_150_149_136_54_34_31_v232_231_180_42_v249_196_36_2_v59_44_v251_230_229_219_208_198_160_140_74_35_17_4_v252_199_175_24_v161_v163_148_60_57_v238_232_187_35_v243_242_220_210_206_191_182_157_156_119_72_v,262,train,326
vv1_vvvvvvvvv1_v9_vvvvvvvvv19_v20_vvvvvv26_7_vv26_vvv23_21_v1_v16_v26_17_vv12_4_v37_vvv23_v41_v25_10_6_2_vvv25_19_8_4_v21_v15_12_v48_3_vv25_v47_44_7_1_v17_vvv47_vvvv36_27_vv53_5_vvv32_22_v33_v61_55_44_33_v65_v60_33_v59_v48_20_v31_v67_51_50_39_29_6_2_vv40_23_v51_38_v59_26_v60_53_37_27_vvvv72_5_v73_9_6_1_v74_54_43_2_1_v8_v79_vvvv72_v90_45_15_vv81_64_59_58_43_42_25_13_6_v35_v48_10_2_v12_3_v94_68_4_v69_5_v32_v16_vv91_v53_52_10_v94_22_21_20_v100_44_v100_94_87_72_21_v95_40_1_vvvv105_103_101_89_88_85_80_77_66_60_52_44_40_38_31_29_28_4_1_v60_1_vv79_63_51_v52_22_v43_20_5_vv100_86_v113_111_107_100_96_85_75_74_68_60_48_47_46_40_23_12_8_7_1_v51_12_1_v110_v11_3_v56_4_v13_5_v53_v121_79_75_74_63_12_vv111_88_v99_45_v97_v125_123_112_109_108_97_86_65_58_21_20_19_12_9_7_vvvv125_103_100_79_73_66_v55_v44_v27_vv21_v47_v116_31_v58_v125_122_85_59_v122_98_95_94_82_64_42_31_30_19_v74_vv55_45_v137_123_53_42_38_33_30_v100_36_35_v145_84_78_74_v130_58_41_vv43_v54_v123_96_v138_13_6_v151_72_v66_v113_15_v68_67_42_16_v58_v130_112_33_vv165_164_145_119_v107_105_47_45_v144_138_104_94_69_53_52_41_35_v163_121_117_75_63_51_20_v168_123_v135_98_74_59_51_48_16_v121_120_78_26_23_vvv99_81_78_63_v64_56_34_v82_45_v160_138_137_49_42_v33_11_v180_176_175_174_173_171_169_167_166_165_164_163_160_157_156_153_151_148_145_135_134_132_129_128_125_121_120_115_113_111_110_108_107_106_100_98_97_96_94_92_91_90_87_85_82_81_80_76_73_72_70_69_67_66_61_59_57_56_54_48_47_46_45_43_42_41_40_39_38_37_36_35_34_33_32_28_26_22_20_19_18_13_9_8_7_6_5_4_3_1_v66_35_v163_144_140_90_v179_153_89_3_v180_154_115_90_86_85_16_1_v5_v130_58_30_27_v7_2_v176_v94_77_69_v150_v166_158_v180_10_v191_183_160_146_136_57_28_v168_117_35_v169_118_v186_163_74_60_40_37_29_27_10_2_1_v164_75_3_2_v190_165_42_39_4_3_2_1_v182_105_85_38_19_v20_v125_107_104_89_75_55_39_33_21_2_v189_167_157_142_135_133_130_129_118_113_112_50_35_25_23_19_v109_23_v200_174_152_135_110_106_105_36_21_20_v182_181_131_25_v202_177_176_158_112_22_2_v27_v204_179_178_160_114_24_4_v207_162_v191_179_168_158_148_133_132_118_110_84_28_v,211,train,459
vvvvvvvv1_vvvvvv12_vvvvvvv19_vv20_vv18_v11_v20_12_v6_5_v9_vvv12_vv32_28_3_v34_15_1_vvvvvv22_18_6_vv40_14_2_vv40_36_27_19_v43_3_v40_v30_13_vv41_24_v46_34_33_25_21_6_3_vv26_19_v39_19_v40_20_vv34_v6_v27_vv53_7_v54_8_1_v9_v56_3_2_vvvvv60_46_43_42_36_34_23_11_4_v38_7_1_v33_v22_8_3_v68_55_47_40_21_v2_v72_52_47_34_32_18_6_v53_48_47_35_19_7_v32_vvv47_45_11_vv80_43_v78_74_67_57_20_v62_61_56_9_8_v76_40_35_2_vvv83_82_80_71_70_68_64_62_57_53_50_43_40_37_30_27_26_3_1_v55_1_vv64_56_51_vv53_24_v80_44_43_22_6_v80_70_v91_90_87_80_78_70_66_65_61_58_48_47_46_45_40_24_11_8_7_1_v50_1_v10_2_v54_49_3_vvv53_29_v101_71_69_68_63_12_v25_v100_99_89_88_87_79_74_61_54_18_17_16_9_7_v33_vvv40_v50_v23_v77_63_10_v44_33_vv97_83_82_80_75_55_35_24_22_15_12_v20_v46_v98_30_v56_v104_103_82_57_vv73_v114_103_51_38_35_29_27_v91_33_31_v99_v121_81_76_75_72_vv102_34_6_vv127_97_95_84_73_55_54_vv130_97_v117_13_7_vv66_64_39_20_v67_v105_22_vv134_113_v105_28_v139_102_v50_v105_104_47_42_v126_121_116_104_93_68_60_53_51_41_38_v53_v144_114_111_77_64_54_33_v101_v121_99_76_60_52_50_v116_114_80_36_34_vv146_125_vv100_84_81_74_65_v66_58_37_v84_50_v115_41_12_v157_155_154_153_152_151_149_148_147_146_145_144_141_140_139_137_135_133_131_127_126_125_124_122_121_120_119_115_113_111_110_109_108_106_101_97_96_95_94_92_91_90_89_86_82_81_80_77_74_72_71_70_68_67_62_60_59_58_55_52_51_50_49_48_47_46_43_42_41_40_39_38_37_36_35_31_30_24_22_21_20_14_9_8_7_5_4_3_2_1_v123_43_42_14_v68_44_1_v25_16_v152_135_116_111_76_46_v159_139_133_121_119_93_78_33_32_5_v160_140_135_122_120_117_106_94_88_87_19_1_v131_v132_92_v9_v36_29_v11_2_v31_v138_v142_136_128_41_v170_v138_vv168_150_74_44_37_32_29_8_6_1_v173_153_143_141_130_119_101_100_32_14_5_v152_46_39_8_3_2_v165_109_100_88_44_41_21_7_v22_v127_111_108_99_92_78_76_65_45_36_23_2_v173_156_154_134_6_v4_v174_162_157_155_153_145_139_137_135_134_121_117_116_57_40_28_27_21_v115_27_v180_159_59_v183_167_163_158_151_140_129_117_111_110_102_42_24_23_v170_169_136_30_v185_166_165_160_156_145_119_104_58_25_12_2_v32_v187_168_167_158_147_121_60_27_14_4_v188_148_29_5_v178_177_157_153_138_115_90_v,193,train,79
vvvvvvvvvvvv1_vvvvvv18_11_vvvvv5_vv18_vv22_vvv19_v12_vvv23_15_v9_8_v15_v13_v19_v10_vvvvvv27_vv23_vv42_39_6_v47_26_1_vvvvvvv30_7_v53_21_1_vv52_47_38_29_27_v56_3_v51_v41_13_v38_27_v52_34_32_v64_62_28_26_v59_46_45_36_25_7_4_v59_v11_v36_21_v52_21_v53_49_34_22_vv37_v7_v29_vv66_7_v67_10_8_1_v68_52_42_2_1_v10_v16_vvv36_vv77_44_vv76_62_58_55_41_39_28_14_1_v49_37_vv27_12_3_v46_12_4_v86_85_72_63_46_26_v3_v91_69_61_39_38_7_vv71_63_61_41_9_v39_v71_v83_v84_74_3_v103_85_v24_vv58_56_17_vv96_30_29_28_vv102_97_90_79_77_29_v98_78_51_46_1_v59_22_v84_v48_vvvv110_108_106_97_96_94_89_87_75_68_65_58_55_51_43_40_39_7_1_v70_32_1_vv103_v104_57_55_30_4_v34_v90_74_v106_95_v118_116_113_106_104_95_93_85_84_83_76_73_63_61_60_59_53_34_15_8_7_1_v65_12_1_v43_10_2_v69_64_3_v43_12_4_vv66_38_30_v126_86_84_83_9_v106_54_v30_v128_126_116_115_114_105_93_77_69_49_19_18_17_10_8_6_v119_36_v44_vv14_vv110_24_v66_v120_26_v56_vv57_v71_61_5_v136_125_116_57_38_31_27_23_v69_v131_130_98_70_39_v130_105_104_102_75_46_29_28_19_vv88_v124_v148_96_91_89_85_v136_67_39_vv2_v129_38_6_v43_v96_v158_115_113_102_67_65_v157_114_v145_14_9_v77_76_40_14_v78_v121_16_v61_v141_70_v163_140_v122_v120_119_47_42_v152_147_139_128_107_76_51_50_41_36_v80_v169_129_126_87_v143_111_85_59_51_49_16_v130_128_89_26_v179_161_4_vv173_150_vv113_94_91_78_65_v140_66_58_37_v95_49_v157_v130_35_13_v187_183_182_181_180_178_176_175_174_173_172_171_168_167_166_164_162_159_157_146_145_141_140_138_137_136_135_132_129_127_126_125_122_121_115_111_110_109_107_105_104_100_98_97_92_90_89_82_78_77_72_71_69_68_63_61_60_59_56_52_50_49_48_47_46_45_44_43_42_41_38_37_36_35_34_32_30_23_22_21_20_15_11_10_8_6_5_4_3_1_v139_49_37_15_v24_16_v178_160_131_126_80_39_22_v187_165_155_135_134_103_29_4_v188_166_158_136_135_132_104_97_95_19_1_v145_123_95_v7_v5_v9_2_v178_v109_105_90_81_73_v153_v164_151_143_38_v152_v192_173_72_30_27_v114_92_v200_178_157_155_144_109_107_31_13_4_v165_v157_141_75_35_v191_119_88_40_20_7_v21_v140_121_118_103_92_78_75_58_44_36_22_2_v199_181_177_149_8_v203_199_187_181_177_170_166_159_157_153_151_149_146_133_129_128_127_126_125_115_64_56_39_27_25_20_18_8_v124_25_v206_183_58_v79_68_v150_115_v212_190_182_167_156_128_121_119_43_25_24_v197_196_151_30_v214_193_192_184_172_161_130_56_26_14_2_v32_v216_195_194_174_163_132_58_28_16_4_v200_193_155_v134_117_47_45_v206_205_196_186_174_170_153_125_103_92_49_v,225,train,268
vvvvvvvvvvv1_vvvvvvvvvvvvv20_vvv9_v18_10_vv7_6_vvvvv13_vv31_28_5_v36_16_1_vvvv42_vv20_6_vvvv44_v39_v29_12_vv45_32_31_25_21_2_vv46_v27_18_v38_18_v39_19_vv35_v6_v35_vvv53_8_v54_9_1_v10_v50_41_14_6_vvvvv60_48_45_44_36_34_24_12_4_v32_v39_8_2_v3_v73_69_68_55_49_47_42_40_22_v73_53_47_33_18_5_v54_48_34_19_6_vv13_v5_vv47_45_11_v77_72_65_57_18_v62_61_55_8_7_v74_2_vvv82_80_78_69_68_67_64_62_57_51_48_39_37_29_25_24_3_1_v53_1_vv64_54_50_v51_21_v76_v88_86_83_76_74_68_64_63_57_54_45_44_43_37_20_9_6_5_1_v47_1_v8_2_v3_vv49_24_v95_66_64_63_59_54_9_v35_v96_94_84_83_82_76_71_58_51_15_14_13_8_6_v28_vvv45_v36_v20_vv39_28_v17_v92_78_77_75_71_51_30_21_20_14_12_v41_v93_26_v50_v98_97_76_51_v67_vv84_28_27_18_v114_69_65_vv119_87_85_75_64_46_45_v118_86_v106_8_4_v100_v55_54_32_14_v56_v94_82_16_v92_v87_8_v91_37_v112_109_103_100_91_87_81_70_55_48_41_40_32_29_v58_v129_100_97_63_24_v108_85_61_47_41_39_v101_99_65_26_24_vvv85_68_65_51_v52_46_27_v69_39_v99_30_10_v143_140_139_138_137_135_133_132_131_130_129_128_125_124_123_122_121_119_117_113_112_109_108_106_105_104_103_101_99_96_95_94_93_92_86_82_80_79_78_76_75_74_73_71_67_66_65_61_60_58_57_56_54_53_50_48_47_46_44_41_40_39_38_37_36_35_34_32_31_30_29_28_27_26_25_23_22_19_17_16_15_12_8_7_6_5_4_3_2_1_v107_33_32_12_v64_54_33_1_v20_14_v122_81_v137_122_63_36_v146_126_106_78_65_27_6_v147_127_121_107_103_92_79_74_73_18_1_v116_v117_77_v10_v11_1_v89_v84_81_68_62_v120_35_v121_v156_136_134_124_122_112_101_93_83_82_34_29_27_10_2_v123_110_61_31_v146_90_71_33_18_4_v19_v109_92_89_75_64_51_37_31_20_2_v154_137_116_v94_22_v163_143_137_129_119_108_95_90_89_82_34_17_16_v148_147_116_24_v165_146_145_139_134_97_84_46_18_9_2_v26_v167_148_147_136_99_48_20_11_4_v151_147_120_38_19_v173_112_106_v156_140_136_118_95_74_v,175,train,159
vvvvvvvvvvvv3_v13_11_10_7_vvvv4_v5_vvvv18_vv20_2_v24_18_15_13_11_10_6_5_4_v22_2_vvv12_v18_vvv2_v5_v20_15_10_v24_19_v17_12_v13_3_v14_v28_v17_v20_18_16_vv22_v20_10_6_v42_41_38_35_34_30_24_23_22_20_19_18_15_14_13_5_4_3_2_v32_27_22_2_v19_v20_15_v4_v38_v52_39_v40_2_v13_10_8_v47_9_5_v31_v,57,train,52
vvvvv5_v4_v6_vvvv4_v3_v13_v7_v1_v16_vvvv13_v14_vv16_v17_15_10_v18_vvv28_24_15_v20_12_7_v21_11_8_v31_29_9_3_v25_vv10_8_v17_11_v19_6_v29_6_v25_v36_15_8_vv31_17_8_5_1_v29_5_v43_vvvv30_23_11_1_v20_17_10_v36_21_v22_v20_v28_8_7_v46_v30_v27_v27_26_20_9_v28_27_10_1_v36_v52_v32_5_v35_27_v53_v16_v62_58_v18_v47_35_v13_v68_55_37_20_19_13_8_v60_v48_v47_v63_v60_46_42_v69_56_39_28_12_9_2_v,75,train,184
vvvvvvvvvvvv5_vvvvv7_vv12_7_3_vvvvvvv4_vvvvvv14_vv29_v9_v14_13_9_v9_v19_vvv19_15_5_1_v23_vvvv13_vvv39_5_v8_7_v15_v18_vv47_35_vvvvv49_33_23_19_18_9_v1_vv62_61_60_59_58_57_56_54_53_51_49_47_46_44_43_41_38_37_34_32_31_30_28_25_23_17_15_14_10_9_8_7_6_5_4_3_1_v16_1_v2_v21_3_v46_37_16_v5_v43_40_31_6_v7_v59_8_v9_v10_v59_29_24_14_v12_v2_v54_50_43_30_17_16_v4_v59_v17_v30_v57_19_v20_v63_3_v22_v,85,val,39
vv1_vvvvv7_vvvvvvvv12_vv11_4_v5_2_1_vvv4_v9_vv9_v2_v23_vvvvvvvvv24_3_vv27_v21_vv20_vvvvvv5_v3_v26_v20_v10_vv51_v50_27_11_vv18_v47_v10_v18_v5_v32_v48_45_43_v25_vv18_v8_v45_v27_14_v23_v54_32_7_v41_1_v67_65_58_55_53_50_49_35_27_23_14_10_8_v43_vv69_66_60_40_31_29_6_v9_v41_v62_21_18_11_v39_36_25_15_v66_63_62_18_8_v34_v36_13_7_v67_45_v82_80_57_56_44_42_41_32_30_19_16_10_5_3_v13_v77_54_v67_v72_v17_v18_v19_v20_v21_1_v64_v65_v80_39_36_29_v67_47_19_1_v49_36_26_vv68_13_v92_69_v21_v95_71_69_36_28_4_3_v102_100_91_80_77_75_74_73_68_66_65_63_62_59_46_39_37_32_26_23_20_17_8_v73_26_18_5_v,105,train,148
vvvvvvvvvvv7_v6_vv13_2_v8_vv3_v14_vvvv13_7_3_v5_3_vvv4_v27_v24_10_v29_28_26_23_21_17_15_14_13_11_8_6_2_v12_v26_16_6_v25_v28_21_2_v19_v20_vv22_v17_9_v21_v36_22_6_3_v27_26_24_v13_v39_25_23_15_13_3_v44_15_v45_16_1_vv18_v46_38_35_33_24_12_2_v49_20_v32_v36_11_v34_v19_16_2_v,54,train,260
vvvvvvvvv3_vvv2_vv13_11_v5_v14_5_vv18_16_13_5_v18_2_v4_vvv21_7_1_v23_v7_v8_v8_vvvv30_25_12_v31_24_3_1_v30_14_vvv4_v18_v6_v23_16_vv22_v26_8_3_v26_24_7_vv44_v39_27_25_v45_vv47_42_37_30_18_v19_18_13_vv21_v21_v44_v24_v39_v24_v29_v42_v29_5_vv58_43_34_25_14_11_1_v45_v59_45_6_v33_v65_47_34_17_16_11_6_v67_49_v50_5_v9_v51_6_v52_41_39_v69_55_v71_70_51_50_38_34_33_31_29_v32_1_v63_41_33_v,76,train,110
vv1_vvvvvvvvvvvvvvvv17_v18_17_vvvv7_vvv25_10_vv12_vvvvv32_31_16_10_vvv34_3_vv23_10_vv35_26_25_19_16_2_v19_vvvv38_v39_1_vvvvvv51_44_33_31_30_25_24_16_9_4_v22_v28_7_2_v3_v54_37_23_4_v38_34_5_vvv48_v34_33_9_vv58_55_50_42_16_v56_1_vvv62_61_60_53_52_51_47_46_42_39_36_29_27_24_22_21_3_1_v1_vv18_vv35_v6_vv36_vv72_71_64_63_62_56_52_43_37_11_10_9_4_vvvv37_v30_v16_vvv33_v72_61_60_59_43_26_17_v72_21_v42_v77_76_59_43_v52_v40_31_vv89_54_vv95_94_69_68_60_40_39_v84_7_3_vv47_46_12_v48_v75_66_14_v71_v88_84_63_46_33_25_v100_78_76_52_12_v83_66_50_38_32_v79_78_54_19_14_vvv68_57_54_42_v43_24_v58_34_v25_9_v113_111_110_109_108_107_106_105_104_103_102_101_100_99_98_97_95_93_92_89_88_87_86_85_84_83_82_81_79_77_76_75_74_73_71_69_68_67_66_65_64_63_62_60_57_56_54_52_50_49_48_47_45_44_42_41_40_39_38_36_35_34_33_32_31_30_29_28_27_26_25_24_23_22_20_19_18_16_14_13_12_11_8_7_6_5_4_3_2_1_v64_56_49_v113_96_92_82_63_19_2_v115_114_97_83_80_64_60_59_13_1_v4_v5_1_v102_96_91_86_23_v119_118_101_93_92_84_64_63_17_5_1_v109_69_63_52_23_20_8_2_v1_v82_71_68_61_56_48_47_36_24_20_10_2_v11_v73_12_v125_124_107_98_90_74_70_69_23_11_10_v113_112_87_14_v126_110_109_102_95_76_32_12_8_2_v127_96_10_v17_v,131,val,71
vvvvvvvvvvv1_vvvvvvv18_11_vvvvvvvvv20_vv24_vv21_v12_v2_vvv26_16_vvv11_10_v18_v16_v4_v23_v14_vvvvvvv26_vv46_44_5_v51_29_1_v9_vvvv59_vv37_32_7_v57_21_1_v30_vvv58_54_43_34_31_v62_5_v58_31_vvv48_17_v45_9_v45_32_v73_31_v63_43_40_v74_72_34_33_v69_55_54_45_30_11_6_v16_vv44_27_vvv80_v64_30_v65_42_31_vv58_v7_v38_v71_vv81_8_v82_15_9_1_v10_v84_52_3_2_v58_20_vvvv47_v92_82_53_vv91_74_71_67_51_49_36_15_6_v59_47_v54_11_2_v31_11_3_v99_84_75_55_26_v2_v104_80_70_48_47_22_6_v81_71_69_49_23_7_v81_v46_v86_vv97_41_3_vv101_vvv68_66_17_vvv112_31_30_28_v117_66_v117_113_104_93_90_31_v98_97_87_17_16_v115_92_61_52_2_v71_24_v46_vv101_v56_vvv71_vvvv131_130_128_117_116_114_109_107_91_85_82_73_68_62_51_47_46_12_1_v87_39_1_vv106_88_83_v84_40_v126_69_67_38_5_vv126_115_v139_138_135_126_124_115_112_102_100_99_93_90_76_72_71_70_61_41_20_8_7_1_v80_15_1_v49_10_2_v84_75_3_v50_12_4_vv127_89_77_46_40_38_18_v147_103_101_100_95_89_12_vv38_v101_v150_149_137_136_135_126_110_95_81_57_20_19_18_11_9_7_v158_vv123_54_v145_v16_v60_vv147_76_v64_v134_29_v12_v147_119_118_116_111_80_50_28_27_18_16_v146_32_v160_147_137_66_45_33_28_25_v79_57_v153_152_117_80_46_14_v99_39_vv74_57_v146_v166_v128_38_37_v7_v174_116_107_105_98_v161_79_44_v82_v28_v3_v155_43_12_v49_v107_52_vv115_vv20_v189_142_140_127_107_85_84_v188_141_v175_22_14_vv95_94_51_28_v96_v149_135_30_v89_88_v172_91_v195_171_v171_150_121_v191_v199_148_v84_v151_150_61_53_vv187_181_171_160_151_141_133_119_100_84_68_67_56_49_v205_v205_161_158_109_88_67_35_v146_v178_138_108_75_67_65_26_v163_161_112_45_38_v24_v209_185_v136_81_29_v139_116_113_101_80_v171_81_73_56_v151_117_91_63_v192_v162_53_13_v223_219_218_217_216_215_213_212_211_210_209_208_203_202_201_199_196_194_192_177_176_173_172_170_169_168_167_164_161_157_156_153_148_147_138_134_132_131_130_127_126_125_122_120_115_114_112_104_99_97_90_86_84_83_78_76_75_74_71_66_63_62_61_60_59_58_57_56_55_54_53_51_50_49_48_42_39_28_26_25_24_16_10_9_8_6_5_4_3_1_v171_62_55_15_v107_84_56_1_v29_17_v129_114_94_v217_197_163_154_102_59_22_v136_v226_202_190_170_169_128_105_41_37_7_v58_v59_v229_205_195_173_172_167_147_131_125_124_24_3_v182_151_123_v184_v13_v186_131_v156_110_v11_v17_4_v221_v139_136_121_104_96_v71_v72_49_v195_181_v206_193_185_53_v241_v195_v180_146_29_v241_220_96_43_39_v148_124_v248_224_201_199_186_166_144_143_43_22_6_v209_v201_183_179_102_51_16_v240_153_142_115_59_56_32_9_v178_174_128_33_18_v178_155_152_137_119_105_102_88_60_48_34_2_v248_228_223_191_8_v4_v249_242_234_229_222_214_211_204_198_194_190_185_168_163_162_161_160_79_53_40_38_30_26_9_v159_38_v255_231_81_v106_100_v189_v164_v262_243_238_228_213_200_180_164_158_157_141_57_36_33_v246_245_191_44_v264_241_240_230_218_207_166_143_75_35_16_2_v61_46_v266_243_242_220_209_168_77_37_18_4_v267_210_41_5_v169_v269_212_187_27_v252_245_198_37_v258_256_233_222_218_202_192_164_163_123_75_v,277,train,340
vvv3_vvvvv4_vv3_vv12_7_v6_3_vv9_1_v11_vvvvvv8_v7_v8_v9_2_vvv10_8_v29_27_22_17_13_6_5_v28_24_23_v13_11_v12_8_v29_25_21_18_16_7_6_4_v26_18_1_v20_17_7_4_1_v16_7_4_v9_6_5_2_v26_21_11_4_v6_5_v35_24_17_vv9_v41_3_v11_v28_12_v13_v46_38_36_28_26_18_6_v34_26_15_v41_16_v44_36_28_21_20_v36_23_20_v52_47_23_v37_30_v,54,train,275
vvvvvvvvvv7_6_1_v6_v12_10_5_4_v12_3_v10_5_4_v2_v11_9_4_v17_1_v13_2_v14_7_v9_8_3_v18_12_5_v8_v23_v21_15_8_v12_v26_21_v13_v23_v23_v27_v13_vv33_28_17_16_v29_14_v31_29_21_4_vvv33_26_19_12_v27_22_v37_10_8_v36_25_23_vv43_38_31_26_v39_25_24_6_v42_41_36_32_31_3_v43_vv43_36_v16_v34_31_24_22_7_1_v47_26_22_20_v36_16_15_5_v47_43_32_29_24_23_22_21_13_8_4_v44_33_30_22_14_9_v15_1_v53_52_46_42_26_v57_52_45_21_15_7_5_v55_v59_54_40_39_v55_10_v56_33_11_v62_57_24_12_v63_v28_12_v62_51_v,66,train,513
vvvvvvvvvvvvvvvvvvv15_vv19_vvv10_vv12_vv8_7_vv16_vv18_2_vvv29_vvv20_vv22_vvvvvvv42_38_30_23_22_v46_vv33_10_v42_27_26_v22_v48_37_36_29_20_6_3_v48_19_v41_15_v42_26_16_vvv5_vv53_6_v54_7_1_v8_vvvv53_9_v61_34_vv61_49_46_44_31_30_22_11_v39_v2_v22_3_v43_31_v74_70_69_58_51_48_38_36_21_vv39_14_7_v76_57_50_8_vv59_52_10_v34_v24_7_v44_43_13_v79_75_69_60_59_21_v76_60_38_34_1_vvv83_81_80_72_71_70_66_64_54_48_45_41_38_35_29_27_26_3_1_v21_1_vv40_38_18_3_v22_v87_39_v80_v90_88_86_80_78_71_70_64_62_61_55_52_45_44_43_42_38_22_10_7_6_1_v47_1_v31_9_2_v51_47_3_v31_11_4_v48_25_v96_94_86_85_84_77_67_55_48_33_14_13_12_6_4_2_v27_vv9_vv46_v37_v79_v21_vv37_v52_44_6_v104_95_88_40_28_25_22_18_v96_26_v52_v101_100_73_53_vv94_v102_81_80_79_59_36_27_v68_v116_74_70_68_66_v106_48_34_vv100_33_4_v37_v111_10_5_v57_53_32_8_v58_v91_10_vv126_107_23_v89_37_vv117_113_106_98_81_54_42_32_v60_v132_98_96_66_v111_85_64_49_42_40_12_v99_98_68_19_vv135_116_vv72_69_54_v55_48_32_v70_43_v26_11_v146_144_143_142_141_139_138_137_136_135_134_133_131_130_129_128_126_124_122_113_112_108_107_106_105_104_103_101_100_98_97_96_94_93_89_86_85_84_83_82_81_74_72_70_68_66_65_63_62_61_60_59_57_56_52_50_49_48_46_45_44_43_42_41_40_39_37_36_35_32_31_30_29_27_26_25_23_20_19_18_17_14_9_8_7_5_4_3_2_1_v133_117_v139_124_101_97_63_29_18_v147_128_79_3_v148_129_122_102_80_72_70_16_1_v96_70_v6_v114_78_v6_v9_3_v89_74_v83_82_69_62_v135_114_87_v85_v131_52_v148_91_71_32_15_v16_v93_90_75_63_44_36_29_17_2_v158_155_145_140_136_131_128_121_120_118_116_114_112_102_100_99_98_96_95_85_52_43_32_20_19_15_13_5_v95_19_v161_143_142_131_108_95_73_45_33_10_8_v66_56_v166_147_140_128_120_98_90_88_34_19_18_v153_152_116_23_v168_150_149_142_132_100_20_2_v25_v170_152_151_134_102_22_4_v156_151_120_38_20_v104_91_38_36_v161_145_138_135_120_117_94_75_28_19_v,176,train,234
vvvvvvvv5_vvvv10_9_4_v4_v14_9_vv10_1_v12_vvv8_1_v6_vv6_v7_v14_v4_1_v18_14_5_1_v3_1_v29_28_19_15_12_6_5_v18_v6_v30_20_18_16_14_7_5_3_v29_21_16_14_1_v14_1_v19_2_v7_v23_19_10_4_v6_5_v12_v8_v9_v35_24_10_vv12_v16_v31_25_14_3_v3_v36_16_v22_v44_35_29_21_v35_v25_v41_v54_49_25_v13_v,56,train,27
vvvvvvvvv3_v7_2_vvvvv10_v1_v9_vvvvvv19_3_v2_vvv12_11_6_v13_v8_6_vvv32_v29_20_2_v13_v14_v3_v18_vv28_23_17_12_2_v7_vv40_39_17_16_v42_32_vvv42_25_v14_v40_37_26_25_22_15_vv28_11_2_vv3_v11_v48_45_vv56_55_51_29_28_24_15_13_11_7_4_v39_v25_vv54_v45_v27_v36_20_vv43_41_26_17_vv34_9_v48_v49_v50_2_v25_v52_30_v66_51_23_8_v54_51_44_v37_vv64_44_37_v74_v11_10_9_v56_29_25_v48_v49_42_40_5_v65_17_v70_46_42_25_23_21_9_v54_52_4_vv68_67_26_v64_49_v85_v82_69_67_63_57_55_51_48_35_34_33_22_21_16_7_6_v58_24_10_6_v50_v93_87_37_33_20_v52_v9_2_v63_v64_v24_v39_13_6_v88_81_80_77_73_67_56_54_36_22_13_11_10_v11_8_6_v102_70_46_v99_83_79_74_55_52_48_29_20_13_3_v71_46_v49_v64_29_24_v107_51_v75_50_17_v85_58_54_6_v49_v98_78_74_71_69_44_27_20_19_5_3_v79_21_v87_74_57_51_v85_68_43_27_24_v59_v40_26_6_v57_v91_35_28_v86_23_vv48_28_1_v89_v90_4_v51_31_29_19_3_v79_54_14_11_v68_49_42_35_15_v111_97_90_87_85_v120_93_86_66_v78_74_39_19_v82_57_2_v98_73_v106_99_89_85_76_71_48_19_v,133,train,170
vvvvvvvvvvvvvvvvvvvvv6_vv8_vvvvvv28_vv17_8_vv29_20_19_15_14_2_vvv30_v31_1_vvvvvv17_v43_vvv25_24_v44_41_36_30_10_v42_1_vvvvvv25_vvv26_v55_54_47_46_45_41_39_31_26_8_7_3_vvvv28_vvvvv53_v31_v27_v59_58_45_33_v58_51_50_49_37_25_v41_vv71_42_vv65_6_2_v35_6_vv59_8_v55_vv51_27_v62_61_12_vvvv18_v46_30_v18_v91_90_89_88_87_86_85_84_83_82_81_80_79_78_77_76_75_74_73_72_71_70_69_68_67_66_65_64_63_62_61_60_59_58_57_56_55_54_53_52_51_50_49_48_47_46_45_44_43_42_41_40_39_38_37_36_35_34_33_32_31_30_29_28_27_26_25_24_23_22_21_20_19_18_17_16_15_14_13_12_11_10_8_7_6_5_4_3_2_1_v91_1_v2_v3_1_v84_42_15_4_v5_v39_25_19_6_2_v7_v86_85_66_8_v18_9_v,101,train,152
vvvvvvvvv9_vvv2_vvvv11_vv17_14_13_8_7_4_3_v15_14_12_11_9_6_5_4_v1_vv3_vv10_6_5_v25_24_23_15_14_11_8_6_4_vv2_v26_25_9_3_v10_vv14_vv8_v28_18_11_9_4_vv10_9_v27_v38_29_v28_23_14_v26_1_v31_v24_23_17_13_11_10_7_3_v1_v34_30_26_25_13_5_2_v43_36_7_6_v7_v22_11_v6_v46_39_9_4_v,50,train,504
vvvvvvvv7_v2_v3_v4_vvv7_v8_vvvvv20_vvv5_v6_1_vvvvv4_vvvv27_vv16_vv5_v20_14_7_v32_vvv14_v32_30_vvv39_21_v40_vvvv6_1_vv25_24_11_v1_vv43_24_19_v44_25_20_v46_41_vvv55_28_10_v37_16_9_v25_vv28_vvv20_8_1_v31_v17_vvvvvvv8_v20_v53_24_18_v63_6_v52_38_8_v69_v65_60_45_v32_5_v78_vvvvv1_v69_43_31_24_23_14_v1_v29_v93_91_90_89_87_82_78_75_74_73_68_64_63_57_56_54_53_50_43_41_39_37_36_33_28_21_20_19_16_12_11_10_8_6_5_3_1_v8_6_v22_2_v3_v26_4_vv59_v12_v63_29_1_v5_v79_77_61_33_25_23_10_v103_99_72_71_61_56_54_46_44_29_26_18_11_6_v12_v56_v83_65_27_v82_v89_16_v98_82_67_v99_87_66_31_8_4_v19_v20_v21_v44_25_v69_26_25_v80_v90_25_11_v84_11_v70_v81_28_v39_vv31_1_v125_v125_121_94_78_51_47_28_22_18_v92_34_19_8_v,129,train,336
vvvv4_vv3_vvvv2_vv7_vv3_vv16_9_v7_6_3_v15_v11_1_v13_vvvvv22_7_vv7_v25_v19_v10_v28_v12_5_v24_vvv36_34_25_20_16_9_6_v35_29_28_26_11_v30_v16_9_v35_28_24_21_19_6_5_4_v29_21_1_v23_1_v20_7_4_v28_23_9_3_v5_4_v20_v40_27_20_v40_11_vv47_15_v11_v50_5_v13_v33_14_v17_v16_v56_44_42_35_33_21_8_v40_33_18_v56_v31_v49_21_v54_44_37_26_25_v44_v27_4_v62_7_v48_41_v67_60_31_v48_41_v,69,train,485
vvvvvvvvvv10_5_vv9_4_2_v1_v4_v10_v4_vv5_v6_v6_3_vv18_v12_vv17_13_12_vv19_14_10_7_2_v13_v15_v8_v21_5_vv21_v32_v23_vv25_v38_v25_v23_v29_v28_27_21_14_2_vv32_19_v20_v46_45_34_32_24_5_vv36_35_13_v40_36_35_28_25_24_14_vv39_v31_10_3_vv42_vv6_v41_32_v3_v46_8_v60_58_56_48_32_30_26_17_14_13_10_4_vv50_v51_v52_49_v55_36_29_v58_56_50_38_33_22_20_4_3_v67_57_21_v47_26_19_v4_v64_5_v68_61_59_v62_v34_32_5_v55_39_36_v37_v63_v36_31_v66_33_14_12_v74_44_41_5_v70_51_15_v39_v73_58_54_47_46_40_37_22_4_v48_45_9_8_4_v82_24_vv74_23_22_vvv75_43_42_v88_56_30_v42_9_v54_18_17_13_v81_32_v34_v93_35_v96_82_16_v97_87_36_9_4_v86_85_78_73_69_67_56_38_33_31_18_13_2_1_v87_53_v40_v34_v102_v91_44_v104_98_97_39_6_v93_v92_60_19_vv76_v95_63_v23_4_1_v5_2_v8_v26_7_4_3_2_v12_v69_61_v104_49_36_31_26_19_12_v108_81_72_52_v69_1_v107_53_v88_67_22_12_6_4_v110_98_36_23_5_v122_67_64_57_24_15_6_v77_56_22_v,124,train,11
vvvvvvvvvv10_5_vv10_3_2_v1_v4_vv11_v5_v5_vv7_v7_2_vv19_v13_v16_13_12_vv18_14_8_6_2_v12_v15_v24_vv9_v23_7_vv23_v31_v36_v26_2_v37_vv29_v42_vv30_v26_v34_v33_31_25_19_2_vv37_24_v32_v26_v22_v47_23_v36_v55_52_43_41_32_9_vv45_44_19_v45_44_36_33_20_v47_vv39_14_3_vv51_vv5_v49_41_v3_v55_9_v69_68_65_57_41_37_32_21_14_13_9_4_v20_4_v28_v2_v61_v62_v63_59_vv67_48_37_v69_68_61_50_43_29_23_5_4_v79_69_24_v58_33_22_v76_40_v5_v76_6_v66_46_30_v83_75_73_46_9_v76_36_32_16_2_v67_49_45_v46_v76_v44_35_v79_40_16_13_v87_56_54_50_5_v83_64_16_v47_v67_57_55_48_44_26_4_v58_54_9_8_4_v27_13_11_v97_29_vv82_14_v96_63_v90_28_27_v73_v99_63_vv92_51_50_v106_92_70_38_2_v66_54_21_20_16_v97_78_66_38_37_v105_72_29_v42_v111_43_v113_99_20_v114_104_43_11_5_v110_97_77_70_64_61_41_26_24_19_v86_57_v105_104_96_92_88_84_70_48_40_38_24_18_4_3_v88_65_59_v107_64_v51_v42_v122_v111_55_7_5_v124_117_116_47_7_v113_86_v112_71_v122_vv95_v116_75_v7_v117_25_v11_v79_71_v123_56_42_36_28_21_11_v118_106_77_29_13_v107_78_14_v98_87_61_v127_61_v106_78_23_11_7_5_v130_117_42_24_6_v142_78_75_65_25_14_7_v88_64_22_v,144,train,343
vvvvvvvvvv7_v2_v3_v4_vvv7_v8_vvvvvv21_vvv6_v7_1_vvvvvv5_vvvvv30_vvvv42_v19_vv24_vv11_v28_21_13_v40_27_8_vvvvv54_12_10_vv24_v44_42_vvv51_32_v52_v9_vvvv7_2_vvvv38_37_14_v1_vv29_19_v59_38_27_v60_39_28_v24_v63_58_vv17_1_vv28_27_16_v74_44_16_vv56_24_14_v37_v33_v33_vvv43_vvv40_31_12_1_v46_vv42_27_26_v43_v29_v60_vv25_vvvv104_81_6_v12_11_v77_v86_67_56_27_25_v32_v67_v82_39_29_v93_10_v80_56_13_v99_v95_89_67_v49_5_v108_vvvvv1_v99_61_42_31_30_17_v1_v36_v123_121_120_119_117_112_108_105_103_101_97_92_91_79_78_75_71_68_60_56_54_51_49_44_35_26_24_23_17_12_11_10_8_6_5_3_1_v8_6_v26_2_v3_v76_v32_5_vv78_v13_v85_67_29_v114_95_87_36_28_2_v6_v85_v111_108_82_41_28_26_13_v136_132_102_100_82_77_74_60_58_36_29_21_14_8_v15_v76_v115_86_30_v113_v102_88_v121_20_v132_114_89_v133_120_88_35_9_5_3_v23_v24_v121_52_46_28_v26_v116_65_2_v101_92_78_53_31_30_v86_4_v108_v124_31_14_v112_14_v53_v94_v106_35_v46_vv38_1_v115_6_v163_v163_159_129_104_63_55_35_27_23_v122_42_24_10_v,169,train,18
vvvv1_vvvvv8_vvvvvv15_14_10_5_2_v7_v16_12_7_2_v10_7_2_v6_v2_v11_2_v5_v22_v7_v16_v26_v26_15_12_11_v19_12_10_9_v20_v26_24_21_5_v24_2_vvvv6_1_v21_v31_v38_37_24_23_v11_7_v23_v18_v13_11_9_7_v34_25_13_v44_43_30_29_6_vv45_31_20_19_v46_45_32_26_1_v38_31_v40_v31_v22_6_v51_36_27_24_23_22_9_3_v,53,val,26
vvvvv2_vvvvvvv1_vvvvvvvvvv15_vvvvv7_vvvvvv26_v31_v32_30_vvv27_v14_vv3_vvvv34_20_vvv14_13_v21_v20_v4_v27_v11_vvvvv21_vv57_30_vv55_52_5_v59_33_1_vv10_vvvvvv68_66_21_v37_9_1_v32_vvv68_62_47_37_30_v72_6_v67_35_vv51_17_v48_8_v48_32_v83_31_v83_69_33_32_v71_46_39_v78_58_57_47_30_10_6_v16_vv44_27_vv38_v88_v68_30_v69_42_31_vv32_v62_v38_vv76_v89_8_v90_15_9_1_v10_v92_52_3_2_v58_21_vvvvv100_86_53_vv109_98_77_73_67_51_49_35_6_v59_46_v54_11_2_v30_11_3_v54_v109_88_78_56_v81_v114_84_71_48_47_22_7_v85_72_70_48_23_8_v45_v89_vv102_41_34_3_vvv108_vvv69_67_18_vv120_31_30_28_vv127_66_v127_121_109_96_89_32_v102_101_88_17_16_v123_91_61_52_2_v71_25_v47_vv104_v58_vvv71_vvvv141_139_137_121_120_119_112_110_92_86_82_73_69_63_48_47_12_1_v88_40_1_vv107_89_83_v131_68_67_38_4_v85_42_v130_117_v148_146_142_130_127_117_110_102_100_99_93_89_76_72_71_70_61_41_19_7_6_1_v79_14_1_v42_9_2_v83_74_3_v50_11_4_vv131_88_78_45_40_38_17_v156_103_101_100_94_88_11_vv145_138_vv38_v102_v161_159_143_141_140_130_112_96_83_59_21_20_19_13_11_9_v74_v171_v125_55_v152_vv151_75_v64_v133_28_v10_v23_v150_31_v68_v79_57_v157_155_116_80_45_v155_124_123_121_115_84_54_32_30_21_20_v101_39_v133_vv174_158_142_73_51_39_35_32_v173_v151_v130_39_37_v9_v185_117_108_107_100_v166_81_45_v84_v28_v158_44_12_v49_v197_179_163_108_90_52_vv199_181_v118_vv22_v202_200_144_142_128_108_86_85_v174_97_v198_167_165_143_116_81_74_37_21_8_v201_145_v183_26_16_vv99_98_55_27_v100_v153_138_29_v182_15_8_v94_93_v208_177_v200_v177_155_126_v212_151_v183_102_v14_v220_v156_155_67_62_vv219_v197_191_178_157_140_106_90_74_72_63_54_v220_167_164_115_93_v151_v184_145_114_80_73_71_31_v134_31_29_v170_168_119_47_v29_v225_194_v198_v144_88_36_v147_124_121_107_87_v178_88_81_56_v159_125_98_69_v202_v168_56_14_v241_236_235_234_233_231_229_227_225_224_223_222_215_213_212_211_207_204_202_185_184_181_180_178_176_175_174_171_168_164_163_161_157_155_146_141_140_139_138_135_134_133_130_128_122_121_120_111_106_104_97_93_91_90_86_84_83_82_79_72_69_68_67_66_65_64_63_62_61_60_59_58_57_56_54_48_45_32_30_29_28_18_12_10_9_6_5_4_3_1_v179_63_58_16_v91_59_1_vv34_19_v155_99_80_v77_46_17_v140_125_104_v235_210_173_164_112_65_v147_v246_216_201_180_179_139_115_51_46_10_v69_v244_46_v251_249_219_206_183_182_177_157_142_135_134_28_3_v72_v194_163_135_v196_v17_v198_142_v168_121_v20_3_v226_153_63_28_16_v237_v151_147_115_108_v201_169_35_v84_v231_5_v85_v87_60_v210_195_v221_208_200_66_v265_v189_v211_v196_162_37_v223_150_69_23_14_v266_239_116_54_50_v165_140_v276_274_244_218_216_202_182_160_159_53_28_8_v244_58_34_18_v95_74_v75_v220_202_199_121_65_23_v265_172_161_133_74_71_43_13_v197_193_146_44_25_v197_174_171_155_137_124_119_102_75_60_45_2_v274_264_197_188_159_88_43_v276_250_243_210_11_v275_265_256_250_241_233_222_216_212_209_205_187_182_181_179_173_96_66_51_49_38_33_11_v178_49_v283_252_98_v123_111_v9_v183_v88_42_v293_291_261_248_233_219_199_184_177_176_160_70_45_42_v269_268_211_56_v293_227_47_2_v75_58_v295_266_265_252_240_229_188_164_95_46_21_4_v296_230_204_30_v189_v191_173_76_72_v275_267_218_45_v283_280_253_242_237_222_215_212_206_184_183_143_90_v,306,train,189
vvvv3_vvvvvvv1_vvvv14_2_v3_v8_5_vv12_2_v13_v18_v21_v16_15_14_13_12_10_2_v17_7_v25_20_v18_v27_22_4_v20_5_v13_v28_v15_v9_6_v10_v18_5_v20_12_v29_19_12_v36_20_14_3_v38_36_33_18_2_vvv31_29_24_v38_28_27_26_24_20_19_11_8_5_2_v31_12_9_2_v38_37_27_8_6_v38_22_17_12_10_3_v38_v34_12_10_v25_vv16_1_v28_17_v29_18_v53_52_45_36_30_28_26_19_15_11_6_v20_3_v54_38_32_13_v32_20_12_v54_34_32_30_v41_2_v36_24_v50_26_v38_27_24_22_12_8_v,62,train,230
vvvvvvvvvvvvvvvvvvvv18_vv6_vvvvv8_7_v11_vvvvv16_vv31_29_4_v19_1_vvvv40_vv26_22_6_v41_15_1_vv27_vv42_39_32_24_23_v46_5_vv35_14_v43_28_27_vv48_39_38_30_23_6_3_v29_19_vv36_vvvv53_v54_1_vv41_vvvvv60_48_45_43_34_32_20_11_4_v40_30_v37_8_2_v20_3_v67_57_49_38_v53_46_45_31_17_5_v72_54_47_32_31_18_6_v28_v42_40_8_vv73_70_65_55_54_16_v60_59_52_6_5_v72_56_33_29_2_v42_12_v50_vvv80_79_78_71_70_68_64_62_54_49_46_38_35_32_28_25_24_5_1_v51_1_vv63_52_48_v49_21_v39_37_19_5_vv87_86_84_79_77_69_68_63_62_61_56_53_42_41_40_39_37_21_12_7_6_1_v44_1_v9_2_v48_44_3_v11_4_vv46_26_v95_66_64_63_59_53_11_vv96_95_88_87_86_78_70_57_48_17_16_15_9_7_5_v76_30_vv12_v36_vv49_v40_v24_vv96_78_77_75_71_53_35_23_22_14_12_v95_27_v105_96_89_42_33_28_23_21_v52_v102_101_76_53_34_v64_vv50_42_v85_31_30_v115_73_69_67_v107_52_36_vv121_89_87_75_67_50_49_v111_9_4_v109_103_v58_57_34_15_v59_v95_82_17_v87_6_v91_38_v116_111_104_99_91_86_78_72_58_52_43_42_32_29_v128_99_96_64_14_v108_81_62_48_41_39_v100_98_66_23_16_vvv83_69_66_52_v53_46_33_v70_38_v98_29_9_v140_139_138_137_136_135_134_133_132_131_130_129_128_127_126_124_122_120_118_111_110_108_107_105_104_103_102_100_97_93_92_91_89_88_86_83_81_80_79_77_76_75_74_72_68_67_66_65_63_61_58_57_55_54_50_48_47_46_43_40_39_38_37_36_35_34_33_32_31_30_29_27_26_25_24_21_19_17_15_14_13_11_8_7_6_5_4_3_2_1_v106_38_31_11_v55_32_1_v18_13_v137_122_98_94_65_34_v144_126_118_104_103_78_67_23_5_v145_127_120_105_104_99_91_79_74_73_16_1_v7_v8_1_v81_78_65_58_v123_115_108_28_v83_13_v84_72_v152_134_132_120_118_106_98_91_81_80_29_25_23_8_3_v96_v124_v145_89_70_29_16_6_v17_v105_91_88_82_74_61_59_48_33_28_18_2_v152_137_133_130_128_121_116_112_110_108_99_95_94_40_30_21_20_14_7_v93_20_v160_146_142_135_126_114_106_94_89_88_83_31_16_15_v149_148_110_22_v162_145_144_137_131_121_96_85_41_17_10_2_v24_v164_147_146_133_123_98_43_19_12_4_v165_124_21_5_v99_v154_148_116_v,170,train,89
vvvv1_vvvvvvvvv1_vvvvvvv19_14_vvvvv21_v22_vv8_vvvvv16_vv29_v32_11_1_vvvv28_25_v17_v2_v22_vv33_21_vv19_5_vvvvv48_v31_v46_8_v4_v38_32_vv54_v57_v42_36_26_18_14_13_4_vv27_26_14_v48_v36_vv40_30_14_8_vv48_11_v39_v49_v65_v72_v65_42_2_v70_8_v73_16_vvv36_vvv33_vvv7_vv44_v86_vv61_vv18_v50_32_1_v51_vv54_vv82_vv71_64_48_37_6_vv28_v93_46_v93_92_47_42_v63_v67_v65_11_5_vv107_103_80_75_56_10_v64_38_v73_30_vv88_39_v94_89_85_62_59_57_40_v107_31_v65_33_v34_1_vv67_19_5_v92_80_70_34_v77_44_v77_v7_v8_1_v10_7_v112_13_v113_14_1_v114_89_71_2_1_v16_vv107_86_23_9_v115_12_v29_v109_18_v134_133_130_72_68_62_34_26_24_20_10_v75_v95_91_63_40_vv24_v35_12_3_v99_70_v53_v126_v33_v5_vv51_v112_4_v38_v129_85_68_v132_130_112_88_80_48_42_5_4_v92_v22_v43_v153_134_121_46_v104_100_56_42_v29_v75_42_41_17_v44_v152_45_6_v145_v88_25_v149_37_36_35_v117_v118_v158_51_48_27_6_v160_82_v126_39_v19_v59_10_v124_67_v125_117_v121_54_17_v79_v60_v161_26_v163_145_135_103_81_75_70_51_50_v175_157_102_26_v133_105_91_v159_75_73_40_3_v91_82_25_v157_141_v141_109_81_79_78_76_43_6_1_v168_v28_v87_77_v154_92_83_46_39_36_13_v181_116_114_100_9_v150_61_v59_v152_2_v149_145_121_44_v151_99_86_16_10_v173_129_44_v139_95_v182_155_150_v177_148_142_134_123_115_97_93_67_62_59_33_32_25_12_10_v124_110_36_19_10_v95_v158_v200_184_66_58_28_vv107_98_96_90_v58_v163_25_6_v102_v6_v134_111_v98_49_v203_136_v168_124_v65_64_v133_91_v71_13_v149_v174_v174_170_162_154_143_105_25_20_v211_133_v215_214_193_152_v191_111_109_vv25_21_15_v222_193_150_88_2_v215_177_168_110_94_52_39_27_7_v140_42_41_v158_137_84_81_v222_160_v221_154_91_61_v132_94_v184_126_90_53_47_v230_96_v230_203_38_v231_212_91_18_7_v160_97_36_v122_v194_v93_89_v231_228_224_206_196_164_144_141_136_134_131_112_111_109_91_76_70_56_51_45_40_39_35_13_8_4_v165_41_v174_124_v216_193_184_176_172_141_106_91_86_47_39_9_8_v131_v177_127_v199_113_v203_149_140_47_vv156_138_v176_135_101_v57_52_v115_v217_96_v250_v192_v57_17_v239_v125_v206_174_140_134_133_123_99_17_14_v180_173_v257_244_243_109_18_v184_v256_248_220_194_65_v254_147_96_v200_78_66_v194_v236_156_v192_58_v94_66_v188_55_v199_v241_161_v197_v13_v212_81_v229_200_177_143_8_v129_v103_75_69_47_9_v247_54_v156_v248_27_v170_143_140_103_93_82_42_v259_172_160_v127_88_80_59_49_23_v247_241_189_186_181_179_156_80_58_35_v264_202_180_134_38_v243_219_169_149_82_62_28_v156_89_49_v173_114_3_v222_172_152_31_v215_192_152_v178_139_v221_171_50_22_12_9_v269_238_90_51_10_v291_171_162_143_52_25_11_v289_227_v292_276_274_270_256_238_224_221_210_196_192_186_182_179_174_160_149_148_147_117_108_83_69_54_48_38_35_13_5_v,295,train,301
vvvvvvvvvvv4_vvv10_7_v12_vvvvvvvvv10_v19_10_3_v23_11_5_v4_v21_10_v16_10_v11_1_v2_v3_1_v7_vv10_7_v29_7_vv11_v28_22_21_6_v39_38_37_32_29_28_24_23_14_vvvv25_15_14_4_vvv45_39_36_29_14_12_v48_43_v46_24_23_v10_7_v11_v50_24_v11_10_v39_v17_vv17_v53_4_2_vv50_45_39_31_15_11_1_v54_47_23_3_v47_36_33_13_v36_v47_24_v52_46_35_34_33_29_21_5_3_v26_19_vv42_v59_32_23_9_v49_v16_13_v69_61_37_20_v71_63_62_58_44_36_24_21_18_8_4_v59_45_37_28_25_9_5_v72_65_49_26_15_vv77_73_72_70_68_63_61_59_57_54_53_50_49_48_43_39_36_35_34_29_27_24_21_16_14_12_10_6_1_v,78,train,294
vvv2_vvvvv7_vvvv8_4_v9_vvv3_v9_v16_6_v2_v20_8_6_v7_v15_14_v15_v16_v17_v18_16_9_vv4_v21_20_v30_16_10_v5_v28_9_v7_v19_v11_v10_v23_v24_1_v13_v36_vv20_v17_v20_v15_8_7_vv17_v22_v41_40_v25_v2_v47_32_v52_v41_v29_v4_v46_43_10_v50_v47_v49_48_v39_v22_v39_v38_v59_50_38_31_24_19_6_v42_38_22_v,67,train,285
vvvvvvvvvv10_4_vvv3_vvv8_v11_v17_vv8_v10_v10_v10_vv21_v17_14_v25_v19_16_5_2_v12_v17_v6_vv23_v23_v29_v33_v32_23_2_v36_11_vvvv2_v43_vv32_vv10_vv29_vv38_34_22_vv16_v47_28_v29_v37_v57_56_44_41_32_7_vvv48_23_v49_48_35_24_v38_21_vv23_2_v3_v4_1_v46_28_v5_v9_v10_1_v52_45_2_1_v12_v61_11_v74_71_70_45_43_38_22_17_15_11_6_v55_53_38_v56_42_v33_vv20_vv32_v65_3_v56_v74_54_v76_75_66_56_51_31_28_5_4_v86_76_70_29_vvv48_27_25_13_v44_v54_16_v86_50_v45_v80_74_57_45_41_25_24_v93_85_57_12_v74_59_53_v52_47_v88_4_v87_v80_63_47_45_6_1_v51_44_13_v87_54_47_26_20_17_9_v97_68_66_60_7_v85_33_v86_1_v72_24_v97_77_23_v79_71_57_53_34_6_vv73_67_19_14_7_v108_37_vv64_53_v34_vv79_v111_80_v37_36_vv91_83_62_14_12_v115_79_v109_65_63_v120_87_49_v82_24_v93_81_48_47_v120_89_51_34_v53_v125_54_v129_116_22_v130_120_53_5_v94_56_21_v72_vv55_52_v129_128_121_115_98_82_80_66_65_63_54_44_36_33_25_22_11_4_v99_26_v75_v126_115_112_108_105_87_64_54_52_31_26_9_8_v77_v94_83_v106_81_60_v68_v127_57_v144_v121_104_81_80_79_72_56_8_6_v106_104_v101_v110_v149_65_11_v137_93_31_v114_35_v127_v116_v141_97_v36_31_29_5_1_v6_2_v120_6_v78_v40_9_5_4_3_v85_66_58_50_25_v150_104_94_74_52_46_28_v76_55_50_39_32_13_v143_101_50_40_18_v102_19_v128_90_v108_81_v29_5_v56_30_6_v169_85_31_7_v168_161_160_158_151_144_136_133_128_120_116_113_110_108_103_96_90_89_88_75_68_52_45_32_30_25_22_8_4_v,171,train,377
vvvvvvvvvvvv3_vvvv13_11_9_vv7_vvvv22_20_18_4_vv20_2_v21_1_v13_vvv1_v18_v19_v31_v29_8_vvv10_v26_19_15_v22_v27_v36_29_21_18_v29_v34_v27_vv31_10_v22_v25_23_22_7_v4_v45_32_27_24_16_2_v10_5_v27_v30_8_4_vv26_v51_49_47_44_43_38_33_32_31_30_29_28_27_26_23_9_8_5_3_v51_40_v2_vv51_2_v37_33_vv16_10_7_v39_v61_59_57_56_54_50_49_48_45_44_43_30_29_26_21_19_11_9_8_7_6_3_v1_v66_65_50_34_v,67,train,430
vvvv2_vvvvvv9_v5_3_1_v1_v9_v10_v5_vv13_4_v1_vv9_v6_vv19_vv17_14_13_v22_v10_9_5_v13_v15_12_6_3_v20_v20_v32_v29_4_v23_vv14_vv27_v38_vv30_v27_24_15_vv33_19_v20_v45_43_35_31_23_5_v28_12_v37_36_14_v44_12_v39_vv41_v4_2_vv55_54_51_44_28_26_23_12_9_8_6_2_vv8_v51_v12_v49_v50_v51_44_3_v16_v54_36_28_v57_55_45_38_34_21_19_5_4_v19_v66_57_21_v19_v64_20_3_vvv67_23_21_15_3_v26_4_vv51_v27_v71_67_66_vv38_33_v69_35_18_15_v71_53_17_v73_60_58_55_48_46_40_37_28_27_26_12_11_7_4_2_v83_76_28_25_9_vv2_v39_17_v76_26_25_v30_5_v65_62_55_7_v88_86_77_61_v76_45_44_vv11_10_8_v94_78_62_39_2_v41_20_17_13_6_v85_v93_68_v58_43_v99_44_v99_85_19_v100_91_5_v91_90_81_77_74_72_60_47_38_35_21_18_2_1_v56_v93_58_v23_v51_v106_v26_v98_v99_v106_62_39_v108_83_v112_49_11_v87_36_32_v100_69_v42_33_v102_71_v44_35_33_20_2_v103_25_v74_68_v110_54_40_37_27_20_8_v72_28_13_v69_41_v113_59_v23_4_v42_24_5_v126_63_25_6_v124_99_v83_62_v,130,train,207
vvvvv3_vvvvvv1_vvvvvvv11_vvvvvvv18_v24_v25_22_vv19_v11_v2_vvvv25_16_vv11_10_v17_v16_v4_v22_v14_vvvvvv46_25_vv43_41_4_v48_28_1_v8_vvvvvv56_53_19_v32_8_1_v29_vvv55_51_41_33_30_v59_6_v55_31_vv45_16_v43_8_v43_30_v70_29_v70_67_31_30_v60_42_39_v65_52_51_43_28_10_6_v16_vv41_26_vv75_v60_28_v61_39_29_vv55_v35_vv74_6_v75_12_7_1_v8_v77_47_3_2_v53_18_vvvv43_v85_48_vv94_84_69_66_61_47_45_32_6_v54_43_v50_11_2_v27_11_3_v92_78_70_51_v73_v97_75_65_44_43_20_6_v76_66_64_44_21_7_v41_v80_vv89_37_3_vv93_vv62_60_15_vv102_28_27_25_v107_59_v107_103_95_85_82_28_v90_89_79_14_13_v105_84_54_45_2_v64_21_v41_vv93_v51_vvv64_vvvv121_120_118_108_107_106_101_99_83_78_75_66_62_56_44_43_12_1_v80_36_1_vv97_81_76_v115_61_60_34_4_v78_38_v116_106_v128_127_124_116_114_106_103_93_91_90_85_82_69_65_64_63_55_37_19_7_6_1_v72_14_1_v45_9_2_v76_67_3_v46_11_4_vv118_81_71_42_37_35_17_v136_95_93_92_87_81_11_vv35_v93_v139_138_127_126_125_117_101_87_74_53_19_18_17_11_9_7_v148_vv114_50_v134_vv69_v58_v123_26_v10_v21_v135_29_v72_51_v63_v141_140_107_74_43_12_v140_114_113_111_106_78_51_30_28_19_18_v92_37_v152_141_131_65_47_35_31_28_vv153_v137_v119_36_34_v85_75_16_v9_v163_108_99_98_92_v151_75_43_v78_v28_v145_42_12_v47_v100_50_vv108_vv22_v180_177_133_131_118_100_80_79_v176_132_v164_23_13_vv90_89_50_24_v91_v140_126_26_v85_84_v162_89_v183_161_v178_v162_142_115_v187_139_v141_140_59_54_vv191_v176_171_161_142_125_95_82_66_64_55_48_v192_151_148_103_85_v136_v166_130_102_72_65_63_25_v153_151_106_40_v23_v196_174_v128_78_28_v130_110_107_96_77_v160_78_71_47_v142_111_88_61_v181_v151_48_12_v211_206_205_204_203_202_200_199_198_197_196_195_191_190_189_188_185_183_181_166_165_163_162_160_159_158_157_154_151_147_146_144_140_138_130_127_126_125_124_121_120_119_116_114_109_108_107_100_96_94_87_83_81_80_76_74_73_72_69_64_61_60_59_58_57_56_55_54_53_52_51_50_49_48_46_40_37_27_25_24_23_16_10_9_8_6_5_4_3_1_v161_55_50_14_v81_51_1_v28_16_v123_109_91_v204_186_153_144_99_54_v130_v213_191_179_160_159_122_102_40_36_7_v58_v59_v219_216_194_184_163_162_157_139_125_119_118_23_3_v172_143_118_v174_v13_v176_125_v148_107_v16_3_v208_v132_129_100_93_v71_v72_47_v184_170_v194_182_175_51_v227_v184_v170_139_28_v227_208_96_42_38_v141_120_v237_234_212_190_188_175_157_137_136_41_21_6_v189_172_169_98_47_14_v225_145_135_110_56_53_30_8_v167_164_123_31_16_v167_147_144_131_114_101_98_81_57_45_32_2_v233_215_209_179_7_v4_v234_221_216_209_201_192_186_182_179_175_160_155_154_153_152_77_75_51_38_36_28_24_8_v151_36_v240_218_77_v102_89_v155_v180_v250_247_225_215_201_188_170_156_150_149_136_54_34_31_v232_231_180_42_v249_196_36_2_v59_44_v251_230_229_219_208_198_160_140_74_35_17_4_v252_199_175_24_v161_v163_148_60_57_v238_232_187_35_v243_242_220_210_206_191_182_157_156_119_72_v,262,train,237
vvvvvv3_vvvvvvvv7_6_v4_v3_vv8_vvvv1_vv8_v5_vvvvvvvvv3_v32_29_v25_21_8_v12_v22_vv30_22_v41_38_32_17_14_8_v42_39_vv36_17_v38_37_v45_34_33_26_22_17_14_9_8_5_v39_6_3_v2_v49_v46_44_33_32_10_v26_10_9_vv44_v30_21_13_vv2_vv34_25_22_v22_17_8_v39_v60_40_18_15_9_1_v53_35_21_9_4_v61_44_41_v3_1_v46_2_v46_41_15_v58_57_17_5_v52_39_22_11_7_6_5_v59_19_v60_20_v69_52_49_7_6_3_v65_58_35_27_4_v23_v2_v61_31_30_3_v67_42_27_18_14_v39_31_v32_v74_56_53_49_40_38_24_v23_v35_20_v,82,train,519
vvv2_vv2_vvvvv2_vvvv6_vvv9_v12_vv2_v12_v21_17_16_2_vv16_vv15_v8_v28_v26_25_22_5_v22_vv31_24_vvvv28_v15_3_v9_v33_v34_20_v37_v38_v41_v36_12_vv46_18_15_vv44_vvvv6_vv9_6_1_vvv10_v40_v33_v35_v52_v5_v34_v58_44_v44_v66_35_v13_v60_56_53_51_39_35_33_v43_v2_v59_58_54_42_37_22_15_3_v26_v69_v68_54_34_v10_v75_71_38_v69_v10_vvv72_v81_40_26_9_1_v75_v38_2_v82_35_vv81_v59_3_v52_19_18_v64_v85_71_69_35_33_29_27_12_11_v69_63_v85_77_64_42_27_22_11_v86_77_65_v88_87_66_24_v75_67_24_v93_80_61_37_v90_86_v19_v96_93_92_74_73_68_67_50_46_45_32_29_12_7_5_4_v95_83_82_81_79_58_44_41_21_5_v76_v65_27_v87_22_9_v4_v104_63_v35_28_21_16_v79_74_58_v80_v87_18_v,111,val,31
vvvvvvv4_1_vvvvv7_v1_v8_vvvvvv16_3_v2_vvv12_11_6_v13_v8_6_vvv29_v26_20_2_v13_v14_v3_v18_vv28_23_17_12_2_v7_vv37_36_17_16_v39_32_vvv39_25_v14_v39_37_26_25_22_15_vv28_11_2_vv3_v11_vv52_51_47_28_27_23_14_12_10_6_3_v38_v24_vv14_v44_1_v26_v35_19_vv42_40_25_16_vv33_9_v47_v48_v49_2_v24_v51_29_v52_49_42_vv36_v16_v3_v64_44_37_v71_v12_11_10_v56_29_26_v48_v49_42_40_5_v65_18_v70_46_42_26_24_22_10_v54_52_4_v67_66_26_v63_48_v81_v80_68_66_62_56_54_50_47_35_34_33_22_21_17_6_5_v57_24_9_5_v49_18_v89_37_v51_v2_v62_v63_v37_v26_v87_80_79_76_72_66_55_53_36_21_13_11_10_v11_8_6_v98_69_46_v95_82_78_73_54_51_48_30_19_13_3_v70_46_v49_v63_28_23_v103_51_v74_50_17_v84_57_54_6_v50_49_v97_77_73_70_68_44_26_20_19_5_3_v78_21_v86_73_57_51_v84_67_43_27_24_v59_v39_26_6_v89_33_27_v84_22_v85_v86_2_v74_50_10_7_v64_44_37_31_11_v106_92_85_82_80_v114_88_81_62_v73_70_35_15_v92_68_v100_93_83_79_71_66_42_29_14_v,124,train,67
vvvvvvvvvvvv3_vvvv13_11_9_vv7_vvvv22_20_18_4_vv20_2_v21_1_v13_vvv1_v18_v19_v31_vv30_9_vv10_v26_19_15_v22_v27_v36_29_21_18_v29_v34_v27_vv31_10_v22_v25_23_22_7_v4_v45_32_27_24_15_2_v10_5_v27_v30_8_4_vv26_v51_49_47_44_43_38_33_32_31_30_29_28_27_26_23_9_8_5_3_v51_40_v2_vv51_2_v37_33_vv16_10_7_v39_v61_59_57_56_54_50_49_48_45_44_43_31_29_26_21_19_11_9_8_7_6_3_v1_v66_65_50_34_v,67,train,194
vvvvvvvvvvvv1_vvvvvv11_vvvvvvvvvv17_v9_vvv21_12_vvv2_v14_v13_v11_v5_v20_vvvv35_vv27_v23_vv42_39_6_v48_26_1_vvvvvvvv8_vvv53_48_38_32_30_v57_v52_vv42_15_v53_37_35_v66_63_28_27_v60_46_45_39_26_7_3_v60_25_13_v26_v39_22_v52_22_v53_33_23_vv23_v7_v25_2_vv67_7_v68_10_8_1_v9_v70_42_3_2_v49_16_vvvv38_v78_45_vv77_61_58_42_40_28_14_6_v50_37_v26_10_2_v90_85_84_70_64_60_47_45_24_v67_v90_37_5_v59_38_6_v5_v37_vv82_54_2_v49_26_24_8_vvv1_v57_55_15_v94_27_26_24_vv5_v101_96_88_80_78_28_v97_79_49_44_1_v57_20_vv86_v47_vvv57_vv111_109_107_97_96_95_92_90_76_69_65_58_54_51_43_40_39_9_1_v71_32_1_vv104_56_54_30_3_v91_73_v115_55_54_v105_97_v118_116_113_105_103_97_95_85_84_83_76_72_61_60_59_58_52_34_16_7_6_1_v64_12_1_v41_9_2_v68_63_3_v42_11_4_vv107_72_65_39_33_32_15_v126_86_84_83_10_v88_35_v33_v128_126_115_114_113_107_93_77_68_48_18_17_16_10_8_6_v103_44_vv13_v49_v111_22_vv119_24_v66_v55_vv66_v135_124_117_56_38_29_26_22_v128_127_95_68_38_v127_103_102_100_72_45_27_17_v84_vv124_v106_31_v147_94_89_87_83_v134_65_37_vv2_v130_37_8_v41_v94_v157_114_112_100_67_66_v156_113_v143_15_9_v75_74_39_15_v76_v120_17_v141_74_v161_140_v120_36_v117_116_45_40_v149_104_76_49_39_35_vv81_1_v172_v169_129_126_86_v145_110_85_58_51_49_17_v130_128_88_28_vv172_151_vv111_92_90_80_63_v138_64_57_43_v120_93_72_48_v158_v128_36_14_v187_182_181_180_179_177_175_174_173_172_171_170_166_165_164_163_161_160_158_145_144_140_139_137_136_134_133_130_128_125_124_122_120_119_113_109_108_107_106_103_102_101_98_96_92_91_89_82_78_77_71_69_67_66_62_60_59_58_55_51_50_49_48_47_46_45_44_43_42_41_40_38_37_36_35_32_30_23_22_21_20_16_10_9_8_6_5_4_3_1_v138_49_38_16_v24_17_v146_121_115_66_v178_162_130_125_81_41_v187_155_134_102_30_5_v145_v146_101_v8_v9_1_v176_v146_121_97_8_v108_106_95_80_73_v131_v164_151_39_v28_v153_v30_v141_114_21_v195_178_75_35_30_v116_96_v203_160_158_146_113_112_36_16_7_v168_153_v160_143_78_40_v194_121_90_44_24_10_v25_v142_123_121_106_94_81_78_63_48_41_26_2_v202_186_182_151_8_v206_202_186_173_161_156_153_150_148_135_130_129_128_127_60_44_31_29_23_8_v126_29_v209_188_173_142_93_62_19_v82_78_v152_v215_170_158_130_125_124_48_28_v199_198_153_34_v213_153_98_v36_v133_v202_198_157_52_51_31_v208_206_186_180_176_171_154_151_128_127_94_28_v,227,train,78
vvvvvvvvv8_3_vvv3_vvvv10_vv7_v9_v9_v9_vv19_v16_13_v23_v18_15_5_2_v11_v16_v6_vv22_v22_v27_v32_9_v32_22_2_vv37_vvv2_vvv8_vv27_vv12_vv37_33_22_v43_26_v27_v35_v52_48_41_38_30_7_vvv45_21_v46_45_33_22_v36_19_v20_1_v2_v3_1_vv44_27_v2_v9_v10_1_v50_43_2_1_v12_v58_11_v70_69_66_43_41_33_22_17_15_8_6_v53_51_36_v54_40_v32_vv20_vv32_v62_3_v54_v71_52_v73_72_64_54_49_31_28_5_4_v81_73_67_29_v44_25_24_11_v49_13_v79_45_v42_v74_69_52_42_40_22_21_v86_79_54_9_v69_54_v44_v82_4_v81_v75_58_46_42_6_1_v48_41_v81_51_44_23_17_14_9_v90_63_61_7_v80_30_v81_1_v67_21_v91_72_20_v74_66_52_50_31_6_v67_18_13_6_v103_33_vv60_49_v30_v72_v102_73_v32_31_v83_75_56_11_9_v105_71_v100_59_57_v113_76_43_v74_21_v85_74_42_41_v110_81_45_31_v47_v118_48_v118_107_19_v85_49_18_v120_112_48_6_v66_v48_45_v118_117_111_106_89_77_73_59_58_56_47_40_32_29_22_19_10_4_v90_23_v68_v116_106_103_99_96_78_57_47_45_27_23_8_6_v70_v87_76_v97_74_53_v61_v110_93_73_72_71_63_49_6_4_v95_93_v100_v134_55_8_v124_83_v102_30_v103_v127_86_v105_3_v65_v71_55_47_40_18_v133_90_80_v62_44_40_31_23_9_v127_87_40_32_13_v88_14_v112_76_v94_67_v22_5_v46_23_6_v150_71_24_7_v150_144_143_141_135_128_120_117_112_106_102_99_96_94_89_82_76_75_74_64_57_43_37_25_23_20_18_8_4_v,153,train,240
vvvvvvvv7_v2_v3_v4_vvv7_v8_vvvvv20_vvv5_v6_1_vvvvv4_vvvv27_vv16_vv5_v20_14_7_v32_vvv14_v32_30_vvv39_21_v40_vvvv6_1_vv25_24_11_v1_vv43_24_19_v44_25_20_v46_41_vvv55_28_10_v37_16_9_v25_vv28_vvv20_8_1_v31_v17_vvvvvvv8_v20_v53_24_18_v63_6_v52_38_8_v69_v65_60_45_v32_5_v78_vvvvv1_v69_43_31_24_23_14_v1_v29_v93_91_90_89_87_82_78_75_74_73_68_64_63_57_56_54_53_50_43_41_39_37_36_33_28_21_20_19_16_12_11_10_8_6_5_3_1_v8_6_v22_2_v3_v26_4_vv59_v12_v63_29_1_v5_v79_77_61_33_25_23_10_v103_99_72_71_61_56_54_46_44_29_26_18_11_6_v12_v56_v83_65_27_v82_v89_16_v98_82_67_v99_87_66_31_8_4_v19_v20_v21_v44_25_v69_26_25_v80_v90_25_11_v84_11_v70_v81_28_v39_vv31_1_v125_v125_121_94_78_51_47_28_22_18_v92_34_19_8_v,129,train,251
vvvvvvvv1_vvvvv13_7_vv12_4_2_v1_v4_v12_v18_v5_v14_12_v1_v16_7_v7_2_vv22_vv17_13_12_v18_13_7_5_1_v12_v14_v6_v20_v20_19_vv34_v22_vv32_v25_vv42_v36_v27_vv24_v40_v33_v32_31_24_19_3_vv36_23_v52_51_37_35_26_4_vv39_38_17_v43_39_38_30_28_27_18_vv42_v33_9_3_v44_v4_v56_v62_60_58_47_32_30_26_12_10_9_6_2_v40_26_v49_v50_v51_48_v54_36_v57_55_48_38_34_17_16_4_3_v69_56_17_v45_21_15_vvv67_33_v71_61_59_v62_v32_28_6_vv62_57_v42_38_1_v71_v33_29_9_vv68_17_15_v71_53_17_v77_64_62_46_42_38_v37_v75_60_57_50_38_25_4_vv26_v88_28_vv20_v78_28_27_v89_33_v78_43_42_v56_55_17_16_v42_10_v96_62_36_v84_v94_65_63_37_27_23_11_v39_v100_40_v103_86_19_v104_91_5_vv21_v101_99_72_70_66_61_60_42_29_24_11_v93_92_84_80_77_75_59_46_41_39_24_5_4_v94_64_57_v48_v73_29_19_17_v43_v113_v99_v94_v101_v117_108_50_9_v114_111_97_86_79_33_v102_67_25_v94_v104_69_v115_101_42_37_30_28_26_22_11_3_1_v102_43_4_2_v119_103_32_30_5_3_2_1_v111_73_66_54_37_34_20_v111_57_42_28_22_9_v109_86_81_31_v73_v114_61_v130_63_22_4_v121_79_62_19_v,132,train,458
vvvvvvvv7_v2_v3_v4_vvv7_v8_vvvvv20_vvv5_v6_1_vvvvv4_vvvv27_vv16_vv5_v20_14_7_v32_vvv14_v32_30_vvv39_21_v40_vvvv6_1_vv25_24_11_v1_vv43_24_19_v44_25_20_v46_41_vvv55_28_10_v37_16_9_v25_vv28_vvv20_8_1_v31_v17_vvvvvvv8_v20_v53_24_18_v63_6_v52_38_8_v69_v65_60_45_v32_5_v78_vvvvv1_v69_43_31_24_23_14_v1_v29_v93_91_90_89_87_82_78_75_74_73_68_64_63_57_56_54_53_50_43_41_39_37_36_33_28_21_20_19_16_12_11_10_8_6_5_3_1_v8_6_v22_2_v3_v26_4_vv59_v12_v63_29_1_v5_v79_77_61_33_25_23_10_v103_99_72_71_61_56_54_46_44_29_26_18_11_6_v12_v56_v83_65_27_v82_v89_16_v98_82_67_v99_87_66_31_8_4_v19_v20_v21_v44_25_v69_26_25_v80_v90_25_11_v84_11_v70_v81_28_v39_vv31_1_v125_v125_121_94_78_51_47_28_22_18_v92_34_19_8_v,129,train,149
vvvvvvvvvvvvvvv6_vv3_vvv1_vvvvv4_vvvvv14_v11_vv28_v9_2_v14_13_9_v9_v16_vvv19_15_5_1_v24_vvvv14_vvv39_5_v8_7_v30_15_v18_vv36_vvvvv49_33_23_19_18_9_v1_vv61_60_59_58_57_56_55_54_53_51_50_48_47_45_44_43_38_37_34_33_32_31_28_25_23_17_15_14_10_9_8_7_6_5_4_3_1_v16_1_v2_v21_3_v16_v45_v6_v44_41_32_7_v8_v60_9_v10_v11_v61_30_25_15_v13_v2_v55_51_45_31_18_17_v4_v17_v30_v57_19_v20_v21_v,83,train,481
vvvvvvvvv3_vvvvv9_6_3_v4_v10_7_vvv9_8_vv12_8_7_v21_8_v9_v15_8_vv26_22_12_1_v13_4_v14_7_v19_v28_v5_v23_v24_v32_24_20_14_4_v25_v10_v3_v24_v20_12_vv38_29_27_26_24_23_22_15_14_2_1_v42_16_15_11_4_v24_23_8_2_v39_36_30_v34_6_v33_25_v20_v41_34_19_13_v30_22_v39_35_v32_24_10_6_v33_25_v34_12_v27_5_v29_v40_18_v46_42_7_v44_v33_23_v33_v42_34_22_10_v4_v53_29_26_15_10_v,64,train,141
vvv1_vvvvvvv2_vv6_vv7_v15_14_7_5_2_vv14_v15_v7_vv6_vv8_v21_7_vv23_vv13_7_v29_26_14_v18_vv28_26_25_21_18_16_13_10_7_2_v1_v31_19_3_v30_v21_15_v26_22_v35_v39_24_16_v8_v39_38_24_v27_21_v25_19_17_14_9_5_2_v12_7_v36_v30_14_v44_4_v33_v40_v19_18_15_1_v48_8_v40_36_33_32_25_7_3_2_v50_10_v46_43_41_39_25_10_v,55,train,95
vvvvv1_vvv7_vvvv7_3_vvv10_v14_vv17_14_6_2_vvv13_v21_18_10_4_v13_10_2_v12_v9_1_v4_v4_v27_v7_v22_v19_v21_v21_v33_20_16_13_v27_14_12_10_vv1_v30_v31_9_vv26_23_1_v26_v42_26_25_v22_vv11_v19_v32_v48_32_31_6_v42_27_11_v50_33_19_17_v51_49_34_28_1_v41_v39_13_v50_43_33_24_v48_v53_v58_56_52_51_40_39_38_26_22_21_15_13_9_v1_v59_39_30_25_22_21_10_4_v,61,train,313
vvvvvvvvvv10_vvvvvvvvvvvvvv18_vvvvvv8_vvvvvvvvvvvvvvvvv18_v39_v43_25_8_vvv33_vvvvv36_v10_v14_v39_16_10_6_vv32_vvvv59_55_51_33_24_21_7_v10_vv12_vvv71_69_68_67_64_63_60_58_56_55_54_52_50_43_42_41_37_34_31_29_26_25_24_23_21_19_18_17_14_11_10_9_8_7_4_2_1_v19_1_v2_v3_vv32_18_11_v59_6_v77_73_55_41_39_38_30_23_7_3_v69_52_v9_v63_v66_11_v12_v28_v14_v15_vv61_7_v18_v80_63_v57_20_v21_v84_66_62_37_28_6_5_v93_89_82_72_71_70_69_68_61_59_58_56_55_51_45_39_38_35_26_19_16_13_10_v68_24_14_7_v,97,train,512
vvvvvv4_vvvvv2_vvvvv1_v12_v13_v5_v13_4_vv3_v22_18_v23_19_15_8_5_4_1_v15_vv1_v19_17_v7_v26_v15_vvv21_13_1_vv20_v3_v6_v23_15_1_v24_vv19_v20_vvv41_14_v42_40_25_24_15_vvv27_v46_v28_v36_23_vv45_1_v55_31_26_14_vv39_v40_v41_2_v16_v43_19_v44_41_v15_vv39_v62_52_v25_15_13_12_v67_63_21_v36_v57_55_52_41_36_30_23_22_16_vv51_48_41_30_15_14_10_5_v61_40_v59_39_v21_v69_61_58_55_52_45_33_32_20_12_6_5_4_v37_7_v31_v61_51_33_17_7_3_v78_75_54_47_7_v28_27_v78_63_60_v78_10_v14_7_v57_41_25_15_13_v39_8_v76_v89_65_v84_21_v79_78_10_3_v86_v45_22_vv82_74_14_1_v83_15_v45_v74_27_17_v96_v81_v56_40_15_v85_50_5_v51_6_v9_v70_v105_101_83_76_74_64_60_51_38_30_23_v,107,train,63
vvvvvvvvvvvvvvvvvvvv20_13_vvvvvvvv8_vvv1_v25_vvv30_vvv11_v17_vvv20_vvvv12_11_vvv46_6_v21_v32_29_vvvv23_10_vvv29_vv53_50_6_v58_32_1_v24_vv19_vvvvv69_vv44_41_36_10_v67_42_22_1_vv34_3_v4_v36_v44_vv71_66_54_40_38_v75_8_vvv58_22_v56_52_36_29_8_v51_35_v85_35_v36_v75_49_47_v81_65_64_50_36_10_6_vv19_v83_v93_65_11_v52_34_v92_50_v74_35_v79_75_69_49_48_46_36_vv49_33_vv66_vv11_vv57_21_8_v48_vv70_vvv99_15_v100_21_16_1_v17_vv94_77_25_7_vvvv59_vvv109_87_83_80_63_61_42_19_6_v71_56_v66_11_2_v37_3_v116_72_v123_119_118_102_88_83_70_68_35_vv129_74_36_v125_95_84_59_58_29_8_v96_85_81_60_30_9_vv54_vvv104_v117_73_v23_vv68_v93_57_44_v40_15_v84_82_21_vv102_v103_v104_2_v141_80_v141_136_126_110_108_36_v116_115_104_20_19_v138_110_72_63_2_v125_v110_104_97_vvv148_146_144_132_131_127_119_117_102_95_89_77_73_67_53_45_44_5_1_v97_31_1_v120_v121_v149_94_15_14_13_vv159_v161_143_v122_103_95_v96_43_vv147_79_78_42_11_v146_v161_159_156_146_144_130_128_117_116_115_108_102_86_82_81_80_71_44_18_13_12_1_v89_1_v52_15_2_v93_84_3_vvv88_48_39_v169_118_116_115_107_98_12_v51_21_8_v63_v149_148_v140_137_123_44_v173_171_158_157_156_142_127_105_92_55_26_25_24_12_10_4_vv136_56_vvv76_v65_v32_v171_144_140_134_128_125_105_102_75_61_60_44_43_36_15_14_vv22_v167_134_133_131_123_82_49_28_27_19_16_v70_v165_38_v82_v173_172_129_83_v110_vv77_56_v90_74_14_v142_37_36_23_v189_173_161_77_51_46_35_33_v195_124_115_114_107_v180_81_48_vv168_v51_vv204_150_148_129_108_79_78_v203_149_v188_15_8_v185_174_v91_90_44_21_v92_v157_137_23_vv109_v85_82_v193_179_176_170_164_158_124_119_80_57_39_30_v149_60_11_v32_v155_154_53_v220_180_126_109_70_49_34_4_v199_189_178_168_155_147_135_115_93_74_60_59_48_41_vv99_v220_169_166_105_79_61_28_v148_99_v187_142_104_73_60_58_22_v171_169_108_38_31_v135_vvv140_112_109_78_v79_66_42_v113_55_v166_45_13_v237_233_232_231_230_228_226_225_224_223_222_221_215_214_213_209_204_201_199_185_184_180_179_177_175_173_171_165_162_158_157_155_151_149_140_128_127_126_125_122_121_120_117_115_108_107_105_95_89_87_84_83_81_77_70_68_67_66_63_57_55_54_53_52_51_50_48_47_46_45_44_43_42_41_40_35_33_27_25_24_23_16_9_8_6_5_4_3_2_1_v178_48_47_15_v76_48_1_v28_17_v220_191_158_113_105_v37_v206_140_129_v232_206_166_157_94_53_v241_211_196_175_174_124_96_38_37_8_v242_212_201_176_175_167_146_125_117_116_23_1_v188_152_115_v156_v191_v192_124_v14_v158_73_64_v16_2_v66_v141_v115_v135_131_102_89_vv205_86_71_v203_183_v232_212_201_190_53_v51_v203_v48_v44_39_vv145_v264_234_231_210_208_189_168_154_139_138_57_49_45_23_7_v42_v162_v164_v230_217_v114_v258_153_141_114_60_59_37_13_v181_38_23_v183_155_152_133_121_102_95_85_64_53_39_2_v3_vv271_267_248_241_234_227_224_213_210_204_200_197_193_168_163_162_161_160_154_148_80_77_58_44_43_34_32_12_v159_43_v168_93_v186_v279_257_249_238_223_204_183_162_154_153_134_60_38_37_v280_213_39_1_v281_252_251_240_228_214_164_136_77_39_17_2_v282_215_186_25_v283_254_253_230_216_166_79_41_19_4_v188_22_v52_v267_266_202_53_v292_184_177_155_50_27_13_v290_74_v269_257_205_68_43_v195_v294_277_276_274_260_245_239_235_228_214_210_203_200_194_189_167_163_161_160_133_121_78_71_54_47_39_37_17_1_v,297,train,482
vvvv2_v1_v4_2_1_vvv2_vvvv2_v12_10_8_vv15_vvvvv12_3_v13_vv4_v14_12_v26_15_v27_26_24_20_17_11_10_8_7_5_3_1_v22_14_v18_6_3_vv16_5_v6_2_v24_15_12_v30_28_v20_9_6_v3_v33_31_v30_29_20_5_2_v13_8_7_v31_18_13_v14_v20_16_11_v43_16_v44_17_1_v39_vv41_20_8_v30_2_v49_22_v46_44_36_22_v39_30_25_19_18_13_12_3_v45_36_25_v,53,train,114
vvvvvvvvvvv8_v11_vvv8_v5_v14_vvvvv6_v6_vv20_vv27_v27_21_v24_v25_vv25_v27_v34_33_32_27_26_22_21_20_17_14_11_7_vvv32_v33_19_vv18_v37_3_v18_4_v5_v8_5_v35_7_v45_39_34_v27_13_v6_vvv35_14_13_v18_v53_37_19_3_2_v49_13_v55_21_2_v41_28_24_10_3_v51_48_39_36_24_22_21_18_13_8_4_v42_32_v25_v60_26_v60_54_5_v31_24_v56_7_v57_32_8_v64_58_9_v59_54_48_45_32_10_v,67,train,358
vvvvvvvv5_vvvv10_9_4_v4_v14_9_vv10_1_v12_vvv8_1_v6_vv6_v7_v14_v4_1_v18_14_5_1_v3_1_v29_28_19_15_12_6_5_v18_v6_v30_20_18_16_14_7_5_3_v29_21_16_14_1_v14_1_v19_2_v7_v23_19_10_4_v6_5_v12_v8_v9_v35_24_10_vv12_v16_v31_25_14_3_v3_v36_16_v22_v44_35_29_21_v35_v25_v41_v54_49_25_v13_v,56,train,284
vvvvvvv1_v5_v9_4_v1_v1_v3_vv8_6_v1_v10_5_v5_2_v16_v8_4_2_v8_v3_vv8_v14_vv20_v14_12_v18_vv24_v19_v17_13_v18_v28_v27_v26_v25_4_v38_37_28_26_20_2_v28_27_15_v36_v41_39_31_20_3_v26_18_v34_5_v44_35_6_vv38_v42_19_vv38_35_v26_21_1_v43_v16_14_7_vv39_v48_41_39_29_25_21_v14_v12_v43_31_v55_19_v45_36_6_vv50_24_v35_34_13_12_v59_42_40_22_17_16_8_v65_53_v11_v62_60_45_43_38_34_33_18_4_v58_30_v44_16_12_10_v62_v58_57_v72_64_v71_67_59_52_47_18_12_v62_36_15_v63_37_v70_62_25_21_19_17_13_12_7_2_1_v63_26_3_2_v74_64_21_19_4_3_2_1_v41_v51_47_17_v43_37_v,82,train,158
vvvvv2_vvvvvv1_vvvvvvv11_vvvvvvvvvv21_v26_v27_25_vvv23_v13_v2_vvvv29_18_v9_vvv14_13_v21_v43_5_v20_v5_v27_v17_vvvvv26_13_vv15_11_vv55_32_vv53_51_7_v59_35_1_v21_v12_v23_vvvvvvv68_66_25_v42_11_1_v38_vvv68_64_52_42_39_v72_6_v68_40_vv56_19_v53_27_8_vv54_37_v84_36_v84_81_38_37_v74_52_49_v79_64_63_53_35_11_7_v17_vv51_30_vvv91_52_v73_33_v76_74_50_47_34_vv67_v40_v79_vv90_7_v91_14_8_1_v9_v93_56_3_2_v63_20_vvvvvv51_v103_92_59_vv111_102_84_80_75_55_53_37_6_v65_48_v58_13_2_v31_13_3_vv111_95_85_62_60_v66_v89_v117_92_79_51_50_25_8_v93_80_77_51_26_9_v48_v97_vv109_73_70_43_3_vvv114_vv73_71_18_vv123_33_32_30_v95_v96_v130_69_v130_126_116_104_101_35_v110_109_96_17_16_v128_103_64_54_2_v74_26_v49_vv112_v105_60_vvv74_vvvv112_107_v145_144_142_130_129_127_121_119_100_92_86_77_73_66_52_51_13_2_v94_42_1_vv154_v118_96_88_v140_72_71_41_5_v90_45_v139_127_v153_152_149_139_137_127_124_111_109_108_100_94_81_76_75_74_65_44_21_8_7_1_v84_16_1_v52_10_2_v88_78_3_v53_12_4_vv140_93_82_48_42_40_19_v161_110_108_107_99_93_11_vvv140_136_131_114_105_89_71_65_46_v107_v165_164_151_150_149_139_120_100_86_61_22_20_19_12_10_8_v174_vv134_57_v160_vv159_80_v66_v145_28_v10_v22_v69_v159_32_v83_58_v165_164_120_84_46_12_v164_130_129_127_119_89_56_31_29_20_19_v104_40_v171_149_145_136_129_126_109_105_83_72_70_55_54_38_23_20_vv180_166_155_75_52_39_34_31_v180_v160_v136_38_36_v9_v189_121_111_110_103_v175_83_45_v86_v28_v167_43_12_v49_v111_53_vv120_vv21_v205_203_149_147_131_111_86_85_v202_148_v188_23_13_vv98_97_51_24_v99_v156_139_26_v91_90_v184_95_v209_183_v193_183_178_173_164_157_127_125_89_62_47_28_v205_v213_152_v139_50_v32_v156_155_62_57_v222_184_168_129_117_72_54_34_6_vv220_v203_197_184_158_140_104_88_70_68_59_51_v221_170_167_114_91_v152_109_v191_145_113_77_69_67_28_v172_170_117_43_v26_v225_199_v142_84_31_v145_121_118_104_82_v181_83_75_52_v158_122_94_64_v206_v167_51_12_v240_235_234_233_232_231_229_228_227_226_225_224_218_217_216_214_211_208_206_188_187_182_181_179_177_175_173_170_167_163_162_160_155_153_144_141_139_138_137_132_131_130_127_125_118_117_116_108_102_100_93_89_86_85_80_78_77_76_73_67_64_63_62_61_60_59_58_57_56_55_54_53_52_51_49_43_40_30_28_27_26_17_10_9_8_6_5_4_3_1_v180_58_53_14_vv86_55_2_v32_17_v135_119_98_v234_212_170_160_106_58_v144_v243_218_202_177_176_134_109_44_40_8_v160_7_v63_v248_246_221_208_180_179_174_154_137_129_128_24_3_v65_v193_159_129_v83_33_v199_162_113_84_65_v16_v198_v199_139_v19_3_v70_v239_v147_143_109_101_v77_v210_94_74_v79_55_v208_191_v221_206_196_59_v261_v169_98_v209_v192_156_34_v262_239_106_49_44_v142_v103_v160_134_v273_271_246_217_215_199_179_154_153_49_28_9_v28_v189_185_136_38_23_v263_165_153_124_68_65_39_12_v190_166_163_147_127_113_92_68_53_40_7_1_v270_248_242_203_9_v3_v271_263_255_249_240_231_216_210_206_203_198_181_174_173_172_171_86_60_46_44_35_30_8_v170_44_v277_251_88_v113_102_v174_v269_224_203_v286_284_259_246_228_212_192_175_167_166_150_62_41_38_v183_100_v268_267_204_51_v287_221_44_3_v68_53_v289_265_264_251_236_223_180_155_86_43_18_5_v290_224_198_28_v181_v183_165_69_66_v296_80_v275_267_212_41_v282_279_252_243_239_232_216_206_180_176_175_133_85_v,301,train,224
vvvvvvvvv6_v7_5_1_vv10_vv4_vv7_6_v4_v6_v13_v18_8_vv16_v17_v20_19_3_v4_1_v14_10_8_vv22_13_vv24_v30_v24_5_v26_5_v2_v23_v26_v10_5_v28_v39_22_10_v12_v13_v32_v42_vv17_v35_v1_v36_vv22_20_v49_39_v50_40_32_17_1_v48_47_21_20_14_4_v51_44_v55_v24_12_v29_v57_46_12_5_v54_49_v48_v51_35_23_v,62,train,393
vvvvvvvvvvv6_vvv14_8_vvv15_4_3_v1_vvv7_vvvvv20_v10_vv18_vv13_v17_vv16_v14_vvv31_v23_v27_23_22_v39_v29_24_7_2_v17_v23_vvv9_v25_v35_v35_33_v45_v51_v49_36_29_2_v52_13_vvv35_vvvv44_5_vv63_vvv13_vv59_37_v58_v53_v50_45_28_v19_vv66_57_34_v35_v49_v55_vv79_76_62_58_41_9_vvv65_64_29_v65_62_43_30_v67_47_24_v25_1_v2_v3_1_vv69_61_53_27_v73_58_35_v61_v4_v11_v5_v68_55_2_v14_3_1_v15_v79_68_20_7_v81_15_v100_99_93_83_57_53_48_27_21_19_12_8_v59_v71_68_49_vv95_73_54_v41_vv26_v91_v92_41_v93_84_3_v70_v98_68_53_v100_99_86_70_63_39_34_5_4_v16_v115_101_36_v56_32_31_12_v106_v65_16_v113_58_v8_v54_v112_10_v114_99_92_70_55_51_30_27_v122_110_107_70_13_v111_2_v92_73_63_v57_vv111_100_v121_99_77_58_55_7_1_v120_v62_53_v116_108_66_58_29_23_20_12_v128_83_81_71_8_v37_v109_41_v110_1_v88_28_v125_95_27_v97_87_81_69_65_40_7_v88_78_23_15_7_v120_v142_43_vv136_77_63_v38_vv95_v143_96_v133_41_40_v93_60_v107_v110_100_73_15_13_v148_93_vv135_77_75_v156_135_105_57_2_v97_28_27_v142_113_95_54_53_v154_107_58_41_v61_v161_62_v163_142_24_v164_150_59_12_5_v112_63_24_v84_v60_57_v162_160_159_144_137_115_96_93_75_72_71_59_50_39_35_27_23_10_3_v116_28_v137_125_86_42_v154_153_136_131_127_122_100_71_59_56_32_27_8_7_v142_74_v128_89_45_v157_109_95_v124_93_66_v76_v62_v178_v168_v82_v164_144_121_96_95_94_82_65_11_8_v126_121_v183_173_172_71_12_v167_130_v137_v165_107_v134_39_v130_37_v141_v169_111_v138_v9_v160_92_23_v164_141_96_7_v87_v174_93_49_39_v106_v175_20_v97_76_66_58_31_v185_121_110_v184_86_62_57_44_37_18_v193_171_169_157_118_101_74_57_45_21_9_v144_128_91_v159_120_103_76_23_11_v152_103_v189_126_93_v159_118_36_18_9_6_v192_169_64_37_7_v209_118_111_97_38_21_8_v198_131_95_33_v,211,train,85
vvvvvvvvvv1_vvvvvvv11_vvvvvvvvvv21_vv25_vv22_v13_v2_vvv27_17_vvv11_10_v18_v16_v4_v24_v14_vvvvvv25_vv46_44_4_v51_28_1_v8_vvvvvv56_19_v37_32_8_1_v29_vvv58_54_42_33_30_v62_6_v58_30_vv46_16_v43_8_v43_30_v72_29_v72_70_31_30_v63_42_39_v68_53_52_43_28_10_6_v16_vv42_26_vvv79_v63_29_v64_40_30_vv56_v7_v37_v70_v79_7_v80_14_8_1_v9_v82_49_3_2_v55_20_vvvv45_v90_80_50_vv89_71_68_64_49_47_34_14_6_v81_56_45_v52_11_2_v29_11_3_v97_81_72_53_25_v75_v102_77_67_46_45_21_6_v78_68_66_46_22_7_v5_v44_v83_vv95_40_3_vv99_vv65_63_16_vv108_29_28_26_v113_62_v113_109_99_88_85_29_v93_92_82_15_14_v111_87_57_48_2_v67_22_v43_vv96_v54_vvv67_vvvv127_126_124_112_111_109_104_102_86_81_78_69_65_59_48_45_44_12_1_v83_37_1_vv101_84_79_v80_38_v122_65_64_36_5_vv122_110_v135_134_131_121_119_110_107_97_95_94_89_86_73_69_68_67_58_39_20_8_7_1_v76_15_1_v47_10_2_v80_71_3_v48_12_4_vv122_85_75_44_38_36_18_v143_99_97_96_91_85_12_vv36_v97_v146_145_132_131_130_121_105_91_78_55_20_19_18_11_9_7_v154_vv118_52_v141_vv141_71_v60_v127_27_v10_v21_v139_30_v74_52_v65_v146_145_111_76_44_12_v145_118_117_115_110_80_52_31_30_19_18_v96_38_v70_54_vv161_147_137_69_50_38_33_30_v161_v142_v124_38_37_v9_v170_112_103_102_95_v156_77_44_v80_v28_v149_42_12_v48_v103_51_vv112_vv22_v184_137_135_122_103_82_81_v183_136_v169_23_13_vv92_91_50_24_v93_v144_130_26_v86_85_v166_91_v190_165_v185_v166_146_118_v194_143_v145_144_59_54_vv198_v181_175_165_146_129_97_83_67_66_55_48_v199_155_152_105_86_65_35_v140_v171_134_104_73_65_63_25_v157_155_108_40_38_v23_v203_178_v131_79_28_v134_112_109_97_78_v164_79_71_47_v146_113_89_61_v185_v155_48_12_v217_213_212_211_210_209_207_206_205_204_203_202_196_195_194_192_189_187_185_170_169_167_166_164_163_162_161_158_155_151_150_148_144_142_133_129_128_127_126_123_122_121_118_116_111_110_108_101_97_95_88_84_82_81_76_74_73_72_69_64_61_60_59_58_57_56_55_54_53_52_51_50_49_48_46_40_37_27_25_24_23_16_10_9_8_6_5_4_3_1_v165_55_50_14_v82_51_1_v28_16_v125_110_92_v211_190_157_148_100_54_v132_v220_195_183_164_163_124_103_40_36_7_v58_v59_v223_198_188_167_166_161_142_127_121_120_23_3_v176_146_119_v178_v13_v180_127_v151_108_v16_3_v213_v134_131_101_93_v71_v72_47_v188_174_v198_186_179_51_v234_v188_v174_141_28_v234_212_96_42_38_v143_121_v241_216_194_192_179_160_139_138_41_21_6_v193_176_173_98_47_14_v232_147_136_111_56_53_30_8_v171_167_124_31_16_v171_149_146_132_115_101_98_81_57_45_32_2_v240_219_214_183_7_v4_v241_234_225_220_213_205_196_190_186_183_179_162_157_156_155_154_75_51_38_36_28_24_8_v153_36_v247_222_77_v102_89_v157_v184_v254_234_229_219_205_192_173_158_152_151_137_54_34_31_v237_236_184_42_v256_232_231_221_210_200_160_139_72_33_15_2_v59_44_v258_234_233_212_202_162_74_35_17_4_v259_203_39_5_v260_204_179_25_v242_235_190_34_v249_247_223_213_209_194_184_157_156_118_71_v,267,train,48
vvvvvvvvvvvvvvvvvvv19_15_vvv19_4_vvvv4_vvv10_vvv28_v15_vvv12_vv14_vv11_vvv9_vv6_v4_v24_23_v2_vv27_26_11_10_3_vv20_11_vv25_v14_10_v37_vv28_vv30_v20_vv22_vvvvvvv65_vv43_40_28_20_4_v45_13_v73_27_v73_72_29_28_v63_40_39_v70_50_49_41_26_4_v37_v61_55_50_35_34_32_19_vv37_9_2_vvv63_42_9_v75_v76_1_vvv7_v80_43_5_4_vvvvvv96_44_v13_v89_45_vv51_35_vv95_94_74_66_43_v27_13_v99_61_vv63_v75_vv90_55_46_v91_87_58_36_2_v111_92_v68_40_33_v54_53_v75_v76_v109_103_91_80_79_28_v8_v105_81_42_2_v80_44_v81_75_63_v105_77_40_9_v53_vvvv115_17_v120_118_117_100_99_97_92_91_74_67_62_54_50_42_41_9_2_v30_1_vv111_v112_55_54_28_4_v108_v126_124_120_108_105_97_96_84_82_80_73_68_60_58_57_56_53_30_15_6_5_1_v63_1_v42_8_2_vv61_4_v40_11_5_v108_70_64_37_32_29_17_v133_131_115_113_112_104_87_72_63_42_15_13_12_7_5_2_v122_87_32_v100_40_vvv62_vv20_v130_107_103_96_88_85_76_73_61_53_52_34_33_28_12_9_vv17_v51_v77_28_v70_55_8_v124_27_v67_v131_129_91_68_vv130_100_99_98_75_45_v63_38_v147_130_123_57_42_33_29_27_vv155_86_85_vv128_33_12_v38_v91_v142_11_5_v68_35_10_vv112_12_v132_126_119_111_93_23_v24_13_v108_40_v135_119_95_87_54_38_26_3_v137_100_72_48_42_40_10_v176_147_35_v177_158_v119_118_20_vvv78_54_v55_49_31_v83_43_v26_v184_181_180_179_178_176_175_172_171_170_168_165_160_158_157_155_151_150_149_134_132_127_126_125_123_121_120_118_117_115_114_112_110_108_105_102_100_99_97_94_93_86_85_84_81_79_77_72_69_67_62_60_57_56_53_51_50_48_46_45_43_42_41_40_39_38_36_35_34_33_31_30_29_28_27_23_22_18_17_16_15_12_10_7_6_5_4_3_2_1_v162_146_139_132_130_114_90_77_75_45_25_10_9_v182_2_vv81_v135_112_42_v6_v7_1_v45_v94_92_67_61_v195_184_183_86_9_v144_60_48_v76_38_vv4_v100_v13_v81_43_5_v186_74_33_18_v126_19_14_v102_78_66_47_37_20_2_v95_65_45_29_11_v199_194_175_171_164_156_150_142_141_139_137_134_132_122_116_115_114_113_109_102_54_45_34_24_23_20_18_7_v23_v191_146_134_100_21_v123_62_v132_90_2_v185_184_135_27_v28_v28_8_v54_29_9_v216_134_127_107_30_18_10_v198_194_193_170_157_143_121_110_109_87_78_31_11_v,218,train,51
vvvvvvvvvvvvvvvvvvvv8_vvv8_vvvvv11_vv27_25_4_v14_1_vvvvv15_v33_30_21_17_15_v37_vvv25_10_v6_v36_23_21_vv41_30_29_25_20_8_4_vvvv43_v44_1_vvvvv25_v51_30_vv51_38_29_27_20_11_6_v46_35_25_v17_2_v57_45_41_32_v61_4_v5_v27_v36_34_7_v62_59_52_46_44_15_v60_45_30_24_1_v34_9_vvvv68_67_66_57_56_55_53_52_46_41_38_35_31_27_25_23_22_5_1_v43_17_1_vv32_30_15_3_v64_v73_72_70_63_61_57_55_53_52_51_46_43_36_34_33_32_31_17_10_5_4_1_v39_1_v24_7_2_v43_37_3_v25_9_4_v38_21_v79_78_69_68_67_63_57_47_38_27_12_11_10_6_4_2_v23_vv9_v28_vv41_v32_v19_v78_77_58_41_24_vv77_22_v88_78_73_35_28_23_20_18_v45_v81_69_68_66_49_32_v54_vv80_v53_45_12_v98_65_59_57_v88_44_31_vv85_30_7_v34_v93_15_5_v50_49_31_11_v51_v82_13_v107_91_v78_35_v97_68_50_29_v70_54_42_37_35_8_v86_84_57_18_vv113_97_vv61_59_47_v93_48_43_33_v81_62_52_38_v25_9_v123_122_121_120_119_118_117_116_115_114_113_112_109_108_107_106_105_104_103_98_97_95_94_92_91_90_89_88_87_85_84_82_79_78_77_75_74_73_72_71_70_69_66_64_61_60_59_58_57_56_53_52_50_49_47_45_44_43_41_40_39_38_37_36_35_34_33_32_31_30_29_27_26_25_24_21_19_16_15_14_13_11_9_8_7_5_4_3_2_1_v117_104_87_81_57_27_v124_67_2_v3_v4_1_v114_v70_68_57_52_v90_71_9_v72_63_v121_74_58_22_9_v10_v76_74_62_52_37_26_21_11_2_v128_115_110_101_99_97_94_91_85_82_81_80_79_34_33_23_14_13_10_4_v78_13_v133_117_35_v55_51_v124_123_94_16_v17_v125_122_96_v,142,train,252
vvvvvvvvvvv1_vvvvvvvv19_13_vvvvvvv7_vvv23_vvv28_vvv10_v16_vvv29_19_vvvv12_11_vv42_5_v19_v29_27_vvvv22_10_vvv27_v49_46_5_vv54_30_2_v23_vv19_vvvv64_vv41_38_34_9_v63_39_21_1_vv32_3_v4_v34_v42_vv67_62_51_38_36_v71_8_v66_vv55_21_v53_50_35_28_8_v49_34_v80_34_v35_v71_47_45_v77_62_61_48_35_10_6_v18_v78_v87_61_10_v49_33_vv87_49_v71_34_v75_72_66_48_47_45_35_vv48_v63_vv11_v54_19_6_v45_vvvv68_v93_13_v94_20_14_1_v15_vv97_75_61_4_3_v74_6_vvvv58_vvv104_84_80_77_60_59_41_19_6_v63_11_1_v70_56_v36_11_3_v111_70_vv122_71_35_v116_115_100_87_70_67_37_v120_92_81_58_57_29_8_v93_82_79_59_30_9_vv53_vv100_v11_vvv66_v90_55_42_vv80_79_20_vv98_v99_v134_77_v134_129_120_105_103_35_v111_110_99_18_17_v131_105_69_60_2_v119_v105_100_93_vvv141_139_137_126_125_121_114_112_98_91_86_74_70_64_51_44_43_5_1_v94_29_1_vv116_v117_v150_v152_135_v116_98_91_v92_40_vv139_75_74_39_10_v139_v153_151_148_139_137_124_122_112_111_110_103_98_82_78_77_76_67_41_17_12_11_1_v85_1_v49_14_2_v89_80_3_vv45_17_5_v84_43_37_v161_113_112_110_103_94_12_vv132_129_116_40_v35_v164_162_150_149_148_135_121_100_87_51_24_23_22_11_9_6_v130_49_vvv59_v75_v29_v161_137_133_127_121_118_99_96_71_57_56_40_39_33_14_12_v63_43_vv158_127_125_124_117_80_45_26_25_14_13_v22_v65_v157_36_v79_v165_164_124_80_vv106_v88_69_13_v178_163_152_71_47_42_32_30_v135_36_35_v156_v186_119_110_109_102_v172_76_46_vv161_v161_39_9_v50_vv196_144_143_125_105_76_75_v195_144_v181_16_9_v178_168_v88_86_44_23_v89_v152_133_25_v80_78_vv202_173_v186_173_170_165_159_153_121_120_78_57_41_32_v145_11_v34_v151_150_53_v211_174_122_107_69_50_36_4_v192_183_172_163_151_143_131_113_90_73_60_59_48_43_v86_v211_163_160_101_77_60_38_v143_96_v180_137_100_71_59_57_21_v164_163_104_41_39_v130_vv216_187_vv137_109_106_90_77_v78_66_43_v109_56_v162_47_13_v228_225_224_223_222_220_218_217_216_215_214_213_208_207_206_202_198_195_193_180_179_175_173_172_170_168_167_161_158_154_153_151_147_145_136_128_125_124_123_119_118_117_114_111_105_104_102_93_88_86_83_82_80_79_70_68_67_66_63_58_57_56_55_54_53_52_49_48_47_46_45_44_43_42_41_36_34_27_25_24_23_16_10_9_7_5_4_3_2_1_v173_49_48_15_v76_50_1_v28_17_v213_186_154_111_v199_125_v223_199_161_152_92_54_v232_204_190_170_169_120_94_37_36_7_v233_205_194_171_170_162_142_121_113_112_22_1_v183_147_111_v152_v150_71_62_v12_v186_v187_120_v15_3_v67_vv129_124_99_87_vv198_85_71_v196_177_v223_205_194_184_51_v49_v196_v244_41_37_vv138_v253_225_222_201_200_182_162_148_133_132_54_46_42_21_6_v40_v157_v220_208_v245_145_130_111_55_53_32_10_v172_33_22_v175_147_144_126_115_97_93_82_59_48_34_2_v253_225_188_10_vv258_254_237_230_223_217_214_204_201_195_191_188_184_161_155_154_153_152_146_140_77_73_53_39_38_30_28_10_v151_38_v261_232_172_75_22_v8_v163_92_v179_v268_247_240_229_215_197_177_156_148_147_130_57_36_35_v269_206_37_1_v270_243_242_231_220_207_158_132_74_37_17_2_v271_208_180_24_v272_245_244_222_209_160_76_39_19_4_v182_22_v49_v257_256_195_50_v191_v278_71_v259_248_198_39_v281_265_264_263_250_236_230_226_220_206_202_196_192_187_183_161_156_155_154_129_117_76_67_50_44_37_35_18_3_v,284,train,171
vvvvv3_vvvvvvv1_vvvvvvv12_vvvvvvvvvv22_v28_v29_26_vvv23_v14_v2_vvvv29_19_vvv13_12_v20_v18_v5_v26_v15_vvvvvvvv54_29_vv51_48_6_v56_32_1_v10_vvvvvv64_61_21_v36_8_1_v32_vvv63_58_45_36_33_v67_6_v62_34_vvv50_17_v48_9_v48_33_v79_32_v79_76_34_33_v68_46_43_v74_58_56_47_31_11_6_v17_vv45_27_v77_vv85_v68_30_v69_43_31_vv61_v7_v38_v75_vv85_8_v86_15_9_1_v10_v88_53_3_2_v60_21_vvvv47_v96_86_54_vv106_95_77_73_68_51_49_36_15_6_v87_60_47_v54_11_2_v30_11_3_v104_103_86_80_77_70_57_55_26_v80_v109_83_71_48_47_22_6_v84_72_70_48_23_7_v45_v88_vv100_64_40_3_vv104_v10_vv67_65_16_vv114_29_28_26_v120_64_v120_115_105_93_90_29_v99_98_86_15_14_v117_92_59_49_2_v69_22_v44_vv101_v55_vvv64_vvvv134_132_130_118_116_115_109_107_90_83_80_71_66_60_49_45_44_12_1_v85_37_1_vv126_64_63_34_3_v106_87_82_v83_39_v127_114_v141_139_136_126_123_114_111_100_98_97_90_87_73_69_68_67_58_38_19_7_6_1_v77_14_1_v46_9_2_v81_71_3_v47_11_4_vv127_81_75_43_38_36_17_v149_100_98_97_92_86_10_vv35_v98_v152_150_137_136_134_125_108_92_78_54_19_18_17_11_9_7_vv162_v122_51_v146_vv146_71_v59_v131_26_v10_v21_v148_147_109_72_40_10_v63_v146_31_v75_54_v149_119_118_116_111_80_51_29_28_19_18_v96_37_v164_150_139_66_47_35_32_28_vv144_v166_v10_v125_36_35_v175_112_102_101_94_v160_75_42_v78_v27_v3_v153_43_12_v47_v103_50_vv112_vv20_v193_190_138_136_123_103_81_80_v189_137_v174_26_14_vv91_90_50_24_v92_v145_131_26_v86_85_v170_90_v196_169_v190_v170_147_118_v200_144_vv147_146_60_55_vv185_180_168_157_147_142_129_115_96_82_65_64_55_48_vv101_1_v208_v208_159_156_107_88_v144_v177_137_106_75_68_66_28_v161_159_110_43_v26_v212_185_v134_81_31_v137_114_111_99_80_v170_81_74_51_v149_115_91_64_v192_v159_51_15_v227_222_221_220_219_217_215_214_213_212_211_210_204_203_201_200_197_194_192_176_175_171_170_168_167_166_165_162_159_155_154_151_147_145_136_132_130_129_128_125_124_123_120_118_113_112_111_103_99_97_90_86_84_83_79_77_76_75_72_67_64_63_62_61_60_59_58_57_56_55_54_53_52_51_49_44_41_30_28_27_26_18_10_9_8_6_5_4_3_1_v169_58_53_17_v83_54_1_v31_19_v127_113_94_v219_197_161_151_102_57_v134_v229_203_189_168_167_126_105_43_39_7_v64_v65_v235_232_206_194_171_170_165_145_129_123_122_26_3_v180_149_122_v182_v13_v184_129_v154_110_v16_3_v221_v136_133_103_96_v72_v73_50_v192_178_v204_190_183_54_v243_v192_v177_143_28_v242_219_99_44_38_v145_123_v253_250_224_198_196_183_163_141_140_44_21_6_v197_179_176_101_50_14_v240_149_139_113_59_56_30_8_v174_170_126_31_16_v174_151_148_134_117_104_101_84_60_48_32_2_v248_226_220_187_7_v4_v253_249_242_233_227_219_211_208_200_194_190_186_182_164_159_158_157_156_79_53_38_36_28_24_8_v155_36_v256_229_81_v105_93_v159_v187_v266_263_237_225_209_196_176_160_154_153_139_57_34_31_v245_243_187_42_v265_204_36_2_v61_44_v267_242_241_229_216_206_164_143_77_35_17_4_v268_207_181_24_v249_248_241_192_66_62_61_33_v167_151_60_57_v257_255_229_221_217_213_197_187_160_159_121_74_v,277,train,265
vvvvvvvvv9_3_vv9_3_2_v1_v4_vvvvv11_v13_1_v9_vvv11_v14_v13_vv14_5_vvv23_v10_v28_6_v25_22_21_v32_v27_23_13_9_8_2_v18_17_8_v24_v20_8_vv31_v31_30_v36_v41_9_v40_33_28_2_vv41_vvv38_2_vvv8_vv31_vv45_v44_38_21_v14_vv57_49_27_v28_v42_v63_62_52_50_33_7_v43_vv62_38_v56_55_23_v56_55_36_35_24_v58_40_21_v22_1_v2_v3_1_vv63_50_29_v2_v9_v10_1_v58_45_2_1_v12_vv69_12_v82_77_75_71_46_44_36_23_19_17_9_7_v60_58_39_v61_43_v35_vv22_v77_v78_35_v79_71_3_v57_v83_55_v85_84_73_57_52_33_30_5_4_v30_vv96_87_33_v49_28_27_13_v54_15_v93_50_v47_v85_78_57_47_43_25_24_v98_v101_94_92_60_12_v95_3_v80_61_v50_v95_v85_64_50_47_7_1_v53_46_v99_93_57_49_26_20_17_10_v105_69_67_6_v92_34_v19_v94_2_v93_89_74_25_v107_79_24_v113_v90_86_82_74_61_57_36_8_v75_21_14_8_v115_38_vv68_55_v35_v80_v119_81_v115_37_36_v113_105_101_95_91_83_63_61_32_25_12_10_9_v122_79_v116_66_64_v115_66_28_v126_85_49_v128_106_64_14_5_v84_25_vv124_96_85_50_49_v130_92_53_37_v55_v133_56_v139_126_23_v140_131_55_5_v97_58_22_v75_vv57_54_v142_139_129_122_101_87_84_69_68_66_56_47_38_35_26_23_12_4_v102_27_v78_v137_136_121_115_111_108_91_66_56_52_32_27_9_8_v55_v81_vv110_85_63_v142_102_90_v72_vv145_127_108_86_85_84_75_59_9_6_v110_108_v147_115_v159_67_11_v124_42_v148_98_v118_38_v119_v151_101_v121_3_v78_v84_66_57_48_22_v158_105_94_v158_73_53_48_38_29_10_v115_106_90_36_27_19_15_v148_102_49_40_15_v103_16_v129_90_v163_110_81_v27_6_v55_28_7_v177_85_29_8_v115_82_v,179,train,404
vvvv2_v3_2_vvv1_v9_vv9_vvv9_v3_vvv11_v18_15_14_12_10_7_6_3_2_v16_13_9_8_4_3_v4_vv7_4_3_v23_12_11_8_4_v5_vvvvvvv13_v14_2_v21_16_10_v19_1_v24_v25_v19_18_14_13_11_10_8_4_v33_1_v34_30_28_24_21_20_18_14_12_11_6_2_v24_v35_v40_29_12_10_v6_v34_26_19_v39_v30_v29_v42_v50_41_v48_39_29_16_9_2_v,52,train,419
vvvvvvvvvvvvvvv11_vvvvvvvv21_vv9_vvv6_5_v11_vv7_vvvvvvv17_vv19_vvvvvvvv43_38_28_23_22_v47_vv31_11_v42_27_26_vv49_36_34_29_20_6_3_v47_v40_16_vv3_vvv52_5_v53_6_1_v7_v45_vvvv61_33_vv60_47_45_31_30_21_12_5_v38_28_v20_2_v72_68_65_53_48_46_36_34_18_v50_v73_52_47_5_v53_48_6_v29_v5_v40_39_9_v75_70_63_55_54_17_v59_58_53_6_5_v72_56_34_30_2_v59_vvv81_79_77_68_66_65_62_61_51_46_43_38_35_32_28_25_24_4_1_v19_1_vv74_37_35_17_3_vv51_47_v48_22_v77_v89_87_84_77_74_69_68_61_60_59_54_51_43_42_41_40_37_22_12_8_7_1_v45_1_v10_2_v49_45_3_v30_12_4_vv47_27_v97_63_61_57_10_v97_95_85_84_82_77_67_56_48_34_17_16_15_8_6_4_v30_vv11_vv48_v38_v23_vv94_93_68_48_v92_74_73_72_68_53_33_21_20_13_11_v42_v104_93_88_42_32_28_25_20_v94_29_v53_v64_vv94_v81_29_28_v116_73_69_67_65_v104_51_36_vv99_35_7_v39_v124_87_86_77_51_50_v110_16_6_v58_57_34_16_v59_v92_18_v107_57_v127_107_v43_v91_40_v115_112_107_99_91_88_81_75_59_54_44_43_34_32_v46_v64_1_v134_100_98_68_48_v86_67_53_45_43_14_v101_100_70_28_vv137_117_vv74_72_58_v121_113_v75_44_v61_53_34_v36_13_v149_147_146_145_144_142_140_139_138_137_136_135_132_131_129_128_127_125_124_115_114_111_110_109_108_107_106_104_103_100_99_98_96_95_92_90_88_87_86_84_83_82_80_78_74_73_72_70_69_67_65_64_62_61_56_54_53_52_49_47_46_45_44_43_42_41_40_39_38_37_36_34_33_32_31_28_26_22_21_20_19_15_10_9_8_6_5_3_2_1_v110_45_38_15_v60_39_1_v24_17_v143_128_105_101_71_41_v152_131_84_73_28_5_v153_132_127_106_85_80_79_20_1_v117_v118_84_v9_v10_1_v89_87_74_66_v131_24_v156_25_v161_140_124_123_114_88_87_28_9_v150_94_76_34_15_v16_v96_94_80_66_54_38_31_17_2_v159_157_142_139_133_131_124_121_118_116_114_105_101_100_99_46_33_21_19_13_v98_19_v164_144_48_v68_57_v169_148_143_131_122_101_96_95_90_36_17_16_v154_152_118_23_v24_v155_154_150_120_41_38_37_17_v,175,train,28
vvv1_vvvvvvvvvvvvvv6_vvvvvvv19_vvvv14_6_vvvv18_10_vv5_vvv15_12_5_vvvvv10_vvv23_10_vv29_1_v24_vv14_11_v46_vvvvvvvv15_vvv43_1_vvv46_4_v33_vv51_v55_47_41_vv39_v68_vvvvv38_vv22_vvvvv49_39_vv8_5_vv88_45_vvv51_vv13_vv3_vv52_v40_v45_v21_v31_24_v90_80_vv102_86_v4_v101_55_20_vv40_20_18_v73_59_v94_v16_v108_40_35_vv75_5_v8_vvv89_87_84_69_65_54_44_43_33_v7_vv83_v100_97_85_33_v55_v102_vvvvv63_v37_v127_20_v90_v31_v130_104_98_57_40_38_28_25_v104_101_17_v112_93_79_68_63_57_54_48_13_v83_37_1_v1_v3_v4_v135_127_119_116_104_99_96_75_49_44_30_19_15_v6_v79_25_v32_vv87_v107_93_v14_v13_vvv69_vvvv24_v92_70_44_v134_48_43_26_vv159_153_152_151_150_148_140_137_134_133_130_119_116_102_101_100_93_84_74_69_66_62_58_54_43_35_34_33_27_15_14_12_9_7_1_v49_1_v2_v11_1_v38_4_v5_v6_v145_142_135_45_26_v75_v61_46_33_v166_103_39_v105_v159_148_115_104_52_23_6_v55_30_v56_v137_41_15_v174_171_125_124_100_96_90_73_70_46_42_24_16_8_v36_v31_v89_56_43_v20_v143_v171_96_v156_23_v173_167_144_108_v44_31_v162_v121_12_v72_60_47_v48_35_v49_v50_1_v192_138_113_v139_43_v169_27_v129_v36_v173_87_82_65_v38_v145_100_41_2_v40_v127_83_v105_80_61_v108_vv149_24_v166_46_v185_182_170_40_30_13_v90_v123_v42_v21_v145_52_v53_v199_158_151_82_59_10_9_v93_v214_211_195_170_165_163_162_161_151_148_145_139_136_124_105_86_84_75_58_48_40_35_19_v161_57_36_12_v,218,val,55
vvvvv3_vvvvvvv1_vvvvvvv12_vvvvvvvv20_v26_v27_24_vvv21_v12_v2_vvvv27_17_vv12_11_v18_v17_v23_22_v5_v14_vvvvv23_v31_30_17_8_vvvv53_30_vv50_47_8_v55_33_1_v12_vvvvvv63_60_23_v37_8_1_v33_vvv62_57_46_37_34_v66_6_v61_35_vvv51_17_v49_26_9_v49_35_v78_35_v78_75_36_35_v67_47_44_v73_58_57_48_33_11_6_v17_vv46_27_v12_vv84_v67_30_v68_46_31_vv62_vv38_vvv84_8_v85_15_9_1_v10_v87_69_56_3_2_v61_21_vvvv47_v95_56_vv105_94_78_74_69_51_49_36_6_v62_47_v54_11_2_v30_11_3_v61_26_v104_88_79_58_56_v82_v109_85_74_49_48_23_7_v86_75_73_49_24_8_vv47_v91_vv101_100_90_70_66_42_35_4_3_vv105_vv68_66_17_vv114_30_29_27_v120_65_v120_115_106_95_92_30_v101_100_89_15_14_v117_94_60_50_2_v70_23_v80_vv47_v104_v57_vvv71_vvvv135_133_131_120_119_118_112_110_94_85_82_73_68_62_47_46_13_1_v87_39_1_vv137_127_v15_v110_90_85_v130_69_68_39_6_v87_43_v130_119_v144_142_139_130_128_119_116_106_104_103_94_91_77_73_72_71_62_42_22_9_8_1_v81_16_1_v50_11_2_v85_75_3_v51_13_4_vv132_90_79_46_40_38_19_v152_104_102_101_96_90_11_vv38_v162_30_v155_153_141_140_139_130_114_96_82_58_21_20_19_11_9_7_v104_vv127_54_v149_vv74_v63_v136_28_v8_v21_v149_31_v67_v78_55_v155_154_116_79_46_12_v154_123_122_120_115_83_54_30_28_19_18_v100_39_v167_155_144_70_50_37_31_28_vv168_v150_v128_36_34_v90_80_16_v9_v179_117_107_106_99_v165_80_45_v83_v26_v158_42_12_v49_v107_52_vv116_vv21_v196_193_142_140_127_107_84_83_v192_141_v178_23_13_vv95_94_50_24_v96_v149_135_26_v88_87_v175_93_v199_174_v193_v175_159_151_122_v203_148_v150_149_59_54_vv207_v190_185_174_151_133_99_85_66_64_55_48_vv209_161_158_109_89_v146_106_v180_139_108_75_66_64_26_v163_161_112_41_v24_v213_188_v136_81_29_v139_116_113_100_80_v171_81_72_49_v151_117_92_62_v195_v161_49_13_v228_223_222_221_220_218_216_215_214_213_212_211_206_205_204_203_200_197_195_180_179_173_172_170_169_168_167_164_161_157_156_153_149_147_138_133_132_131_130_127_126_125_122_120_114_113_111_104_100_98_90_86_84_83_77_75_74_73_70_65_62_61_60_59_58_57_56_55_54_53_52_51_50_49_47_41_38_28_26_25_24_17_10_9_8_6_5_4_3_1_v171_56_51_15_v82_52_1_v29_17_v211_189_156_121_v181_101_v131_115_96_v222_202_165_155_105_57_v138_v232_208_195_172_171_130_108_43_39_9_v61_v62_v238_235_211_200_175_174_169_149_133_126_125_26_3_v184_153_124_v157_v187_v16_v189_133_v159_112_v19_3_v226_v117_16_vv143_139_108_99_v76_vv78_54_v200_186_v214_198_191_58_v250_v200_v185_151_34_v249_228_103_49_44_v153_130_v260_257_233_206_204_191_171_148_147_48_25_6_v213_205_187_184_152_105_54_17_v247_157_145_119_63_60_36_8_v182_178_131_37_19_v182_159_156_141_123_108_105_88_64_52_38_2_v255_235_229_195_7_v4_v256_242_236_229_221_208_202_198_194_190_172_167_166_165_164_84_82_58_44_42_32_28_8_v163_42_v263_238_179_84_21_v109_97_v167_v195_v273_270_246_235_217_204_184_168_161_160_146_61_38_35_vv254_253_196_49_v273_213_41_3_v67_51_v275_252_251_240_225_215_173_151_82_40_18_5_v276_216_190_25_v174_v163_v177_160_68_65_v261_254_204_40_v277_267_266_265_256_243_232_228_224_213_208_201_198_194_192_175_170_169_168_140_128_81_71_54_44_36_33_10_3_v,287,val,37
vvvvvvvvvvvvvvvvvv16_3_vvvvvvv20_vvv9_vv11_vvvv8_v4_v4_v1_v22_19_vv24_21_9_2_vv17_9_vvv22_vv24_vv16_vvvvvvv53_vv33_16_4_v37_12_v60_22_v60_59_25_23_v52_34_33_v57_42_41_35_22_4_v49_45_29_26_17_vvv50_35_6_v59_v60_1_vvv63_34_4_3_vvvvvv11_v37_v72_37_vv43_31_vv78_77_62_56_38_v23_13_v83_52_vv54_v64_vv42_v76_50_32_2_v47_46_v63_v64_v90_86_76_68_67_25_v87_68_35_1_v67_37_v68_64_55_vv46_vvv98_96_95_83_82_81_77_76_61_57_53_45_41_36_35_7_1_v25_1_vv88_v102_100_98_88_86_80_79_69_67_65_61_57_49_47_46_45_43_23_11_4_3_1_v52_1_v35_6_2_vv50_4_v33_9_5_v90_59_53_30_25_22_13_v109_107_95_94_93_87_72_61_52_35_12_11_10_7_5_2_v84_32_vvv53_vv17_v107_89_87_80_75_73_64_61_52_45_43_28_27_23_11_8_vv16_v43_v65_24_v61_47_8_v105_24_v58_v110_109_79_59_vv110_87_86_85_66_39_v123_110_104_48_36_29_25_v128_72_71_vv108_10_v33_v77_v119_9_5_v58_32_8_vv97_10_v112_108_101_96_21_v22_v94_37_v115_82_76_47_35_24_3_v117_86_62_43_39_37_10_v102_101_16_vvv66_47_v48_44_27_v71_38_v22_v155_152_151_150_149_147_146_145_144_143_142_141_135_134_133_132_129_128_127_114_112_110_109_108_107_105_104_102_101_99_98_96_94_92_90_89_87_86_84_82_81_74_73_72_69_67_65_62_59_58_55_52_50_49_48_46_45_43_41_40_39_38_37_36_35_34_32_31_30_29_27_26_25_24_23_21_20_16_15_14_13_10_8_7_6_5_4_3_2_1_v137_118_98_77_65_v154_2_vv69_v38_v6_v7_1_v41_v82_80_60_56_v123_54_43_v84_v153_61_25_12_v13_8_v84_65_55_37_29_14_2_v163_160_145_142_136_129_126_119_118_116_114_111_109_102_97_96_95_94_90_83_43_36_25_17_16_13_11_4_v16_v157_123_111_81_14_v103_51_v110_2_v154_153_112_20_v21_v161_158_139_130_117_98_88_87_63_21_v,178,train,94
vvv3_vvvvv1_vv6_vvv4_vv15_10_v8_7_3_vv11_1_v14_vvvvv7_vv7_v8_v9_2_v23_vvv32_30_23_17_13_6_5_v31_27_26_24_8_v27_v13_8_v32_26_21_18_16_6_5_4_v27_18_1_v16_6_3_v24_19_8_2_v4_3_v16_v37_30_23_16_v36_10_vv9_v44_4_v11_v28_12_v13_v49_39_36_29_27_18_6_v34_27_15_vv43_17_v47_37_30_22_21_v22_3_v56_51_24_v38_31_v,58,train,42
vvvv4_2_vv6_2_v7_5_v3_v1_v10_6_3_v5_v2_1_v11_3_v12_11_1_vv11_8_7_vv18_16_14_12_11_8_vvv5_vv23_21_17_16_13_5_v24_22_20_14_6_1_v23_v17_v1_v28_12_v15_v17_16_v22_4_v32_22_v31_22_10_vvv20_v35_33_31_25_19_v38_36_32_28_27_26_21_20_14_4_v1_v12_2_v39_9_v41_38_37_28_26_22_19_17_10_4_v1_v19_v2_vvvv35_27_v36_v47_13_vv27_26_22_11_v49_45_38_v53_22_15_v24_v42_35_15_7_v56_39_38_25_23_18_16_11_6_3_v59_57_45_26_19_v58_56_22_v56_54_48_24_23_v44_39_37_10_3_v21_17_15_v63_v61_57_39_34_28_27_11_v3_v41_40_36_14_v66_35_28_10_v67_51_46_v65_62_54_v53_51_48_8_5_v69_58_v69_35_v60_57_48_43_25_17_v,75,train,209
vvvvvvvvvvvvv1_v8_vvvvv19_vvvvvvv23_vvvvvvv21_vvvv11_v36_vv20_vv4_vvvvvvvvv33_vv46_vvv30_v50_21_vvvv38_vv58_v14_vvv39_30_vv67_27_v68_32_1_vvvv54_34_vvvvv57_36_v44_vv79_67_65_60_57_26_18_13_11_2_v35_vv55_v21_v34_v35_v83_63_36_7_v64_v53_49_21_9_v83_23_15_v57_v41_v86_63_60_34_vv88_72_42_20_12_vvv47_18_vv99_46_13_12_v101_37_33_21_v93_v13_v99_91_81_53_50_17_4_vvv103_35_v110_91_55_44_v93_71_22_15_v70_42_21_20_vv96_v19_18_vv81_37_vvv113_111_95_67_63_53_52_33_31_26_23_18_14_13_v68_1_v96_85_16_2_v117_v78_69_13_10_v104_67_vv23_v13_v126_120_92_39_9_7_v34_vv96_v117_v45_vv52_vv109_91_v137_136_135_134_132_130_124_118_114_108_105_103_101_86_83_81_79_78_75_72_71_70_67_55_53_52_51_50_45_44_43_42_41_39_36_35_33_31_27_24_18_16_15_13_7_1_v8_v125_93_67_v70_3_v107_32_23_vv143_107_76_68_49_48_42_33_vv120_117_8_vv10_vv98_v150_114_110_83_82_61_55_49_40_v146_47_14_v146_48_v149_137_81_58_45_31_7_v104_17_vv47_21_v106_103_57_53_48_39_25_20_v144_112_78_77_49_v22_v123_23_v49_41_8_v146_v163_127_123_96_95_74_53_20_13_v104_48_46_27_12_v88_84_v162_140_41_v95_vv165_157_16_v74_v109_57_18_vv36_v130_52_v122_77_vv142_138_8_v166_101_v178_147_146_144_143_121_114_112_111_92_85_84_78_74_69_66_53_49_32_29_16_13_v120_16_v101_v133_60_29_vv119_vv185_100_99_98_49_29_v186_163_99_87_69_60_50_1_v160_43_vv53_v140_73_54_v55_v172_100_98_96_v10_v58_v162_130_59_47_v65_29_vv119_93_v63_v146_vv203_167_136_128_109_108_102_93_v150_130_118_67_v166_v178_157_153_111_v36_v56_v116_114_95_83_30_v175_92_73_44_v117_116_85_74_32_vv76_v127_57_v51_v194_182_174_165_136_79_v137_80_v204_172_146_141_137_53_46_34_vv219_196_149_133_120_33_15_vv194_173_169_77_34_v175_161_98_14_v133_52_v57_28_v167_151_115_97_89_66_47_34_v1_v202_193_110_106_98_91_49_43_34_2_v215_183_175_157_152_142_72_64_51_v216_189_184_158_153_52_v231_164_81_v232_192_164_143_139_89_82_69_53_29_v233_158_v234_166_141_91_84_71_55_31_v121_98_74_42_28_26_v134_70_13_v198_119_112_100_60_1_v215_187_138_134_129_120_101_87_86_v95_v118_v161_66_59_6_v202_153_139_105_10_8_v122_118_20_7_v232_195_146_38_1_v136_v1_v242_v84_v183_v224_181_165_158_155_131_57_15_v217_189_171_136_133_114_v216_185_184_157_142_89_35_v253_217_186_185_178_163_152_22_21_20_19_1_v142_101_100_85_v256_244_224_212_202_175_133_118_107_100_86_53_45_v242_210_3_v243_211_176_152_148_118_99_85_v254_204_189_163_105_46_v255_164_90_v224_192_150_117_110_97_57_27_v243_223_154_122_108_94_43_32_31_v244_224_190_1_v191_2_v192_3_1_v226_147_128_88_28_7_v227_186_148_129_89_29_10_8_1_v234_130_81_48_9_v188_131_v189_132_v190_20_v191_v221_192_187_180_153_73_v194_136_v239_v206_175_163_138_122_v135_v182_180_149_111_84_v181_150_99_v278_266_256_255_250_244_228_217_213_194_193_192_191_188_187_184_175_161_160_158_152_149_138_122_92_84_69_41_28_24_v178_143_91_1_v230_163_144_71_11_2_v258_182_145_3_v232_165_11_4_v274_175_147_v148_87_v180_149_87_v150_108_v280_170_151_v166_152_v283_172_153_v234_218_217_154_108_24_v287_240_206_177_155_88_71_41_25_v246_234_200_199_198_196_187_180_163_156_100_82_76_73_65_55_16_15_v177_157_39_v293_v209_v5_v25_v212_179_5_v182_90_v274_256_165_v235_v138_90_v209_69_v152_123_30_v308_289_198_173_162_160_77_67_v292_267_239_218_210_208_203_197_169_164_157_144_131_114_90_79_69_30_29_23_v156_v233_200_167_157_1_v215_115_17_3_v34_18_1_v201_122_43_v21_v220_v221_206_163_v230_v60_v297_225_v84_v225_v299_287_105_v288_v,325,train,479
vvvvvvvvvvvvvvvv12_1_vv15_vv8_vvvv7_6_v3_vv4_v16_vv15_14_vv26_vv24_vv32_29_5_v1_vvvvvv25_6_v41_18_1_v24_vv42_38_34_27_v45_4_vv37_13_v35_21_6_v52_51_25_24_v44_33_v43_22_10_v49_23_13_v51_43_36_27_9_6_v45_20_v20_v4_v22_2_vvv55_6_v56_10_7_1_v57_37_2_1_v43_14_vvv33_v9_v64_40_vv64_55_53_38_36_25_14_v35_v73_70_69_62_55_53_41_40_20_v73_58_52_33_32_3_vv60_54_52_35_5_v32_v64_v51_47_2_v44_24_22_7_vv49_47_11_vv78_23_22_21_v82_78_67_v71_70_64_12_10_v80_42_36_2_vv52_17_vv41_v61_v49_v91_89_88_83_76_65_59_57_49_46_40_37_33_32_7_v61_26_1_v92_44_43_v94_92_90_86_79_70_68_62_60_49_47_46_43_10_3_2_vv32_5_2_v31_6_3_v89_57_51_28_23_22_8_v83_70_24_v100_98_92_85_74_60_49_34_9_8_6_4_3_v83_31_v45_v78_71_57_56_14_5_v70_18_v97_75_73_48_26_v49_40_4_v103_23_16_13_v61_v94_v80_v111_69_63_60_59_v97_4_vv67_v101_v118_86_84_73_45_43_v13_6_v91_v119_104_v86_85_26_25_vv114_109_103_94_71_49_39_21_vv54_1_v128_v83_v80_36_33_31_v10_vv100_98_62_25_v131_116_v88_63_45_32_v95_28_11_v136_135_134_132_131_130_126_122_119_110_108_104_102_100_94_91_89_87_83_77_76_75_72_71_65_63_61_60_55_52_50_42_38_36_34_33_32_30_29_26_23_17_14_7_4_2_1_v63_v122_109_99_83_58_43_7_v110_87_84_44_v75_v135_124_97_91_55_34_v142_127_119_102_101_72_57_27_24_6_v143_128_122_103_102_98_73_70_68_19_1_v111_90_68_v113_v114_74_v112_90_68_9_8_v77_76_66_55_52_v97_v24_v25_v55_30_v107_82_19_v138_116_85_67_16_v84_67_v156_141_124_122_111_83_81_32_14_v118_v128_v89_66_59_52_35_23_v157_154_147_143_139_134_130_124_122_118_115_113_111_99_96_95_94_93_92_86_52_47_38_26_25_18_16_5_v159_145_144_132_106_92_66_48_38_14_7_v133_107_93_75_67_15_8_v114_v164_149_143_130_119_94_91_89_79_40_22_21_v162_149_113_70_27_v166_125_24_2_v167_153_152_146_126_97_82_49_24_11_3_v158_115_32_v159_116_44_43_23_v161_145_139_136_133_116_115_94_93_70_23_v,174,train,8
vvvvv1_vv5_v8_vvvvvvv11_8_v1_v13_8_v2_v10_v11_4_2_1_vvv15_v8_vv22_v15_11_vvv30_v27_v16_12_v17_v27_v31_v3_v3_v38_vv40_39_18_2_v33_20_16_v42_34_4_v36_4_v3_v39_4_v37_31_v19_1_v41_vvv14_v36_v45_32_12_v49_39_37_28_23_19_v41_vvv42_31_v56_v44_8_vv52_v35_34_16_15_v24_vv66_13_v67_59_v14_v64_41_36_34_23_6_v61_52_51_49_47_34_30_29_28_17_14_4_3_v32_v15_13_v66_59_11_v74_v63_60_v76_70_69_35_6_v76_73_62_55_51_23_16_v40_19_v68_66_45_30_29_v42_v77_66_33_27_24_22_18_16_9_3_1_v67_34_4_2_v7_v81_69_27_25_6_4_3_2_v43_32_29_21_18_9_v58_53_23_v62_46_v18_3_v33_19_4_v90_49_20_5_v83_82_72_62_53_51_21_6_v,92,train,60
vvvvv3_vvvvvv1_vvvvvvv11_vvvvvvv18_v24_v25_22_vv19_v11_v2_vvvv25_16_vv11_10_v17_v16_v4_v22_v14_vvvvvv46_25_vv43_41_4_v48_28_1_v8_vvvvvv56_53_19_v32_8_1_v29_vvv55_51_41_33_30_v59_6_v55_31_vv45_16_v43_8_v43_30_v70_29_v70_67_31_30_v60_42_39_v65_52_51_43_28_10_6_v16_vv41_26_vv75_v60_28_v61_39_29_vv55_v35_vv74_6_v75_12_7_1_v8_v77_47_3_2_v53_18_vvvv43_v85_48_vv94_84_69_66_61_47_45_32_6_v54_43_v50_11_2_v27_11_3_v92_78_70_51_v73_v97_75_65_44_43_20_6_v76_66_64_44_21_7_v41_v80_vv89_37_3_vv93_vv62_60_15_vv102_28_27_25_v107_59_v107_103_95_85_82_28_v90_89_79_14_13_v105_84_54_45_2_v64_21_v41_vv93_v51_vvv64_vvvv121_120_118_108_107_106_101_99_83_78_75_66_62_56_44_43_12_1_v80_36_1_vv97_81_76_v115_61_60_34_4_v78_38_v116_106_v128_127_124_116_114_106_103_93_91_90_85_82_69_65_64_63_55_37_19_7_6_1_v72_14_1_v45_9_2_v76_67_3_v46_11_4_vv118_81_71_42_37_35_17_v136_95_93_92_87_81_11_vv35_v93_v139_138_127_126_125_117_101_87_74_53_19_18_17_11_9_7_v148_vv114_50_v134_vv69_v58_v123_26_v10_v21_v135_29_v72_51_v63_v141_140_107_74_43_12_v140_114_113_111_106_78_51_30_28_19_18_v92_37_v152_141_131_65_47_35_31_28_vv152_v137_v119_36_34_v85_75_16_v9_v163_108_99_98_92_v151_75_43_v78_v28_v145_42_12_v47_v100_50_vv108_vv22_v180_177_133_131_118_100_80_79_v176_132_v164_23_13_vv90_89_50_24_v91_v140_126_26_v85_84_v162_89_v183_161_v177_v162_142_115_v187_139_v141_140_59_54_vv191_v176_171_161_142_125_95_82_66_64_55_48_v192_151_148_103_85_v136_v166_130_102_72_65_63_25_v153_151_106_40_v23_v196_174_v128_78_28_v130_110_107_96_77_v160_78_71_47_v142_111_88_61_v181_v151_48_12_v211_206_205_204_203_202_200_199_198_197_196_195_191_190_189_188_185_183_181_166_165_163_162_160_159_158_157_154_151_147_146_144_140_138_130_127_126_125_124_121_120_119_116_114_109_108_107_100_96_94_87_83_81_80_76_74_73_72_69_64_61_60_59_58_57_56_55_54_53_52_51_50_49_48_46_40_37_27_25_24_23_16_10_9_8_6_5_4_3_1_v161_55_50_14_v81_51_1_v28_16_v123_109_91_v204_186_153_144_99_54_v130_v213_191_179_160_159_122_102_40_36_7_v58_v59_v219_216_194_184_163_162_157_139_125_119_118_23_3_v172_143_118_v174_v13_v176_125_v148_107_v16_3_v208_v132_129_100_93_v71_v72_47_v184_170_v194_182_175_51_v227_v184_v170_139_28_v227_208_96_42_38_v141_120_v237_234_212_190_188_175_157_137_136_41_21_6_v189_172_169_98_47_14_v225_145_135_110_56_53_30_8_v167_164_123_31_16_v167_147_144_131_114_101_98_81_57_45_32_2_v233_215_209_179_7_v4_v234_221_216_209_201_192_186_182_179_175_160_155_154_153_152_77_75_51_38_36_28_24_8_v151_36_v240_218_77_v102_89_v155_v180_v250_247_225_215_201_188_170_156_150_149_136_54_34_31_v232_231_180_42_v249_196_36_2_v59_44_v251_230_229_219_208_198_160_140_74_35_17_4_v252_199_175_24_v161_v163_148_60_57_v238_232_187_35_v243_242_220_210_206_191_182_157_156_119_72_v,262,train,135
vvvvvvvv7_v2_v3_v4_vvv7_v8_vvvvv20_vv5_vv6_v7_1_vvv11_v12_1_vvv5_vvv18_vv31_vv20_vv5_v24_17_8_v36_vvv15_v30_25_v37_35_vvv44_24_v45_vvvv6_1_vv27_26_12_v1_vv48_25_20_v49_26_21_v51_46_vvv60_29_10_v40_16_9_v26_vv29_vvv20_8_1_v32_v17_vvv61_49_v62_vvvvv10_v22_v60_26_20_v70_58_52_9_6_v56_40_8_v76_v72_66_48_v34_5_v85_vvvvv1_v75_45_33_26_25_14_v1_v31_v100_98_97_96_94_89_85_82_81_80_75_68_67_60_59_57_56_52_45_43_41_39_38_35_30_21_20_19_16_12_11_10_8_6_5_3_1_v8_6_v22_2_v3_v28_4_v89_78_28_19_vv63_v13_v67_30_1_v6_v85_82_64_36_26_24_11_v111_107_76_75_64_59_57_49_47_30_27_19_12_6_v13_v59_v89_68_28_v87_v97_17_v106_87_70_v107_93_69_32_8_4_v20_v21_v22_v47_26_v72_27_26_v84_v95_26_11_v88_11_v112_100_23_v74_v86_30_v41_vv33_1_v134_v134_130_99_82_53_49_29_23_19_v97_36_20_9_v,138,train,151
vvvvv3_vvvvvv1_vvvvvvv11_vvvvvvvv19_v25_v26_23_vv20_v12_v2_vvvv26_17_vv11_10_v18_v17_v4_v23_v14_vvvvvv47_26_vv44_42_4_v49_29_1_v8_vvvvvv57_54_35_19_v36_32_8_1_v29_vvv56_52_42_33_30_v60_6_v56_31_vv46_16_v43_8_v43_30_v71_29_v71_68_31_30_v61_42_39_v66_53_52_43_28_10_6_v16_vv41_26_vv76_v61_28_v62_39_29_vv55_vv36_vv76_7_v77_13_8_1_v9_v79_48_3_2_v54_19_vvvv44_v87_49_vv96_86_70_67_62_48_46_33_14_6_v55_44_v51_11_2_v28_11_3_v94_80_71_52_v74_v99_76_66_45_44_21_6_v77_67_65_45_22_7_v42_vv82_v91_38_3_vv95_vv63_61_15_vv104_28_27_25_v109_60_v109_105_97_86_83_28_v91_90_80_14_13_v107_85_55_46_2_v65_21_v42_vv94_v52_vvv65_vvvv123_122_120_110_109_108_102_100_84_79_76_67_63_57_47_44_43_12_1_v81_36_1_vv98_82_77_v117_62_61_34_4_v79_38_v118_107_v130_129_126_118_116_107_104_94_92_91_86_83_70_66_65_64_56_37_19_7_6_1_v73_14_1_v45_9_2_v77_68_3_v46_11_4_vv119_82_72_42_36_35_17_v138_96_94_93_88_82_11_vv35_v94_v141_140_129_128_127_118_102_88_75_53_19_18_17_11_9_7_v150_vv115_50_v136_vv69_v58_v124_26_v10_v21_v137_29_v72_51_v63_v143_142_108_74_43_12_v142_115_114_112_107_78_51_30_28_19_18_v93_37_v154_143_132_65_47_35_31_28_vv155_v138_v120_36_34_v85_75_16_v9_v165_109_100_99_93_v153_75_43_v78_v28_v146_42_12_v47_v101_50_vv109_vv22_v182_179_134_132_119_101_80_79_v178_133_v166_23_13_vv90_89_50_24_v91_v141_127_26_v85_83_v163_89_v185_162_v180_v163_143_116_v189_140_v142_141_59_54_vv193_v178_172_162_143_126_95_82_66_64_55_48_v194_152_149_103_85_v137_v167_131_102_72_65_63_25_v154_152_106_40_v23_v198_175_v129_78_28_v131_110_107_96_77_v161_78_71_47_v143_111_88_61_v182_v152_48_12_v213_208_207_206_205_204_202_201_200_199_198_197_193_192_191_190_186_184_182_167_166_164_163_161_160_159_158_155_152_148_147_145_141_139_131_127_126_125_124_121_120_119_116_114_109_108_107_100_96_94_87_83_81_80_76_74_73_72_69_64_61_60_59_58_57_56_55_54_53_52_51_50_49_48_46_40_37_27_25_24_23_16_10_9_8_6_5_4_3_1_v162_55_50_14_v81_51_1_v28_16_v123_110_91_v206_187_154_145_99_54_v130_v215_192_180_161_160_122_102_40_36_7_v58_v59_v221_218_195_185_164_163_158_140_125_119_118_23_3_v173_144_118_v175_v13_v177_125_v149_107_v16_3_v210_v132_129_100_93_v71_v72_47_v185_171_v211_195_183_176_51_v229_v185_v171_139_28_v229_209_96_42_38_v141_120_v239_236_213_191_189_176_158_137_136_41_21_6_v190_173_170_98_47_14_v227_145_136_110_56_53_30_8_v168_165_123_31_16_v168_147_144_131_114_101_98_81_57_45_32_2_v3_v236_217_211_181_8_v236_222_217_210_202_193_187_183_180_176_160_155_154_153_152_77_75_51_38_36_28_24_8_v151_36_v242_219_77_v102_89_v155_v181_v252_249_226_216_202_189_171_156_150_149_136_54_34_31_v234_233_181_42_v251_197_36_2_v59_44_v253_231_230_220_209_199_160_140_74_35_17_4_v254_200_176_24_v161_v163_148_60_57_v240_233_188_35_v245_244_221_211_207_192_183_157_155_119_72_v,264,train,120
vvvvvvvv7_v6_2_vv2_v4_vvvv11_v1_v7_v12_vvv12_v13_vv13_4_vvv24_4_v2_v24_20_vv26_22_11_8_7_2_v17_16_7_v22_v19_v10_8_vvv39_v36_26_2_v15_v16_v31_v4_v24_vv35_30_20_14_2_v8_vv20_v49_48_21_20_v51_40_vvv51_29_v46_16_v50_47_45_30_29_27_17_vv32_12_2_vv3_v11_v33_vv55_v46_v67_66_62_34_32_28_18_15_13_9_6_v46_45_28_v47_v53_v63_37_29_v66_64_39_22_20_vv47_45_27_17_v12_v36_8_v53_v54_v55_2_v9_v26_v58_31_v59_55_46_v57_25_10_v39_vv73_65_47_39_v17_v85_v13_12_11_v62_31_27_v69_52_v50_19_v84_v73_55_47_44_8_1_v76_21_v82_51_46_28_27_25_12_v60_58_6_v78_75_29_v92_66_29_v72_54_v98_v96_77_75_70_63_61_56_52_39_37_36_26_25_20_7_6_v64_28_12_6_v54_v106_39_22_v56_v2_v69_v70_v28_v99_91_88_84_79_72_59_57_39_23_13_10_9_v101_61_59_v11_8_6_v115_76_48_v112_92_87_80_59_56_52_33_20_13_4_v77_49_v51_v96_68_32_24_v120_53_v120_109_21_v82_54_18_v94_63_59_7_v54_v111_103_85_80_77_74_49_31_28_21_20_6_3_v86_22_v117_102_97_93_80_60_56_27_6_vv93_74_48_30_26_v63_v45_28_7_v131_61_5_v100_37_30_v122_82_v95_26_v96_v125_85_v98_3_v11_v85_59_15_11_v73_54_44_37_16_v125_120_105_97_94_91_v136_101_92_72_15_v84_80_41_20_v88_61_2_v106_78_v146_76_20_v142_140_138_118_108_98_96_92_81_78_51_21_v,149,train,516
vvvvvvvvvvvvvvvvvvvvv21_15_vvvv23_7_4_v1_vvvv9_vvv26_v28_1_vv11_vvv13_v17_vv16_v13_5_vvvv40_v44_v31_24_23_vv49_v34_26_14_9_3_vv21_20_10_vv26_vvv26_12_v39_10_v38_36_v31_v57_52_8_v62_13_v61_40_34_2_vv62_vvvv27_vvv49_6_vv76_vv48_vv15_vv44_vvv76_70_56_46_44_v78_vv63_v59_55_43_35_7_v61_25_vv89_67_43_v78_54_52_v45_v59_v87_68_67_57_43_11_6_v97_96_72_67_50_9_vvv58_37_v76_75_36_v82_76_72_56_54_53_37_vv79_59_32_vv34_2_v3_v62_19_6_v5_2_v85_70_44_vvvv2_v103_14_v104_15_1_v105_81_68_2_1_v17_v8_vvvv97_19_v124_119_117_99_70_65_57_33_27_25_12_10_vv111_87_84_61_57_40_21_6_v52_v65_v36_12_3_v121_101_91_69_61_v54_v3_v34_v126_54_8_v110_v111_51_v112_103_4_v58_12_v88_v119_84_69_v123_120_105_87_80_49_44_6_5_v142_121_45_v97_54_41_v72_40_38_14_v80_76_19_v140_72_v138_132_120_108_106_29_v8_v134_108_64_56_2_vv68_vv140_13_v145_143_142_126_125_123_117_115_99_89_79_69_64_58_49_39_38_5_2_v92_1_vv155_136_132_93_18_v137_65_62_29_4_v81_71_16_v118_95_84_vv86_36_v137_v155_153_149_137_135_125_123_111_109_99_89_74_71_70_68_61_35_15_10_9_1_v78_1_v38_12_2_v79_70_v83_75_4_v15_5_v145_138_87_76_40_33_29_19_v165_109_108_106_95_87_11_v136_55_v137_1_v136_113_37_v166_164_148_147_146_136_120_93_79_23_21_20_11_9_6_v155_120_36_v47_vvv91_v27_v69_v163_139_135_129_118_112_94_89_59_13_v153_30_v59_v157_124_121_117_110_73_41_26_24_15_v93_v173_157_147_59_39_34_30_24_vv72_v164_163_116_73_vv67_48_v189_70_vv187_111_103_100_95_v62_v170_71_44_vv161_42_13_v47_v194_137_133_116_68_64_v197_138_v177_13_8_v180_69_68_vv81_v146_124_22_v83_82_45_23_v153_v173_163_157_146_113_37_28_v206_138_v183_116_114_v209_147_90_v211_113_32_4_v142_141_52_v188_141_121_79_57_55_46_40_v193_160_141_87_86_v213_157_154_93_73_58_26_v134_96_v179_127_92_67_57_55_20_v217_98_v223_193_47_v224_203_93_14_6_v160_156_99_39_32_v125_vvv129_103_100_75_v76_66_v104_56_v99_95_v230_227_225_224_223_222_221_218_217_214_211_209_206_205_204_202_198_196_194_180_178_171_168_164_163_160_158_152_151_147_146_143_139_137_130_120_118_117_115_113_112_111_108_106_99_97_95_88_86_84_83_81_78_77_70_68_67_65_63_58_56_55_54_52_51_49_48_47_46_44_43_42_41_37_34_29_26_25_24_17_12_8_6_5_4_3_2_v169_48_17_v155_49_18_2_v179_132_v212_211_194_188_181_177_148_113_97_95_61_42_14_13_v181_134_v224_200_154_146_90_53_v232_160_114_38_7_vv217_163_145_v180_142_107_v11_v121_v13_2_v105_v248_v224_204_177_143_142_140_126_105_13_11_v123_120_96_86_v183_177_v252_239_238_112_15_v228_189_v200_71_v225_158_49_v250_v192_55_vv194_v230_163_v55_45_42_6_1_v7_2_v11_v256_199_195_178_145_130_126_47_24_7_v130_v60_11_6_5_4_v19_v246_142_112_60_35_11_v36_v170_144_141_116_100_84_61_53_37_2_v248_174_161_v247_130_96_77_58_48_20_v258_239_234_220_198_191_187_183_179_157_152_151_145_77_57_42_38_33_30_v148_41_v255_204_181_135_34_v267_237_219_172_80_62_27_v220_173_28_v176_3_v271_214_193_153_145_141_62_39_v116_47_46_v253_252_185_48_v257_184_141_v50_v157_54_51_v48_18_13_v91_49_14_v287_176_168_147_50_29_15_v259_251_192_v272_192_147_42_v,290,train,335
vvvvvvvvv9_vvvv4_vvvvvv8_v10_v4_vvvv18_14_vv17_vvvvvvv24_vvv12_v32_v39_38_26_25_16_4_vv30_12_vv23_13_vvv13_vv48_22_9_v45_44_43_37_30_27_22_21_11_vvvv46_44_38_27_26_16_14_3_1_v54_45_40_15_vv14_7_vv25_v57_50_v25_21_v12_10_8_v45_44_41_35_31_26_18_17_11_v14_v31_6_v41_32_vv64_59_51_27_20_10_v28_1_v18_17_v3_v53_50_45_42_13_9_v59_33_v37_11_vv26_v9_v11_v68_45_v39_22_12_v69_55_32_26_v19_8_v43_v21_v56_35_v69_38_18_v30_v38_vv76_50_v46_28_v78_52_v30_v83_54_50_38_28_26_16_v40_v42_v94_89_87_85_81_71_69_67_64_61_59_57_55_54_53_48_46_45_44_37_35_27_22_16_14_10_8_2_1_v,97,train,39
vvvvvv6_5_4_2_vv6_2_v8_4_vvvv4_v9_3_v12_1_vv14_3_v15_13_12_11_10_6_2_v6_v18_14_v16_v16_v5_v17_6_v7_v8_v9_v22_v26_15_12_vv17_13_v26_v27_22_19_v16_3_v32_17_11_9_8_1_v33_22_7_v19_v20_v21_v33_26_22_17_6_v39_37_27_23_7_v36_v38_37_33_13_v26_21_v31_2_v44_42_40_v29_20_17_4_v42_v31_18_9_v,50,val,54
vvvvvvvvv5_vvvv13_v13_8_7_2_v2_vv4_v4_vv17_16_12_4_vv8_v3_v15_v22_5_vv13_vv16_v2_v22_20_18_17_12_v27_22_11_v19_v20_v21_v27_10_8_4_v23_v24_v10_8_v27_1_v28_2_v28_v41_12_vv21_1_v32_v44_43_39_31_24_22_v34_v43_35_v,50,train,353
vvvvvv3_vv7_vvvvvv2_vv3_v14_vvvvv21_vvvvvvvv24_vvvv30_v32_vvv11_vvvv33_30_3_vv29_v35_vv33_vv45_30_vvv48_33_v50_34_v24_10_8_v38_20_vv53_vvv36_v31_vv35_vv49_v58_51_39_36_33_28_25_22_5_v42_1_v2_v3_v4_v23_15_v60_58_38_v59_39_1_v70_v9_v62_51_v69_13_v42_35_31_26_4_v26_v69_v3_vv29_22_17_v42_v82_64_27_5_v81_78_59_56_27_11_5_v41_26_21_v88_87_66_52_48_45_26_10_6_v77_75_55_v5_v89_88_48_v89_81_v90_69_42_33_v91_76_v92_91_89_85_81_79_59_53_45_32_vv87_52_v94_86_26_25_v36_v92_36_v8_v88_24_v79_10_v87_v73_10_v103_v22_v17_v109_108_102_89_87_86_84_83_80_79_78_72_69_61_53_47_45_38_32_27_21_13_9_v,110,train,181
vvvvv5_v1_v2_v7_3_v4_v5_vv11_v12_vvv16_2_vv17_vv20_14_13_12_11_10_v20_vv7_vvv26_22_10_v25_19_14_12_10_8_5_3_2_v18_v29_26_4_3_v14_v30_v8_5_v4_v18_v30_v31_v8_v22_vv26_24_7_v41_30_2_v32_14_v27_v17_2_v18_v30_20_v21_18_13_v47_v23_v21_v24_v25_v27_v43_35_30_27_24_15_2_v54_34_v30_3_v41_23_v53_38_30_16_14_v43_v50_v32_v62_46_33_16_15_9_6_v45_36_24_v48_5_v49_36_v61_47_36_v,67,train,438
vvvvvvvvv8_vvv3_v7_2_1_vvvvvv3_v14_vvv15_1_vvvv18_v22_v23_v22_7_vvv32_29_23_9_v2_v29_27_6_1_vv13_v30_8_v33_30_16_15_6_5_v7_v10_v36_24_13_8_3_v38_v44_35_28_27_23_13_6_v3_vv31_v9_v47_36_10_1_v19_v39_v37_28_13_10_4_3_v1_vv52_48_11_v30_20_12_10_v43_4_v52_29_v26_11_v27_v42_28_14_v38_29_25_23_10_v36_v12_7_v34_v33_v61_v13_v56_v28_vv28_1_v34_25_21_19_16_v62_60_49_21_17_10_v42_15_v71_33_32_v44_v45_v,79,train,454
vvvvvvvv7_v2_v3_v4_vvv7_v8_vvvvv20_vvv5_v6_1_vvvvv4_vvvv27_vv16_vv5_v20_14_7_v32_vvv14_v32_30_vvv39_21_v40_vvvv6_1_vv25_24_11_v1_vv43_24_19_v44_25_20_v46_41_vvv55_28_10_v37_16_9_v25_vv28_vvv20_8_1_v31_v17_vvvvvvv8_v20_v53_24_18_v63_6_v52_38_8_v69_v65_60_45_v32_5_v78_vvvvv1_v69_43_31_24_23_14_v1_v29_v93_91_90_89_87_82_78_75_74_73_68_64_63_57_56_54_53_50_43_41_39_37_36_33_28_21_20_19_16_12_11_10_8_6_5_3_1_v8_6_v22_2_v3_v26_4_vv59_v12_v63_29_1_v5_v79_77_61_33_25_23_10_v103_99_72_71_61_56_54_46_44_29_26_18_11_6_v12_v56_v83_65_27_v82_v89_16_v98_82_67_v99_87_66_31_8_4_v19_v20_v21_v44_25_v69_26_25_v80_v90_25_11_v84_11_v70_v81_28_v39_vv31_1_v125_v125_121_94_78_51_47_28_22_18_v92_34_19_8_v,129,train,256
vvvvvvvv7_v2_v3_v4_vvv7_v8_vvvvv20_vvv5_v6_1_vvvvv4_vvvv27_vv16_vv5_v20_14_7_v32_vvv14_v32_30_vvv39_21_v40_vvvv6_1_vv25_24_11_v1_vv43_24_19_v44_25_20_v46_41_vvv55_28_10_v37_16_9_v25_vv28_vvv20_8_1_v31_v17_vvvvvvv8_v20_v53_24_18_v63_6_v52_38_8_v69_v65_60_45_v32_5_v78_vvvvv1_v69_43_31_24_23_14_v1_v29_v93_91_90_89_87_82_78_75_74_73_68_64_63_57_56_54_53_50_43_41_39_37_36_33_28_21_20_19_16_12_11_10_8_6_5_3_1_v8_6_v22_2_v3_v26_4_vv59_v12_v63_29_1_v5_v79_77_61_33_25_23_10_v103_99_72_71_61_56_54_46_44_29_26_18_11_6_v12_v56_v83_65_27_v82_v89_16_v98_82_67_v99_87_66_31_8_4_v19_v20_v21_v44_25_v69_26_25_v80_v90_25_11_v84_11_v70_v81_28_v39_vv31_1_v125_v125_121_94_78_51_47_28_22_18_v92_34_19_8_v,129,train,165
vvvvvvvvvvv3_vvvv5_v14_12_10_vvvvvv22_19_7_vv13_v22_3_v23_1_v14_vvv1_v9_v21_v32_v31_8_v25_20_13_vvv11_v23_v29_v38_31_22_19_vv36_v33_v29_vv33_10_v23_v27_24_23_8_v4_v48_34_29_25_17_2_v11_5_v41_28_11_v32_8_4_vv27_v54_52_50_47_46_40_35_34_32_31_30_29_28_27_24_9_8_5_3_v54_42_v2_vv54_2_v39_34_vv16_10_7_v40_v64_62_60_59_57_52_50_48_47_46_45_30_29_27_21_19_11_9_8_7_6_3_v1_v68_67_52_35_v,69,train,201
vvvvvvvvvv1_vvvvvvvvvvvvvv1_v20_vvv25_vv9_v14_vvv25_17_vv9_8_v15_v21_6_vvvv20_vv39_36_4_v43_23_1_v16_vvvv50_vv31_29_24_7_v50_30_16_1_v22_16_2_v22_3_vv25_v32_vv54_49_40_29_v58_8_v53_v43_18_v37_27_vv55_35_v61_48_47_36_28_7_4_v15_vv36_26_v64_v35_v56_28_vv58_30_v48_v6_v36_vvv51_v72_9_v73_15_10_1_v11_v75_3_2_v70_56_17_5_vvvv46_vvv82_65_62_59_50_48_32_16_6_v52_10_1_v46_v30_11_3_v89_57_v92_91_78_67_55_27_v3_v97_72_64_48_47_24_7_v73_65_64_49_25_8_vv43_vv19_v53_vv65_63_15_vv105_v105_100_93_80_27_v85_84_76_12_11_v102_53_47_2_v93_v74_vvv112_110_108_99_98_96_89_87_78_73_69_58_55_51_41_36_35_5_1_v75_22_1_vv91_v92_vv90_79_74_v75_32_v60_59_30_8_vv111_v123_121_118_111_109_98_90_89_84_80_66_64_63_62_55_33_16_11_10_1_v68_1_v41_13_2_v72_66_3_v68_35_v129_92_90_89_84_75_10_v49_v113_112_v30_v132_130_120_119_118_107_98_81_71_41_21_20_19_9_7_v104_41_vvv49_v64_v26_vv53_38_v18_v53_v127_31_v66_v133_132_102_67_v132_110_109_107_102_73_44_28_27_18_v88_vv76_58_12_v145_134_60_43_38_30_27_v114_33_32_22_v127_v153_99_93_92_86_vv131_v131_36_9_vv161_121_119_103_88_64_63_v160_120_v148_15_7_v146_137_v75_73_39_16_v76_v128_111_18_vv166_141_v141_128_v122_51_10_v126_46_v156_148_140_135_126_118_109_96_75_64_52_51_42_37_v172_135_132_84_67_50_31_v117_v145_114_83_61_50_48_v137_135_87_34_28_vv176_151_vv114_91_88_77_66_v67_56_37_v91_48_v135_35_11_v187_185_184_183_182_180_178_177_176_175_174_173_170_169_168_166_161_159_157_149_148_146_145_143_141_140_139_132_131_127_126_125_123_121_114_109_106_105_104_101_100_99_96_93_88_87_85_80_77_75_72_71_69_68_60_58_57_56_55_50_49_48_47_46_45_44_43_41_40_39_38_37_36_35_34_29_28_22_20_19_18_13_9_8_7_5_4_3_2_1_v144_42_37_13_v66_38_1_v23_15_v162_106_v182_162_133_127_80_41_v191_166_157_142_141_101_82_31_30_6_v192_167_159_143_142_134_119_102_95_94_19_1_v152_123_93_v154_v10_v156_101_v12_2_v115_v160_143_v180_166_158_150_39_v37_v160_v197_31_29_vv113_v206_181_179_166_164_148_133_123_109_108_42_35_33_15_6_v130_v170_v167_147_97_79_39_v198_120_109_93_43_42_25_10_v26_v145_122_119_106_97_82_78_63_47_39_27_2_v206_182_154_10_v4_v211_207_193_187_182_179_177_169_167_161_157_155_153_135_130_129_128_127_121_116_63_59_43_32_31_24_22_10_v126_31_v214_189_61_v218_200_193_185_176_160_145_128_121_120_109_45_27_26_v219_169_28_1_v220_196_195_187_181_170_130_111_59_28_14_2_v221_171_148_21_v222_198_197_183_172_132_61_30_16_4_v150_19_v39_v209_208_161_40_v229_148_143_v210_201_163_31_v214_186_158_128_98_v,232,train,111
vvvvv2_vvvvvv1_vvvvvvv11_vvvvvvvvv20_v25_v26_24_vv21_v13_v2_vvv26_17_vvv11_10_v18_vv12_v2_v19_v7_vvvvv31_vv49_27_vv47_45_5_v53_30_1_v9_vvvvvv33_7_v60_58_19_1_v31_vvv59_55_43_35_32_v63_5_v59_32_vv47_16_v45_31_8_v45_29_v74_24_v74_71_30_25_v64_44_41_v69_55_53_45_29_10_6_vv16_v44_26_vvv81_v65_29_v66_44_35_30_vv58_v10_v37_vv80_7_v81_13_8_1_v9_v83_44_3_2_v57_20_v73_vvvv46_v92_52_vv100_91_74_71_67_50_48_35_15_6_v84_58_46_v53_12_2_v30_12_3_v99_83_75_54_29_v78_v104_80_70_47_46_22_6_v81_71_66_48_23_7_v44_v85_vv96_40_3_vv100_v76_74_45_32_vv66_64_16_vv110_30_29_27_vv116_64_v116_112_103_92_89_31_v97_96_86_16_15_v114_91_59_50_2_v69_23_v45_vv100_v56_vvv69_vvvv130_129_127_116_114_113_108_106_89_83_80_71_67_61_50_47_46_12_1_v85_38_1_vv98_v124_66_65_36_4_v107_88_83_v84_41_vv127_115_v139_138_135_126_123_115_112_101_99_98_92_89_76_72_71_70_61_41_21_9_8_1_v79_16_1_v49_11_2_v83_74_3_v50_13_4_vv127_88_78_46_41_39_19_v147_102_100_99_94_88_11_vv38_v100_v150_149_137_136_134_126_109_94_81_57_21_20_19_11_9_7_v159_vv123_54_v145_vv74_v131_27_v63_v142_29_v11_v22_v66_v78_56_v160_147_137_66_46_34_30_25_v152_151_115_80_46_13_v150_122_121_119_114_84_55_31_30_20_19_v100_40_vv145_v165_v126_36_35_v90_79_16_v8_v174_115_106_105_98_v161_79_45_v82_v28_v3_v155_45_12_v50_v107_53_vv116_vv22_v191_189_141_139_126_107_85_84_v188_140_v175_23_14_vv95_94_51_24_v96_v148_134_26_v171_93_v91_90_v195_171_v171_149_121_v191_v199_147_v62_v150_149_61_56_v207_166_124_5_vv187_182_172_151_134_101_86_68_67_57_50_v67_v106_1_v207_162_159_111_91_69_v209_v148_v181_142_111_79_70_68_29_v165_163_115_44_v27_v212_188_v139_85_32_v142_119_116_104_84_v193_180_v173_86_77_54_v155_121_96_67_v164_52_15_v227_222_221_220_219_218_216_215_214_213_212_211_206_205_203_202_199_197_195_179_178_175_174_172_171_170_169_166_163_159_158_156_152_150_141_137_136_135_134_130_129_128_125_123_118_117_116_108_103_101_94_90_88_87_81_79_78_77_74_69_66_65_64_63_62_61_60_59_58_57_56_54_53_52_51_45_42_31_29_28_27_19_10_9_8_6_5_3_2_1_v173_59_54_17_v86_55_1_v187_21_v33_20_v133_119_99_v221_201_166_157_107_59_v141_v230_206_191_173_172_132_110_45_41_8_v63_v64_v235_233_209_199_176_175_170_151_135_129_128_27_3_v185_155_128_v187_v14_v189_135_v160_115_v17_3_v224_v142_139_126_108_99_v76_v77_52_v197_183_v206_195_187_56_v244_v39_v198_v41_v185_151_30_v246_225_104_48_42_v153_130_v215_186_v256_254_230_206_204_191_172_150_149_48_24_9_v205_188_185_107_56_51_17_v245_158_148_121_64_61_34_11_v181_179_134_35_19_v183_160_157_141_125_110_107_89_65_52_36_2_v253_233_228_195_8_v4_v254_239_234_227_218_208_202_198_195_191_174_168_167_166_165_86_84_58_41_40_31_27_9_v164_40_v260_236_86_v111_99_v168_v196_v269_267_243_233_217_204_185_169_163_162_147_61_37_34_v251_249_196_46_v269_211_39_2_v65_48_v271_248_247_237_224_213_173_151_82_38_17_4_v272_214_190_27_v255_254_248_201_71_66_65_36_v176_160_65_61_v262_261_230_225_221_206_196_169_168_127_78_v,281,train,354
vvvvvvv6_1_vv2_vv6_vv8_v11_v15_vvvv17_8_v9_v7_v19_8_4_v21_12_4_vvv21_v15_11_v6_v13_2_v3_v4_1_v27_5_v20_v34_19_9_v24_7_v29_27_v30_28_1_v36_35_27_16_v23_12_10_1_vv39_30_vv41_32_24_20_15_v43_38_35_8_7_v42_24_23_v44_35_26_23_3_v7_v46_37_25_5_2_v38_v48_31_30_27_24_v40_v48_45_42_8_v1_v2_v5_vv43_v56_47_vv8_4_v61_53_46_27_2_v38_v11_v62_53_v30_25_22_v14_10_6_v65_56_44_26_19_17_12_4_2_v58_54_50_41_28_23_6_v44_17_v56_48_43_25_v60_52_51_15_v60_56_43_42_41_40_33_4_2_v51_v64_57_41_32_6_v57_v68_15_v16_v75_67_61_28_v77_69_68_65_52_46_34_29_18_7_5_v66_53_47_38_35_8_6_v78_71_59_36_13_v77_56_55_48_10_5_v,83,train,509
vvvvvvvvvvvvv1_vvvvvvvv21_15_vvvvvvv7_vvvvv26_vvv24_22_v13_v2_vv28_16_vvv15_5_v12_11_vvvv38_6_v19_v32_26_vvv35_29_22_15_11_10_3_vvv28_vv37_vvv31_v56_51_7_vv54_34_2_vv54_vvvvv71_v60_5_vv45_41_10_v37_22_1_v69_27_2_v39_vvv71_65_53_43_41_v74_5_v70_41_vv56_39_7_v58_21_v85_36_v84_82_37_36_v73_51_49_v80_63_62_52_35_9_4_vv51_29_v92_64_9_v69_29_v74_70_66_49_46_44_30_vv63_vv8_v54_15_5_vvvv90_10_v91_11_1_v92_71_55_2_1_v13_v20_vvv48_v87_14_v59_v113_109_56_21_v99_81_77_74_51_50_33_16_6_v54_9_1_v64_46_v29_12_3_vv110_92_82_59_56_29_v3_v114_88_77_47_45_25_7_v89_78_73_48_26_8_vv44_vvv106_71_v128_107_36_v84_45_35_vvv69_68_18_vv121_31_30_29_v129_66_v127_121_111_99_97_30_v105_104_93_16_15_v123_99_58_50_2_v97_52_vvv133_131_129_116_115_112_107_105_87_78_72_62_57_53_44_39_38_4_1_v81_1_vv143_124_v106_82_75_v76_33_v127_60_59_31_6_vv126_114_v142_140_136_126_124_114_112_99_97_96_87_81_66_64_63_62_56_34_13_9_8_1_v70_1_v43_11_2_v140_v13_4_v76_68_5_v70_38_32_v152_97_96_94_87_79_12_vv137_113_vv32_v154_152_138_137_136_126_108_86_74_22_21_20_12_10_8_v143_108_37_v46_vvv155_132_128_102_96_86_v55_v28_v141_29_v58_40_v72_v147_113_111_110_103_73_42_28_27_16_15_vv161_146_137_59_38_34_28_25_v61_v72_v154_153_109_73_vv144_v95_v120_37_36_22_vv176_105_97_96_92_v160_70_44_vv151_40_6_v47_vv104_v185_129_128_111_96_71_70_vv188_130_v170_16_10_v72_71_v83_81_46_23_v84_vv139_121_26_vv193_165_v165_161_155_139_vv136_135_54_51_v196_164_112_3_v180_174_163_148_136_129_118_105_85_70_61_60_49_42_v88_v203_148_145_95_74_60_37_v129_97_v171_124_94_69_60_58_22_v212_184_48_v150_149_99_41_39_v214_193_6_v122_vv208_180_vv128_105_102_89_77_v78_69_43_v105_58_v199_176_175_62_54_v149_49_16_v223_218_217_216_215_213_211_209_208_207_205_202_199_198_197_194_192_189_187_170_169_163_161_160_159_156_154_151_147_143_142_139_137_135_129_123_121_120_118_116_115_108_106_103_102_100_92_88_86_84_83_81_80_74_72_71_68_67_61_59_58_57_55_54_53_51_50_49_47_46_45_44_42_39_37_29_27_26_24_19_13_11_8_6_5_4_3_1_v161_51_18_v95_80_52_1_v30_20_v204_185_178_172_170_144_115_101_100_64_44_16_14_v214_192_149_141_91_55_v223_197_181_156_154_116_93_40_38_6_v224_198_187_157_155_150_135_117_110_109_24_1_v170_139_108_v141_v171_v11_v173_117_v44_38_v14_3_v186_v129_v125_122_99_90_v206_vv244_230_117_16_v241_233_209_188_179_77_41_v218_154_47_v198_183_171_55_v184_v221_157_v238_214_96_82_57_51_45_41_13_4_1_v215_97_5_2_v199_v246_220_190_189_172_157_132_131_46_23_6_v30_v219_62_56_9_6_5_4_v236_208_192_172_169_143_99_53_50_v238_143_131_113_57_56_33_10_v34_v168_145_142_126_117_102_97_85_62_52_35_2_v3_v133_97_77_47_17_v247_225_218_208_203_192_185_181_177_175_158_153_152_77_57_41_39_32_30_8_v149_39_v255_227_167_152_79_24_v245_178_138_v172_1_v260_238_234_223_203_186_171_153_146_145_130_60_37_36_v117_44_43_v243_242_180_45_v263_238_237_226_209_194_156_133_78_39_17_3_vv265_240_239_211_196_158_80_41_19_5_v49_v46_13_v91_47_14_v276_149_48_15_v270_201_47_10_v276_260_257_254_244_228_218_214_209_195_192_186_185_181_178_165_155_154_153_133_121_82_70_50_45_38_35_17_7_v,279,train,324
vvvvvvvvv8_3_v5_2_v7_v3_vvvv12_5_v11_1_v2_v11_vvvvvvv23_3_v2_vv22_v14_13_6_v19_v16_v9_7_vvv30_v37_v35_24_2_v15_v16_v3_v20_vv32_27_19_14_2_vv8_v18_v46_43_20_19_vv49_38_vvv50_29_v16_v47_43_30_29_26_17_vv32_13_2_vv3_v12_vv62_61_58_32_30_25_17_12_10_6_3_v42_v26_v30_vv50_vv60_38_29_v63_61_50_40_35_23_20_4_2_vv47_45_28_17_vv36_10_v52_v53_v54_2_v9_v26_v57_32_v58_55_47_v39_vv70_46_38_v16_v83_v12_11_10_v61_30_27_v51_v52_44_42_6_v70_18_v77_49_44_27_25_22_10_v87_57_55_4_v72_71_59_27_v86_64_26_v69_52_v94_v90_74_72_68_60_58_54_50_37_36_35_23_22_17_7_6_v61_25_10_6_v52_v101_39_v54_v2_v66_v99_67_v25_v94_85_84_81_77_69_56_54_36_21_13_10_9_v10_7_5_v109_72_47_v107_87_83_77_55_52_49_29_19_12_3_v105_73_47_v50_v65_29_23_v114_52_v77_51_16_v89_58_55_6_v50_v112_104_80_76_72_70_50_44_26_19_18_5_3_v81_20_v91_89_76_58_51_25_vv89_69_43_28_24_v61_v41_26_7_v124_56_5_v96_35_28_v89_23_v90_v91_2_v81_77_51_12_8_v67_47_39_32_13_v115_98_90_86_84_v125_93_85_64_12_v76_73_36_17_v80_2_v98_72_v86_67_v137_69_18_v132_130_119_110_104_101_92_89_85_77_73_72_71_47_19_2_v,140,train,486
vvv3_vvvv6_1_vvv7_vv6_5_v9_vv10_1_v15_4_v4_v17_12_v1_v2_v3_1_vv22_17_4_3_2_vvv24_9_v26_v15_10_5_v16_vv27_16_v30_21_20_3_v15_10_vvv25_v36_10_7_v3_2_v35_31_30_26_v22_21_17_8_v40_35_29_v41_v11_v13_v28_v2_vv46_41_30_25_22_21_19_18_11_7_4_v42_31_26_19_12_8_v13_1_v33_32_28_11_v51_45_40_25_v52_vvv56_53_52_51_48_47_46_45_43_42_41_39_38_34_33_32_31_25_22_21_20_18_17_13_11_10_9_2_1_v,57,val,48
vvvvvvvv7_v2_v3_v4_vvv7_v8_vvvvv20_vvv5_v6_1_vvvvv4_vvvv27_vv16_vv5_v20_14_7_v32_vvv14_v32_30_vvv39_21_v40_vvvv6_1_vv25_24_11_v1_vv43_24_19_v44_25_20_v46_41_vvv55_28_10_v37_16_9_v25_vv28_vvv20_8_1_v31_v17_vvvvvvv8_v20_v53_24_18_v63_6_v52_38_8_v69_v65_60_45_v32_5_v78_vvvvv1_v69_43_31_24_23_14_v1_v29_v93_91_90_89_87_82_78_75_74_73_68_64_63_57_56_54_53_50_43_41_39_37_36_33_28_21_20_19_16_12_11_10_8_6_5_3_1_v8_6_v22_2_v3_v26_4_vv59_v12_v63_29_1_v5_v79_77_61_33_25_23_10_v103_99_72_71_61_56_54_46_44_29_26_18_11_6_v12_v56_v83_65_27_v82_v89_16_v98_82_67_v99_87_66_31_8_4_v19_v20_v21_v44_25_v69_26_25_v80_v90_25_11_v84_11_v70_v81_28_v39_vv31_1_v125_v125_121_94_78_51_47_28_22_18_v92_34_19_8_v,129,train,470
vvvvvvvvvvv3_vvv14_3_v2_v13_v8_v15_8_7_2_v13_7_v8_6_vv22_v11_v20_v15_vv23_21_14_8_2_v12_vv30_18_v29_28_27_18_17_15_9_v19_5_1_vvv28_v17_v28_vv26_24_12_8_vv30_v31_v32_2_v35_v34_17_v45_33_14_7_v36_33_26_v39_26_v49_v35_17_16_v27_25_12_v45_12_v25_v46_44_43_v40_28_v56_v55_45_43_38_35_34_30_29_23_22_21_16_15_10_5_4_v22_12_v12_v51_23_v56_51_50_47_42_39_32_31_23_12_7_5_4_v5_4_v63_52_48_43_32_30_29_16_11_6_2_v49_31_30_1_v56_50_v57_44_41_38_13_v64_51_40_31_v48_38_14_11_v12_v51_18_13_v25_13_v26_14_1_v62_52_v41_40_17_v44_29_v67_v,77,train,247
vvvvvvvvvvvvvvv13_vv3_v9_7_vvvv7_vvvvvv28_vvvvvvvvv32_vvvvv32_28_vvvvv10_v45_vv20_vvv28_vvvv31_vv47_vv41_18_16_8_v62_v26_vvvvvv30_22_vv68_vvv44_24_v55_14_vvv45_v33_v55_vv77_63_57_49_47_19_15_11_10_3_v40_22_vvvvv29_v73_v31_v70_vv55_v37_v84_58_36_13_vv60_v50_16_v76_46_38_13_v83_v55_v43_v90_37_vv92_70_44_29_19_vv46_vv50_27_v105_47_15_13_v108_43_29_vv57_v102_95_79_55_51_19_4_vv87_20_vv107_44_v119_117_99_97_91_83_58_57_51_v94_70_25_16_v23_v67_v102_16_v115_104_98_31_v21_20_vv78_65_43_12_vv117_116_94_70_60_59_41_34_27_24_19_15_v71_1_v94_84_17_2_v121_v79_72_13_9_v41_vv24_v132_124_90_40_8_6_vv93_vv46_v81_80_v52_v4_vv103_v144_142_140_139_135_134_128_116_112_107_103_101_99_88_84_83_82_81_80_78_77_76_74_62_60_59_57_52_45_44_43_42_41_38_36_35_33_30_26_22_17_15_14_12_8_2_v137_127_124_29_25_5_4_v75_v116_v32_v79_5_v92_v108_34_25_vvv66_vvv142_103_v158_113_90_85_57_56_50_40_vv16_v20_v18_v82_59_43_v164_119_96_69_62_56_46_v156_54_21_v45_v161_159_144_115_96_77_65_57_54_51_37_22_20_14_6_1_v113_24_vv114_110_63_59_53_44_32_26_v92_54_vv29_v30_v117_86_12_v155_124_88_56_55_48_35_9_v154_84_v180_3_v164_v1_v55_37_v174_146_49_v166_163_125_79_v113_v139_128_42_v180_178_171_41_19_v68_v9_8_vv38_v127_68_39_24_1_v48_v142_63_v177_148_137_136_106_88_82_49_v183_142_107_85_79_74_48_41_28_v30_v81_v82_vv156_152_110_14_v186_126_v163_v201_162_159_158_141_137_135_111_102_101_95_85_81_67_41_39_21_v7_v126_v152_76_39_2_v62_46_31_12_v8_v207_122_117_115_65_39_v208_176_116_103_84_76_66_1_v67_v156_86_68_v212_93_v70_v169_105_v158_144_8_v117_115_v200_98_78_73_57_42_v75_v177_153_76_v142_107_v78_v78_62_vv225_180_157_152_124_123_117_107_v166_139_82_v179_v211_174_170_132_126_32_v38_v142_35_33_v211_191_181_173_148_88_46_15_3_v127_91_65_43_v133_131_110_30_v77_v191_109_91_53_v135_134_92_33_vv94_v147_69_v197_184_161_96_v162_97_v171_167_v241_209_151_136_33_16_v81_v225_191_187_85_v243_231_v246_127_102_91_86_75_v160_53_v186_176_105_75_46_35_v214_206_124_120_114_106_47_1_v138_74_56_v192_181_177_160_82_51_v182_178_52_v176_109_99_93_55_v242_169_110_94_32_v218_182_136_111_95_v62_50_v142_118_117_82_63_51_11_2_v64_v208_93_73_v138_117_85_44_32_28_v153_80_v215_137_130_119_63_1_v232_208_157_153_147_138_120_99_v135_v249_187_72_60_5_v172_123_v139_135_96_6_v254_245_240_215_163_41_1_v255_221_220_216_193_179_174_42_39_v256_183_126_2_v226_160_148_87_78_v252_v119_20_v239_206_190_176_173_148_58_14_v224_123_89_16_v234_213_198_151_133_v190_63_v234_211_177_161_38_v265_11_1_v160_114_113_95_v284_268_243_233_224_203_152_138_119_113_96_58_47_vv276_224_215_182_117_47_v277_239_204_197_189_183_173_110_99_54_13_v259_239_171_140_119_102_44_34_33_v260_240_216_1_v217_2_v218_3_1_v210_147_59_v175_93_v244_166_148_92_29_8_v245_214_167_149_93_30_10_9_1_v150_85_10_v257_137_39_v217_152_v218_153_v219_23_v220_v244_221_215_201_173_79_v157_v197_161_70_v259_71_v183_169_145_137_v236_198_184_161_138_v248_36_v249_37_v38_2_v189_v208_128_93_v309_295_279_277_274_267_255_247_244_226_224_219_217_213_212_209_200_185_184_182_177_175_160_141_101_92_76_47_34_29_v203_168_1_v257_187_169_78_15_2_v280_207_170_3_v259_189_15_4_v226_185_116_v306_200_173_v174_v205_175_98_v176_117_v195_177_v178_v313_197_179_v180_30_v316_238_181_99_48_31_v263_226_225_224_212_204_190_182_109_90_85_83_76_62_16_v202_183_45_v236_v237_201_2_v204_95_v229_70_v303_63_v166_127_28_v337_309_218_173_82_v338_219_v256_186_132_130_v235_118_11_v131_81_v237_v,343,train,441
vvvvvvvvvvvvvvvvvvvvvv7_vv9_v6_vvvvv29_vv18_8_vv30_21_20_16_14_2_vvv31_v32_1_vvvvvv17_v44_vvvv1_v27_26_v47_44_39_33_12_v45_1_vvvvvv27_vvv28_v58_57_50_49_48_44_41_33_28_8_7_3_vvvv30_vvvvv56_v28_v34_v62_61_47_35_v61_53_52_51_39_25_v43_vv74_44_vv68_6_2_v37_6_vv61_8_v65_35_v58_v53_27_v64_63_12_vvvv19_v48_30_v18_v94_93_92_91_90_89_88_87_86_85_84_83_82_81_80_79_78_77_76_74_73_72_71_70_69_68_67_66_65_64_63_62_61_60_59_58_57_56_55_54_53_52_51_50_49_48_47_44_43_42_41_40_39_38_37_36_35_34_33_32_31_30_29_28_27_26_25_24_23_22_21_20_19_18_17_16_15_14_13_12_11_9_8_7_6_5_4_3_2_1_v94_1_v2_v3_1_v87_42_15_4_v5_v39_25_19_6_2_v7_v53_v90_89_69_9_v10_v,105,train,402
vvv2_vvvvvvvvvv3_v14_vvv5_v14_12_10_vvvvvv24_19_7_vv13_v22_3_v23_1_v14_vvv1_v32_30_9_v21_v33_vv25_20_13_vv34_11_v11_v23_v29_v38_31_22_19_v31_v36_v43_13_v29_v47_45_15_vv34_12_v24_v28_25_24_9_v4_v49_35_30_26_15_2_v55_v13_6_v30_v34_9_5_vv29_v56_54_52_49_48_42_37_36_34_33_32_31_30_29_26_10_9_5_3_v56_44_v2_vv56_2_v41_36_vv17_10_7_v42_v66_64_62_61_59_54_52_50_49_48_47_34_32_29_23_20_11_9_8_7_6_3_v1_v55_v73_71_59_55_38_18_v,74,train,261
v1_vvvvvvvvv8_vv8_3_v4_2_1_vvv4_v8_vv13_1_v18_vvvvvv19_1_vv23_v17_vv16_vvvv3_v2_v20_v15_v8_vv41_35_v40_22_9_v15_vv9_v15_vv26_v40_38_36_v22_vv17_v8_v38_v24_13_v46_28_6_v34_1_v55_54_49_47_45_42_41_31_24_21_13_9_7_v36_vv7_v36_v53_19_16_9_v34_31_22_13_v56_54_53_16_7_v31_v57_39_v68_66_48_47_38_36_35_28_26_16_13_8_4_2_v11_v56_v13_v14_v15_v16_v17_1_v53_v54_v68_34_31_24_v56_41_16_1_v43_31_22_v11_v16_v29_2_v84_82_76_66_64_62_61_60_58_56_55_53_52_50_39_32_30_26_21_18_16_14_6_v21_15_4_v,86,train,242
vvv1_vvvvv8_vv5_v3_1_vvvvvvvv17_v15_vv16_1_vv16_v20_v21_v21_5_vv29_27_20_6_vv3_v27_26_6_1_vv1_v12_1_v31_28_14_13_7_5_v30_25_19_8_v33_23_12_7_2_v2_vv33_vv5_v30_vvv11_v47_38_12_1_v35_26_13_11_2_1_v34_4_1_vv19_18_v3_v49_28_v51_26_8_v27_v22_17_v41_29_13_v36_30_24_23_10_v10_v45_15_12_8_1_v33_20_v58_v26_v29_18_16_14_12_v55_16_13_5_v38_37_11_v18_7_v53_23_19_8_v3_v4_v35_v71_v45_1_v62_46_v74_3_v,77,train,286
vvvvvv5_vvvvvvv9_vvvvvvvv17_vvvvvv8_vvvvvvvvvvvv4_2_vvv6_vvv19_v37_vv47_v45_28_10_v33_vvvvvv14_vv12_v51_43_42_25_16_15_10_9_v19_9_6_vv35_v4_vv27_vvv55_11_vvv71_69_68_66_64_62_61_59_57_56_55_53_52_45_44_43_41_38_32_31_28_26_25_22_19_18_17_16_13_10_9_8_7_5_4_2_1_v7_5_v19_2_v3_v4_v34_v18_6_v77_74_57_56_45_42_39_31_29_22_19_13_7_2_v8_vv42_v67_11_v50_v13_v72_28_v15_v16_v17_v50_v14_v61_20_v21_v92_89_82_73_72_70_69_68_64_62_61_59_57_52_42_37_36_33_25_17_15_13_8_v23_14_v,95,val,49
vvvv2_vvvvvvv6_vvv10_v12_10_4_v4_v17_10_v16_v10_1_v13_vvv8_1_v22_6_vv6_v25_v8_v27_v16_v6_1_v20_16_7_1_v3_1_v34_33_21_17_14_8_6_v34_26_22_v21_v7_v35_23_21_19_17_8_6_4_v33_24_19_17_1_v17_1_v22_2_v8_v26_22_11_4_v6_5_v13_v44_14_v9_v10_v39_28_11_v42_v13_v18_v35_29_15_v52_v4_v41_18_v48_39_33_23_22_v26_v40_v58_52_7_v46_v44_38_v63_56_29_v15_v,65,train,405
vvvvvvvvvvvvvvvvv14_1_vvvvv18_15_14_12_10_8_7_3_2_v16_13_12_10_9_5_4_3_v23_v24_19_5_1_v3_v4_v9_6_5_v25_15_14_10_6_vv6_v9_3_v10_v9_v33_14_5_v19_v16_2_v2_vv18_v19_v18_17_vv19_v23_22_16_12_v32_27_24_23_1_v38_27_v48_43_5_v2_v32_25_v50_26_9_v39_30_v33_23_10_v32_v30_v53_40_39_26_20_19_18_17_v19_1_v44_2_v,59,train,113
v1_vvvvvvvvvvv9_vvvvv1_v13_7_v4_v3_v10_7_3_vvv6_v6_v9_7_6_v16_v15_vv5_v2_v26_v30_v17_vvvv21_vvv24_15_v25_vvv36_2_vvv41_vv32_vvvv31_vv24_vv45_1_vv32_28_vv43_v44_v45_2_vv11_v2_v19_v50_v51_45_v32_v45_v19_vv23_vv77_v75_45_19_v31_vv14_v28_v27_25_23_vv34_v71_69_67_54_49_42_35_34_28_vv63_60_53_26_25_18_5_v78_75_68_v42_vv26_v12_v70_v78_57_v38_v43_19_v90_81_79_73_70_63_51_49_37_22_12_11_10_v87_51_9_v61_1_v97_96_90_87_80_77_74_55_36_29_20_12_10_v58_16_v52_v85_74_34_16_6_v66_vvv14_v64_v98_30_26_16_v109_58_52_33_20_v55_54_v102_99_95_24_12_v48_v29_13_v104_68_v87_68_49_31_29_v67_15_v119_116_86_83_66_64_60_45_41_27_22_12_8_5_v19_v119_99_v21_v22_v23_v24_v25_1_v88_v89_v117_49_45_35_v91_59_20_1_v80_45_v60_43_31_v131_12_v108_48_28_v21_v117_v88_69_20_v44_5_v139_136_129_110_106_102_100_99_94_91_89_85_84_74_58_47_45_38_29_25_20_18_10_v108_105_82_57_44_v,141,train,321
vvvvvvvvvvvvv1_vvvvvvvvv17_16_v18_vvvvvvv8_vvvvv29_vvvvv28_25_v16_v18_vv32_19_v15_v10_vv44_v30_24_v48_vv33_27_7_3_vvv20_v26_v9_vv37_vv37_v31_vv58_53_10_v62_34_1_v33_v65_17_vv69_vvvvv8_vvvvv14_vvv73_66_53_41_39_v76_v72_vv57_21_vv58_53_33_8_v88_40_v41_v75_50_48_v55_v84_65_64_52_40_11_7_v89_64_60_56_46_9_vv82_v72_32_v73_68_49_33_vv53_29_v30_1_v2_v3_1_vv63_37_vv3_v95_11_v96_12_1_v13_v98_74_62_3_2_vvv50_vv116_112_111_61_59_47_29_22_20_12_9_v106_63_vv68_46_vv94_30_10_v106_81_78_59_57_39_4_1_v98_23_v115_114_95_83_63_61_v50_v119_80_47_4_vvv47_v116_95_v85_52_9_v82_v111_110_77_v115_112_97_79_73_45_40_6_5_v130_113_101_41_v65_36_35_12_v74_72_15_v132_64_v130_123_113_98_96_29_v124_97_58_49_1_v68_22_vv62_vv136_134_132_117_116_114_106_104_91_80_72_63_59_52_37_36_5_1_v82_29_1_vv146_126_81_16_v105_84_vv66_v130_61_59_31_7_v128_113_v145_143_138_128_125_113_111_103_101_100_89_81_68_64_63_61_55_33_14_9_8_1_v71_1_v141_v43_12_3_v76_67_4_v42_14_5_v128_79_70_36_30_26_17_v155_99_97_96_12_v77_68_v126_52_v127_1_v104_35_v157_155_140_138_137_125_112_86_73_49_22_21_20_12_9_7_v145_111_34_v44_vv16_vv66_v51_v29_vv57_v146_32_v72_61_6_v163_148_136_58_39_34_27_25_v70_v155_153_108_71_40_v153_120_119_117_76_45_33_21_vv94_v185_69_vv178_105_96_94_90_v60_vv183_127_125_107_64_59_vv186_127_v167_12_6_v65_64_v76_73_41_13_v74_v135_15_vv144_134_104_34_v194_126_v171_107_105_v129_128_48_46_v203_134_87_v177_146_129_79_v199_143_140_83_67_55_v123_90_v163_117_86_62_53_50_v208_92_v204_179_42_v147_145_88_28_v206_189_86_7_v115_vvv94_93_70_v71_62_40_v98_51_v139_36_v218_213_212_211_210_208_206_203_202_201_199_198_193_191_190_188_183_180_178_166_165_157_156_154_149_147_146_141_139_136_135_133_129_126_120_113_111_110_109_107_106_101_100_99_93_90_88_82_80_79_77_75_73_72_66_64_62_61_59_53_51_50_49_48_47_46_45_44_43_42_39_38_37_36_35_32_30_26_24_23_22_17_12_9_6_5_4_3_2_1_v155_50_38_v207_91_v122_v200_198_178_174_167_164_135_107_90_88_56_37_14_12_v191_v125_v219_147_104_36_7_v150_133_v164_131_99_v10_v114_v40_33_v13_3_v186_162_132_131_130_110_97_11_8_v115_110_89_80_v169_161_v169_v232_222_104_14_v208_144_40_v233_v175_50_v176_v212_148_v231_203_87_52_45_41_38_12_5_1_v204_88_6_2_v126_104_v239_183_181_163_120_115_20_6_v119_v208_57_50_10_6_5_4_v194_184_161_159_133_89_50_v230_128_103_53_31_10_v32_v131_130_107_92_70_57_33_2_v240_213_209_169_10_v231_119_87_68_51_43_17_v245_239_220_214_209_202_195_182_179_175_172_169_165_146_143_142_141_140_138_128_77_68_53_38_37_29_27_10_v134_37_v248_216_157_70_54_24_v158_25_v235_165_154_v253_214_195_177_138_134_129_34_v233_232_168_42_v167_128_v44_v41_10_v79_42_11_v144_129_61_56_v265_248_245_242_230_218_206_202_193_182_178_173_170_167_162_151_139_138_137_119_107_73_63_44_40_34_31_13_5_v,268,train,166
vvvvvv1_vvv5_vvvvv12_vvv6_vv5_2_v19_vvvvv2_vv22_v17_vvv19_1_vvvv9_v22_v11_vv28_v29_v29_10_vv42_41_38_27_11_vv3_v35_34_6_1_vv22_v17_2_v24_v40_37_20_19_8_6_v39_34_26_9_v42_31_13_8_2_v50_47_46_45_20_2_v11_vv43_34_vv6_v37_vv11_v60_46_12_1_vv26_v45_34_15_13_4_3_vv2_vv2_v60_31_v62_29_10_vv31_v26_v51_33_16_v45_34_28_26_11_v12_8_vv37_22_v70_v29_v50_v33_22_18_15_14_v20_v43_42_12_1_v14_1_v75_v76_vvvv49_38_v61_42_15_11_3_2_v95_90_80_71_66_62_57_39_34_31_28_5_4_v53_1_v2_v3_v94_4_v,100,train,467
v1_vvvvvvvv7_vv7_3_v4_2_1_vvv4_v8_vv1_v17_vvvvvv19_1_vv22_v17_vv16_vvvv3_v2_v20_v15_v8_vv40_v39_22_9_v15_vv9_v15_vv26_v40_38_36_v22_vv17_v8_v38_v24_13_v46_28_6_v34_1_v54_53_49_47_45_42_41_31_24_21_13_9_7_v36_vv7_v36_v53_19_16_9_v34_31_22_13_v56_54_53_16_7_v31_v57_39_v67_65_48_47_38_36_35_28_26_16_13_8_4_2_v11_v56_v13_v14_v15_v16_v17_1_v53_v54_v68_34_31_24_v56_41_16_1_v43_31_22_v11_v16_v29_2_v83_81_76_66_64_62_61_60_58_56_55_53_52_50_39_32_30_26_21_18_16_14_6_v21_15_4_v,85,val,15
v1_vvvv4_vv4_3_1_vv8_4_vv4_v8_6_5_v3_vvvv16_8_vv16_13_6_v19_8_v2_v3_v15_v5_2_v22_19_12_4_3_1_v25_17_v15_v25_v28_20_v11_5_vv32_12_3_v7_v32_30_29_24_22_19_17_16_8_5_v1_v17_11_v9_v35_10_7_vv31_7_v33_1_v23_21_17_8_v43_40_27_v41_40_38_33_32_5_v32_11_v31_14_12_v43_18_v43_41_29_23_20_19_17_10_4_v42_30_24_18_11_5_v16_v13_2_v49_48_45_40_24_v34_32_28_11_v51_40_v17_8_v53_44_15_v,57,train,154
vvvvv3_vvvvvv1_vvvvvvv11_vvvvvvv18_v24_v25_22_vv19_v11_v2_vvvv25_16_vv11_10_v17_v16_v4_v22_v14_vvvvvv46_25_vv43_41_4_v48_28_1_v8_vvvvvv56_53_19_v32_8_1_v29_vvv55_51_41_33_30_v59_6_v55_31_vv45_16_v43_8_v43_30_v70_29_v70_67_31_30_v60_42_39_v65_52_51_43_28_10_6_v16_vv41_26_vv75_v60_28_v61_39_29_vv55_v35_vv74_6_v75_12_7_1_v8_v77_47_3_2_v53_18_vvvv43_v85_48_vv94_84_69_66_61_47_45_32_6_v54_43_v50_11_2_v27_11_3_v92_78_70_51_v73_v97_75_65_44_43_20_6_v76_66_64_44_21_7_v41_v80_vv89_37_3_vv93_vv62_60_15_vv102_28_27_25_v107_59_v107_103_95_85_82_28_v90_89_79_14_13_v105_84_54_45_2_v64_21_v41_vv93_v51_vvv64_vvvv121_120_118_108_107_106_101_99_83_78_75_66_62_56_44_43_12_1_v80_36_1_vv97_81_76_v115_61_60_34_4_v78_38_v116_106_v128_127_124_116_114_106_103_93_91_90_85_82_69_65_64_63_55_37_19_7_6_1_v72_14_1_v45_9_2_v76_67_3_v46_11_4_vv118_81_71_42_37_35_17_v136_95_93_92_87_81_11_vv35_v93_v139_138_127_126_125_117_101_87_74_53_19_18_17_11_9_7_v148_vv114_50_v134_vv69_v58_v123_26_v10_v21_v135_29_v72_51_v63_v141_140_107_74_43_12_v140_114_113_111_106_78_51_30_28_19_18_v92_37_v152_141_131_65_47_35_31_28_vv153_v137_v119_36_34_v85_75_16_v9_v163_108_99_98_92_v151_75_43_v78_v28_v145_42_12_v47_v100_50_vv108_vv22_v180_177_133_131_118_100_80_79_v176_132_v164_23_13_vv90_89_50_24_v91_v140_126_26_v85_84_v162_89_v183_161_v178_v162_142_115_v187_139_v141_140_59_54_vv191_v176_171_161_142_125_95_82_66_64_55_48_v192_151_148_103_85_v136_v166_130_102_72_65_63_25_v153_151_106_40_v23_v196_174_v128_78_28_v130_110_107_96_77_v160_78_71_47_v142_111_88_61_v181_v151_48_12_v211_206_205_204_203_202_200_199_198_197_196_195_191_190_189_188_185_183_181_166_165_163_162_160_159_158_157_154_151_147_146_144_140_138_130_127_126_125_124_121_120_119_116_114_109_108_107_100_96_94_87_83_81_80_76_74_73_72_69_64_61_60_59_58_57_56_55_54_53_52_51_50_49_48_46_40_37_27_25_24_23_16_10_9_8_6_5_4_3_1_v161_55_50_14_v81_51_1_v28_16_v123_109_91_v204_186_153_144_99_54_v130_v213_191_179_160_159_122_102_40_36_7_v58_v59_v219_216_194_184_163_162_157_139_125_119_118_23_3_v172_143_118_v174_v13_v176_125_v148_107_v16_3_v208_v132_129_100_93_v71_v72_47_v184_170_v194_182_175_51_v227_v184_v170_139_28_v227_208_96_42_38_v141_120_v237_234_212_190_188_175_157_137_136_41_21_6_v189_172_169_98_47_14_v225_145_135_110_56_53_30_8_v167_164_123_31_16_v167_147_144_131_114_101_98_81_57_45_32_2_v233_215_209_179_7_v4_v234_221_216_209_201_192_186_182_179_175_160_155_154_153_152_77_75_51_38_36_28_24_8_v151_36_v240_218_77_v102_89_v155_v180_v250_247_225_215_201_188_170_156_150_149_136_54_34_31_v232_231_180_42_v249_196_36_2_v59_44_v251_230_229_219_208_198_160_140_74_35_17_4_v252_199_175_24_v161_v163_148_60_57_v238_232_187_35_v243_242_220_210_206_191_182_157_156_119_72_v,262,train,98
vv1_vvvv4_3_vvvvvvv12_6_vvv13_vvv14_13_10_7_vv19_15_vv4_v18_14_4_3_vv23_v8_v26_vvv25_10_v1_v18_v32_16_v11_v17_v20_v25_8_vv9_v17_v8_v26_v16_11_v42_16_2_vv41_32_31_30_21_18_10_4_2_1_v19_1_vv44_29_19_v38_34_v46_37_27_v50_24_10_6_v54_41_40_26_24_15_5_vv52_48_45_41_34_22_1_v54_28_10_v39_v12_v,60,train,178
vvvvvv1_v2_v3_v4_v5_vvv7_6_5_4_3_vvvvvvvvvv6_vvvvvv6_vv26_18_14_2_v7_vvvvvv10_v31_v30_vv37_22_v38_v1_vv15_1_vv9_vvv34_v35_23_vvv22_v44_vv9_v48_v38_v41_19_8_vvvvvvv6_v46_v36_vv4_v56_44_37_16_13_v18_vv37_31_11_vvv62_50_27_vv49_vv78_70_43_35_v74_vvv8_vvvv34_v92_91_89_88_87_80_77_76_74_73_71_68_67_60_59_57_55_51_43_39_38_37_36_34_29_27_26_25_18_12_11_10_7_6_2_1_v1_v28_2_v3_v88_vvv97_82_v8_v55_26_25_v76_30_24_12_v86_81_74_72_39_38_34_32_31_30_15_14_1_v82_v85_66_29_13_v65_57_48_14_v15_v78_69_31_v68_39_v91_18_v10_v23_v93_75_71_37_8_5_v97_91_86_85_83_55_46_44_25_6_v23_v24_v25_v108_78_70_35_v27_v6_v84_29_v30_v112_64_v47_36_26_21_v86_80_v112_99_79_76_57_29_23_v35_v,128,train,425
vvvvvv3_v4_2_vvvvv3_v12_vv12_v16_vvv12_v3_vvvv15_vv24_20_19_17_13_9_8_4_3_v21_18_16_12_10_6_5_4_v16_1_vv3_vv9_v11_7_6_v34_32_30_17_16_12_9_7_5_vv2_v33_32_10_3_v11_vv15_vv8_v33_19_12_9_4_vvvvv12_v23_4_v24_v33_27_17_v52_36_v31_2_v37_v38_v30_29_22_18_16_15_12_5_v49_1_v50_44_41_36_32_31_23_18_12_11_7_2_v36_v51_v57_45_10_9_v11_v58_44_18_14_v30_16_v9_v51_40_20_v58_v45_v43_v61_v70_58_v67_55_37_19_12_11_2_v,73,train,119
vvvvvvvvvvvvvvvvvvvv13_vvvvvvvv21_vvvv10_vvvvv20_15_vvv12_7_vvv17_vv19_vv14_vvvvvvvvv51_vvv31_19_6_v35_15_v61_24_v60_58_25_24_v55_39_38_31_24_3_v55_v7_vv45_22_vvv21_vvvv62_7_v63_8_1_v9_vv16_v24_vv27_vvvv45_20_15_vv37_v74_56_44_43_32_8_v1_v35_v88_83_82_66_59_57_49_47_27_vv88_5_v6_vv68_4_vv81_78_68_58_56_37_33_3_1_v30_8_v56_55_12_vvvv96_90_81_72_28_v91_1_v44_v71_vv55_vv103_101_99_87_86_85_80_79_70_66_61_51_48_37_36_6_1_vv64_v3_vv115_96_v95_v110_108_104_95_93_86_79_77_73_68_58_56_55_50_29_13_7_4_1_v62_1_v9_2_vv4_v96_69_61_32_27_25_14_v82_28_vv118_116_103_102_101_94_85_73_63_16_15_12_8_6_v36_vvv58_v43_v21_v114_100_97_93_88_86_74_71_56_49_48_31_30_26_12_10_vv17_v49_v111_26_v62_v116_115_89_63_v115_97_96_95_68_40_v79_vv62_v136_81_77_v90_v65_3_vv93_vv139_60_v89_v79_40_3_v130_14_9_v58_57_v68_67_37_15_v68_v114_17_v122_118_113_34_25_v110_v27_v111_110_43_v85_55_41_29_4_v138_100_69_36_vv74_vv105_78_56_49_47_v124_123_80_28_vvv105_83_82_60_v61_54_36_v86_47_v34_11_v175_170_169_168_167_165_163_161_160_159_157_154_152_151_150_149_146_144_143_136_134_132_131_130_129_127_125_123_122_119_118_115_113_112_107_103_101_100_99_95_93_92_89_88_82_81_78_75_71_70_67_65_61_60_58_56_55_53_52_49_48_47_46_45_44_43_41_40_39_38_37_36_35_34_33_31_28_22_20_19_18_14_8_7_6_5_4_3_2_1_v95_v85_81_v156_141_119_93_v174_91_4_v115_v57_48_v138_91_v8_v9_1_v52_8_v87_v100_96_76_69_v133_vv150_69_57_v156_v165_v180_158_27_2_v1_vv178_108_81_39_21_v148_143_142_47_45_4_2_v132_110_109_97_87_75_73_58_43_35_23_2_v24_18_vv192_187_173_169_162_151_148_145_141_139_126_119_118_57_40_28_27_22_v114_27_v184_156_141_v127_71_27_v181_180_142_30_v108_v32_v207_191_188_186_178_171_166_163_157_150_147_143_141_139_137_123_113_112_111_92_85_54_44_30_28_22_19_8_2_v,209,train,254
vvvvvvvvvvvvvvvvvvvvvv21_16_vvv22_4_vvvv25_vvv10_vvvvvv34_9_v33_1_v2_v20_vvvvvv32_v1_v22_v23_vv20_4_vv12_vv52_v31_v53_7_v4_v41_33_vvv44_36_15_12_11_3_vv27_26_12_vv35_v30_12_v16_11_v48_8_vvv38_vv69_64_9_v76_v72_42_2_vv31_v27_vv29_vv36_vvv55_vv12_vv43_28_2_v44_vv86_vvv65_58_42_32_5_vv68_22_v66_40_v99_98_41_40_v93_72_71_53_38_3_v102_96_71_66_47_7_vvv101_53_v80_30_v87_81_76_53_50_48_31_vvvv57_15_4_vvvvvv8_v18_v107_13_v108_14_1_vv16_v111_81_64_4_3_v8_vvv53_vv130_129_126_65_62_54_32_27_25_20_12_v87_v116_83_82_55_54_38_v122_67_v2_v50_vv128_127_106_88_65_59_v111_27_vv132_86_51_8_vvv104_vv91_56_13_v41_3_v125_80_65_v129_126_105_83_76_48_45_6_4_vv149_128_113_47_v96_92_54_43_v28_v76_75_21_v103_v104_v105_2_v151_71_v149_142_130_109_35_v12_v144_2_v55_v111_61_v112_105_92_v144_109_52_13_v72_vvvv160_158_156_139_138_134_123_120_103_92_84_70_67_49_48_9_2_v156_23_v166_v97_39_3_v19_18_17_v152_129_v116_60_53_vv127_100_v91_82_27_v157_77_10_v153_133_v172_170_165_153_150_132_117_115_104_96_82_80_79_72_21_12_9_1_v87_1_v55_14_2_v140_32_v89_82_v53_17_5_v151_94_86_50_44_39_22_v182_115_113_111_11_v8_v142_139_118_47_v182_180_163_161_160_142_125_99_89_58_24_22_19_10_8_5_v170_125_45_v56_vvv137_99_v192_v82_v178_146_141_134_122_117_102_98_77_69_68_45_44_36_15_12_v68_v32_v171_129_125_124_86_49_25_14_v102_v88_71_6_vv171_37_v84_vv181_179_124_86_v210_80_46_vv203_110_105_vv113_v5_v208_139_138_122_76_71_v211_140_v170_134_v191_10_7_v77_76_v58_vv91_v151_22_v93_90_44_23_vv194_179_176_169_162_150_123_121_78_56_37_30_28_v222_142_v197_126_124_v31_20_15_v231_155_101_v227_181_173_163_124_117_110_69_48_33_5_v148_147_52_v95_v229_162_158_103_78_v142_106_v187_136_68_56_54_v238_108_v238_207_47_v239_218_101_14_6_v164_163_109_39_vvv112_75_v186_130_123_13_v200_187_v112_56_v105_102_v243_241_240_238_237_236_233_232_231_226_225_221_219_218_215_214_207_203_200_185_183_176_172_171_168_166_164_159_157_155_154_150_148_147_140_133_129_128_126_123_122_115_114_113_109_105_104_96_91_89_83_82_77_73_69_67_66_62_60_58_56_55_54_51_49_48_47_46_44_43_42_41_40_37_36_30_26_25_24_16_12_8_7_6_5_2_v173_48_v162_49_2_v83_71_3_v226_201_193_186_183_156_123_106_103_61_42_14_13_v246_165_122_38_5_v152_v181_149_112_v188_151_96_67_58_v9_v129_v11_2_v224_111_v94_63_14_v125_v263_250_249_117_11_vv201_82_67_v235_164_45_v191_52_v263_v106_60_v194_v198_v241_170_v227_52_41_39_7_1_v228_8_2_vv13_v143_v271_202_201_185_154_139_134_25_11_v116_70_65_44_10_v234_59_14_8_7_6_vv177_122_34_26_v261_152_108_60_35_16_v153_116_98_83_60_36_1_v183_172_v137_95_76_56_47_23_v278_272_249_239_234_224_217_203_200_196_194_189_187_168_162_161_160_159_155_147_84_76_55_41_37_34_32_10_v157_40_v269_208_189_143_v100_v177_170_93_44_v185_129_3_v286_240_217_200_162_154_149_40_v114_46_45_v266_265_194_47_v193_149_v49_v164_50_47_8_v226_187_47_28_18_13_v275_244_90_48_14_v301_185_177_155_49_26_15_v284_281_276_260_258_243_231_226_217_207_203_200_196_192_189_173_161_160_159_129_116_83_69_50_48_40_38_16_6_v,304,train,72
vvvvvvvvvvvv7_5_v2_vv10_8_vvv7_vvv14_13_6_vv12_v9_v18_6_vv26_vvvvvv22_vv21_vvv33_31_26_v24_v12_v37_31_8_v31_vv41_33_vvvvv38_v31_25_vvv1_v50_v30_v52_v50_v47_14_vv7_v57_vvvv56_29_vvv61_60_47_17_v10_8_2_vv64_vvvv40_10_vv17_v54_v36_v11_v70_65_61_58_40_36_33_v80_77_75_74_61_58_57_47_30_27_22_14_9_v2_v68_67_61_43_38_21_12_3_vv82_v76_v7_vv12_v88_35_34_19_18_5_v81_v20_2_v30_v88_87_80_27_13_vv56_3_v15_14_v64_v89_78_59_34_21_16_9_v101_100_74_54_25_22_10_5_v20_v92_80_62_v82_v95_94_64_21_v77_65_21_v103_84_58_v97_92_v27_20_v106_100_99_75_70_66_65_46_41_40_29_26_13_10_5_4_v49_37_29_v30_23_v31_v32_1_v80_v88_10_v109_22_v40_v64_51_37_v97_29_15_v114_113_100_26_19_4_v9_v82_77_59_v56_v125_124_119_99_98_95_94_93_91_88_86_82_78_73_65_49_47_43_35_29_24_21_7_v,126,train,345
vvvvv1_vvvvvvvvvvvvvv19_13_vvv19_5_3_v1_v20_v21_v7_vvvv26_6_v25_1_vv32_v12_vv24_22_v1_v15_v18_v28_17_v15_4_vvvv41_vv14_v38_v32_27_26_v46_v48_v35_29_15_11_3_v23_22_11_v28_v30_25_10_5_vv38_v37_36_v53_v58_v51_39_33_2_v58_7_v60_12_vvvv25_vvv48_5_v71_vv47_vv14_vv56_v41_vv42_vv60_v57_52_39_30_5_vv24_v53_39_v79_65_38_v39_v55_v90_89_68_64_45_8_vv60_26_vv72_71_33_v77_72_69_51_47_46_34_v89_27_v75_54_29_v30_1_vv56_17_5_v4_v80_63_38_v6_2_vv72_v10_7_v13_v14_1_v75_60_2_1_vv17_v8_v104_vv92_18_v116_114_112_94_63_61_56_32_26_24_20_10_vv80_78_57_37_v23_v82_62_v106_v30_v51_vv103_v104_46_v105_96_5_v36_v110_75_62_v113_111_96_77_72_43_40_5_4_v80_v99_v41_v134_115_44_v91_52_40_vvv42_v132_43_6_v72_43_42_20_v67_v81_24_vvv138_49_46_26_6_v140_76_v55_8_v100_v105_49_14_v71_v55_vv125_115_92_73_68_46_45_v151_135_132_91_23_v136_2_v83_74_21_v117_96_86_v87_40_v136_123_v122_99_75_72_7_1_v147_v80_72_25_vv142_135_85_76_44_37_34_14_v159_106_104_94_8_v132_57_v133_1_v131_110_41_v150_115_40_v87_v135_131_v154_130_124_119_111_105_89_84_62_56_55_29_28_24_9_8_v127_97_v113_103_32_17_16_9_v173_160_59_54_26_vvv98_84_v54_v169_160_145_87_66_28_v6_v121_101_v91_44_v91_4_v48_v180_125_v165_61_60_v179_75_v68_14_v10_vv155_144_139_131_101_24_20_v187_123_v190_189_170_139_v169_105_103_vv25_22_16_v196_171_138_82_2_v189_104_89_51_36_27_7_v130_40_39_v130_44_43_36_v180_146_130_79_78_v83_v200_149_v199_144_87_59_v125_90_v205_91_v208_182_39_v209_190_86_18_7_v149_92_36_v31_v118_v37_v193_138_v122_63_35_v183_v95_90_v212_210_190_180_157_140_137_133_130_111_110_107_92_76_59_54_44_40_18_8_3_v158_45_18_v123_v199_198_180_172_167_164_138_105_92_87_52_44_13_12_v130_v126_v202_150_134_v166_131_99_v58_54_v111_v43_40_v95_v230_v59_14_v197_118_52_v211_190_165_135_132_130_118_93_13_10_v169_164_v161_v214_173_v237_224_223_108_16_v234_226_202_183_67_v232_143_94_v187_77_68_v215_151_53_v181_60_v198_40_v95_69_v184_vv221_157_v236_212_87_77_63_60_48_43_20_7_1_v213_88_8_2_v13_v190_170_139_50_9_v127_v237_v105_79_73_48_10_v228_57_v247_220_71_68_15_9_8_7_v27_v140_105_94_84_57_40_v238_169_157_123_86_79_46_v238_126_91_83_62_51_23_v223_164_83_63_28_v165_29_v153_91_46_v169_115_v204_184_147_64_v244_175_136_v46_10_7_v91_47_8_v269_165_157_140_48_23_9_v266_215_v255_181_137_42_v,272,train,163
vvvvvvvvvvvvvv1_vvvvv1_vv4_v3_vv8_v24_4_vv23_20_v8_v25_22_10_8_7_2_v17_16_7_v8_6_vvv15_v34_24_2_v13_vv29_19_vv5_vv23_13_2_v24_vvvv33_17_4_v13_v22_v23_v6_v36_v52_30_v47_19_v50_48_30_28_20_vvvvvvvv22_v34_13_vv31_v4_vvv56_vv68_66_57_42_40_23_21_4_3_v21_vv40_9_v55_v56_v57_2_vv27_v60_31_v61_57_v72_48_35_v83_72_43_28_v85_79_v51_v52_39_37_4_vv39_19_17_v57_55_4_v71_63_18_v75_73_71_60_55_46_32_31_22_v81_52_9_v93_85_v90_72_70_65_60_59_48_45_33_31_30_19_18_13_7_6_v72_55_v62_22_11_7_v88_v64_v65_v82_63_v33_32_v95_84_82_78_73_68_51_50_29_19_11_9_8_v58_12_v10_v22_13_v97_55_23_v107_87_82_77_53_49_46_26_20_13_5_vvv76_45_v77_46_15_v87_54_51_5_vv104_80_72_67_65_46_40_26_18_3_v81_19_v110_95_90_70_53_v98_45_v28_v41_v29_17_v71_v92_70_43_31_28_v61_v11_v124_123_55_v32_vv45_36_23_vv101_43_36_v97_33_v73_41_v99_v106_43_v101_4_v116_v85_58_23_15_vv96_88_77_31_26_20_14_v82_79_46_v107_76_v91_71_v144_140_138_137_129_117_112_109_105_99_95_93_90_87_86_80_76_75_74_59_55_42_34_27_22_16_14_5_1_v,145,val,0
vvvv1_vvvvvvvvv12_vvv12_v13_v5_vvvv18_5_v1_v12_4_vvv9_vv25_vvv22_18_v29_v12_11_6_v17_v20_14_7_3_v24_vv39_v36_4_vvv41_13_1_v16_vvv46_v30_vvvv34_29_18_vv22_v23_v55_50_38_35_27_5_v33_14_v44_17_v48_45_41_28_27_18_v55_15_vvvv4_2_vv66_65_62_32_30_27_13_10_9_6_2_vv8_v12_v61_vv49_3_vv17_v62_40_31_v66_63_51_42_38_22_20_5_3_v28_20_v77_65_57_22_v19_v75_20_3_vv77_22_20_14_2_vv35_27_4_v54_vv27_v19_vv83_77_vv41_36_v50_v39_22_18_v52_v58_24_v84_62_22_v87_70_67_64_57_54_46_43_33_32_31_17_15_13_7_4_v56_v76_v101_92_35_31_15_vv95_88_77_14_v1_v2_v5_v58_50_27_v36_35_v39_8_v79_76_69_14_12_v108_107_94_75_v94_56_55_v10_v16_13_8_vv116_97_77_50_1_v58_52_32_26_19_7_vv115_83_v70_54_v121_55_v121_104_25_v122_110_5_v21_v56_53_v23_13_v113_100_95_92_90_75_61_52_49_30_25_5_4_v71_25_v73_v34_32_v65_v131_v35_8_vvv131_76_54_v133_101_v137_63_11_v105_48_41_v122_84_v55_40_v124_86_v57_42_37_23_2_v125_28_v89_82_v68_49_44_30_23_8_v121_86_31_13_v83_50_23_v73_v23_4_v49_24_5_v151_77_25_6_v149_117_v147_144_141_140_129_122_116_113_108_103_100_98_96_93_91_88_83_82_81_64_60_46_36_27_25_20_19_8_5_v,155,train,510
vvvvvvv6_v5_vvvv2_v2_vv12_vvv2_vvvvv12_vv24_v18_15_14_11_10_7_6_5_v21_14_5_1_v27_24_7_3_v3_vv29_23_20_15_14_11_10_v12_6_1_v33_31_28_17_16_13_9_7_3_v22_vv8_v4_v26_v34_32_13_6_v14_v18_13_v30_vvv21_v13_v24_14_vvv34_v31_v35_29_19_1_v28_25_v26_v39_v29_v31_26_24_17_13_12_9_5_v46_v50_2_v51_46_44_40_34_29_25_17_15_11_8_3_v40_v51_v30_v7_v46_37_v65_38_13_v56_v53_37_25_v58_v49_v43_v65_56_37_21_10_3_v,73,train,306
vvvv2_vvvvvv9_vvv9_v10_v5_vvv14_5_v1_vvv7_vv20_vv18_14_v23_v10_9_5_v14_vv17_13_7_4_v22_vv34_v31_4_vvv15_vvv40_vvvvvvvvv35_31_22_vvv27_v28_v50_39_v55_53_41_39_32_7_v37_20_v46_22_v54_20_vvvvv5_2_vv22_v67_66_63_39_36_33_16_11_10_8_3_vv10_v63_v14_vvv55_3_v18_v66_47_38_v69_67_56_49_44_24_21_5_4_v35_21_v78_69_62_23_v28_v22_v77_23_4_v72_vv80_26_23_16_3_vv44_30_5_v63_vv29_9_v32_25_v53_v87_83_vv46_39_v50_42_22_19_v87_68_21_v89_75_73_70_62_60_48_44_33_31_30_14_12_10_4_2_v99_92_32_29_10_vvv3_v60_46_21_vv13_v33_32_v37_8_v63_v84_81_73_11_v66_44_v69_20_1_v82_73_v2_v112_110_101_83_v100_59_58_vv19_18_15_v118_102_84_51_2_v54_31_25_21_10_vv117_90_v74_55_v123_56_v123_109_27_v124_115_5_v114_104_100_97_94_76_59_50_47_29_26_2_1_v70_v72_v31_v18_v64_v131_v35_vv93_69_vv132_85_78_54_52_29_v134_107_v138_63_13_v112_46_42_v126_85_v50_vv55_45_v130_89_v57_47_44_24_2_vv132_30_v110_103_102_48_45_6_2_v94_87_v72_54_51_33_26_12_v92_34_18_v88_55_v77_v29_4_v56_30_5_v156_81_31_6_v154_127_v153_151_149_147_138_133_126_123_119_110_106_103_101_99_96_92_87_86_85_66_63_53_39_33_31_25_23_8_5_v,160,train,167
vvvv3_vvv2_vvvvvv13_vvvv12_vvvv16_v14_vvvvv21_vv10_v11_v31_26_17_6_vvvv16_v17_v12_v28_25_15_13_7_4_v27_24_20_8_v30_6_2_v40_39_38_37_14_2_vv42_v33_20_vvvv10_v11_1_vv26_13_11_3_2_v25_v29_9_v53_12_11_vv47_25_8_v26_v40_27_11_v17_v35_29_23_22_9_v8_vv55_52_43_41_39_35_30_21_19_18_10_8_2_1_v33_18_vv22_3_v41_v42_v31_21_18_vv40_39_14_1_v1_v61_23_v62_v10_v65_31_23_21_17_14_10_v51_38_14_9_2_1_v23_15_2_v74_62_53_4_v49_1_v65_50_v74_60_40_19_6_v,83,train,186
vvvvvvvvv8_v4_vvvv6_5_vvvvvvvv20_v1_v24_v19_16_2_v25_9_1_v20_vv26_24_18_v29_4_v26_8_v29_28_27_21_14_3_1_v21_11_v25_vv26_v28_26_25_16_14_7_v1_v36_34_28_18_v31_26_23_15_6_3_v40_32_27_16_15_7_4_vv35_34_29_3_2_v25_v42_41_40_34_22_16_14_13_v34_23_22_v23_10_v16_10_3_v46_44_38_31_26_18_17_11_4_v11_v49_31_29_28_27_23_5_vv50_49_48_42_21_8_4_v41_15_v6_v51_36_35_33_32_10_9_5_v36_11_10_v55_29_26_v58_38_36_29_25_19_18_v54_50_v24_12_5_v47_46_v38_4_v59_55_50_45_40_37_32_29_24_21_18_17_13_10_v40_9_1_v65_64_63_62_61_58_55_48_46_45_43_36_35_34_26_25_16_13_12_11_10_8_5_1_v44_12_11_3_v22_12_1_v8_5_v69_61_53_45_44_33_27_11_4_v70_62_57_46_45_41_37_34_31_30_7_1_v55_49_46_13_v72_64_63_52_50_43_39_37_33_32_13_10_9_3_1_v39_12_v56_v39_10_4_v44_40_39_35_32_27_25_21_16_13_11_1_v67_64_60_59_48_47_20_13_8_v78_73_70_65_56_49_45_42_39_38_36_15_9_8_v76_75_48_14_v80_73_72_67_61_55_44_38_22_10_8_2_v81_56_12_3_v82_75_74_63_57_46_24_12_10_4_v79_52_v,85,train,428
vvvvvvvvvvv3_vvv7_6_3_vv10_6_3_v4_vvvvv10_9_vv13_9_8_v24_9_v10_v16_13_vv29_25_13_1_v16_v23_v16_6_v17_9_v29_23_15_v23_v34_v26_v9_v31_v38_28_24_17_4_v29_v13_v3_v28_v23_13_vv44_31_30_29_27_26_25_18_15_2_1_v48_19_16_10_4_v27_26_8_2_v44_40_34_v38_6_v37_28_v21_v45_38_19_13_v50_33_23_v43_39_v35_25_10_6_v53_36_26_v37_12_v55_28_5_v32_v48_18_v50_46_7_v27_v49_v37_24_v35_v46_36_23_11_v4_v58_30_27_16_11_v,71,train,440
vvvvvvvvvvvv1_vvvvvvv12_vvvvvvvv8_vvv23_vv27_vvvv25_v15_v2_vv29_18_vv15_4_v12_11_vv4_v30_24_vvv33_27_20_11_8_7_3_vvv22_v26_v45_v36_vvv30_vv32_vvv52_vvv55_vvv64_v32_21_v33_v64_59_46_35_33_v68_4_v63_vv50_16_v50_47_33_25_6_v78_32_v66_42_40_v78_77_34_33_v48_v61_28_13_v75_58_57_46_33_11_7_v44_v58_10_v64_26_v69_65_60_43_42_41_27_vvvv47_14_4_vv89_v82_8_v83_13_9_1_v84_63_50_2_1_v17_v12_vvvv80_13_v51_18_v55_v92_73_68_65_46_45_32_15_6_v48_8_1_v59_43_v29_12_3_vvvv4_v108_81_70_44_8_v82_71_9_vv44_v87_vv100_66_v104_101_87_68_63_42_35_5_4_v102_36_v78_45_35_v27_vvv67_66_21_v115_33_32_31_v120_115_105_91_89_30_v116_90_57_50_1_v89_50_vvv125_123_121_108_107_105_98_96_82_73_69_61_57_50_43_39_38_4_1_v1_vv135_117_v118_58_54_29_4_v33_v130_57_v118_104_v133_131_128_118_115_104_102_93_91_90_81_77_65_62_61_58_53_33_12_8_7_1_v68_1_v33_10_2_v110_21_v73_66_4_v13_5_v67_30_27_v115_52_v116_1_v26_v143_141_128_126_125_114_100_80_68_19_18_17_10_8_5_v133_99_33_vvv14_v144_120_116_93_90_82_v52_v25_v141_114_107_99_82_79_56_15_12_v55_34_v133_28_v136_104_103_102_69_36_24_v83_v151_136_125_56_35_31_27_23_vv68_v144_142_103_69_vv165_76_vv163_99_92_88_85_v147_65_39_vv137_37_11_v42_v96_v154_10_6_v62_61_v74_72_38_17_v75_v157_54_v124_20_v2_v120_119_43_v144_98_41_26_v160_154_143_130_103_72_48_33_v75_v181_130_128_83_28_v149_109_81_56_48_46_14_v163_38_v132_131_86_31_29_v173_5_v107_vvv112_91_88_72_63_v64_56_v91_47_v43_v19_17_v201_197_196_195_194_193_191_189_188_187_186_184_181_178_176_175_173_170_166_164_151_150_143_142_141_140_139_137_133_130_128_127_125_121_118_113_108_107_106_103_102_101_100_94_92_88_87_85_75_73_72_70_69_67_66_61_59_58_56_54_50_48_47_46_44_43_40_39_38_36_35_34_33_30_28_24_22_21_19_17_12_10_7_6_5_4_3_v40_16_1_v181_161_157_150_148_126_100_84_82_51_33_13_11_v191_167_132_125_75_42_23_v200_173_136_100_4_v201_174_163_137_133_101_93_92_20_1_v122_v122_92_v8_v9_1_v162_v110_v106_80_72_vv96_12_v205_180_153_60_v165_73_58_v207_182_62_34_30_v170_v113_23_19_v114_v21_v206_118_88_41_22_v23_v141_120_117_100_92_78_75_63_46_39_24_2_v45_v46_v219_215_198_191_185_178_172_164_161_157_155_152_148_133_128_127_118_117_110_59_57_44_30_26_23_20_7_v124_28_v109_78_60_38_15_v213_151_112_v145_1_v228_201_190_173_160_128_120_119_47_28_27_v224_183_100_88_83_65_6_v210_209_152_34_v231_205_204_193_178_167_131_30_3_v117_v233_207_206_180_169_133_32_5_v38_v37_10_v71_38_11_v123_39_12_v242_227_224_221_210_197_186_183_178_168_165_158_157_154_151_140_128_127_126_107_96_65_56_40_36_31_29_13_6_v,244,train,329
vvvvvvv5_vv8_vv3_v4_vvv7_v8_v9_v8_vvvvvv18_vvv27_vvv8_v9_1_vvvvvvv6_vvv6_v32_vvv39_vvvvvv28_vv10_v32_23_14_v47_vvvvv23_v43_vvv50_49_v55_vvvv61_37_v62_vvvv2_v50_43_3_vv10_3_vv53_v43_42_20_vv2_v10_vv71_42_32_vvv74_45_35_v76_68_vv81_48_vv91_v88_49_17_v63_26_15_v42_v63_vv52_31_v47_v87_vvv33_12_1_v51_v26_vvvvvv29_v56_v9_vv75_v28_v85_84_71_50_34_31_24_21_v87_81_55_v99_39_22_10_v83_57_12_2_v108_v101_93_69_v46_6_v87_76_v118_vv52_vvv1_v103_61_40_29_28_18_v1_v35_v134_132_131_130_127_122_116_112_108_107_102_96_95_82_81_79_76_69_58_55_51_47_46_41_33_26_25_24_18_13_12_11_8_6_5_3_1_v8_6_v113_22_v28_3_v4_v32_5_v58_v95_83_v68_v134_v15_v91_37_1_v123_86_7_v116_112_84_41_30_27_13_v147_143_104_103_83_76_72_59_55_37_31_21_14_8_v118_112_86_v16_v142_75_v121_89_32_v118_v145_v146_142_138_130_118_115_90_81_70_43_v129_22_v148_v149_v134_81_v147_129_92_42_40_13_8_v107_49_v28_v140_49_v30_v31_v59_35_v97_36_35_v115_v132_35_17_v119_17_v95_v32_v111_18_v116_40_v52_vv168_v44_2_v179_v179_175_161_137_136_133_132_131_123_120_119_113_108_100_83_69_66_61_44_40_32_27_17_v130_47_28_11_v,183,train,161
vvvvv1_v2_v3_v4_v5_vvv7_6_5_4_3_vvvvvvvvv3_vvvvv8_vvvv12_vvvvvv32_24_21_2_v5_vv21_vv18_vv14_v11_v38_35_28_6_v37_v29_vv45_31_vv47_v1_vvvv40_38_3_v21_2_v13_vv31_30_17_v1_vv53_25_v54_26_v54_v7_v49_18_7_v31_v59_vvvvv14_vv8_7_1_vvvvv40_v61_v18_v62_22_18_v9_v68_62_59_56_41_36_32_v46_8_v2_v65_64_59_44_34_19_11_3_vv81_v55_v63_v10_v91_83_49_37_v78_14_v11_v89_vvvvv103_102_101_100_99_92_90_89_84_83_81_72_71_66_65_63_61_55_44_43_41_39_38_37_32_25_24_23_20_12_11_9_4_3_2_1_v86_75_61_v2_v27_3_v4_v101_36_v6_v65_2_v54_23_22_v71_v57_v99_80_78_36_v97_87_70_42_31_26_12_v98_86_71_v69_58_51_33_14_v15_v102_101_74_30_v85_75_30_v111_91_73_65_v104_98_v104_20_v114_107_106_83_80_75_74_52_48_47_38_35_14_9_5_4_v110_92_91_89_5_v85_v24_v25_v26_v121_84_72_35_v101_28_12_v90_29_v30_v89_79_62_v32_v,136,train,304
vvvvv1_v2_v3_v4_v5_vv6_5_4_3_2_vvvvvvvvvvv18_11_8_1_v3_vvvvv19_v22_vv27_16_v28_v8_1_v12_v6_vvvv15_v30_v5_v27_11_5_vvvvv7_vv26_vv47_40_23_16_v43_vvvvvv58_57_56_55_54_48_46_45_42_41_40_39_38_35_34_32_31_28_22_21_20_19_18_17_15_14_13_12_11_10_9_8_5_4_3_2_1_v14_1_v2_v54_v4_v49_42_41_19_v49_35_6_v35_29_24_7_v8_v50_9_v53_37_4_v55_48_47_v12_v13_v14_v64_45_38_22_v16_v48_17_v18_v19_v,78,train,303
vvvvvvvvv1_vvvv8_v2_v10_v6_v11_5_vv3_v16_15_v17_16_13_9_5_4_1_v20_v15_14_v12_v25_vv15_vvvv19_10_1_v20_v32_20_v14_v15_v23_v15_v36_16_9_v38_26_6_v35_v36_35_22_21_v24_16_v17_1_v2_v3_1_v26_v42_5_v27_v49_24_v37_35_v50_49_38_13_v48_18_v27_11_10_2_vv39_v40_v41_2_v57_45_vv44_25_v45_42_v61_49_29_23_v61_26_25_v59_50_v64_52_30_29_26_3_1_v56_54_50_v66_54_35_28_5_2_v55_v68_36_33_30_29_v57_v60_v60_45_v4_v52_v74_62_v64_60_57_10_vv78_71_53_29_1_v63_38_18_3_vvv81_69_v82_70_51_48_44_25_19_16_14_10_v73_62_55_42_30_21_3_v80_68_65_36_v64_48_44_23_v74_54_51_v85_67_v71_63_46_45_44_42_36_5_3_v79_62_42_31_6_v70_25_11_v85_14_v77_v16_v93_82_67_63_60_26_v95_85_83_74_54_48_33_27_18_7_6_v75_55_49_38_34_8_7_v96_87_60_35_14_v95_94_79_65_59_57_50_14_10_5_v,100,train,278
vvvvvvvvv5_4_vvvvvvvvvv18_vvvvvvvvvvv11_v31_vvvvvv6_v25_vvvvvvv31_v40_v36_22_20_9_v29_v43_20_vvv35_v10_vv35_25_vvv58_21_v59_28_1_vvvv28_vv54_18_vv51_v39_v68_59_56_53_51_21_16_11_9_1_v45_23_vv31_vv53_vv30_v31_vvvv2_v77_63_36_13_v64_v53_47_25_15_v47_38_11_v78_64_28_20_v58_v42_v81_65_61_37_vv83_73_44_25_17_vv46_v30_vv50_27_vv97_50_16_15_v99_45_40_30_vvv16_v97_93_85_57_55_21_5_vvvvv103_45_v98_62_55_v96_75_28_20_v74_52_27_25_vv109_102_99_33_vv25_24_vv88_49_v112_110_100_72_69_63_62_42_36_30_27_20_15_14_v73_1_v101_90_17_2_vv117_v84_76_13_10_vv68_61_31_25_v11_v126_119_97_44_9_7_v84_38_vv101_v49_v85_vv134_133_132_131_128_126_124_119_116_111_108_105_103_88_86_84_83_82_81_79_78_76_73_61_59_58_57_52_46_45_44_43_42_38_35_34_31_27_23_19_15_12_11_10_4_1_v5_v131_27_v125_96_74_vv78_5_v93_v112_31_23_vv65_v144_113_86_78_63_54_53_45_33_v91_v3_v126_13_vv15_v104_v151_120_114_93_92_72_67_60_52_40_v146_49_18_v40_v51_v151_150_141_115_92_75_64_54_49_46_32_19_17_13_7_2_v22_v47_v112_110_60_55_48_40_27_24_v147_118_90_87_49_v26_v128_27_v115_v123_85_50_43_8_v164_133_127_106_105_80_53_20_13_v47_31_11_v99_94_v162_147_42_v157_147_121_75_v165_164_160_33_14_v117_54_15_v46_vv39_v135_51_v164_141_128_97_79_70_39_v98_75_67_63_38_33_21_v24_vv149_143_99_10_v171_113_v180_155_153_151_150_130_126_123_122_99_91_90_82_77_70_66_55_51_32_30_17_14_v113_v138_60_28_v5_v130_vv186_110_105_104_53_29_v187_169_105_90_70_61_54_1_v110_v56_v145_73_57_v118_v59_v147_129_10_v178_106_104_100_v11_v63_v169_142_64_48_v125_v69_v132_94_v68_v203_172_145_137_113_112_104_92_v156_127_70_v126_124_61_v63_60_v171_v201_197_187_163_161_123_117_94_31_16_9_v39_v66_7_v90_57_v187_174_165_138_18_4_v58_v125_123_98_93_88_33_v185_97_81_48_v126_125_90_82_35_vv84_v137_61_v191_174_151_86_v152_87_v210_181_159_155_150_56_50_37_vv223_205_162_142_126_36_17_v204_180_178_78_v20_v149_81_51_v185_175_103_85_82_22_14_2_1_v177_163_117_100_95_68_48_36_v1_v211_201_113_108_101_97_50_45_35_2_v220_191_184_169_165_150_74_66_52_v233_175_82_v234_197_175_150_145_90_83_70_53_31_v235_169_v236_177_147_92_85_72_55_33_v142_128_74_61_v198_83_v123_105_76_44_30_25_v176_146_140_73_69_12_v205_123_116_107_62_1_v224_196_144_139_132_124_108_90_88_v177_v121_v234_176_70_62_6_v209_162_144_112_12_10_v183_125_122_101_19_7_v239_203_152_40_1_v240_211_204_164_41_37_v140_v217_146_76_v232_192_176_164_161_133_57_13_v224_200_184_136_135_119_v223_196_195_175_163_143_90_44_33_11_v255_224_223_197_196_189_169_156_22_21_20_19_12_1_v247_8_2_v3_v145_103_102_89_v212_190_136_125_90_44_v248_219_5_v249_220_189_157_151_124_102_89_v257_214_202_171_107_45_v258_229_192_185_178_172_158_101_94_51_12_v233_205_153_120_113_100_61_29_v230_157_128_110_43_33_v230_148_132_87_25_4_v231_198_149_133_88_26_7_5_1_v240_134_81_45_6_v225_188_125_v201_136_v202_137_v203_20_v204_v228_205_198_186_155_73_v141_v246_63_v164_122_v218_180_165_144_123_v232_30_v233_31_v190_186_153_114_86_v187_154_101_v282_273_265_264_260_253_237_230_227_207_206_201_200_196_195_192_180_165_164_161_156_153_142_125_95_86_68_41_30_24_v184_150_1_v239_167_151_70_13_2_v267_188_152_3_v241_169_13_4_v208_109_v179_155_v156_v184_157_90_v158_111_v175_159_v160_v287_177_161_v162_28_v291_220_180_163_93_44_29_v256_246_209_208_207_203_191_183_168_164_103_82_77_74_67_56_17_16_v165_40_v218_v219_181_2_v184_87_v245_v158_78_76_v214_66_v151_123_28_v198_159_75_v295_271_249_224_213_211_205_197_173_164_157_144_130_113_87_77_66_27_26_19_v188_155_v200_156_1_v220_114_13_3_v31_14_1_v201_123_42_v224_v225_205_161_v55_v300_228_v79_v228_v291_100_v57_v293_v,323,train,283
vvvvvvvvvvvvvvvv10_vv17_15_13_12_9_7_6_4_3_v16_13_12_9_8_6_5_4_v1_vvv4_v10_6_5_v25_24_23_14_13_11_8_6_4_vv2_v26_9_3_v10_vvv15_v8_v18_9_v9_vv19_v24_v27_23_14_1_v22_v23_22_16_12_10_9_6_2_v38_1_v39_35_32_29_25_24_21_13_11_7_4_2_v42_5_v6_v21_v6_v38_30_18_v31_v,50,train,332
vvvvvvvv7_3_vv2_vvv9_v9_1_v8_4_vvvv2_vv15_12_v9_8_v10_vv25_vvv26_8_1_vvvvvvv25_21_13_vv16_v17_v38_29_6_v25_12_v32_15_vvvvv4_vvvv50_49_46_28_27_25_14_11_10_8_4_v27_v12_vv40_2_vv16_v51_49_41_35_33_20_18_4_2_v27_18_v17_1_v29_20_1_v29_v10_vv61_56_v37_v54_34_28_15_12_9_5_v39_v51_50_49_44_39_34_21_20_14_v47_43_34_31_20_19_3_v42_v56_v72_22_vv43_34_15_v21_20_v58_57_54_50_8_7_v67_38_37_v44_10_v79_54_29_vv31_v82_32_v31_29_v79_58_46_29_18_v76_64_50_35_v46_13_v19_9_v49_v21_20_v40_v28_22_8_vvv47_26_v27_v30_12_v18_v84_60_v54_50_30_16_v43_v98_95_93_92_85_80_77_75_71_68_64_62_60_58_57_51_48_47_46_37_35_26_21_16_13_9_8_4_1_v,102,train,244
vvvvvvvvvvvvvvvvvvvv2_vvvv8_vv10_vvvvvv28_25_17_13_v32_vv20_9_vv33_24_22_18_15_5_2_vvvv35_v36_1_vvvvvv19_v31_v49_vv20_v28_27_v50_47_42_35_11_v48_23_1_v38_vvv55_54_53_46_44_43_41_40_36_33_30_27_24_22_20_18_17_4_1_v1_vv25_3_vv60_59_57_52_49_45_42_41_38_35_29_28_27_26_9_5_4_1_v31_1_v7_2_v35_3_v9_4_v33_v66_65_58_57_55_51_47_39_33_12_11_10_6_4_2_vvvv34_v16_vv61_18_vv15_v32_v38_v75_66_27_23_20_18_v71_70_54_40_v69_60_59_58_44_31_v49_vv83_55_50_v75_40_29_vv31_v79_8_4_v44_28_8_vv70_10_v77_46_vv68_33_vv1_v64_41_36_34_10_v76_75_17_vvv45_v87_84_v47_42_26_v59_37_v24_v109_108_107_106_105_104_103_102_101_100_99_98_97_96_94_93_92_91_90_87_86_85_84_83_82_81_80_79_78_76_75_74_73_72_71_69_68_67_66_65_64_63_62_61_59_58_57_56_55_54_52_51_49_48_46_44_43_42_40_39_38_37_36_35_34_33_32_31_30_29_28_26_25_24_23_22_20_18_17_16_15_12_9_8_7_6_5_3_2_1_v109_1_v2_v87_v4_2_v66_55_50_v104_54_21_6_v7_v58_48_33_25_8_2_v9_v106_104_82_10_v11_v107_106_103_84_25_23_22_9_v,122,train,477
vvvvvvvvvvvvv10_1_vv13_vv7_vv5_4_vvv12_vv12_11_vv21_vvv26_23_4_v1_vvvv19_4_v33_15_1_v18_v33_29_26_20_v36_3_vv29_10_v28_17_5_v42_41_21_20_v35_26_v40_33_27_21_7_4_v19_10_vv42_21_v38_18_vvv44_3_v45_7_4_1_v46_31_2_1_v12_vvv28_v9_v53_34_v52_45_43_30_22_v30_v58_57_51_45_15_v61_48_44_29_28_3_vv50_46_45_31_5_v29_v54_v61_17_16_15_v65_61_52_v56_55_51_7_5_v63_34_28_2_v41_11_vv32_v48_v72_70_69_65_59_51_46_45_39_36_32_25_24_5_v48_18_1_v73_33_31_v75_73_71_68_62_56_54_49_48_39_37_36_35_8_3_2_vv24_5_2_v23_6_3_v41_21_16_vv81_79_74_68_60_49_41_26_9_8_6_4_3_v36_v63_57_46_45_12_4_v57_16_v78_59_39_v40_31_4_v83_20_15_12_v50_v76_v90_57_51_50_46_v78_3_vv55_v96_68_60_35_33_v11_5_v96_83_v70_69_22_21_v91_87_83_75_58_37_32_v65_v62_28_25_23_v101_88_v67_45_33_21_v73_18_5_v106_105_104_102_101_100_97_94_91_85_83_78_77_72_70_68_66_64_58_57_56_53_52_47_45_43_42_39_37_31_27_25_23_22_20_19_16_14_9_7_4_2_1_v93_45_v54_v103_94_74_68_40_22_v110_97_92_78_77_52_42_16_14_4_v67_4_v105_86_30_5_v113_100_96_81_80_77_55_52_50_13_3_v87_68_50_v3_v109_102_v39_18_v81_59_14_v88_v61_50_v121_108_93_85_60_58_21_11_v11_v98_v12_v122_119_114_110_108_104_100_96_94_91_89_87_85_75_72_71_70_69_68_63_37_33_26_21_20_15_11_5_v124_111_102_50_34_7_v87_v128_115_111_100_92_70_67_65_60_28_18_15_v129_96_19_1_v130_118_117_113_97_72_62_34_17_9_2_v128_86_55_v,134,train,214
vvvvvvvvvvvvv11_vv8_7_vvvv6_vvvvvv25_vvvvvvvvvvvvvvvvvvvvv43_vvv22_vvv30_vvvv33_17_v48_vv42_19_16_7_v60_vvvvv9_vvvv34_24_vvv69_vvv48_26_v59_17_vvv35_v58_v77_65_59_51_49_20_14_9_8_2_v42_23_vv48_vv29_v30_v86_v71_v56_v35_v84_35_11_vv48_13_v75_43_36_11_v39_v86_33_vv88_67_40_22_15_vv42_vv46_22_v100_43_12_v102_37_24_vv52_v52_43_v100_93_77_52_48_17_5_vv85_18_vv105_38_v114_112_97_95_89_81_55_54_46_v92_66_23_17_v22_v63_v100_17_v112_102_96_29_vv23_22_vvv115_113_92_67_55_54_38_32_28_25_20_15_v68_1_v81_17_2_v119_v75_69_13_9_vv40_vvvv90_v76_75_v47_vvv136_135_134_133_130_128_123_111_107_102_98_95_93_82_78_77_76_75_72_70_69_67_65_56_54_53_52_47_43_42_41_40_39_36_34_33_30_27_23_18_14_12_11_8_5_1_v132_122_119_26_22_4_3_v66_v111_v29_v70_5_v86_22_v102_31_22_vvv60_v94_v136_95_v149_106_80_75_54_53_47_36_vv118_15_vv19_v18_v57_40_v156_113_87_65_60_54_43_v151_51_21_v42_vv156_155_140_109_88_73_64_56_52_49_35_23_21_15_7_2_v25_vv51_v110_106_63_58_52_43_28_v87_53_v30_v31_v112_13_v151_118_83_54_53_46_35_9_v150_80_v50_35_v167_140_v159_156_140_117_75_v102_v171_170_163_38_15_v62_vv34_vv127_21_v117_62_37_21_3_v46_v144_133_58_31_v170_139_129_128_98_84_77_47_v175_133_99_81_74_69_46_39_25_v28_v178_143_140_119_76_57_8_v77_v136_126_63_42_v148_103_15_v190_153_149_148_131_125_122_102_96_95_89_78_73_60_37_35_19_v5_v115_v141_69_34_2_v8_v59_43_27_11_vv197_114_109_62_34_v198_98_78_63_1_v167_49_v65_v148_81_66_v122_v68_v160_101_v150_133_v113_111_vv194_94_76_72_56_40_v74_v170_144_75_v131_v135_104_v78_v78_62_vv217_174_148_143_122_121_115_104_v160_134_82_v212_205_186_166_163_127_123_102_33_16_7_v39_v135_36_34_v205_185_173_166_141_16_3_v124_89_63_46_v130_128_105_33_v77_v184_105_90_54_v132_131_91_36_vv93_v189_176_152_94_v153_95_v160_v180_171_v217_201_181_178_83_34_v172_46_v121_99_83_v151_52_v177_164_102_71_47_34_v207_197_118_114_108_103_48_42_31_1_v132_70_55_v183_169_152_77_v170_v106_90_v107_91_29_v130_108_92_v61_50_v136_114_113_78_62_51_11_2_v63_v198_89_73_v131_114_81_43_30_26_v130_115_61_v223_198_151_146_140_131_116_95_v178_128_v255_240_238_169_v241_177_71_61_5_1_v2_v166_121_v134_v247_238_233_206_159_40_1_v248_212_211_207_183_172_168_41_38_v249_175_124_2_v150_v218_156_79_v232_194_181_171_168_142_57_14_v214_120_89_16_v225_202_188_145_130_v224_198_171_154_36_v256_9_1_v153_109_108_94_v272_259_235_222_214_192_145_134_115_108_95_54_44_v159_133_106_v267_214_202_176_112_44_v268_228_187_181_177_166_105_98_51_10_v250_228_164_136_114_100_42_33_32_v251_229_203_1_v204_2_v205_3_1_v199_56_v168_91_v159_144_90_29_8_v203_160_145_91_30_9_1_v146_84_10_v205_147_v206_148_v207_21_v208_v233_209_204_194_165_74_v152_v190_155_66_v248_67_v175_162_141_131_v222_191_176_156_132_v237_33_v238_34_v35_2_v104_v261_v202_126_91_v298_286_270_265_257_245_235_232_216_215_210_206_203_193_178_177_175_168_156_135_100_89_73_47_33_29_v197_164_1_v247_180_165_75_16_2_v201_166_3_v216_176_113_v192_168_v169_v197_170_93_v171_116_v187_172_v173_v302_189_174_v175_29_v306_228_176_94_46_30_v252_219_218_217_204_195_182_177_106_86_82_74_61_15_v178_44_v219_65_v290_57_v157_123_25_v321_296_207_165_77_v300_228_213_206_170_163_112_88_80_67_21_15_v208_v324_210_v243_180_130_128_v227_113_10_4_v229_212_v75_v230_v,330,train,49
vvvvvvvvvv8_vv3_v4_vvv7_v8_v9_v8_vv21_1_vvvvvv20_v27_vvv10_v7_v8_1_vvvvvv4_vvv31_vvv42_v39_vvvvvv26_vv11_v30_22_14_v47_vvvvv23_vv44_vv50_49_v55_vvvvv62_36_v63_vv53_43_vv55_45_2_v3_v43_4_v48_vv13_5_vvv2_v47_46_24_vv2_v13_vv75_47_36_vv77_49_38_v79_69_vv84_52_vv97_77_66_23_21_v95_v92_53_18_v65_29_15_v46_v66_vv56_35_v51_vvv35_12_1_v54_v25_vvvvvv28_v8_vv98_22_v27_v87_85_73_52_32_30_22_19_v98_36_19_8_v84_58_10_v109_v100_93_70_v43_5_v118_vvv50_v100_vvv1_v105_62_39_28_27_18_v1_v33_v136_134_133_132_129_124_116_112_110_109_104_98_97_84_83_81_78_71_57_53_49_46_45_39_32_25_24_23_18_14_13_12_9_6_5_3_1_v9_6_v113_22_v73_v28_4_vv6_v33_7_v58_v99_87_vv138_v17_v95_38_1_v125_89_7_v118_116_88_42_32_30_15_v151_147_108_107_87_79_73_60_55_38_33_24_16_8_v17_v148_145_75_v122_92_34_v121_v148_v131_22_v150_146_142_122_94_83_v151_v152_v149_129_93_41_11_7_v81_v28_v140_49_v30_v31_v58_35_v98_36_35_v117_v134_35_16_v121_16_v94_93_10_v30_v117_39_v52_vv169_v43_2_v124_120_112_54_39_34_26_v181_v181_177_161_140_138_135_134_133_125_121_120_115_109_98_81_68_66_62_44_38_30_26_17_v132_47_27_11_v,186,train,412
vvvvvvvvvvvvvvvvvvvvv6_vv8_vvvvvv28_vv17_8_vvv30_21_20_16_15_3_v12_vvv32_3_v33_4_1_v5_vvvvv24_5_v20_v46_vvvv29_28_v48_45_40_34_12_v46_1_vvvvvv29_vvv29_v59_58_51_50_49_45_43_35_29_8_7_3_vvvv30_vvvv31_21_vv27_v59_v63_62_49_35_v62_55_54_53_39_25_v44_vv75_45_44_vv10_vv71_8_4_v38_8_vv65_10_v61_v55_28_v67_66_13_vvvv20_v48_31_v19_v96_95_94_93_92_91_90_89_88_87_86_85_84_83_82_81_80_79_78_77_76_75_74_73_72_71_70_69_68_67_66_65_63_62_60_59_58_57_56_55_54_53_52_50_49_48_47_45_44_43_42_41_40_39_38_37_36_35_34_33_32_31_30_29_28_27_26_25_24_23_22_21_20_19_18_17_16_13_12_11_10_9_8_7_6_5_4_3_2_1_v57_v97_2_v3_v4_1_v69_30_19_v31_19_v92_46_17_7_v8_v43_29_21_9_2_v10_v94_93_73_11_v12_v,109,train,341
vvvvvvvvvvv7_v6_vv13_2_v8_vv3_v14_vvvv13_7_3_v5_3_vvv4_v27_v24_10_v29_28_26_23_21_17_15_14_13_11_8_6_2_v12_v26_16_6_v25_v28_21_2_v19_v20_vv22_v17_9_v21_v36_22_6_3_v27_26_24_v13_v39_25_23_15_13_3_v44_15_v45_16_1_vv18_v46_38_35_33_24_12_2_v49_20_v32_v36_11_v34_v19_16_2_v,54,train,126
vvvvvvvv4_vvv7_vv10_9_5_vvv6_v17_12_vv12_1_v15_vvv17_12_v11_1_v2_v8_vv8_v9_v10_2_v17_v5_1_v23_17_6_1_v3_1_v35_34_23_18_15_7_6_v14_v24_v16_v8_v38_27_20_17_v38_28_24_22_20_10_8_6_1_v36_31_18_17_2_v24_21_7_5_3_v1_v9_7_2_v11_v30_26_14_7_v8_7_v44_29_21_v17_v10_v11_v44_38_32_12_vv14_v21_v55_v40_32_17_4_v36_34_17_v5_v48_20_v29_v56_45_37_28_v45_28_26_v32_v53_v67_62_32_v48_40_v,69,train,101
vvvvvvvvvv10_5_vvv10_4_3_v1_v5_vv12_v17_v6_v6_vv8_v8_2_vv21_v14_v18_14_13_vv20_15_8_6_2_v13_v16_v7_v23_5_vv24_22_v31_v35_v25_2_v36_vv28_v42_v28_vv24_v33_v32_30_23_17_2_vv36_22_v23_v31_v32_v53_52_40_38_28_7_vv42_41_17_v42_41_32_29_18_vv45_v35_12_3_vv48_vv6_v45_37_v3_v52_8_v67_65_63_54_37_35_30_19_14_13_10_4_v17_4_vv57_v58_v59_55_vv64_43_34_v66_65_56_45_40_26_22_5_4_v76_66_23_v53_30_21_vvv75_39_v7_v76_8_v63_45_31_v81_74_71_45_11_v75_34_33_17_2_v43_40_9_v65_49_45_v46_v75_v44_37_11_v78_41_19_16_v87_56_54_50_5_v83_62_19_v47_v65_57_55_48_45_28_4_vv59_55_10_9_5_v30_15_13_v97_32_vv81_16_vv98_65_v91_33_32_vvv102_66_v93_55_54_vv108_94_73_43_1_v69_59_24_23_19_v99_43_v108_75_33_v47_v113_48_v116_101_23_v117_107_48_11_5_vv114_99_81_74_69_67_48_30_28_22_v107_106_97_93_89_87_73_53_46_44_27_20_4_3_v108_77_68_v55_v47_v124_v112_59_v126_120_119_52_6_v114_88_v113_75_23_v124_v105_vv98_v118_80_v29_21_6_1_v7_2_v10_v129_v122_28_v34_11_6_5_4_v16_v130_88_80_63_45_39_23_v129_66_49_42_32_25_16_v103_93_69_v124_86_34_19_v132_70_v112_86_26_14_6_4_v135_121_47_27_5_v148_86_83_74_28_17_6_v141_96_73_26_v,150,train,77
vvvvvvvv6_v1_v5_1_vvvvv3_vvvv8_vv14_vvvv17_v19_5_4_v27_vvv28_7_vv27_25_1_v33_6_4_v16_v28_9_v31_28_15_13_6_5_v21_9_vv34_8_3_v36_v30_v41_34_30_29_22_14_7_v25_24_9_v32_v2_v10_v37_11_1_v20_v20_16_v26_v42_v28_v20_v31_18_15_8_7_v44_12_v23_v51_v55_52_16_v35_26_17_16_v27_vv55_v26_v3_vv59_v48_29_v53_38_24_v46_39_33_15_v45_v18_v29_1_v40_v46_33_v64_58_37_17_10_8_3_v65_9_1_v63_16_13_6_v52_v37_2_v3_v45_35_27_v73_v79_43_41_v,84,train,527
v1_vvv4_vvv6_3_1_v7_v4_v9_vvv5_3_vvv12_6_vvv14_v2_vvv4_v5_3_v18_vv18_15_11_6_5_1_v25_v28_21_19_v29_26_23_7_v16_13_11_v25_14_2_1_v32_29_26_16_10_3_1_v22_v32_8_v24_9_v10_3_v33_11_v39_v40_32_30_27_11_8_1_vv15_v3_v33_30_13_v43_21_18_4_v43_v42_36_33_31_28_23_15_vv38_30_8_2_v23_9_5_v42_24_15_13_9_7_1_v40_20_v26_v32_12_9_v48_25_23_22_7_v29_15_v30_16_v56_55_46_34_31_30_23_17_12_8_4_v58_55_20_19_v59_58_56_50_37_36_33_21_10_v45_28_v58_46_35_18_3_v36_35_28_v63_60_54_48_24_v38_23_v39_25_21_8_v62_56_53_48_44_36_29_20_7_5_v,68,train,195
vv1_vvvvvvvvvvvvvvvv17_v18_17_vvvvvvvv21_v27_11_v25_22_3_vv14_2_vvvvvvvvv35_31_24_18_v39_vv27_12_v35_22_vv41_31_30_24_21_6_3_v20_v42_21_11_v26_20_vvv28_19_v5_v21_2_v3_v4_1_vv50_v51_12_1_v52_2_1_vvvvv13_vvv67_59_49_46_45_38_37_27_15_6_v34_v42_9_2_v27_11_3_v1_v71_54_5_v55_6_v35_v43_24_22_vv48_47_10_vv75_71_66_58_19_v72_41_37_1_vvvv80_78_77_70_69_68_65_63_59_54_50_45_42_39_32_27_26_4_1_v57_1_vv44_42_17_3_v21_v84_43_42_vv87_85_83_78_76_70_67_66_61_57_49_48_47_46_41_21_11_7_6_1_v51_1_v9_2_v55_51_3_v11_4_v52_v21_v94_92_85_84_83_77_73_60_53_15_14_13_7_5_3_vvvv46_v36_v20_vv15_v39_v92_24_v49_v102_94_40_30_26_23_19_v98_97_77_51_v97_85_83_82_56_35_24_v69_vv48_38_v112_77_73_71_v103_49_33_vv35_v100_v108_10_5_v55_54_31_10_v56_v97_12_v99_v92_35_v112_109_82_54_39_28_v125_101_98_61_13_v107_85_59_45_38_36_10_v101_100_63_18_15_v82_v12_vv86_67_64_58_50_v51_44_28_v68_38_v25_10_v139_137_136_135_134_132_131_130_129_128_127_126_125_124_123_122_121_119_117_114_113_111_109_108_107_105_104_101_100_98_97_96_94_93_88_82_81_80_78_77_76_75_72_70_66_65_64_61_59_58_56_55_53_52_48_46_45_44_42_40_39_38_37_36_35_34_33_32_31_30_29_27_26_25_24_22_20_17_16_15_14_12_9_8_6_5_4_3_2_1_v119_113_103_88_63_50_8_v114_93_89_51_v140_123_74_3_v142_141_124_102_75_70_69_15_1_v5_v6_1_v122_113_92_91_90_81_70_6_5_v78_62_55_v127_112_82_66_8_v112_v137_82_63_25_11_v12_v103_84_81_73_67_55_54_39_29_24_13_2_v85_14_v149_133_132_127_102_88_64_37_8_6_v128_103_89_73_65_9_7_v155_154_137_125_115_88_83_82_28_14_13_v151_136_109_67_17_v143_142_112_19_v20_v158_142_141_132_92_17_4_v130_109_86_64_15_v,162,train,210
vvvvvvvvvvvvvvvvvv17_vvvv5_4_vvvv11_v24_22_3_vv14_2_vvvvvvvvv34_31_24_18_v38_vv27_12_v35_22_vv40_31_30_24_21_6_3_v24_18_vvvvv44_v45_1_v46_2_1_vvvvvv51_40_38_37_30_29_19_11_4_v27_v34_7_2_v19_9_3_v58_48_42_34_v2_v63_46_42_6_v47_43_7_vv29_vv2_vvv44_43_14_v69_66_61_53_20_v57_56_52_10_9_v68_37_33_2_vv41_vv75_74_73_66_65_64_60_59_55_50_47_41_38_35_32_29_28_4_1_v53_1_vv40_38_21_3_v50_25_v63_55_51_vv82_81_79_74_72_66_63_62_57_54_45_44_43_42_40_25_11_7_6_1_v47_1_v9_2_v51_47_3_v11_4_vv76_56_49_30_26_23_15_v90_67_66_64_60_9_v24_v91_90_83_82_81_75_71_60_51_17_16_15_9_7_5_v34_vvv51_v21_v43_v87_23_v74_60_11_vv91_79_77_76_72_57_33_22_21_14_12_v20_v100_92_46_32_28_25_21_v49_v56_v98_97_78_57_vv69_v109_75_71_69_v101_55_35_vv37_v105_7_4_vv61_60_33_14_v62_v95_16_v90_36_v109_105_101_98_90_86_79_74_58_49_40_39_30_27_v121_98_95_66_v104_82_64_46_39_37_9_v98_97_68_21_vvv84_71_68_59_50_v51_44_22_v72_36_v27_9_v133_132_131_130_129_128_127_126_125_124_123_122_121_120_119_118_116_114_113_110_109_107_105_104_103_102_101_99_98_94_93_92_90_89_87_85_83_82_80_79_78_77_76_74_69_68_66_61_60_58_57_55_53_52_48_46_45_44_41_38_37_36_35_34_33_32_31_29_28_27_25_24_23_22_21_20_18_16_14_13_12_11_8_7_6_5_4_3_2_1_v105_29_28_11_v51_30_1_v17_13_v130_117_99_95_62_32_v137_120_80_64_5_v138_121_117_100_81_75_74_16_1_v7_v8_1_v83_80_63_56_v114_v143_126_116_115_105_80_79_21_6_1_v134_87_77_64_27_24_12_2_v13_v102_89_86_76_68_55_53_42_28_24_14_2_v3_v91_16_v149_132_128_121_111_92_86_85_76_27_12_11_v138_137_107_18_v151_135_134_130_126_94_78_13_8_2_v20_v153_137_136_128_96_15_10_4_v97_83_31_29_v127_90_89_64_v,157,train,238
vvvvvvvv5_vvvv10_9_4_v4_v14_9_vv10_1_v12_vvv8_1_v6_vv6_v7_v14_v4_1_v18_14_5_1_v3_1_v29_28_19_15_12_6_5_v18_v6_v30_20_18_16_14_7_5_3_v29_21_16_14_1_v14_1_v19_2_v7_v23_19_10_4_v6_5_v12_v8_v9_v35_24_10_vv12_v16_v31_25_14_3_v3_v36_16_v22_v44_35_29_21_v35_v25_v41_v54_49_25_v13_v,56,train,7
vvvvvvv4_3_v8_v9_1_vvvvvv1_v6_v10_v6_vv15_vv2_v19_v4_v10_v25_v1_vv12_v6_v18_v12_8_1_v21_15_9_1_v3_1_v4_v5_3_v4_v18_v13_v7_v25_v22_v32_18_11_v44_41_40_37_36_28_27_19_18_15_1_v43_39_34_26_24_17_v1_v39_v28_26_6_v23_v17_v41_35_10_v19_v,53,train,368
vvvvvvvvvvvvv1_vvvvvvv13_vvvvvvvvv22_vv26_vvv13_vv23_1_vv25_17_vvvvv13_12_v20_vv19_v26_v6_v17_vv30_16_4_vvvv46_vvvv32_vv54_51_8_v60_35_1_v9_vvvvvvv65_24_v40_9_1_v37_vvv67_61_50_41_38_v71_6_v64_38_vv54_17_v51_8_v51_35_v82_35_v69_49_46_v83_80_37_36_v77_61_60_51_33_10_6_v77_31_v32_17_v50_27_vvv89_v71_30_v72_46_31_vv64_vv11_v39_vv88_8_v89_14_9_1_v10_v91_56_3_2_v62_20_vvvv47_vvv97_80_77_73_51_49_35_14_6_v90_62_47_v54_11_2_v104_61_v32_12_4_v113_108_107_91_82_75_58_56_30_v96_21_v67_v114_88_76_49_48_24_8_v89_77_74_49_25_9_vv47_v94_vv93_v106_68_44_4_vv110_v33_13_vv71_69_20_vv121_33_32_30_v127_68_v127_121_112_101_98_33_v106_105_93_17_16_v123_100_62_54_2_v73_26_v48_vv109_v58_vvv72_vvvv141_139_137_125_124_122_117_115_96_87_84_74_70_64_52_49_48_12_1_v89_36_1_vv132_69_67_37_3_v86_42_v116_92_87_v146_69_68_v135_120_v149_147_143_134_132_123_120_107_105_104_95_92_78_74_73_72_63_42_20_8_7_1_v81_15_1_v51_10_2_v85_77_3_v47_12_4_vv135_90_79_47_40_37_18_v157_105_103_102_97_90_10_vv36_v103_v160_158_145_144_143_134_115_96_83_54_20_19_18_11_9_7_vv170_v129_55_v153_vv75_v64_v136_27_v10_v21_v156_155_114_77_41_10_v68_v154_32_v168_155_145_67_45_33_30_25_v81_56_v159_125_124_122_117_85_53_31_30_20_19_v101_39_vv153_v89_74_14_v10_v175_v131_38_37_v184_117_109_107_100_v169_81_44_v84_v28_v162_44_11_v48_v108_51_vv116_v168_v19_v198_143_141_127_108_84_83_v197_142_v182_26_13_vv96_95_50_23_v97_v150_135_25_v77_v89_88_v204_201_178_v197_v179_152_123_v208_149_v184_91_v152_151_60_55_vvv195_189_177_163_153_135_100_84_67_66_56_49_v215_v106_v216_164_161_112_89_v148_v187_141_110_76_68_66_28_v166_164_115_42_v135_v27_v221_195_v140_83_32_v143_120_116_101_82_v176_83_75_52_v155_121_93_65_v202_v164_51_15_v236_231_230_229_228_226_224_222_221_220_219_218_213_212_211_209_206_204_202_184_183_177_176_174_173_172_171_167_164_160_159_157_152_151_142_137_136_135_134_131_130_129_126_124_117_116_114_105_101_99_92_88_86_85_80_78_77_76_73_68_65_64_63_62_61_60_59_58_57_56_55_53_52_51_50_44_41_31_29_28_27_19_11_10_8_6_5_4_3_1_v175_59_53_17_v84_54_1_v32_19_v219_193_160_v139_v228_208_167_159_105_58_32_v136_119_99_v239_213_198_174_173_133_108_45_41_8_v66_v67_v242_216_204_177_176_171_152_136_128_127_27_3_v187_156_126_v189_v14_v191_135_v161_113_v11_v18_4_v232_229_210_v139_127_v145_141_108_100_v75_v76_54_v201_186_v215_199_191_58_v255_v201_v238_9_v187_153_32_v253_230_104_49_43_v234_199_149_v156_130_v264_238_209_207_193_174_150_149_49_25_8_v208_190_186_107_56_18_v253_160_147_120_65_62_35_10_v183_181_133_36_20_v185_162_158_141_124_110_107_89_66_53_37_2_v262_238_236_197_8_v4_v267_262_247_242_233_224_219_211_208_204_200_197_192_175_170_169_168_167_162_155_88_84_59_43_41_32_28_8_v166_41_v270_245_244_223_182_160_123_86_60_22_11_v111_99_v170_v197_v277_251_239_220_206_187_171_163_162_146_62_38_35_v259_258_198_47_v279_254_253_241_225_214_173_148_81_37_15_2_v66_49_v281_256_255_227_216_175_83_39_17_4_v282_217_43_5_v263_256_203_66_37_v284_219_194_28_v179_159_67_64_v271_270_244_233_229_225_209_199_195_169_168_128_80_51_35_v,292,val,29
vvvvvvvvvvv1_vvvvvvv12_vvvvvvvvv21_vv25_vv21_v13_v2_vvv26_17_vvv11_10_v17_v16_v12_v5_v25_vvvvvvv26_vv47_44_5_v52_29_1_v9_vvvvvvv33_8_v59_22_1_v31_vvv60_55_43_35_32_v64_5_v59_32_vv47_17_v45_8_v45_32_v74_30_v63_43_40_v75_73_33_32_v70_54_53_45_30_10_6_v70_v16_v44_27_vvv81_v65_30_v66_41_31_vv58_v10_v38_vv80_7_v81_13_8_1_v9_v83_50_3_2_v57_19_vvvv46_vvv90_73_70_66_50_48_34_14_6_v83_58_46_v95_56_v30_11_3_v55_13_4_v100_99_83_75_55_29_v3_v105_80_70_47_46_22_7_v81_71_69_48_23_8_vv45_v83_v87_vv98_42_4_vv102_vv68_66_18_vv111_31_30_28_vv118_66_v118_113_104_93_90_32_v98_97_87_17_16_v115_92_60_52_2_v71_25_v46_vv101_v56_vvv70_vvvv132_130_128_116_115_114_109_107_91_85_82_72_68_62_51_48_47_12_1_v87_36_1_vv124_67_65_37_3_v84_41_v108_90_85_v126_114_v139_137_134_125_122_114_111_101_99_98_92_89_75_71_70_69_60_41_19_7_6_1_v78_14_1_v49_9_2_v82_74_3_v46_11_4_vv126_87_76_45_38_36_17_v147_102_100_99_94_87_9_vv36_v100_v150_148_136_134_133_125_109_93_80_53_19_18_17_11_9_7_v158_vv122_53_v144_vv73_v130_25_v63_v141_27_v11_v22_v66_v77_53_v159_146_136_66_44_32_29_25_v151_149_115_79_44_13_v149_122_121_119_114_83_53_30_29_20_19_v98_38_vv86_72_13_v145_v165_v127_36_35_v8_v174_114_106_104_97_v159_79_43_v82_v28_v3_v154_44_12_v48_v106_51_vv114_vv22_v189_141_139_125_106_84_83_v188_140_v174_23_14_v84_82_v95_94_51_24_v96_v148_133_26_v178_78_v171_88_v195_170_v170_149_120_v190_vv200_148_v16_7_v151_150_62_57_vv186_181_171_160_151_133_100_84_67_66_57_50_v206_v206_161_158_110_88_v145_v178_138_109_75_68_66_27_v163_161_113_42_v25_v210_185_v136_81_30_v139_117_114_100_80_v171_81_74_51_v151_118_91_64_v192_v161_50_13_v224_220_219_218_217_215_213_212_211_210_209_208_203_201_200_199_196_194_192_177_176_173_172_170_169_168_167_163_160_156_155_153_148_147_138_134_133_132_131_128_127_126_123_121_115_114_112_104_99_97_90_86_84_83_79_77_76_75_72_67_64_63_62_61_60_59_58_57_56_55_54_52_51_50_49_43_40_29_27_26_25_16_10_9_8_6_5_4_3_1_v171_57_52_15_v82_53_1_v36_27_20_v31_18_v131_114_95_v218_198_163_155_103_57_30_v138_v228_203_191_170_169_130_106_43_39_8_v61_v62_v231_206_196_173_172_167_148_133_126_125_25_3_v183_152_124_v185_v14_v187_132_v157_111_v11_v18_4_v222_v141_137_123_105_98_v75_v76_51_v196_181_v207_194_185_55_v243_v196_v181_148_30_v242_221_101_44_40_v53_v151_126_v251_226_203_201_187_168_146_145_45_23_7_v211_v203_185_181_105_54_17_v242_156_143_117_59_53_34_10_v178_176_130_35_19_v180_158_155_137_121_108_105_87_63_50_36_2_v250_230_225_192_9_v4_v255_251_236_231_224_216_213_206_203_199_195_192_187_171_166_165_164_163_159_152_87_82_55_42_40_31_27_9_v162_40_v258_233_84_v109_97_v166_v192_v265_240_230_215_201_182_167_160_159_143_59_37_34_v70_v248_247_194_47_v268_244_243_233_221_209_170_146_79_37_17_3_v64_49_v270_246_245_223_211_172_81_39_19_5_v271_212_43_6_v252_246_199_37_v273_214_190_29_v176_158_66_63_v261_260_235_225_221_205_195_167_165_127_83_v,280,train,208
vvvvvvvvvvvvvvvvvvvvvvvv4_vv25_2_vv3_vv5_4_vv14_vv33_16_v10_vv12_vvvvv20_v41_vvv30_12_v19_5_vv44_34_33_26_22_3_vvv51_27_vvvv49_v50_1_vvvvvvvvv38_v27_v66_vvvvv40_39_v50_v51_v71_68_62_53_18_v69_1_v26_v55_53_vvv81_vvvv42_vvvv42_19_v71_69_67_60_52_46_36_32_20_v87_86_78_77_76_69_63_50_43_11_9_5_vvvv42_v96_vv86_74_73_71_65_62_52_51_39_35_33_25_24_20_10_9_vvvv36_v86_v47_v92_91_66_48_v91_75_74_73_53_34_vv61_v105_61_vv98_6_2_v46_6_vv83_8_v99_94_92_90_88_82_65_64_44_34_25_19_17_v72_26_v19_v79_v119_96_90_60_41_31_21_4_v73_34_v89_88_15_vvvv23_v60_35_v21_v129_127_126_125_124_123_122_121_120_119_118_117_115_114_113_111_110_108_106_102_100_97_96_95_93_91_89_88_87_86_85_83_81_80_76_75_73_72_71_68_67_66_64_62_61_60_59_56_53_52_49_48_46_45_44_43_42_41_39_37_36_35_34_33_31_29_28_27_26_25_24_23_22_21_20_19_18_17_16_15_14_10_8_7_6_5_4_3_2_1_v128_1_v81_v41_15_v103_81_55_42_34_v5_v6_1_v37_v109_48_38_v83_47_v48_v90_88_62_11_7_v129_57_26_12_v52_35_29_13_1_v14_v84_45_v130_129_96_16_v17_v,147,val,8
vvvvvvv1_vvvvvvvvvvvvvvvvvv9_vv11_vvvvvv32_v28_13_v20_8_vv29_18_17_v34_24_23_19_15_3_vvv34_v35_1_vvvvvv26_18_v12_v49_vvv27_26_v50_46_41_35_34_11_v47_35_18_1_vvvv55_54_52_45_44_43_41_40_35_32_29_24_21_18_17_4_1_v1_vvv59_58_55_50_48_44_43_41_40_39_36_33_28_27_26_25_24_14_8_4_3_1_v30_8_1_v6_2_v29_3_v8_4_v32_v65_64_56_55_54_50_45_37_31_11_10_9_6_4_2_vvvv66_39_v34_vv17_vv62_19_v31_v17_v38_v69_68_52_39_v68_58_57_56_43_30_v48_vv78_70_66_37_31_27_23_v83_50_49_vv76_7_2_v42_27_7_vv67_9_v63_30_v58_45_35_31_29_v69_68_12_vvv49_39_v40_36_20_v52_31_v18_v102_101_100_99_98_97_95_94_93_92_91_90_89_88_87_86_85_84_83_79_78_77_76_75_74_73_72_71_70_69_68_67_66_64_63_62_61_60_59_58_57_56_55_54_52_51_50_49_48_47_45_44_42_41_40_38_37_36_34_33_32_31_30_28_27_26_25_24_23_22_21_20_19_18_17_15_14_13_12_11_10_9_8_7_6_5_4_3_2_1_v102_1_v2_v3_1_v58_47_43_v95_46_15_5_v6_v60_50_41_26_19_7_2_v8_v97_96_73_9_v10_v,113,train,109
vvvvv3_vvvvvv1_vvvvvvv11_vvvvvvv18_v24_v25_22_vv19_v11_v2_vvvv25_16_vv11_10_v17_v16_v4_v22_v14_vvvvvv46_25_vv43_41_4_v48_28_1_v8_vvvvvv56_53_19_v32_8_1_v29_vvv55_51_41_33_30_v59_6_v55_31_vv45_16_v43_8_v43_30_v70_29_v70_67_31_30_v60_42_39_v65_52_51_43_28_10_6_v16_vv41_26_vv75_v60_28_v61_39_29_vv55_v35_vv74_6_v75_12_7_1_v8_v77_47_3_2_v53_18_vvvv43_v85_48_vv94_84_69_66_61_47_45_32_6_v54_43_v50_11_2_v27_11_3_v92_78_70_51_v73_v97_75_65_44_43_20_6_v76_66_64_44_21_7_v41_vv81_v89_37_3_vv93_vv62_60_15_vv102_28_27_25_v107_59_v107_103_95_85_82_28_v90_89_79_14_13_v105_84_54_45_2_v64_21_v41_vv93_v51_vvv64_vvvv121_120_118_108_107_106_101_99_83_78_75_66_62_56_44_43_12_1_v80_36_1_vv97_81_76_v115_61_60_34_4_v78_38_v116_106_v128_127_124_116_114_106_103_93_91_90_85_82_69_65_64_63_55_37_19_7_6_1_v72_14_1_v45_9_2_v76_67_3_v46_11_4_vv118_81_71_42_36_35_17_v136_95_93_92_87_81_11_vv35_v93_v139_138_127_126_125_117_101_87_74_53_19_18_17_11_9_7_v148_vv114_50_v134_vv69_v58_v123_26_v10_v21_v135_29_v72_51_v63_v141_140_107_74_43_12_v140_114_113_111_106_78_51_30_28_19_18_v92_37_v152_141_131_65_47_35_31_28_vv153_v137_v119_36_34_v85_75_16_v9_v163_108_99_98_92_v151_75_43_v78_v28_v145_42_12_v47_v100_50_vv108_vv22_v180_177_133_131_118_100_80_79_v176_132_v164_23_13_vv90_89_50_24_v91_v140_126_26_v85_83_v162_89_v183_161_v178_v162_142_115_v187_139_v141_140_59_54_vv191_v176_171_161_142_125_95_82_66_64_55_48_v192_151_148_103_85_v136_v166_130_102_72_65_63_25_v153_151_106_40_v23_v196_174_v128_78_28_v130_110_107_96_77_v160_78_71_47_v142_111_88_61_v181_v151_48_12_v211_206_205_204_203_202_200_199_198_197_196_195_191_190_189_188_185_183_181_166_165_163_162_160_159_158_157_154_151_147_146_144_140_138_130_127_126_125_124_121_120_119_116_114_109_108_107_100_96_94_87_83_81_80_76_74_73_72_69_64_61_60_59_58_57_56_55_54_53_52_51_50_49_48_46_40_37_27_25_24_23_16_10_9_8_6_5_4_3_1_v161_55_50_14_v81_51_1_v28_16_v123_110_91_v204_186_153_144_99_54_v130_v213_191_179_160_159_122_102_40_36_7_v58_v59_v219_216_194_184_163_162_157_139_125_119_118_23_3_v172_143_118_v174_v13_v176_125_v148_107_v16_3_v208_v132_129_100_93_v71_v72_47_v184_170_v194_182_175_51_v227_v184_v170_139_28_v227_208_96_42_38_v141_120_v237_234_212_190_188_175_157_137_136_41_21_6_v189_172_169_98_47_14_v225_145_136_110_56_53_30_8_v167_164_123_31_16_v167_147_144_131_114_101_98_81_57_45_32_2_v233_215_209_179_7_v4_v234_221_216_209_201_192_186_182_179_175_160_155_154_153_152_77_75_51_38_36_28_24_8_v151_36_v240_218_77_v102_89_v155_v180_v250_247_225_215_201_188_170_156_150_149_136_54_34_31_v232_231_180_42_v249_196_36_2_v59_44_v251_230_229_219_208_198_160_140_74_35_17_4_v252_199_175_24_v161_v163_148_60_57_v238_232_187_35_v243_242_220_210_206_191_182_157_155_119_72_v,262,train,82
vv2_vv2_vvvv8_6_v6_v8_6_vvvv13_8_2_v12_7_5_v9_v2_v10_v5_v15_13_v20_7_v22_20_14_12_vv10_5_vv12_vv26_17_13_vv15_v16_v25_17_16_7_3_v18_v32_30_27_26_24_23_19_18_12_6_4_1_v30_22_20_v31_21_16_13_v22_v36_34_28_23_16_4_v37_35_29_24_5_1_v25_v27_v27_15_v32_9_v17_2_v44_31_v45_32_25_20_1_v42_40_27_11_v43_28_13_5_1_v34_v35_9_v49_40_36_17_v50_48_37_30_24_18_14_13_v,53,val,32
vvvvvvvvvvvvv11_v10_v14_vvv10_5_vv16_vvvv11_v5_4_v17_9_8_v24_vv25_18_9_v30_v29_4_v32_31_27_25_22_17_16_13_12_9_7_2_vv14_vv20_vv35_1_vv11_v25_vv41_34_26_25_21_19_17_12_8_6_5_v2_1_v2_v34_26_v43_27_11_6_v5_v6_v27_18_v19_v23_v49_33_32_24_19_6_v41_11_v55_23_v56_24_1_vvv27_v60_28_v55_41_22_4_v46_15_v30_v56_37_36_31_20_6_1_v45_34_21_v59_51_34_v,67,train,156
vvvvv2_vvvvvv1_vvvvvvv11_vvvvvvvv19_v24_v25_23_vv20_v12_v2_vvv25_16_vvv11_10_v17_v16_v12_v5_v24_vvvvvv46_25_vv44_42_4_v50_28_1_v8_vvvvvv31_7_v57_55_20_1_v29_vvv56_52_41_33_30_v60_5_v56_30_vv45_16_v43_8_v43_30_v71_28_v71_68_30_29_v61_42_39_v66_52_51_43_28_10_6_vv16_v42_26_vvv78_v62_29_v63_39_30_vv56_v10_v37_vv77_7_v78_13_8_1_v9_v80_48_3_2_v55_20_vvvv45_v88_50_vv96_87_71_68_64_49_47_34_14_6_v80_56_45_v52_11_2_v29_11_3_v95_80_72_53_28_v75_v100_77_67_46_45_21_6_v78_68_66_47_22_7_v43_v82_vv92_39_3_vv96_vv64_62_15_vv105_28_27_25_vv111_62_v111_107_98_88_85_29_v93_92_82_15_14_v109_87_57_48_2_v67_22_v43_vv96_v54_vvv67_vvvv125_124_122_111_110_109_104_102_86_81_78_69_65_59_48_45_44_12_1_v83_37_1_vv118_63_62_34_3_v102_85_80_v81_39_v120_109_v132_131_128_119_117_109_106_96_94_93_88_85_72_68_67_66_57_38_19_7_6_1_v75_14_1_v46_9_2_v79_70_3_v47_11_4_vv121_84_74_43_38_36_17_v140_98_96_95_90_84_10_vv36_v96_v143_142_130_129_128_120_104_90_77_54_19_18_17_11_9_7_v152_vv117_51_v138_vv70_v125_25_v60_v136_27_v11_v22_v63_v74_53_v153_141_131_63_44_32_29_25_v145_144_111_76_44_13_v144_118_117_115_110_80_53_30_29_20_19_v96_38_vv139_v84_74_14_v159_v123_36_35_v8_v167_111_102_101_94_v154_76_43_v79_v28_v3_v149_44_12_v48_v103_51_vv112_vv22_v184_182_137_135_122_103_82_81_v181_136_v168_23_14_vv92_91_51_24_v93_v144_130_26_v165_90_v88_87_v188_165_v165_145_117_v184_v192_143_v145_144_60_55_vv179_174_164_145_128_96_82_65_64_55_48_v197_v197_155_152_105_86_v140_v171_134_104_73_66_64_25_v157_155_108_40_v23_v201_178_v131_79_28_v134_112_109_98_78_v164_79_72_49_v146_113_89_62_v185_v156_48_13_v216_211_210_209_208_207_205_204_203_202_201_200_195_194_193_192_189_187_185_170_169_167_166_164_163_162_161_158_155_151_150_148_144_142_133_129_128_127_126_123_122_121_118_116_111_110_109_102_97_95_88_84_82_81_77_75_74_73_70_65_62_61_60_59_58_57_56_55_54_53_52_50_49_48_47_41_38_27_25_24_23_16_10_9_8_6_5_4_3_1_v165_55_50_15_v81_51_1_v28_17_v125_111_92_v209_190_157_148_100_54_v132_v218_195_183_164_163_124_103_40_36_7_v58_v59_v223_221_198_188_167_166_161_142_127_121_120_24_3_v176_146_120_v178_v13_v180_127_v151_108_v16_3_v212_v134_131_119_101_94_v71_v72_47_v188_174_v198_186_178_51_v232_v188_v174_141_28_v232_212_97_42_38_v143_121_v241_239_216_194_192_179_160_139_138_42_21_6_v193_176_173_99_48_14_v230_147_137_111_56_53_30_8_v169_167_124_31_16_v171_149_146_131_115_102_99_81_57_46_32_2_v238_219_214_183_7_v4_v239_225_220_213_205_196_190_186_183_179_162_157_156_155_154_80_76_51_38_36_28_24_8_v153_36_v245_222_78_v103_91_v157_v184_v254_252_229_219_205_192_173_158_152_151_137_55_34_31_v236_235_184_42_v254_199_36_2_v59_44_v256_234_233_223_212_201_162_141_74_35_17_4_v257_202_178_24_v240_234_189_33_v165_150_60_57_v247_246_222_213_209_194_184_158_157_119_70_v,266,train,415
vv2_vvvv1_vv7_vv9_v10_v9_vvv6_v15_vvv15_14_13_12_v20_19_vv10_vv21_12_vvv26_v28_16_vv11_vv13_v16_4_v25_v20_7_v35_v34_32_28_18_16_9_6_3_vv26_v39_20_v29_v33_8_7_v38_37_24_v5_v9_8_vv10_vv12_v46_44_43_37_36_33_32_31_27_25_24_22_21_20_18_17_12_11_7_6_4_2_v1_v40_v,53,train,366
vv1_vvv4_vv7_vv6_4_vvv7_v4_v2_v6_v12_11_v12_v13_v14_v15_12_8_v3_v17_16_v3_v21_7_v5_v15_8_v7_v2_v9_v4_2_v15_v12_v15_v6_4_v15_v31_30_v18_v2_v39_38_29_v20_v36_v33_v15_9_v42_33_16_14_10_1_v36_v30_v47_39_37_8_v30_v29_v50_42_11_v33_30_18_v52_27_21_2_v,53,train,172
vvvvvvvv5_vv1_vvvvv1_vv9_v5_vvv6_v10_vv24_6_vv11_8_5_v18_17_8_v9_4_v27_v10_vv17_v33_26_2_v11_vv1_vv19_v34_24_v7_vv27_16_2_v28_vv12_vv1_v38_21_5_vv38_v51_32_v19_v52_29_20_v20_8_v35_25_1_vvvvvvv21_v36_vv32_vv5_v58_v42_40_v20_vvv40_8_v56_v57_v59_v59_3_v43_42_23_v24_v29_v63_32_v64_58_v76_50_38_v30_12_v85_77_44_31_v53_v67_57_32_vv56_44_40_6_v36_vv43_24_23_v62_60_7_v81_79_76_65_57_50_37_35_26_v41_7_v88_55_11_v97_92_v97_79_74_71_65_60_50_49_38_35_34_24_23_16_7_6_v77_58_v67_27_14_7_v90_66_65_47_43_35_23_v96_79_v70_v71_v90_66_v102_91_88_82_79_73_56_55_35_21_12_9_8_v63_13_v10_v24_13_v99_90_75_74_32_31_20_v105_61_26_v112_94_87_84_59_56_52_30_21_14_6_v80_48_v79_36_13_4_v82_50_15_v114_75_v92_61_57_5_v111_85_75_73_69_45_26_18_3_v86_19_v112_44_v27_14_v94_71_42_28_24_v61_v26_v109_64_40_29_16_v80_79_48_v100_36_29_v120_v96_26_v73_36_v98_v106_38_v100_4_v116_v84_55_17_13_v134_37_v87_75_v60_59_37_v83_79_41_v107_75_v91_72_v113_109_90_79_74_50_1_v,143,train,43
vvvvv3_vvvvvv1_vvvvvvv11_vvvvvvvv19_v25_v26_23_vv20_v12_v2_vvvv26_17_vv11_10_v18_v17_v4_v23_v14_vvvvvv47_26_vv44_42_4_v49_29_1_v8_vvvvvv57_54_35_19_v36_32_8_1_v29_vvv56_52_42_33_30_v60_6_v56_31_vv46_16_v43_8_v43_30_v71_29_v71_68_31_30_v61_42_39_v66_53_52_43_28_10_6_v16_vv41_26_vv76_v61_28_v62_39_29_vv55_vv36_vv76_7_v77_13_8_1_v9_v79_48_3_2_v54_19_vvvv44_v87_49_vv96_86_70_67_62_48_46_33_14_6_v55_44_v51_11_2_v28_11_3_v94_80_71_52_v74_v99_76_66_45_44_21_6_v77_67_65_45_22_7_v42_vv82_v91_38_3_vv95_vv63_61_15_vv104_28_27_25_v109_60_v109_105_97_86_83_28_v91_90_80_14_13_v107_85_55_46_2_v65_21_v42_vv94_v52_vvv65_vvvv123_122_120_110_109_108_102_100_84_79_76_67_63_57_47_44_43_12_1_v81_36_1_vv98_82_77_v117_62_61_34_4_v79_38_v118_107_v130_129_126_118_116_107_104_94_92_91_86_83_70_66_65_64_56_37_19_7_6_1_v73_14_1_v45_9_2_v77_68_3_v46_11_4_vv119_82_72_42_36_35_17_v138_96_94_93_88_82_11_vv35_v94_v141_140_129_128_127_118_102_88_75_53_19_18_17_11_9_7_v150_vv115_50_v136_vv69_v58_v124_26_v10_v21_v137_29_v72_51_v63_v143_142_108_74_43_12_v142_115_114_112_107_78_51_30_28_19_18_v93_37_v154_143_132_65_47_35_31_28_vv155_v138_v120_36_34_v85_75_16_v9_v165_109_100_99_93_v153_75_43_v78_v28_v146_42_12_v47_v101_50_vv109_vv22_v182_179_134_132_119_101_80_79_v178_133_v166_23_13_vv90_89_50_24_v91_v141_127_26_v85_83_v163_89_v185_162_v180_v163_143_116_v189_140_v142_141_59_54_vv193_v178_172_162_143_126_95_82_66_64_55_48_v194_152_149_103_85_v137_v167_131_102_72_65_63_25_v154_152_106_40_v23_v198_175_v129_78_28_v131_110_107_96_77_v161_78_71_47_v143_111_88_61_v182_v152_48_12_v213_208_207_206_205_204_202_201_200_199_198_197_193_192_191_190_186_184_182_167_166_164_163_161_160_159_158_155_152_148_147_145_141_139_131_127_126_125_124_121_120_119_116_114_109_108_107_100_96_94_87_83_81_80_76_74_73_72_69_64_61_60_59_58_57_56_55_54_53_52_51_50_49_48_46_40_37_27_25_24_23_16_10_9_8_6_5_4_3_1_v162_55_50_14_v81_51_1_v28_16_v123_110_91_v206_187_154_145_99_54_v130_v215_192_180_161_160_122_102_40_36_7_v58_v59_v221_218_195_185_164_163_158_140_125_119_118_23_3_v173_144_118_v175_v13_v177_125_v149_107_v16_3_v210_v132_129_100_93_v71_v72_47_v185_171_v211_195_183_176_51_v229_v185_v171_139_28_v229_209_96_42_38_v141_120_v239_236_213_191_189_176_158_137_136_41_21_6_v190_173_170_98_47_14_v227_145_136_110_56_53_30_8_v168_165_123_31_16_v168_147_144_131_114_101_98_81_57_45_32_2_v3_v236_217_211_181_8_v236_222_217_210_202_193_187_183_180_176_160_155_154_153_152_77_75_51_38_36_28_24_8_v151_36_v242_219_77_v102_89_v155_v181_v252_249_226_216_202_189_171_156_150_149_136_54_34_31_v234_233_181_42_v251_197_36_2_v59_44_v253_231_230_220_209_199_160_140_74_35_17_4_v254_200_176_24_v161_v163_148_60_57_v240_233_188_35_v245_244_221_211_207_192_183_157_155_119_72_v,264,train,319
vvvvvvvvv8_v2_v3_v4_vvv7_v8_vvvvvvvv19_v25_vvv6_v7_1_vvv14_vvvv6_vvvvvv18_v41_v11_7_v40_vvvvvv28_vv13_v32_25_15_v47_vvvv24_vvv55_v30_19_v52_50_vv29_vv60_38_v61_vv53_39_vv55_41_2_vv8_2_vvv43_42_19_vv2_v9_vv69_43_30_vv1_v72_46_33_v74_66_v22_vvv89_v60_21_19_v88_48_18_v64_26_16_v41_v63_52_33_vv91_36_32_v46_v63_4_vvv33_13_1_v50_v27_vvvvvv30_v105_15_v9_vv28_v109_85_83_50_34_31_23_20_v93_57_v97_39_21_9_v83_55_11_v106_v88_v100_94_68_v46_7_v116_vv52_vvv1_v103_60_40_28_27_17_v1_v34_v132_130_129_127_125_120_114_110_108_107_102_95_94_80_79_77_75_68_58_55_51_47_46_40_32_25_24_23_18_13_11_10_8_6_5_3_1_v8_6_v111_21_v27_3_v70_v5_v32_6_v59_v134_83_29_v14_v88_35_1_v120_84_5_v115_111_81_39_29_26_12_v144_141_101_99_81_74_71_57_53_35_30_20_13_6_v14_v131_102_73_v119_85_30_v116_v125_18_v138_135_116_87_v129_v140_124_86_35_9_5_vv23_v133_43_v25_v26_v53_30_v91_31_30_v108_v127_30_14_v112_14_v90_89_10_v26_v109_34_v45_vv37_1_v23_v171_v171_168_153_132_128_125_124_123_116_113_112_107_101_94_76_62_59_55_38_33_27_23_16_v122_41_24_10_v,175,train,232
vvvvvv1_vvvv9_vvv7_2_vvv10_v14_v6_v18_14_6_2_vvv12_v22_18_10_4_vvv3_v14_3_2_v11_1_v7_v29_v8_v22_v20_vv21_v23_v11_v37_23_19_16_v29_17_11_10_v30_v37_33_31_9_vv1_v4_v27_v6_vv32_29_1_v32_v49_32_31_v25_v29_15_1_vv15_v25_21_v39_v56_39_38_7_v48_29_17_v19_15_13_v59_41_25_22_v60_59_42_34_1_v56_49_39_29_v47_15_v51_v55_v61_v67_64_60_58_48_47_46_32_25_24_17_14_10_v1_v29_v69_48_38_31_30_29_12_5_v,71,train,478
vvvvvv2_vvvv1_v6_3_vvv5_vv16_10_vvvv12_v21_20_12_7_2_v2_v8_3_v13_8_3_1_vv15_v16_4_v17_13_11_v8_vv20_vvvvv15_12_v37_29_16_9_2_v30_14_v4_v29_17_13_v20_v21_18_vvv28_14_v33_30_29_28_25_13_3_2_v3_2_v25_20_v47_46_42_23_9_v42_37_32_30_27_v51_43_35_30_22_v41_24_21_15_6_v43_42_30_13_4_v19_15_v41_v35_32_v49_33_v12_v57_36_31_10_v38_37_32_v40_29_v11_vv41_v65_57_41_v20_vv56_41_33_29_28_15_14_4_v59_45_v66_64_62_61_57_54_53_52_51_50_49_48_45_40_38_37_36_33_27_26_25_23_20_12_10_8_7_4_3_v,71,train,462
vvvvvvvvvvvvvvv14_v16_vvvvvv15_vvvvvvvv4_vvv30_v12_vvvvv32_17_v40_vv37_v42_41_24_v26_v28_v41_vvvvvv51_35_33_9_vv53_37_11_vvv57_56_54_53_52_51_50_49_48_47_46_45_44_43_41_39_37_36_35_34_33_32_31_30_29_28_27_26_25_24_23_22_21_20_19_18_17_16_15_13_12_11_10_9_8_7_6_4_3_2_1_v,58,train,146
vvvvvvvv4_1_vvvvvv9_v1_v9_vvvvv2_vvv21_3_v2_vv18_v19_8_7_1_v15_14_7_v16_v9_7_vvv34_v32_23_2_v14_v15_v3_v19_vv31_26_18_12_2_v7_vv42_40_18_17_v44_35_vvv45_26_v40_14_v43_41_40_27_26_23_15_vv29_11_2_vv3_v11_v50_7_v51_40_30_1_vv53_10_3_2_v60_59_55_31_30_26_17_15_13_9_6_v43_v27_v6_1_vv50_v29_v50_38_22_vv46_44_28_19_v13_v36_9_v66_16_15_13_v52_v53_v54_2_v28_v56_33_v57_54_46_v39_vv75_69_46_39_25_22_v79_v10_9_8_v59_31_26_v50_v51_44_42_23_5_v69_17_v75_48_44_24_23_21_9_v56_54_4_v73_33_v72_71_70_26_v67_51_v90_v87_72_70_65_59_57_53_50_36_34_33_21_20_16_7_6_v60_24_10_6_v52_v97_37_v54_v2_v65_v66_v24_v92_83_82_79_74_68_57_55_35_21_12_10_9_v10_7_5_v105_71_45_v103_85_81_75_56_53_48_28_19_12_3_v72_45_v48_v65_46_28_23_v110_50_v76_49_16_v87_59_54_6_v88_v49_v109_103_80_76_73_71_59_56_44_27_20_19_6_4_v81_21_v108_90_76_57_51_v87_70_42_27_24_v59_v40_26_6_v92_34_27_v87_22_v88_v89_2_v104_93_v78_50_11_8_v65_64_46_39_32_12_v113_96_89_86_84_69_v122_92_85_63_v77_72_36_16_v81_2_v97_70_v124_116_106_98_88_84_73_68_45_16_v,134,train,59
vvvvvvvvvv1_vvvvvvv17_13_vvvvvvvv8_vvvv25_1_vvv27_vvv11_v17_vvv30_20_vvvv12_11_vv42_5_v20_v29_28_vvvv23_22_10_v35_vvv29_v52_48_6_vv55_32_2_vv19_vvvv64_v41_38_33_7_v61_39_20_1_vv31_3_v4_v33_v41_vv66_62_51_37_35_v69_8_v66_vv55_19_v53_49_34_27_8_v78_32_v33_v70_45_43_v75_61_60_46_33_9_5_v44_27_v84_59_8_vv83_45_v68_29_v72_69_63_44_43_41_30_vv58_vvv38_v50_16_6_vvvv88_11_v89_12_1_v13_vv67_vvv49_vvvv54_9_v99_78_74_71_53_52_36_18_7_1_v63_49_v112_61_28_v32_3_v106_64_v108_93_79_61_58_v84_73_70_51_26_6_v112_85_74_52_51_27_7_vv46_v91_v104_61_v105_104_89_71_68_43_38_4_3_vv124_107_40_v81_47_37_vv70_69_17_vv89_v90_v127_68_v125_121_112_96_94_32_v102_101_90_17_16_v123_96_61_53_2_v95_90_82_vvv131_130_128_117_116_112_104_102_88_80_76_65_61_56_46_40_39_4_1_v83_25_1_vv138_v140_125_v104_85_79_v80_34_vv129_65_64_33_8_v128_v141_140_137_128_126_112_110_100_99_98_90_86_71_68_67_66_59_35_14_10_9_1_vv75_2_v46_13_3_v79_71_4_vv74_39_34_32_v151_100_99_97_91_83_12_v42_18_8_v55_v121_118_104_38_vv153_152_140_139_138_124_110_90_78_46_23_22_21_12_9_4_v144_40_v120_47_vvv69_v56_v29_v152_127_123_117_110_108_90_88_67_61_56_39_38_33_15_14_v143_31_v60_43_v149_116_114_113_107_75_44_28_27_22_16_vv162_147_135_60_39_35_27_25_v63_v75_v156_155_114_76_vv98_v83_65_14_v123_37_36_23_v174_108_100_99_94_v161_71_44_vv46_v180_128_127_111_95_69_68_v182_128_v167_11_6_v69_68_v79_78_41_18_v80_v136_119_20_v168_157_vv171_157_154_149_143_136_109_108_71_53_36_26_v191_132_v131_11_v29_v136_135_50_v196_159_111_98_64_46_31_5_v178_168_157_147_136_129_118_103_84_67_57_56_45_38_vv198_147_144_92_71_57_32_v164_123_90_65_55_52_19_v204_179_43_v148_147_95_35_34_v206_189_5_v120_vvv127_100_97_72_v73_63_37_v101_52_v148_42_13_v213_210_209_208_207_206_204_203_202_201_200_199_194_193_192_188_183_180_178_165_164_159_157_156_155_153_152_147_144_140_139_137_134_132_125_118_116_115_114_111_110_108_106_103_98_97_95_87_82_80_78_77_75_74_67_64_63_62_60_54_52_51_50_49_48_47_45_43_42_40_39_38_37_36_33_31_27_25_24_23_16_11_9_6_5_4_3_2_1_v157_44_15_v90_73_45_1_v28_17_v199_171_166_140_106_97_94_57_14_12_v208_183_146_138_85_48_26_v215_188_174_155_154_110_87_35_6_v216_189_178_156_155_147_131_111_105_104_21_1_v166_135_103_v139_v138_66_56_v11_v169_v170_112_v9_v15_4_v230_v63_vv122_118_95_85_vv235_114_17_v185_83_68_v182_165_v211_192_180_172_53_v235_v182_v232_43_39_v237_210_207_185_184_168_152_140_126_125_50_46_42_22_4_v146_v204_191_v230_135_105_54_31_7_v160_32_22_v164_137_134_119_109_93_88_76_58_47_33_2_v238_209_173_7_v125_88_43_14_v239_221_214_207_201_197_188_180_176_173_170_151_146_145_144_136_71_69_52_38_37_30_28_v141_37_v151_84_v165_v249_230_222_211_196_180_164_144_138_137_121_54_34_33_v107_41_40_v235_234_174_42_v252_226_225_214_202_191_147_124_72_36_15_3_v44_v254_228_227_204_193_149_74_38_17_5_v255_194_170_22_v176_139_v257_196_42_8_v263_161_142_45_14_v261_70_v243_231_183_38_v264_249_248_247_233_219_212_208_203_190_187_182_179_175_171_154_148_147_146_124_112_78_65_48_43_34_32_17_5_v,267,train,518
vvvvvvvv7_v2_v3_v4_vvv7_v8_vvvvv20_vvv5_v6_1_vvvvv4_vvvv27_vv16_vv5_v20_14_7_v32_vvv14_v32_30_vvv39_21_v40_vvvv6_1_vv25_24_11_v1_vv43_24_19_v44_25_20_v46_41_vvv55_28_10_v37_16_9_v25_vv28_vvv20_8_1_v31_v17_vvvvvvv8_v20_v53_24_18_v63_6_v52_38_8_v69_v65_60_45_v32_5_v78_vvvvv1_v69_43_31_24_23_14_v1_v29_v93_91_90_89_87_82_78_75_74_73_68_64_63_57_56_54_53_50_43_41_39_37_36_33_28_21_20_19_16_12_11_10_8_6_5_3_1_v8_6_v22_2_v3_v26_4_vv59_v12_v63_29_1_v5_v79_77_61_33_25_23_10_v103_99_72_71_61_56_54_46_44_29_26_18_11_6_v12_v56_v83_65_27_v82_v89_16_v98_82_67_v99_87_66_31_8_4_v19_v20_v21_v44_25_v69_26_25_v80_v90_25_11_v84_11_v70_v81_28_v39_vv31_1_v125_v125_121_94_78_51_47_28_22_18_v92_34_19_8_v,129,train,505
vv1_vvvvvvvvvvvvvvvv17_v18_17_vvvvv6_5_vvvvv28_13_v26_24_4_vv16_2_vvvvvvvvvv37_34_27_20_v41_vv30_13_v38_24_vv43_34_33_26_23_6_3_v26_19_vvvvvv48_v49_1_v50_2_1_vvvvvv62_55_44_41_40_32_31_20_11_4_v29_v36_7_2_v20_9_3_v62_52_45_36_v2_v67_50_45_6_v51_46_7_vv30_vv2_vvv46_45_14_v73_70_65_56_20_v61_60_55_10_9_v72_38_34_2_vv42_vv79_78_77_70_69_68_64_62_58_52_49_42_39_36_32_29_28_4_1_v55_1_vv41_39_21_3_v52_25_v66_57_53_vvv87_86_84_79_77_70_67_66_60_57_47_46_45_44_42_26_12_8_7_1_v49_1_v10_2_v53_49_3_v12_4_vv81_58_51_31_27_24_16_v95_70_69_67_63_10_v25_v96_95_88_87_86_79_75_62_53_18_17_16_9_7_5_v35_vvv52_v22_v44_v92_24_v77_62_11_vv96_82_80_79_75_58_34_23_22_14_12_v20_v105_97_47_33_29_26_21_v50_v57_v103_102_81_58_vv71_v114_77_73_71_v106_56_36_vv38_v110_7_4_vv62_61_33_14_v63_v98_16_v93_36_v114_110_105_101_93_88_81_75_59_50_41_40_30_27_v126_101_98_67_v108_84_65_47_39_37_9_v101_100_69_21_vvvv87_73_70_61_52_v53_45_23_v74_37_v28_10_v140_138_137_136_135_134_133_132_131_130_129_128_127_126_125_124_122_120_118_115_114_111_109_108_107_106_105_102_101_97_96_95_93_92_90_87_85_84_82_81_80_79_78_76_71_70_68_63_62_60_59_57_55_54_49_47_46_45_42_39_38_37_36_35_34_33_32_30_29_28_26_25_24_23_22_21_19_17_15_14_13_12_9_8_6_5_4_3_2_1_v109_30_29_12_v53_31_1_v122_116_106_92_68_53_10_v19_15_v137_123_103_99_65_34_v144_127_83_67_6_v146_145_128_123_104_84_78_77_18_1_v8_v9_1_v7_v87_84_67_59_v120_v132_10_v153_152_135_123_122_111_85_84_25_8_2_v143_92_82_69_31_28_15_3_v16_v108_94_91_81_73_59_57_46_32_28_17_2_v3_v96_19_v159_158_141_136_128_117_97_91_90_81_31_14_13_v140_71_18_v148_147_114_22_v23_v162_146_145_140_135_101_85_17_10_4_v102_88_35_33_v134_115_95_94_68_16_v,167,train,396
vvvvvvvvv9_5_vvv3_vvv11_vv6_vv8_v8_2_vvv13_v17_13_vv19_15_8_6_2_v12_6_v16_vv21_5_vvv29_v33_v2_v34_v16_vv39_v28_v23_vv31_28_21_16_2_vv21_v22_v30_v31_v49_37_35_7_vv40_16_v44_41_40_30_28_17_vvv33_12_3_vvvv6_v44_36_v3_v51_8_v63_62_60_36_34_29_19_14_13_10_4_v17_4_vvvv53_vv61_42_33_v64_62_55_44_39_26_22_5_4_v72_63_58_23_v51_30_21_v70_36_v5_v71_6_v60_42_29_v76_69_42_9_v70_32_31_15_2_v69_v35_13_10_v78_49_47_43_v74_55_13_v41_v77_64_58_50_48_42_39_22_4_v22_9_7_v86_24_vv72_10_v86_55_v24_23_vv89_55_v82_45_44_vv95_83_62_33_1_v32_v94_63_24_v36_v99_37_v101_89_18_v102_93_37_10_5_v99_86_68_62_57_55_36_23_22_v93_84_80_76_74_61_41_34_32_21_16_3_2_vv57_v44_v94_36_v109_v48_v111_106_105_41_7_v76_v101_64_v110_vv85_v105_68_v7_v106_23_v11_v49_38_33_25_19_10_v114_85_76_52_17_v106_69_27_13_v72_2_v54_v95_70_22_10_6_5_v117_104_39_23_6_v128_70_67_58_24_13_7_v127_122_120_118_113_105_97_94_91_87_84_80_78_75_72_66_63_62_61_51_48_38_32_25_23_19_17_8_4_v,130,train,461
vvvvv3_vvvvvv1_vvvvvvv11_vvvvvvv18_v24_v25_22_vv19_v11_v2_vvvv25_16_vv11_10_v17_v16_v4_v22_v14_vvvvvvv47_26_vv44_42_5_v49_29_1_v9_vvvvvv57_54_20_v33_8_1_v30_vvv56_52_42_34_31_v60_6_v56_32_vvv47_17_v45_9_v45_32_v72_31_v72_69_33_32_v62_44_41_v67_54_53_45_30_11_6_v17_vv43_27_vv77_v62_29_v63_41_30_vv57_vv37_vvv78_8_v79_14_9_1_v10_v81_51_3_2_v57_20_vvvv46_v89_52_vv98_88_73_70_65_50_48_35_15_6_v58_46_v53_11_2_v29_11_3_v96_82_74_54_v77_v101_79_69_47_46_22_6_v80_70_68_47_23_7_v5_v45_v85_vv94_40_3_vv98_vvv67_65_17_vv108_30_29_27_vv114_65_v114_110_102_92_89_31_v97_96_86_17_16_v112_91_60_50_2_v70_24_v46_vv100_v56_vvv70_vvvv128_127_125_115_114_113_108_106_90_84_81_72_67_61_51_47_46_12_1_v86_39_1_vv104_87_82_v122_66_65_37_4_v84_41_v123_113_v135_134_131_123_121_113_110_100_98_97_91_88_74_70_69_68_60_40_19_7_6_1_v78_14_1_v48_9_2_v82_72_3_v49_11_4_vv125_87_76_45_39_37_17_v143_101_99_98_93_87_11_vv37_v99_v146_145_134_133_132_124_108_93_79_56_19_18_17_11_9_7_v155_vv121_53_v141_v16_vv74_v62_v131_27_v11_v142_29_v75_53_v66_v148_147_113_77_43_12_v147_120_119_117_112_82_52_30_28_19_18_v97_37_v159_148_138_68_47_35_31_28_vv160_v144_v125_36_34_v89_78_15_v9_v170_114_104_103_97_v158_78_43_v81_v28_v152_42_12_v47_v105_50_vv113_vv22_v187_184_139_137_124_105_83_82_v183_138_v171_23_13_vv93_92_50_24_v94_v146_132_26_v87_86_v169_92_v190_168_v185_v169_148_120_v194_145_v147_146_59_54_vv182_177_167_156_147_137_129_116_97_81_65_63_54_47_v199_v199_157_154_106_85_v142_v173_135_105_72_65_63_25_v159_157_109_40_v23_v203_181_v133_78_28_v135_113_110_98_77_v167_78_71_47_v147_114_88_61_v188_v157_48_13_v218_213_212_211_210_209_207_206_205_204_203_202_198_197_196_195_192_190_188_173_172_169_168_166_165_164_163_160_157_153_152_149_145_143_135_131_129_128_127_124_123_122_119_117_112_111_109_101_96_94_87_83_81_80_76_74_73_72_69_64_61_60_59_58_57_56_55_54_53_52_51_50_49_48_46_40_37_27_25_24_23_16_10_9_8_6_5_4_3_1_v167_60_50_15_v104_81_51_1_v28_17_v126_111_91_v211_193_159_149_99_54_v133_v220_198_186_166_165_125_102_40_36_7_v58_v59_v226_223_201_191_169_168_163_144_128_122_121_24_3_v178_148_120_v180_v13_v182_128_v153_107_v16_3_v215_v135_132_116_100_93_v71_v72_47_v190_176_v201_188_181_51_v234_v190_v175_142_28_v234_215_96_42_38_v144_120_v244_241_219_196_194_181_162_140_139_42_21_6_v204_v196_178_175_99_48_15_v233_149_138_111_57_54_31_9_v173_170_124_32_17_v173_151_148_133_115_102_99_82_58_47_33_2_v241_223_217_186_8_v4_v242_229_224_217_209_206_199_193_189_185_181_164_159_158_157_156_78_76_52_39_37_29_25_9_v155_37_v248_226_78_v103_90_v159_v186_v258_255_233_223_208_195_176_160_154_153_137_56_35_32_v240_239_186_43_v257_203_37_2_v60_45_v259_238_237_227_215_205_164_141_75_36_18_4_v260_206_181_25_v165_v167_150_61_58_v246_240_193_36_v251_250_228_217_213_197_188_160_159_120_73_v,270,train,323
vvvvv3_vvvvvv1_vvvvvvv11_vvvvvvv18_v24_v25_22_vv19_v11_v2_vvvv25_16_vv11_10_v17_v16_v4_v22_v14_vvvvvv46_25_vv43_41_4_v48_28_1_v8_vvvvvv56_53_19_v32_8_1_v29_vvv55_51_41_33_30_v59_6_v55_31_vv45_16_v43_8_v43_30_v70_29_v70_67_31_30_v60_42_39_v65_52_51_43_28_10_6_v16_vv41_26_vv75_v60_28_v61_39_29_vv55_vv36_vv75_7_v76_13_8_1_v9_v78_48_3_2_v54_19_vvvv44_v86_49_vv95_85_70_67_62_48_46_33_14_6_v55_44_v51_11_2_v28_11_3_v93_79_71_52_v74_v98_76_66_45_44_21_6_v77_67_65_45_22_7_v42_v81_vv90_38_3_vv94_vv63_61_15_vv103_28_27_25_vv109_61_v109_105_97_87_84_29_v92_91_81_15_14_v107_86_56_47_2_v66_22_v43_vv95_v53_vvv66_vvvv123_122_120_110_109_108_103_101_85_80_77_68_64_58_48_45_44_12_1_v82_37_1_vv116_62_61_34_3_v100_84_79_v80_39_v118_108_v130_129_126_118_116_108_105_95_93_92_87_84_71_67_66_65_57_38_19_7_6_1_v74_14_1_v46_9_2_v78_69_3_v47_11_4_vv120_83_73_43_38_36_17_v138_97_95_94_89_83_10_vv36_v95_v141_140_129_128_127_119_103_89_76_54_19_18_17_11_9_7_v150_vv116_51_v136_vv57_v71_v60_v126_27_v11_v22_v138_30_v74_53_v143_142_109_75_43_12_v142_116_115_113_108_79_52_29_28_19_18_v94_37_v154_143_133_66_47_35_32_28_vv155_v139_v121_35_34_v86_76_15_v9_v165_110_101_100_94_v153_76_43_v79_v28_v3_v148_44_13_v48_v103_51_vv111_vv22_v183_180_136_134_121_103_82_81_v179_135_v167_24_14_vv92_91_51_25_v93_v143_129_27_v87_86_v165_91_v186_164_v181_v165_145_118_v190_142_v144_143_60_55_vv194_v179_174_164_145_128_97_83_66_65_56_49_v195_154_151_105_86_v139_v169_133_104_73_66_64_25_v156_154_108_41_v23_v199_177_v131_79_28_v133_112_109_98_78_v163_79_72_55_v145_113_89_62_v184_v154_49_12_v214_209_208_207_206_205_203_202_201_200_199_198_194_193_192_191_188_186_184_169_168_166_165_163_162_161_160_157_154_150_149_147_143_141_133_129_128_127_126_123_122_121_118_116_111_110_109_102_97_95_88_84_82_81_77_75_74_73_70_65_62_61_60_59_58_57_56_55_54_53_52_51_50_49_47_41_38_27_25_24_23_16_10_9_8_6_5_4_3_1_v164_55_51_14_v81_52_1_v28_16_v125_111_92_v207_189_156_147_100_55_v132_v216_194_182_163_162_124_103_40_36_7_v59_v60_v222_219_197_187_166_165_160_142_127_121_120_23_3_v175_146_120_v177_v13_v179_127_v151_108_v16_3_v211_v134_131_119_101_94_v71_v72_47_v187_173_v197_185_178_51_v230_v187_v173_141_28_v230_211_97_42_38_v143_121_v240_237_215_193_191_178_160_139_138_41_21_6_v200_v193_176_173_100_48_15_v229_148_138_112_57_54_31_9_v171_168_125_32_17_v171_150_147_132_116_103_100_83_58_46_33_2_v237_219_213_183_8_v4_v238_225_220_213_205_196_190_186_183_179_163_158_157_156_155_79_77_52_39_37_29_25_9_v154_37_v244_222_79_v104_98_v158_v184_v254_251_229_219_205_192_174_159_153_152_138_55_35_32_v236_235_184_43_v253_200_37_2_v60_45_v255_234_233_223_212_202_163_142_75_36_18_4_v256_203_179_25_v164_v166_151_61_58_v242_236_191_36_v247_246_224_214_210_195_186_160_159_121_73_v,266,train,5
vvvvvvv1_vvvv1_v3_v2_vv15_3_vv6_5_4_v12_11_4_v5_4_vvv11_v23_19_2_v10_vv24_15_v4_vv18_12_2_v19_vv9_v26_15_3_vv27_v36_22_v14_v37_23_15_vvvvvv26_vv23_v40_v30_28_v14_vv28_5_v40_v41_v42_2_v19_v44_22_v45_42_v54_35_26_v59_54_31_20_v37_v38_29_27_3_vv29_16_15_v43_41_4_v56_54_53_45_40_34_24_23_18_v61_38_7_v67_65_v67_54_53_50_45_44_35_34_25_24_23_16_15_11_6_5_v46_18_9_5_v47_v48_v61_46_v70_62_61_58_55_50_38_37_23_14_8_6_5_v43_9_v7_v17_10_v42_18_v78_66_62_59_40_38_35_21_16_10_5_v56_33_v57_34_11_v65_41_38_3_v78_59_52_50_48_31_19_13_2_v60_14_v19_10_v66_49_30_20_17_v18_v85_77_v29_22_12_v71_27_21_v67_20_v50_26_v69_v76_28_v71_4_v83_v60_41_14_11_v62_v58_55_30_v76_53_v65_52_v81_78_64_57_54_38_1_v,102,train,44
vv1_vvvv4_3_vvvvv1_vv12_6_vv11_10_5_4_1_vv9_vv13_v5_v19_15_vv17_2_v9_v23_vv21_6_v6_v13_v28_12_v31_v10_v18_13_v30_19_v22_9_v28_27_24_19_14_8_4_v7_v23_v24_19_v15_11_v24_5_v27_v7_v38_28_v41_30_21_vv32_27_v42_27_21_v36_7_v44_34_v51_38_36_26_25_15_5_v26_v37_23_v18_v47_19_v46_42_41_30_22_7_v,57,train,333
vvvvvvvvvvvvvvvvvvvvv6_vv8_vvvvvv28_vv17_8_vv29_20_19_15_14_2_vvv30_v31_1_vvvvvv17_v43_vvv25_24_v44_41_36_30_10_v42_1_vvvvvv25_vvv26_v55_54_47_46_45_41_39_31_26_8_7_3_vvvv28_vvvv52_v30_v8_v27_vv60_59_46_34_v59_52_51_50_38_26_v42_vv72_43_vv66_6_2_v36_6_vv60_8_v56_v51_27_v62_61_11_vvvv18_v46_30_v17_v91_90_89_88_87_86_85_84_83_82_81_80_79_78_77_76_75_74_73_72_71_70_69_68_67_66_65_64_63_62_61_60_59_58_57_56_55_54_53_52_51_50_49_48_47_46_45_44_43_42_41_40_39_38_37_36_35_34_33_32_31_30_29_28_27_26_25_24_23_21_20_19_18_17_16_15_14_13_12_11_10_9_8_7_6_5_4_3_2_1_v91_1_v2_v3_1_v84_42_14_4_v5_v39_24_18_6_2_v7_v86_85_66_8_v9_v,101,train,521
vvvvvvvvvvvvvvvvvvvvv17_1_vv20_vv10_vv5_4_v9_vv15_vvv13_12_v27_vv17_v33_29_5_vv20_2_vvvvvvv23_7_v44_19_1_vv23_v44_40_32_25_v48_4_vvv36_15_v34_22_6_v55_54_27_26_v47_32_v52_41_40_33_27_8_4_v25_12_v53_26_v46_22_vvvv56_4_v57_7_5_1_v58_37_2_1_v12_v8_vvv35_v10_v66_42_vv66_53_51_38_37_25_1_v35_vv73_72_61_54_41_19_v77_57_53_34_33_4_vv59_55_54_36_6_v33_v63_v47_46_9_v77_21_20_19_v81_77_71_62_18_v66_65_61_8_6_v79_39_32_2_v48_13_vv36_v58_vvv90_88_87_79_78_77_72_71_64_57_54_46_42_38_31_30_7_1_v60_23_1_vv60_55_v56_24_v94_42_41_v87_v97_95_93_87_85_78_72_71_64_61_49_47_46_45_41_14_7_6_1_v52_1_vv34_10_3_v33_11_4_v58_51_5_v53_30_25_vv107_75_74_72_67_12_v106_104_96_95_94_87_80_63_54_38_17_16_15_9_6_5_v34_vv51_vv41_v22_v86_80_64_63_26_10_vv105_104_79_52_31_v104_86_84_83_78_58_37_23_22_12_11_v59_49_8_v114_105_35_28_21_v69_v107_30_v58_vv104_v124_80_73_72_69_vv107_7_vv78_v132_97_96_84_55_53_v120_15_6_v61_60_34_15_v62_v103_17_v134_115_v99_98_38_36_v124_119_115_107_98_84_60_54_43_42_31_29_v92_v88_48_41_38_v107_106_69_23_vv141_122_vv73_53_v54_47_v98_74_60_39_v106_30_10_v153_150_149_148_147_145_144_143_142_141_140_139_137_136_135_134_131_129_128_122_121_117_115_114_113_112_111_105_104_102_101_99_97_95_91_89_88_87_84_83_82_78_76_75_73_71_70_68_66_64_59_58_56_55_51_49_47_45_44_41_40_39_38_37_36_35_33_32_31_28_27_26_25_23_22_17_16_15_14_12_9_8_7_5_4_3_2_1_v115_32_12_v74_v57_34_2_v86_63_v148_133_108_101_69_36_v156_136_131_113_112_83_71_26_24_6_v157_137_133_114_113_109_84_80_78_18_1_v124_100_78_v9_v10_1_v59_23_v112_88_14_v121_v90_77_v91_18_15_v166_146_131_130_118_89_87_27_10_v135_v157_95_73_32_18_v19_v97_77_64_51_36_31_20_2_v167_164_153_149_147_143_139_132_129_125_123_120_118_108_104_103_102_101_100_93_51_44_33_23_22_15_13_7_v99_22_v170_151_142_75_46_10_v121_v66_10_v176_156_152_140_128_103_99_97_91_37_20_19_v77_27_26_v178_134_22_2_v179_160_159_155_146_135_106_94_47_22_13_3_v176_123_82_v31_v168_167_127_32_v,186,val,41
vvvvvvv1_vvvvv12_9_1_vvv7_vv10_5_2_v16_14_13_vvvv14_7_vv12_v21_13_11_v1_v21_11_10_vv28_vv6_v32_3_v15_v16_vv22_5_vvv38_32_11_2_1_v40_34_24_23_17_15_13_8_5_2_1_v1_v2_v3_v4_v36_vv22_v7_v42_36_33_v46_32_v39_38_11_v7_v24_12_vv53_51_50_46_45_41_38_37_36_35_34_25_24_22_21_19_10_9_5_3_2_1_v1_v25_16_v,58,train,385
vvvvvvvv7_v2_v3_v4_vvv7_v8_v7_6_5_2_1_vvvvvvvv24_vvv7_v8_1_vvvvvvvvv8_v16_vvvvvv38_vv8_v26_vv8_v30_22_10_v44_35_29_5_v23_vvvvv21_vv48_46_36_7_vvv55_33_v56_vvvvvvv19_4_vv13_v12_5_vvv54_v55_31_v42_41_21_v1_vv68_40_32_v69_41_33_v71_64_vvv80_42_13_v58_25_9_v54_v39_vv42_vvvvv31_11_1_v47_v20_vvvv13_vvvvvv70_vvv4_v15_v54_v92_68_60_29_26_v32_v86_36_30_v88_86_84_80_58_53_48_v99_63_13_v2_v89_88_83_61_54_27_16_3_v31_v109_v101_77_46_vv105_98_75_v52_10_v90_v121_112_56_v12_vv60_vvvvv1_v111_72_52_42_41_25_v1_v49_v139_137_136_135_133_128_122_119_116_115_110_101_100_91_90_87_84_80_67_62_60_58_57_54_48_36_35_34_25_18_15_14_10_8_5_3_1_v10_6_v37_2_v3_vvv45_6_v125_vv90_v80_31_30_v95_v110_41_28_17_v131_119_107_102_53_49_45_43_42_39_20_19_1_v8_v96_v122_v128_122_98_58_41_37_17_v156_152_114_113_98_91_85_74_72_49_42_27_18_10_v130_122_100_v20_v88_v139_133_103_42_v128_v105_43_v140_25_v153_129_106_v17_v34_v140_138_v157_147_141_115_112_108_106_76_68_67_53_50_21_13_8_6_v149_133_125_120_64_37_7_v32_v33_v34_v74_38_v111_39_38_v127_v141_38_16_v131_16_v107_v122_v126_42_v57_vv45_1_v65_53_41_33_v128_121_93_v171_145_117_113_80_44_35_v188_v188_184_146_123_81_72_42_32_27_v143_51_28_12_v,192,train,277
vvvvv3_vvvvvv1_vvvvvvv11_vvvvvvv18_v24_v25_22_vv19_v11_v2_vvvv25_16_vv11_10_v17_v16_v4_v22_v14_vvvvvv46_25_vv43_41_4_v48_28_1_v8_vvvvvv56_53_19_v32_8_1_v29_vvv55_51_41_33_30_v59_6_v55_31_vv45_16_v43_8_v43_30_v70_29_v70_67_31_30_v60_42_39_v65_52_51_43_28_10_6_v16_vv41_26_vv75_v60_28_v61_39_29_vv55_v35_vv74_6_v75_12_7_1_v8_v77_47_3_2_v53_18_vvvv43_v85_48_vv94_84_69_66_61_47_45_32_6_v54_43_v50_11_2_v27_11_3_v92_78_70_51_v73_v97_75_65_44_43_20_6_v76_66_64_44_21_7_v41_v80_vv89_37_3_vv93_vv62_60_15_vv102_28_27_25_v107_59_v107_103_95_85_82_28_v90_89_79_14_13_v105_84_54_45_2_v64_21_v41_vv93_v51_vvv64_vvvv121_120_118_108_107_106_101_99_83_78_75_66_62_56_44_43_12_1_v80_36_1_vv97_81_76_v115_61_60_34_4_v78_38_v116_106_v128_127_124_116_114_106_103_93_91_90_85_82_69_65_64_63_55_37_19_7_6_1_v72_14_1_v45_9_2_v76_67_3_v46_11_4_vv118_81_71_42_37_35_17_v136_95_93_92_87_81_11_vv35_v93_v139_138_127_126_125_117_101_87_74_53_19_18_17_11_9_7_v148_vv114_50_v134_vv69_v58_v123_26_v10_v21_v135_29_v72_51_v63_v141_140_107_74_43_12_v140_114_113_111_106_78_51_30_28_19_18_v92_37_v152_141_131_65_47_35_31_28_vv153_v137_v119_36_34_v85_75_16_v9_v163_108_99_98_92_v151_75_43_v78_v28_v145_42_12_v47_v100_50_vv108_vv22_v180_177_133_131_118_100_80_79_v176_132_v164_23_13_vv90_89_50_24_v91_v140_126_26_v85_84_v162_89_v183_161_v178_v162_142_115_v187_139_v141_140_59_54_vv191_v176_171_161_142_125_95_82_66_64_55_48_v192_151_148_103_85_v136_v166_130_102_72_65_63_25_v153_151_106_40_v23_v196_174_v128_78_28_v130_110_107_96_77_v160_78_71_47_v142_111_88_61_v181_v151_48_12_v211_206_205_204_203_202_200_199_198_197_196_195_191_190_189_188_185_183_181_166_165_163_162_160_159_158_157_154_151_147_146_144_140_138_130_127_126_125_124_121_120_119_116_114_109_108_107_100_96_94_87_83_81_80_76_74_73_72_69_64_61_60_59_58_57_56_55_54_53_52_51_50_49_48_46_40_37_27_25_24_23_16_10_9_8_6_5_4_3_1_v161_55_50_14_v81_51_1_v28_16_v123_109_91_v204_186_153_144_99_54_v130_v213_191_179_160_159_122_102_40_36_7_v58_v59_v219_216_194_184_163_162_157_139_125_119_118_23_3_v172_143_118_v174_v13_v176_125_v148_107_v16_3_v208_v132_129_100_93_v71_v72_47_v184_170_v194_182_175_51_v227_v184_v170_139_28_v227_208_96_42_38_v141_120_v237_234_212_190_188_175_157_137_136_41_21_6_v189_172_169_98_47_14_v225_145_135_110_56_53_30_8_v167_164_123_31_16_v167_147_144_131_114_101_98_81_57_45_32_2_v233_215_209_179_7_v4_v234_221_216_209_201_192_186_182_179_175_160_155_154_153_152_77_75_51_38_36_28_24_8_v151_36_v240_218_77_v102_89_v155_v180_v250_247_225_215_201_188_170_156_150_149_136_54_34_31_v232_231_180_42_v249_196_36_2_v59_44_v251_230_229_219_208_198_160_140_74_35_17_4_v252_199_175_24_v161_v163_148_60_57_v238_232_187_35_v243_242_220_210_206_191_182_157_156_119_72_v,262,train,127
vvvvvvv6_vvv3_vvvvv6_vv8_v8_2_vv12_v15_12_vv17_14_7_5_2_v11_v15_vv20_5_vvv30_vvvv18_vv26_23_17_12_2_vv17_v18_v39_30_28_5_vv33_11_v34_33_24_22_12_vvv27_10_3_vvvv6_v37_30_v3_v44_8_v54_53_51_30_28_24_17_14_13_10_4_vvvv45_v52_34_27_v59_53_48_20_v42_25_18_v3_v59_4_v62_57_v56_v27_8_v60_42_8_v32_v45_38_37_33_30_15_3_v70_16_vv15_14_vvv75_64_45_21_1_v21_v23_v78_24_v78_69_12_v79_73_25_7_4_v72_63_60_56_54_45_27_22_21_14_10_2_1_v42_v29_v72_24_v32_v85_82_81_27_5_vvv61_v4_v80_16_vv33_26_22_18_13_7_v62_55_35_v80_50_20_10_vv69_50_16_8_5_4_v90_78_27_17_5_v98_50_47_40_18_11_6_v98_94_93_91_86_79_71_69_67_65_62_60_58_55_52_46_44_43_42_36_34_28_24_19_18_15_13_7_4_v,101,train,445
v1_vv2_v4_2_1_v4_1_v5_2_v6_1_v7_4_v8_v9_6_v10_7_v11_9_7_6_4_1_v12_9_1_v13_2_v14_11_9_8_6_4_3_v15_12_1_v16_15_13_12_11_9_5_4_3_2_1_v17_14_11_7_6_3_1_v18_15_v17_16_v20_v21_18_v22_19_4_v20_8_v24_13_v25_17_14_7_v26_23_17_v27_24_18_1_v28_13_v29_26_v2_v31_28_25_20_17_15_v31_29_13_8_4_v33_v19_v34_3_v33_25_4_v5_v27_6_v39_36_28_23_v10_v41_38_5_v42_39_32_31_24_v43_40_37_32_18_v21_12_7_v45_42_34_33_12_v43_32_31_29_v47_44_36_24_15_3_v16_v49_46_33_v,51,train,15
vvvvv3_1_v1_vv8_4_vv5_v10_v11_v8_vvv16_5_v12_v13_v19_17_15_14_13_11_vv21_v17_v11_v23_12_v20_v21_v24_vv26_2_v27_1_vvvv1_v11_v36_v32_25_v14_v34_v35_21_v41_v41_32_31_v38_24_v39_27_5_v16_v19_17_16_v38_vv5_v49_42_41_31_29_13_9_3_v24_v47_v50_48_46_43_39_38_33_26_25_24_23_22_21_20_19_17_8_7_4_2_v42_v55_39_v52_51_48_37_v52_4_v58_8_v59_9_v50_12_3_v56_v12_v18_12_10_v59_v60_v42_31_v67_55_v,68,train,292
vvvvvvvvvvvvvvvvvv16_3_vvvvvvv20_vvv9_vv11_vvvv8_v4_v4_v1_v22_19_vv24_21_9_2_vv17_9_vvv22_vv24_vv16_vvvvvvv53_vv33_16_4_v37_12_v60_22_v60_59_25_23_v52_34_33_v57_42_41_35_22_4_v49_45_29_26_17_vvv50_35_6_v59_v60_1_vvv63_34_4_3_vvvvvv11_v37_v72_37_vv43_31_vv78_77_62_56_38_v23_13_v83_52_vv54_v64_vv42_v76_50_32_2_v47_46_v63_v64_v90_86_76_68_67_25_v87_68_35_1_v67_37_v68_64_55_vv46_vvv98_96_95_83_82_81_77_76_61_57_53_45_41_36_35_7_1_v25_1_vv88_v102_100_98_88_86_80_79_69_67_65_61_57_49_47_46_45_43_23_11_4_3_1_v52_1_v35_6_2_vv50_4_v33_9_5_v90_59_53_30_25_22_13_v109_107_95_94_93_87_72_61_52_35_12_11_10_7_5_2_v84_32_vvv53_vv17_v107_89_87_80_75_73_64_61_52_45_43_28_27_23_11_8_vv16_v43_v65_24_v61_47_8_v105_24_v58_v110_109_79_59_vv110_87_86_85_66_39_v123_110_104_48_36_29_25_v128_72_71_vv108_10_v33_v77_v119_9_5_v58_32_8_vv97_10_v112_108_101_96_21_v22_v94_37_v115_82_76_47_35_24_3_v117_86_62_43_39_37_10_v102_101_16_vvv66_47_v48_44_27_v71_38_v22_v155_152_151_150_149_147_146_145_144_143_142_141_135_134_133_132_129_128_127_114_112_110_109_108_107_105_104_102_101_99_98_96_94_92_90_89_87_86_84_82_81_74_73_72_69_67_65_62_59_58_55_52_50_49_48_46_45_43_41_40_39_38_37_36_35_34_32_31_30_29_27_26_25_24_23_21_20_16_15_14_13_10_8_7_6_5_4_3_2_1_v137_118_98_77_65_v154_2_vv69_v38_v6_v7_1_v41_v82_80_60_56_v123_54_43_v84_v153_61_25_12_v13_8_v84_65_55_37_29_14_2_v163_160_145_142_136_129_126_119_118_116_114_111_109_102_97_96_95_94_90_83_43_36_25_17_16_13_11_4_v16_v157_123_111_81_14_v103_51_v110_2_v154_153_112_20_v21_v161_158_139_130_117_98_88_87_63_21_v,178,train,500
vvvvvvvvvvvvvvvvvvv13_vvvvvvv7_vvv1_v24_vv28_vvv10_v16_vvv19_vvvv12_11_vv43_5_v19_v29_27_vvvv21_9_vvv27_vv50_47_6_v55_30_1_vv17_vvvvvvv41_38_34_9_v63_39_21_1_vv32_3_v4_v34_vvv67_62_51_38_36_v71_8_vvv55_21_v53_49_35_28_8_v49_34_v81_34_v35_v71_47_45_v77_62_61_48_35_10_6_v18_v78_v61_10_v49_32_vv88_48_v71_34_v75_72_66_48_47_45_35_vv48_33_v63_vv11_v54_19_6_v45_vvvv92_12_v93_19_13_1_v14_vv72_vvvv55_vvv102_82_78_75_59_57_39_17_6_v67_53_v62_11_2_v34_3_v109_68_v116_112_111_96_83_78_66_64_33_vv70_34_v118_90_79_56_55_27_8_v91_80_77_57_28_9_vv51_vvv98_vv63_v87_52_39_v36_13_v78_76_19_v94_v95_v96_2_v131_74_v131_126_117_102_100_33_v108_107_96_17_16_v128_102_66_57_2_v101_96_89_vvv137_135_133_122_121_117_110_108_94_87_82_70_66_60_47_41_40_4_1_v89_27_1_vv137_86_13_12_11_v146_v148_130_v111_93_86_v87_37_vv134_70_69_36_9_v134_v148_146_143_134_132_119_117_107_106_105_98_93_77_73_72_71_62_38_15_11_10_1_v80_1_v46_13_2_v84_75_3_vvv79_42_33_v156_108_106_105_98_89_12_v45_19_8_v57_v137_136_v129_126_113_38_v160_158_146_145_144_131_117_96_83_49_24_23_22_12_10_4_v49_vvv70_v58_v29_v157_132_129_123_117_115_95_92_68_54_53_40_39_33_14_13_vv21_v154_123_122_120_113_76_44_27_26_18_15_v63_v152_35_v75_v160_159_119_76_v100_vv70_51_v84_67_14_v131_36_35_22_v175_160_149_70_47_43_34_32_v181_114_105_104_97_v167_74_45_vv47_vv189_138_136_118_98_71_70_v188_137_v174_14_7_v171_161_v83_82_42_20_v84_v145_126_22_vv76_73_v178_165_162_157_151_145_113_112_73_54_36_28_v137_56_10_v30_v143_142_50_v204_166_114_100_65_46_32_4_v184_175_164_155_143_135_123_105_84_68_57_56_45_39_vv90_v204_156_153_96_73_58_26_v136_90_v173_130_95_68_57_55_21_v158_156_99_36_29_v123_vvv129_103_100_73_v74_63_40_v104_52_v154_43_13_v221_217_216_215_214_212_210_209_208_207_206_205_200_199_198_194_190_187_185_172_171_167_166_164_163_161_159_153_150_146_145_143_139_137_128_120_118_117_116_113_112_111_108_106_99_98_96_88_83_81_79_78_76_75_67_65_64_63_60_54_53_52_51_50_49_48_46_45_44_43_42_41_40_39_38_33_31_26_24_23_22_16_9_8_6_5_4_3_2_1_v165_46_45_15_v73_46_1_v27_17_v205_178_146_104_v214_190_152_143_86_49_v223_195_181_161_160_113_88_35_34_6_v224_196_185_162_161_153_133_114_106_105_21_1_v173_138_104_v143_v176_v177_113_v12_v144_68_60_v14_2_v62_v105_v123_119_94_83_vv189_80_66_v187_168_v214_196_185_175_49_v186_v39_34_vv131_v243_215_212_192_190_172_152_140_125_124_51_44_40_20_5_v37_v102_v234_136_124_104_51_50_29_8_v161_30_17_v164_138_135_108_91_75_55_45_31_2_v3_vv247_243_225_219_212_206_203_193_190_184_180_177_173_151_146_145_144_143_137_131_70_67_50_36_35_28_26_9_v142_35_v151_83_v166_v255_234_227_216_202_184_164_145_137_136_120_52_32_31_v256_193_33_1_v257_230_229_218_207_194_147_122_68_33_14_2_v258_195_167_20_v259_232_231_209_196_149_70_35_16_4_v169_19_v44_v244_243_182_45_v178_v266_66_v246_235_185_60_37_v269_252_251_250_237_223_217_213_207_193_189_183_179_174_170_149_145_143_142_121_109_69_62_45_40_33_31_16_3_v,271,train,497
vvvvvvv3_vvvvvvv1_v1_v3_1_v8_6_v3_vvv11_v21_3_vv11_v2_vv9_v27_9_vv16_15_vvvvv34_20_vv23_v23_vv39_16_v19_v38_35_vv30_14_v17_v28_vv18_v49_45_37_22_18_10_v50_46_vv43_41_v40_v52_41_39_35_27_21_18_9_8_5_v44_24_v45_7_1_v7_v4_v59_v32_11_10_v53_44_16_9_v47_vv52_v38_26_16_v60_vv3_vv43_31_27_v39_26_21_14_11_v49_v66_2_v59_v73_52_24_21_12_3_v61_2_v65_46_28_13_7_v75_58_53_v4_1_v60_2_v80_62_53_21_v58_v59_30_v72_7_v67_52_31_16_10_8_7_v83_66_61_7_6_1_v78_70_42_35_2_v1_v72_37_34_2_v78_31_20_13_v70_45_37_25_v38_v72_v89_68_65_60_47_45_27_v26_v60_v43_22_v74_v71_18_v,100,train,468
vvvvvvvv7_v2_v3_v4_vvv7_v8_vvvvv20_vv5_vv6_v7_1_vvv11_v12_1_vvv5_vvv18_vv31_vv20_vv5_v24_17_8_v36_vvv15_v30_25_v37_35_vvv44_24_v45_vvvv6_1_vv27_26_12_v1_vv48_25_20_v49_26_21_v51_46_vvv60_29_10_v40_16_9_v26_vv29_vvv20_8_1_v32_v17_vvv61_49_v62_vvvvv10_v22_v60_26_20_v70_58_52_9_6_v56_40_8_v76_v72_66_48_v34_5_v85_vvvvv1_v75_45_33_26_25_14_v1_v31_v100_98_97_96_94_89_85_82_81_80_75_68_67_60_59_57_56_52_45_43_41_39_38_35_30_21_20_19_16_12_11_10_8_6_5_3_1_v8_6_v22_2_v3_v28_4_v89_78_28_19_vv63_v13_v67_30_1_v6_v85_82_64_36_26_24_11_v111_107_76_75_64_59_57_49_47_30_27_19_12_6_v13_v59_v89_68_28_v87_v97_17_v106_87_70_v107_93_69_32_8_4_v20_v21_v22_v47_26_v72_27_26_v84_v95_26_11_v88_11_v112_100_23_v74_v86_30_v41_vv33_1_v134_v134_130_99_82_53_49_29_23_19_v97_36_20_9_v,138,train,16
vvvvv3_vvvvvvv1_vvvvvvv12_vvvvvvvvv21_v27_v28_25_vvv13_vv24_1_vvvv28_19_vv12_11_v19_vv18_v5_v26_v16_vvvvv43_vvv53_29_vv50_47_6_v55_32_1_v10_vvvvvvvv65_62_23_v38_10_1_v35_vvv64_59_48_39_36_v68_6_v63_37_vv52_18_v49_8_v49_34_v79_33_v67_47_44_v80_77_36_35_v74_59_58_49_32_10_6_v31_16_vv46_28_vv84_v68_30_v69_43_31_vv61_vv38_vv83_7_v84_13_8_1_v9_v86_52_3_2_v59_18_vvvv46_vvvv86_59_46_v98_57_v29_11_v108_97_80_77_71_54_52_37_10_1_v103_102_87_78_55_v57_15_2_v82_v109_84_73_47_46_23_4_v85_74_71_47_24_5_vv45_v90_vv101_41_3_vv105_vv68_66_14_vv114_31_30_28_v120_65_v120_115_106_95_92_31_v100_99_88_15_14_v117_94_58_50_2_v70_24_v45_vv103_v54_vvv68_vvvv134_132_130_119_118_116_111_109_91_84_81_70_66_60_47_46_12_1_v86_35_1_vv126_65_63_36_3_v107_88_83_v84_37_v139_65_v129_114_v142_140_137_128_126_117_114_102_100_99_92_89_74_70_69_68_60_41_20_8_7_1_v77_15_1_v49_10_2_v81_73_3_v46_12_4_vv129_86_75_45_38_36_18_v150_102_100_99_94_86_11_vv36_v100_v153_151_139_138_137_128_110_92_79_53_20_19_18_11_9_7_vv163_v124_53_v147_vv73_v58_v131_27_v10_v74_50_v150_149_111_75_41_10_v23_v67_v149_33_v152_121_120_118_113_82_52_30_29_19_18_v96_38_v84_70_11_vv167_154_144_71_50_38_35_30_v167_v117_10_v150_v128_38_37_v177_113_105_103_97_v163_79_44_v82_v28_v124_7_v157_45_13_v49_v106_52_vv113_v163_v25_v195_192_141_139_124_106_83_82_v191_140_v177_27_14_vv94_91_51_25_v92_v148_132_27_v87_86_v174_92_v198_173_v192_v174_150_121_v202_147_v149_148_60_55_vvv189_183_172_159_150_131_98_84_67_66_56_49_v208_v208_160_157_105_88_v143_v178_136_108_75_67_65_26_v162_160_108_42_v131_v25_v213_188_v136_82_30_v138_114_113_100_81_v171_82_74_50_v150_118_92_64_v195_v159_51_14_v228_223_222_221_220_218_216_215_214_213_212_211_206_205_204_202_199_197_195_178_177_173_172_170_169_168_167_162_159_155_154_152_147_146_138_134_133_132_131_128_127_126_123_121_114_113_111_104_100_98_91_87_85_84_79_77_76_75_72_67_64_63_62_61_60_59_58_57_56_55_54_53_52_51_49_43_40_29_27_26_25_18_11_10_8_6_5_4_3_1_v171_56_53_16_v84_54_1_v30_18_v130_113_95_v220_200_161_153_103_57_v137_v230_205_191_168_167_125_106_42_38_7_v64_v65_v236_233_208_197_171_170_165_147_128_124_123_25_3_v182_151_122_v184_v13_v186_131_v156_111_v16_3_v223_220_202_vv140_136_105_97_v77_v78_50_v195_179_v207_193_184_54_v245_v195_v229_9_v180_148_30_v245_221_101_46_41_v225_193_153_v151_127_v257_254_229_203_201_186_168_145_144_46_24_8_v202_183_179_104_52_17_v244_151_142_117_61_58_33_10_v178_175_130_34_19_v178_154_153_138_121_107_104_87_62_50_35_2_v252_229_225_190_8_v4_v257_253_238_233_225_216_212_205_202_197_193_190_185_170_165_164_163_160_158_150_88_81_56_41_39_31_27_8_v157_39_v260_236_235_216_176_164_120_83_57_22_11_v108_95_v165_v190_v270_267_242_231_214_199_181_162_158_157_143_59_37_34_v250_249_191_45_v269_207_39_2_v63_47_v271_247_246_235_221_209_166_147_79_38_17_4_v272_210_186_26_v254_247_196_36_v169_155_64_61_v261_260_234_222_218_201_192_188_163_162_124_76_34_v,281,train,308
vvvvvvvv7_v5_v3_2_v6_vv8_vvv16_11_1_v8_vv15_13_11_3_v19_14_9_1_v2_v3_vv23_4_v22_9_v23_1_vv12_v13_v22_vv23_vv32_25_7_2_v27_21_19_11_v33_22_v36_29_27_18_17_7_2_v30_28_27_19_8_3_v5_v26_24_5_v34_33_31_4_3_v38_v40_38_27_18_17_v35_v36_vv31_29_v30_13_v46_33_24_23_6_v37_35_34_32_3_v17_v16_v37_v51_41_40_38_36_14_7_6_4_v41_8_7_4_v47_vv57_44_42_34_28_21_20_v43_v56_51_v29_v46_9_v44_17_5_v61_56_54_52_46_41_38_31_26_23_17_16_14_12_v52_49_30_v42_v53_51_32_13_v49_14_4_v68_66_64_62_56_55_53_45_44_43_32_31_29_17_15_2_1_v54_16_6_v7_v16_v64_42_39_v73_66_63_55_54_39_33_17_16_5_v74_67_65_56_55_51_45_40_38_37_11_1_v62_v63_41_v44_v73_68_63_59_21_v20_v65_v81_74_73_68_66_58_52_48_45_44_22_19_18_8_3_v51_v49_15_5_v50_42_31_21_16_1_v76_74_62_61_18_12_v86_83_79_77_71_63_57_52_50_49_46_23_13_12_v87_68_14_1_v88_82_81_79_76_69_54_48_31_14_7_2_v89_70_60_11_v90_84_83_78_71_56_33_16_9_4_v62_v61_59_v78_66_v,95,train,352
vvvvv1_vv3_1_vvvv5_v8_v1_v10_8_vv7_v17_12_v10_vv20_19_12_2_1_vv12_5_2_1_v8_v22_17_13_10_v5_vvv22_4_v26_v24_21_18_6_3_2_v11_9_v32_12_v3_v8_v29_11_1_v14_3_v17_v18_16_v33_23_16_15_9_8_1_v24_10_9_2_v18_2_v25_22_v40_20_14_12_4_v44_27_24_19_v23_v28_5_v27_25_vv46_19_18_11_10_9_8_6_v46_v47_38_35_12_v32_v49_40_32_19_v3_v50_v51_30_22_17_8_6_3_1_v34_v58_36_v53_35_31_v56_47_9_6_v10_6_v40_v55_46_44_43_31_10_2_v,64,train,347
vv1_vvvvvvvvv6_vv8_vvvvv18_15_10_7_6_v16_8_7_vv21_13_10_3_vv18_7_vv23_2_v24_6_3_1_v25_18_14_2_1_v25_17_13_12_v10_2_1_v30_22_19_15_v13_v5_v18_17_5_v32_9_8_7_v35_32_24_23_v33_24_18_17_1_v37_35_29_26_21_19_16_12_11_1_vv20_18_10_2_v24_23_v24_13_v42_39_34_31_30_26_23_21_13_6_5_vv26_25_2_v31_29_28_5_v37_19_v47_39_36_26_10_5_v46_v41_35_34_33_32_25_16_9_8_6_4_v47_38_21_14_13_11_8_v40_v52_34_33_31_29_v42_14_v50_47_44_16_v1_v2_v29_15_8_v52_24_v45_10_v60_49_v7_3_v47_46_34_13_v9_v64_53_v11_7_4_v66_64_63_58_55_52_51_50_45_42_41_40_35_33_31_30_22_19_17_14_9_7_4_3_v18_1_v28_19_v53_20_1_v16_v68_60_53_52_35_22_13_v1_v15_v52_16_v47_46_38_26_18_9_v73_65_50_24_9_v77_67_66_25_v,78,train,318
vvvvvvvv6_vv3_vvvvvvvv14_vvvvvv3_vvvv7_vvvv11_vvvv7_5_v33_vvv1_vvvvv11_v25_vvvvvvvvvv55_vv29_22_5_v49_47_39_13_v39_vv31_vv8_v58_44_vvvvv49_vv13_v10_4_vvv44_vv39_38_20_v21_v12_vv66_v1_v2_v73_41_v4_v31_v36_26_v78_vv89_v4_v89_56_20_v73_29_18_v66_59_37_vv96_41_35_v45_v68_4_vvvv94_90_28_v51_7_v75_vvvv53_22_vvv32_v112_17_vv56_v27_v116_92_88_55_36_34_24_22_v97_92_86_59_52_v70_42_23_9_v94_93_88_61_53_19_12_2_v24_v103_93_83_82_65_44_43_24_v111_v79_v51_8_v105_vv57_v90_51_7_vvvv115_19_v37_v135_132_130_129_128_124_121_118_113_112_110_102_101_91_90_88_85_74_62_59_54_50_46_42_35_27_25_24_19_12_11_10_8_5_4_3_1_v8_5_v116_v28_3_v4_v130_88_66_38_v6_v62_v84_3_v24_v144_95_32_v87_v126_117_88_44_30_27_12_v146_144_111_110_87_80_75_58_55_36_31_20_13_6_v128_117_90_v15_v121_v79_v71_v134_133_95_34_v133_20_v144_124_95_86_v136_131_v99_37_v147_139_138_110_104_94_93_57_53_52_41_39_16_12_5_1_v25_v143_47_v27_v28_v132_29_10_v43_v93_v25_v118_33_v44_v35_v112_104_69_v113_v171_169_158_138_136_132_131_130_125_122_119_111_105_96_77_61_59_54_40_31_25_22_12_v39_23_v,175,train,297
vvvvvvvvvvvvvv4_vvvvvvv14_13_vvvvvvv12_10_v29_vvv20_vvvv32_vvvvv11_vvvvvv30_vvv14_v48_vv2_vv29_vvvv15_vv34_18_v53_vv41_20_17_9_v65_v30_v58_18_vv4_vv38_v11_vvvvv39_27_vv76_26_v77_29_1_vvvv82_60_v62_21_vv72_61_v84_66_62_54_22_13_9_7_v45_25_vvv53_vv32_v33_v94_vvv25_vvv83_v42_v6_v97_69_43_17_v70_vv57_55_28_20_v84_54_45_17_v97_31_24_v62_v50_v100_65_42_vv102_81_51_29_23_vvv54_vv58_32_v117_55_16_15_v119_46_42_34_v105_vv64_53_v117_104_92_64_60_21_5_vvvvv131_129_108_107_102_96_67_66_55_v105_27_18_v80_53_25_23_v16_v128_112_108_34_vv23_22_vv123_111_vv132_128_107_79_74_64_63_47_36_29_26_20_15_14_v101_v81_2_v108_94_18_3_vv138_v91_83_15_12_vv108_vv67_28_v15_v149_140_103_47_12_9_v40_v106_v92_91_87_vvv115_v157_156_155_154_151_147_138_129_126_120_114_111_109_98_94_92_90_89_85_83_82_81_78_69_67_66_65_55_48_47_46_45_43_40_38_37_34_30_27_23_17_14_13_10_5_3_v153_30_27_vv149_vvv35_v85_7_v104_28_v120_37_28_v63_vv158_v112_v153_113_v172_124_96_89_71_61_60_53_42_vv140_138_17_vv19_v90_62_46_v178_130_128_102_101_83_73_66_59_48_v173_56_22_v48_vv178_177_158_127_102_84_70_61_56_54_38_24_20_14_7_2_v26_vv126_122_67_62_56_47_28_vv30_v31_v128_92_12_v135_96_59_58_49_8_v167_36_v194_3_v175_v194_146_144_118_117_89_64_22_16_v57_38_v191_161_48_v186_v178_176_162_137_85_83_v150_143_139_43_v196_195_182_42_18_v143_20_v130_67_20_v46_v162_49_v152_61_vv187_158_147_146_113_90_82_49_v114_87_80_76_46_26_v138_110_29_v82_v83_v154_142_67_42_v46_v196_v214_172_170_168_167_148_141_139_138_113_104_103_96_91_85_81_66_63_39_37_21_19_v6_v159_73_35_1_v59_9_vv219_128_118_117_63_35_v220_188_118_103_83_71_64_1_v186_48_v66_v165_86_67_v214_187_154_136_58_21_v69_v189_v214_167_146_9_v199_119_117_113_v219_63_26_5_v74_v186_157_75_v224_144_v218_30_v78_vv237_189_161_154_126_125_118_107_v175_146_81_v144_138_67_v232_220_204_182_179_134_128_107_31_15_7_v187_69_4_v220_201_190_181_153_86_43_14_2_v61_v134_132_109_102_95_29_v74_v199_108_89_50_v136_135_98_90_32_v164_vv93_v56_52_v206_193_167_95_v168_96_v253_221_152_136_33_v197_186_v234_220_198_195_82_34_v187_45_vv241_v251_v189_113_88_17_v89_v195_180_106_75_48_37_v229_217_126_120_112_107_49_1_v223_104_59_56_7_v266_190_88_v267_217_190_162_157_95_89_73_52_30_v268_185_v269_192_159_97_91_75_54_32_v154_142_80_62_v216_89_v137_115_82_43_28_v192_153_77_12_v136_126_117_1_v191_v245_217_158_153_147_138_119_97_v194_v134_v280_259_258_186_v260_195_73_63_8_1_v2_v232_177_125_15_13_v202_140_135_110_97_23_22_21_10_v266_259_255_226_167_44_1_v267_234_233_227_201_185_179_45_43_v268_192_128_2_v238_162_88_80_v253_210_197_179_176_148_59_16_v243_217_204_151_132_v206_v243_215_214_196_179_161_97_50_38_14_v292_244_216_215_209_185_173_26_25_24_23_15_1_v275_9_2_v3_v257_v164_114_113_96_v299_280_258_246_236_212_153_140_120_113_97_61_51_v293_235_220_186_116_49_v294_250_212_205_193_187_174_110_99_57_12_v252_223_170_128_122_106_63_32_v119_v264_v247_217_147_61_v176_93_v167_148_31_7_v221_168_149_32_8_1_v262_150_87_9_v207_136_v224_152_v225_153_v226_23_v155_v181_131_v236_196_182_157_132_v261_254_30_v262_255_31_v263_32_2_v278_v207_203_168_123_90_v204_169_105_v320_302_290_288_284_274_262_249_246_230_229_219_218_213_212_209_198_183_181_178_171_169_155_136_100_90_75_45_32_24_v202_165_1_v264_185_166_77_12_2_v291_206_167_3_v266_187_4_v108_v198_170_v171_v202_172_v173_115_v193_174_v175_v323_195_176_v177_27_v329_243_178_97_46_28_v279_268_226_225_224_220_209_202_184_179_107_89_83_82_72_60_17_16_v180_40_v300_v201_93_v228_68_v312_57_v160_125_28_v291_v177_119_114_v348_319_217_170_v81_v324_297_270_242_231_224_217_175_169_153_118_94_83_71_28_27_20_v351_220_v84_v264_185_134_133_v239_120_15_4_v33_16_1_v241_v,357,train,305
vvvvvvvvvvvvvvv15_12_vvvvv5_vvvv21_1_vvvv12_v17_13_vvv9_8_v18_vv14_v33_29_5_vv17_2_v17_vvvv4_v44_vvvv44_vvv32_13_v32_28_20_6_v52_24_v25_v49_37_36_27_25_4_v56_36_6_v21_v42_20_vvvvv55_5_v56_6_1_v7_vvvv33_v70_38_14_vv63_44_35_34_24_6_v31_v70_2_v3_vvv54_v64_v68_65_54_48_46_27_24_4_3_v81_66_25_v45_44_10_v80_40_v78_75_67_56_19_v76_1_vvv52_vv88_75_v76_36_v54_48_vv78_v89_88_86_78_76_67_65_64_57_53_44_41_40_36_10_7_1_v47_1_vv29_3_v4_v46_22_20_v98_66_65_63_57_54_9_v96_95_85_84_83_74_71_56_47_15_14_7_4_v88_24_vvvv45_v36_vvv16_v39_v92_v49_v98_97_73_50_v97_81_79_78_72_54_34_24_15_v63_v46_36_vv114_65_62_vv119_84_v106_8_3_v47_46_v53_52_30_9_v54_v92_80_11_v125_85_v87_86_34_32_v111_86_75_55_38_29_26_vv129_97_94_60_49_39_14_v79_38_35_v97_96_62_18_16_v135_120_4_vvv81_66_v44_27_v67_38_v25_11_v141_139_138_137_136_135_134_133_132_131_129_128_125_124_123_121_117_115_114_112_111_107_105_104_102_101_100_97_96_94_93_91_88_87_83_80_79_78_77_76_75_74_71_69_68_67_65_60_58_57_56_55_54_53_48_46_44_43_42_40_38_37_36_35_34_33_32_31_30_29_28_27_26_25_23_22_21_19_17_16_15_13_9_8_6_5_4_3_2_1_v127_114_110_91_73_64_62_40_8_v140_72_2_v89_v110_88_69_v5_v6_1_vv111_107_vv149_v56_24_21_v141_82_65_27_12_v13_v99_84_56_40_31_26_14_2_v76_54_22_v149_134_130_128_116_112_110_107_104_94_91_90_89_38_29_18_17_14_12_v87_17_v142_141_105_18_v81_v20_v161_151_148_147_137_134_129_125_120_113_110_107_105_103_102_93_87_86_85_73_63_39_32_20_18_14_12_6_2_v,164,train,490
vvvvvvvv1_vv9_vv7_vvv6_5_v10_v4_3_vv13_vvv22_16_1_v11_vv23_vv22_20_17_5_v27_21_12_1_v16_12_2_v19_3_vv31_4_v29_11_v30_1_vv8_v21_13_v16_v17_v30_v29_vv40_31_8_2_v34_24_22_12_vv42_26_v46_37_32_20_19_7_3_v38_33_32_21_8_4_v6_v22_v31_29_7_v38_v39_v40_2_v46_45_40_8_7_v51_v53_51_35_24_23_v46_v57_35_14_7_6_5_v48_v39_35_v36_18_v59_41_30_29_6_v45_43_42_38_3_v20_v23_v22_v61_60_v23_v48_18_17_v67_52_51_49_45_20_10_9_7_v52_11_10_6_v61_vv74_55_53_43_35_28_27_v54_v72_65_v65_64_56_8_v52_20_4_v76_70_65_62_54_49_46_38_32_25_19_18_16_11_v62_59_37_v50_v63_61_39_12_v57_13_4_v84_81_79_76_66_65_63_53_52_51_38_37_34_16_14_2_1_v64_15_6_v7_v76_45_v88_79_73_62_61_45_34_15_14_4_v89_80_75_63_62_58_50_46_43_42_10_1_v71_v72_46_v50_v70_v88_79_73_67_20_v19_v75_v97_88_86_78_76_66_58_55_51_50_21_19_18_9_3_v55_14_4_v56_43_29_20_15_1_v86_83_69_68_17_12_v101_97_92_87_80_70_62_58_55_54_47_22_13_12_v102_75_14_1_v103_95_94_89_85_76_60_49_29_14_6_2_v104_77_65_10_v105_97_96_87_78_62_31_16_8_4_v67_v67_65_v87_71_v,110,train,123
vvvvvvvvvv10_4_vvv10_5_3_v1_v5_vv11_v7_2_v18_v7_vv7_1_vv20_vvv19_14_13_v20_14_7_6_1_v12_v15_v7_v22_v21_20_v32_v22_vv32_12_1_v25_v39_v25_vvv22_v31_v30_28_22_16_2_vv34_20_v48_47_35_33_24_4_v31_12_v37_36_15_v42_37_36_28_25_24_16_vv40_v31_9_3_v42_v4_v57_55_53_44_28_26_23_11_9_8_5_1_v9_v46_v47_v48_44_3_v13_v53_33_v56_54_44_35_31_17_16_5_4_v23_16_v66_56_18_v44_22_16_vvv18_5_v29_22_1_v14_v70_63_60_v64_v35_31_8_v32_28_7_v40_v65_17_14_v42_v70_50_17_v36_v73_56_53_47_37_25_4_vv47_v83_28_v68_vvv47_40_19_v77_30_29_vv77_44_43_v91_59_36_v43_12_v82_v39_v95_40_v98_83_18_v99_89_4_vv43_40_v89_88_80_75_72_70_57_45_39_36_22_4_3_v54_15_v91_63_56_v48_v40_v107_v95_v96_v110_47_8_v96_63_20_v88_v98_65_v23_3_1_v4_2_v25_5_3_2_1_v105_69_62_49_34_30_17_v105_52_38_25_19_8_v68_v107_56_v121_58_19_3_v115_74_56_16_v,123,train,249
vvvvvvvvv5_v6_vvvv9_v14_2_vvv16_vvv12_1_vv19_14_vvv11_v24_20_19_16_11_9_8_3_2_v21_17_16_11_10_6_4_3_v28_14_v29_24_5_1_v3_v4_v31_18_v11_v11_8_7_v13_v37_28_v8_v36_21_20_15_11_vv13_2_v14_v13_v29_v41_35_v31_v34_32_9_v33_v22_v13_v24_v23_22_8_v38_24_vv25_v52_38_19_v30_v31_30_19_16_v41_35_32_31_26_1_v51_35_v46_17_v57_47_2_v41_33_v63_49_34_12_11_v48_38_v41_26_12_v52_5_v53_38_v32_v47_36_v69_62_v,72,train,357
vvvvvvvv7_v5_2_vvvv5_vvvvvv14_v1_vv15_vvvvvv1_v19_v20_v6_v19_4_vvv32_4_v2_v31_27_vv33_29_18_11_8_7_2_v21_20_7_v28_v23_v10_8_vvvv47_v45_33_2_v21_v17_v18_vv39_25_vv42_v8_vv30_19_2_v31_vvv49_42_28_22_3_v15_vv28_v64_62_29_28_v66_54_v44_vv67_37_v61_23_v65_62_59_38_37_35_24_vvv41_13_3_vv3_v12_vv43_vvv73_v61_v85_84_80_45_43_38_21_18_16_11_8_v57_56_38_v48_v59_43_v69_v82_49_39_v85_83_51_46_26_24_v24_vv60_58_32_22_v15_v48_10_v66_v67_v68_2_v30_v70_35_v71_67_58_v69_28_9_v44_vv91_80_77_58_43_v104_91_50_34_v11_10_9_v73_33_28_v80_62_v56_17_v102_85_v84_65_50_47_7_1_v91_19_v98_55_49_27_26_24_11_v70_68_6_v92_89_86_72_65_56_38_35_28_v102_61_11_v83_57_v117_106_v114_88_86_81_73_70_59_55_40_37_36_24_23_19_7_6_v74_26_12_6_v57_v124_39_21_v59_v2_v79_v80_v101_76_v28_v119_103_100_96_91_83_63_61_38_24_14_11_10_v119_65_63_v72_16_v13_10_8_v28_17_v68_29_v137_90_52_v135_107_102_95_66_62_57_36_24_17_7_v95_29_23_v92_54_v56_v112_76_36_29_v143_58_v143_131_v97_59_23_vv111_71_66_9_v122_112_v60_v135_124_121_102_91_87_84_54_38_35_28_27_8_5_v103_29_12_v142_120_115_111_90_67_62_8_v36_20_v111_84_54_37_33_v70_v51_35_7_v118_v51_40_23_v119_45_38_v147_93_v113_34_v83_45_v115_v151_97_v126_48_v118_27_5_v156_149_136_123_113_21_v98_68_18_14_v83_63_54_47_30_19_v150_141_126_111_107_104_v103_v165_121_106_82_v97_92_52_24_v102_71_2_v127_89_36_v108_85_v171_169_167_140_132_129_112_110_106_92_88_62_25_1_v,178,train,310
vvvvv2_vvvv1_vvv4_vvv7_vvv16_vvvv14_vv10_v20_vv23_5_v20_vvvv24_vvvvv29_v24_23_14_vv2_vv22_v12_v36_12_6_vvv9_vvvvvv33_10_1_v29_23_1_v47_45_42_40_28_22_19_v17_11_v2_v48_47_43_31_24_12_10_3_v44_39_v52_vv7_v12_v35_26_16_v57_51_41_vv10_9_v60_41_10_4_v61_54_42_v11_v70_69_53_42_36_22_7_5_vv65_46_15_v71_70_69_67_59_58_45_37_33_24_v67_65_v9_6_v73_69_45_44_22_19_9_4_v78_58_47_v59_18_v29_v61_39_18_1_v67_18_9_v9_v83_82_78_67_66_65_64_63_61_59_58_54_49_45_39_35_33_28_21_18_13_12_4_v,85,train,437
vvvvv1_v2_v3_v4_v5_vvv7_6_5_4_3_vvvvvvvvvvvv20_12_9_1_v3_vv8_vvv21_v24_21_15_4_vv29_14_v30_v1_v12_v6_vvvv31_15_v31_v5_v25_11_5_vvvvv18_v8_v32_20_v21_6_1_v43_v29_vv52_44_26_19_v48_vvvvvv63_62_61_60_59_52_50_49_46_45_43_42_41_38_37_35_34_31_25_24_23_22_21_20_18_17_16_15_13_10_9_8_5_4_3_2_1_v17_1_v2_v59_v4_v37_2_v54_46_45_23_v39_v52_40_19_8_v53_41_v41_35_30_10_v11_v59_56_44_23_v45_v59_14_v68_62_59_45_27_26_10_7_3_2_v64_56_55_3_v17_v18_v19_v74_53_46_27_v21_9_v56_22_v23_v56_v57_v26_v,90,train,239
vvv1_vvvvv8_vv5_v3_1_vvvvvvvv17_v15_vv16_1_vv16_v20_v21_v21_5_vv29_27_20_6_vv3_v27_26_6_1_vv1_v12_1_v31_28_14_13_7_5_v30_25_19_8_v33_23_12_7_2_v2_vv33_vv5_vv31_vv11_v47_38_12_1_v35_26_13_11_2_1_v34_4_1_vv19_18_v3_v49_28_v51_26_8_v27_v22_17_v41_29_14_v36_30_24_23_10_v10_v45_15_12_8_1_v33_20_v58_v26_v29_18_16_14_12_vv38_37_11_1_v57_18_15_7_v19_8_v54_24_20_9_v4_v35_v71_v45_1_v62_46_v74_3_v,77,train,511
vvvvvvvvv9_3_vvv3_vvvv10_vv7_v9_v9_v9_vv19_v16_13_v23_v18_15_5_2_v11_v16_vvv8_v23_v23_v28_v33_10_v33_23_2_vv37_vvv2_v42_vvv9_vv29_vv37_33_22_v14_vv45_28_v29_v36_v38_v56_51_44_41_33_8_vvv48_23_v49_48_36_24_v39_21_v22_1_v2_v3_1_vv47_29_v2_v9_v10_1_v53_46_2_1_v12_v61_11_v73_72_69_46_42_35_22_17_15_8_6_v56_54_38_v21_5_1_v58_43_v34_v3_v21_vv34_v66_3_v58_v75_56_v77_76_68_58_52_33_29_5_4_v86_77_71_30_v47_26_25_11_v52_14_v83_48_v44_v78_73_55_44_41_23_22_v90_83_57_9_v84_39_18_2_v74_58_52_v47_v85_v79_61_47_44_43_22_6_1_v50_42_v85_53_46_23_17_14_9_v94_66_64_58_6_v84_31_v85_1_v70_21_v95_76_20_v78_69_56_52_32_6_v70_64_18_12_6_v94_32_16_14_10_v107_35_vv63_56_51_v31_v76_v107_77_v33_32_v86_v89_80_59_13_11_v111_76_v106_62_60_v118_81_46_v79_23_v91_78_44_43_v116_86_48_33_v50_v104_71_49_33_27_v124_52_v126_114_22_v127_118_50_12_6_v92_54_22_v70_v56_55_39_v52_49_v126_125_119_114_96_82_79_64_63_61_51_44_36_33_26_22_12_8_4_2_v97_27_v105_73_v124_114_111_107_103_86_62_51_49_31_26_9_8_v107_75_v93_81_v104_79_57_v66_v140_v119_101_79_78_77_69_54_7_5_v103_101_v108_v144_60_9_v133_89_v110_34_v111_v136_92_v113_3_v70_v77_76_60_52_45_19_v142_96_86_v67_49_44_34_26_9_v136_125_93_44_35_13_v126_94_14_v120_82_v100_72_v23_5_v50_24_6_v160_76_25_7_v159_153_152_150_144_137_128_125_120_113_109_105_102_100_95_88_81_80_79_69_62_47_40_26_24_20_18_8_4_v,162,train,453
vvvvvvvvvvv1_vvvvvvvv19_15_vvvvvvvv8_vvvv27_1_vv28_vvv26_24_v16_v12_v3_vv31_20_vvv12_11_vv43_4_v19_v28_27_vvvv22_21_9_v34_vv27_v52_47_5_vv55_30_2_vvvv19_vv54_v6_vv67_v58_v43_40_36_11_v65_41_23_1_vv33_3_v4_v35_vv69_63_52_39_36_v72_7_v68_vv56_22_v54_50_36_29_7_v81_34_v35_v71_47_44_v78_62_61_48_35_9_5_vv87_60_8_v47_32_vv87_47_v70_33_v74_71_65_47_46_44_34_vv61_vv10_v42_v53_17_6_vvv90_10_v91_11_1_v12_vv94_71_57_4_3_v68_v99_vvvv55_vvv101_81_77_73_57_56_37_18_6_v60_12_1_v67_50_v33_12_3_v118_66_31_v112_95_82_65_62_33_v3_v116_88_77_52_51_27_7_v89_78_75_53_28_8_vv48_v94_vv108_65_v109_108_94_76_74_46_41_5_4_vv130_111_43_v86_50_39_vvv77_76_20_vv94_v95_v134_73_v132_126_117_102_99_36_v108_107_96_19_18_v128_101_65_57_2_v100_96_vvv138_136_134_122_121_117_110_108_94_87_79_69_65_60_49_44_43_4_1_v90_1_vv145_v147_130_v109_92_83_vv85_38_v134_69_68_36_8_v133_118_v148_146_142_133_131_118_115_106_105_104_97_89_75_72_71_70_62_38_14_10_9_1_v78_1_v145_v47_13_3_v83_75_4_vv78_42_36_33_v158_107_106_104_95_87_12_vv19_9_vv127_124_112_41_v34_v161_159_146_145_144_131_117_94_83_24_23_22_13_10_4_v150_42_v51_vvv59_v163_138_133_110_106_96_v75_v158_133_130_124_118_114_95_93_72_64_58_40_39_34_15_13_v63_43_v150_33_v155_124_122_121_112_79_45_29_27_19_17_v35_v168_153_141_64_40_36_28_26_vv80_v162_161_118_81_vv103_v150_v131_38_36_v182_113_105_104_98_v167_74_45_vv155_39_6_v48_vv190_138_137_118_101_74_73_v64_v193_139_v176_14_9_v75_74_v86_84_45_21_v87_v147_127_23_v195_96_v178_166_v198_168_v181_167_164_160_154_148_117_116_77_58_40_30_vv204_143_v140_14_v34_v60_v147_146_57_55_v210_171_121_109_71_50_37_7_v190_181_170_147_129_92_74_64_62_52_44_v64_v96_v213_162_159_103_79_66_40_v99_3_v142_101_v179_137_103_75_65_62_27_v164_163_107_44_42_v222_203_6_v132_vv218_188_vv139_113_110_94_82_v83_73_v113_61_v56_v162_52_17_v231_228_227_226_225_223_221_219_218_217_216_215_210_209_208_204_200_197_195_182_181_177_175_174_172_169_166_161_158_155_154_152_149_147_139_132_131_130_129_124_123_122_119_116_111_110_108_98_93_91_89_88_86_85_78_76_74_73_71_64_62_61_60_59_57_54_53_52_50_49_48_47_46_43_41_34_32_31_30_20_12_11_8_6_5_4_3_1_v175_54_19_v84_55_1_v35_21_v215_188_183_155_118_109_106_67_14_v224_200_161_153_96_58_v233_205_191_169_168_124_98_44_43_6_v234_206_195_170_169_162_145_125_118_117_25_1_v184_149_116_v154_v152_76_66_v11_v187_v188_126_v185_81_50_43_v15_4_v72_vv134_131_105_95_v192_186_v216_vv244_218_190_80_v203_92_79_v229_169_53_v202_182_v229_211_200_188_63_v255_v202_v234_174_v252_226_105_88_66_59_50_45_16_6_1_v227_106_7_2_v148_36_32_v260_232_227_208_207_188_171_159_144_143_61_56_51_27_7_v258_230_70_63_10_5_4_3_v250_153_141_120_65_60_35_9_v178_36_26_v181_155_152_134_124_108_102_90_69_55_37_2_v3_v141_102_49_v259_241_235_228_222_206_198_195_192_189_170_163_162_161_83_60_43_41_34_32_v159_41_v267_237_179_85_25_v171_99_v184_v272_251_244_233_219_200_183_163_156_155_137_63_39_38_v123_46_45_v256_255_194_47_v275_248_247_236_225_210_166_140_85_41_15_3_v49_v277_250_249_227_212_168_87_43_17_5_v278_213_189_25_v195_156_v280_215_47_8_v283_80_v263_252_202_76_72_69_42_v286_269_268_267_254_240_234_230_223_209_206_201_197_193_189_170_165_164_163_139_127_89_72_52_47_39_35_17_4_v,289,val,11
vvvvv1_vvvvv3_vvv8_6_3_vv12_6_v1_vvv17_vvv12_7_v8_v5_v10_vv17_14_v23_2_v10_5_3_v11_v18_14_v1_v33_18_vvv29_17_12_6_vv23_13_v29_27_v36_33_vv32_vv11_v30_v31_24_v28_v22_5_v23_v2_v36_v46_41_v53_47_42_33_32_20_19_15_9_2_1_v39_21_16_v53_36_31_v19_15_v56_1_v50_44_v1_v57_51_45_v46_v27_v51_37_35_13_1_v56_51_36_35_16_15_13_7_1_v47_17_v26_3_v52_v49_44_v,69,train,19
vvvvvvvvvvvvv1_v9_7_vvvvvvvvv21_vvvvvvv24_18_vvvvvv13_v36_vvv3_vvv26_vvvvvv41_vv35_20_18_8_v29_v45_18_vvvv37_vv55_v13_vvv38_27_vvv65_26_v66_30_1_vvvvv56_21_vvv40_vv75_62_60_58_55_25_17_11_9_2_v47_27_vvv54_v21_v34_v35_vv79_63_37_9_v64_v51_48_21_11_v46_38_8_v81_24_16_v78_v57_v44_v85_65_60_37_vv87_74_45_22_15_vv47_v28_vv52_24_v100_50_16_15_v102_41_36_26_v93_v15_v98_91_84_57_54_20_4_vvv102_v94_59_48_v25_16_v72_45_24_22_vv16_v110_99_30_v21_20_vv83_43_vvv113_112_99_72_68_58_57_38_35_28_25_19_15_14_v73_1_v100_87_17_2_v117_v81_74_14_10_v108_72_vv63_57_29_24_v13_v128_121_94_43_9_7_v36_vv98_v48_v84_v56_v111_92_v137_136_135_134_130_129_123_120_116_110_106_103_101_89_86_84_82_81_78_75_74_72_69_58_56_55_54_52_45_44_43_42_41_37_35_34_32_30_26_22_16_14_13_11_5_1_v6_v133_30_26_v72_3_v91_v108_32_22_v143_107_78_70_49_48_41_32_v121_118_7_v8_v68_49_33_v99_v148_112_109_83_82_61_53_46_37_v142_44_12_v45_v147_145_67_56_42_27_12_v105_15_vv106_103_53_49_44_34_21_17_v79_45_v19_v120_20_v108_12_v46_45_37_8_v161_2_v161_125_122_96_95_74_50_18_13_v105_44_42_25_12_v157_139_36_v149_138_114_67_v161_159_152_26_14_v70_v108_51_16_v41_v32_v127_46_v156_121_71_32_v137_134_88_7_v144_v173_143_141_139_138_119_112_109_108_89_80_79_72_68_63_59_46_42_29_26_13_11_v118_13_v100_v53_26_vv7_v118_vv181_99_97_96_45_28_v182_161_97_82_63_54_46_1_v158_40_vv49_v139_67_50_v51_v139_118_10_v171_97_95_91_v11_v55_v159_130_56_46_vv119_88_v59_v145_vv199_163_134_126_105_104_97_88_v149_128_117_63_v186_175_151_113_106_v35_v173_161_153_123_14_2_v53_v112_110_89_77_31_v171_86_69_43_v113_112_79_70_33_v71_v124_55_v48_v191_177_171_163_135_74_v136_75_vv213_192_129_113_31_vv70_v191_167_73_33_v172_159_91_13_v128_v164_147_108_89_83_63_46_32_v1_v198_187_102_98_90_85_48_41_31_2_v172_138_69_v224_159_76_v225_186_159_138_132_82_77_64_51_26_v226_153_v227_161_134_84_79_66_53_28_v112_91_69_38_26_23_v159_131_126_66_61_11_v192_110_103_93_58_1_v210_183_130_126_121_111_94_82_81_v108_v218_157_62_56_5_v195_147_130_97_9_7_v165_112_108_17_6_v223_136_35_1_v224_196_195_149_36_34_v231_v77_v177_v217_174_159_149_146_120_51_13_v208_183_166_125_122_105_v207_178_177_148_132_82_31_v244_208_179_178_171_155_142_20_19_18_17_1_v131_94_93_80_v247_234_217_205_196_170_122_109_100_93_81_48_40_v3_v142_138_93_v243_198_182_154_98_v244_172_162_155_92_85_47_v215_185_140_108_103_90_52_25_v214_132_115_80_22_3_v215_177_133_116_81_23_6_4_1_v221_117_72_41_5_v179_118_v180_119_v181_16_v182_v211_183_177_167_138_64_v185_123_v226_57_v195_161_148_125_111_v121_v214_27_v215_28_v171_167_136_103_76_v168_137_93_v267_254_247_246_241_233_220_209_205_186_185_183_182_177_176_173_163_148_147_145_139_136_126_114_85_76_62_37_26_22_v166_132_84_1_v222_150_133_64_13_2_v249_170_134_3_v224_152_13_4_v189_101_v263_164_137_v138_81_v169_139_81_v140_103_v269_158_141_v154_142_v272_160_143_v227_212_209_144_103_27_v275_233_199_165_145_82_67_40_28_v238_227_190_189_188_184_176_168_151_146_93_76_71_69_61_52_17_16_v165_147_38_v283_v201_v5_v28_v204_167_5_v170_84_v266_247_155_v227_v85_v199_66_v144_118_33_v280_257_230_209_197_191_185_158_153_148_135_106_84_74_65_30_29_22_v202_105_14_1_v32_15_1_v187_113_43_v18_v207_v208_192_152_v220_v285_211_v77_v211_v287_273_96_v274_v,310,val,68
vvvvvvvvvvvvv1_vvvvvvvv19_vvvvvvv16_vvvvvv13_v34_vvvvv5_vvvvvvvvvv34_vv45_vv39_25_23_11_v34_v49_23_vvvv42_vv58_v15_vvv43_32_vv67_28_v68_34_1_vvvv35_vv60_21_vvv45_vv78_66_60_25_17_12_10_2_v52_27_vvv59_v21_v34_v35_vvvv2_v86_71_40_12_v72_v59_54_25_14_v52_41_11_v87_28_19_v64_v46_v90_72_67_39_vv92_81_47_24_17_vv49_vv53_25_v104_51_14_13_v106_42_38_27_v97_vv14_v104_97_91_59_56_19_5_vvvvv101_62_51_v101_79_25_17_v78_49_24_22_vv115_105_104_30_vvv23_22_vv92_47_vvv121_119_108_76_72_62_61_42_36_30_27_22_17_16_v77_1_v109_96_19_2_vv126_v89_79_16_13_v117_77_vv28_v14_v136_129_104_45_10_8_v90_39_vv108_v50_v89_v61_v121_100_v145_144_143_142_139_137_132_129_126_120_116_113_111_94_91_89_87_86_83_80_79_78_75_63_61_60_59_54_48_47_46_45_44_41_39_38_35_31_28_23_17_14_13_11_5_1_v6_v142_32_vv79_4_v97_v119_35_24_vv153_119_86_77_63_54_53_47_36_v133_130_9_vv11_v76_55_v107_v159_125_120_92_91_71_66_59_53_42_v154_50_15_v42_v52_v159_158_148_118_91_74_63_55_50_48_31_16_15_11_8_2_v114_19_vv50_v116_113_62_57_51_40_26_22_v89_52_v24_v135_25_v118_14_v127_85_53_43_9_v173_139_134_106_105_80_56_20_14_v114_49_47_29_12_v170_153_40_v162_152_123_74_v173_172_30_14_v77_v117_56_16_v35_v138_49_v168_146_129_95_78_70_35_v96_75_68_64_35_20_v23_v152_147_96_8_v185_157_155_153_152_128_121_119_118_95_87_86_80_75_69_64_50_46_30_27_13_11_v127_13_v139_56_25_vv125_vv191_106_101_100_47_25_v192_173_101_88_66_56_48_1_v170_40_vv51_v146_70_52_v115_v54_v147_126_v184_103_101_98_v12_v58_v172_138_59_46_v122_vv128_93_v63_vv210_176_143_134_111_110_104_93_v157_136_125_66_v124_122_59_v175_v207_200_190_165_161_120_114_94_30_16_9_v36_v63_6_v189_175_164_134_17_3_v55_v121_119_96_89_83_33_v187_93_75_45_v122_121_85_76_35_vv78_v133_57_v51_v208_194_186_175_147_81_v148_82_vv228_209_158_138_124_36_16_vv207_182_178_77_37_v185_170_97_13_v174_157_115_94_88_63_47_34_v1_v213_202_108_103_95_90_49_44_33_2_v182_164_145_69_v237_170_78_v238_199_170_145_140_85_79_65_52_28_v239_163_v240_172_142_87_81_67_54_30_v138_126_69_58_v197_79_v120_98_71_42_28_24_v137_69_12_v207_118_110_100_60_1_v227_195_141_136_130_119_101_86_84_v171_v116_v235_170_67_61_6_v211_157_141_105_12_10_v120_116_19_7_v203_148_38_1_v212_211_204_159_39_36_v138_v249_v220_144_74_v83_v192_v237_190_174_162_159_131_58_16_v228_198_181_136_133_115_v227_194_193_173_161_144_88_45_34_14_v262_228_195_194_186_167_156_25_24_23_22_15_1_v11_2_v3_v146_102_101_88_v267_254_239_225_213_187_134_121_109_101_89_57_46_v5_v157_152_100_v264_215_200_169_106_47_v265_234_189_183_176_170_158_99_93_53_14_v237_203_154_118_112_98_61_32_v235_109_36_v235_146_128_88_28_4_v236_195_147_129_89_29_7_5_1_v244_130_83_47_6_v228_186_123_v198_132_v199_133_v200_20_v229_201_195_183_152_73_v203_136_v249_64_v164_120_v215_179_165_139_121_v232_32_v233_33_v187_184_149_112_86_v185_150_102_v288_276_270_269_264_256_238_227_223_204_203_198_197_193_192_189_179_162_161_158_152_149_138_122_96_86_69_43_29_23_v183_145_95_1_v240_164_146_71_12_2_v272_187_147_3_v242_166_13_4_v283_178_149_v150_89_v182_151_89_v152_111_v289_171_153_v166_154_v292_173_155_v244_228_226_156_112_26_v296_250_216_178_157_91_72_42_27_v257_244_205_204_203_200_189_181_163_158_102_82_76_74_68_57_16_15_v178_159_38_v303_v215_v5_v27_v218_180_5_v183_90_v288_267_167_v245_v90_v214_71_v152_127_31_v277_248_223_213_206_199_170_163_157_143_115_89_81_70_29_28_22_v201_155_v218_115_15_2_v198_32_16_1_v202_124_42_v19_v223_v224_207_161_v238_v308_227_v83_v227_v310_296_102_v297_v,331,train,338
vvvvvvvvv3_v4_v7_5_v8_6_1_vvv14_8_1_vv2_v16_9_vv5_v10_v13_v21_14_5_3_vv6_v20_11_v21_16_12_vvv27_4_v28_7_5_1_v6_v30_25_22_3_2_v28_6_v10_v27_26_21_v5_1_vv21_vv26_5_v39_12_11_9_v41_34_11_v42_41_37_35_29_26_24_21_14_13_v45_40_v36_31_v41_v46_39_33_28_26_25_4_1_v9_v36_35_4_v36_16_2_v20_v21_v39_13_8_4_v53_37_33_32_29_v41_v42_v5_3_v20_19_v45_9_vv47_26_v48_27_9_v38_v63_62_58_56_50_45_42_35_34_33_26_24_22_18_16_13_12_11_10_7_2_v51_12_v61_56_32_v36_v55_43_30_v45_v37_vv9_v59_18_v60_v61_2_vv69_58_47_23_9_v77_70_51_24_8_v65_44_vv82_78_77_76_74_71_69_67_66_63_61_57_56_54_53_47_44_43_42_37_33_23_21_15_12_11_10_5_1_v,83,train,267
vvvvvv3_vvvvvv1_vvvvvvvv12_vvvvv25_2_vvvv21_v27_v28_25_v7_vvv14_vv26_1_vvv29_19_vvv13_12_v20_v18_v4_v26_v15_vvvvvv51_27_vv48_46_4_v53_30_1_v8_vvvvvv61_58_19_v34_8_1_v30_vvv60_56_43_34_28_v64_6_v60_32_vv47_16_v45_8_v45_30_v75_29_v75_72_31_30_v65_43_37_v70_55_53_44_28_10_6_v16_vv42_26_vv80_v64_28_v65_39_29_vvv58_v36_vv80_7_v81_13_8_1_v9_v83_48_3_2_v54_19_vvvv44_v91_49_vv100_90_72_68_63_48_46_33_6_v55_44_v51_11_2_v28_11_3_v82_75_v99_82_73_53_v84_77_2_v77_v105_80_68_47_46_22_8_v81_69_67_47_23_9_v44_v85_vv96_40_3_vv100_vv65_63_17_vv110_30_29_27_v115_62_v115_111_102_89_83_30_v95_94_82_14_13_v113_85_57_48_2_v67_23_v44_vv97_v54_vvv67_vvvv129_128_126_114_112_111_105_103_86_81_78_69_65_59_46_45_12_1_v83_38_1_vv141_118_109_34_32_v102_85_80_v123_65_64_37_5_v82_41_v124_108_v137_136_133_124_120_111_105_97_95_94_89_86_73_69_68_67_59_40_20_8_7_1_v76_15_1_v48_10_2_v80_71_3_v49_12_4_vv124_85_75_44_38_36_18_v145_99_97_96_91_85_11_vv36_v97_v148_147_135_133_131_122_105_91_78_56_20_19_18_11_9_7_v157_vv118_52_v142_vv72_v61_v127_27_v10_v21_v141_30_v75_52_v66_v149_147_111_77_44_12_v146_118_117_115_110_81_52_30_28_19_18_v96_38_v161_147_133_68_48_36_31_28_vv161_v142_v123_36_34_v88_78_16_v9_v172_112_103_102_96_v158_78_44_v81_v28_v150_42_12_v48_v104_51_vv112_v176_165_156_49_v1_v2_v190_187_138_136_123_104_82_81_v25_v187_138_v174_25_15_vv95_94_52_26_v96_v146_132_28_v88_87_v169_92_v194_168_v188_v169_148_121_v198_145_v85_v18_1_v149_148_63_58_vv204_v186_181_169_150_133_100_87_70_68_59_52_v205_159_156_110_90_v144_v175_138_109_77_69_67_29_v161_159_113_44_v27_v209_183_v136_83_32_v138_117_114_101_82_v168_83_75_51_v150_118_93_65_v190_v159_52_12_v224_219_218_217_216_215_213_212_210_209_208_207_203_201_199_198_195_192_190_174_173_171_170_168_167_166_165_162_159_155_154_152_148_146_138_134_133_132_131_128_127_126_123_121_114_113_112_105_101_99_92_88_86_85_80_78_77_76_73_68_65_64_63_62_61_60_59_58_57_56_55_54_53_52_50_44_41_29_27_26_25_16_10_9_8_6_5_4_3_1_v36_19_18_v170_60_55_15_v86_56_1_v31_17_v196_111_v143_41_v133_117_99_v220_198_164_155_107_61_26_v140_v229_204_190_171_170_132_110_47_42_10_v65_v66_v235_232_207_195_174_173_168_149_135_127_126_26_3_v183_154_126_v185_v16_v187_134_v159_115_v19_3_v223_v142_138_108_100_v78_v79_52_v195_181_v205_193_186_57_v243_v195_v181_149_31_v243_217_103_45_41_v221_25_v152_129_v254_251_226_202_200_187_168_146_145_45_22_7_v201_184_181_106_53_15_v241_156_144_119_62_59_34_9_v179_176_132_35_17_v179_158_155_140_123_109_106_89_63_49_36_2_v250_225_222_191_8_v4_v251_235_229_221_213_204_198_194_191_187_171_166_165_164_163_85_83_55_42_40_29_25_8_v162_40_v257_232_231_85_11_v110_97_v166_v192_v267_264_239_227_213_200_181_167_159_158_145_58_35_32_v247_245_192_46_v266_208_37_2_v63_48_v268_244_243_231_220_210_171_149_81_36_17_4_v269_211_186_25_v172_v243_47_v175_158_65_62_v253_246_200_37_v260_259_233_223_219_204_195_167_166_128_79_v,281,train,442
v1_vvvvvvvvvvvvv12_vv10_3_v8_v5_3_2_vvvv6_v10_vv11_v2_v25_v19_vvv6_vvvvv28_vvv28_2_vv31_v26_vvvv26_v12_vvvv30_v9_v44_vv7_v2_v34_v26_v13_vv61_v60_35_12_v59_55_27_20_11_v23_13_v56_v10_v21_v5_v39_vv58_56_53_v31_vv19_v9_v54_v31_15_v64_57_43_37_34_31_29_27_6_v47_1_v2_v3_v4_v80_77_70_68_65_61_60_43_29_26_17_12_10_v6_v53_vvv12_v50_v76_25_22_14_v46_41_29_18_v1_v80_78_77_22_10_v39_v31_23_17_v91_82_61_55_26_12_4_v25_19_v98_96_71_69_53_50_48_38_36_24_21_12_7_4_v16_v81_v87_70_v19_v20_v21_v22_v23_1_v75_60_v76_v95_44_41_33_v78_52_20_1_v54_40_28_vv79_13_v20_v108_81_77_39_28_3_2_v116_114_104_92_89_86_84_83_77_75_74_70_68_62_50_42_40_33_26_22_18_16_7_v83_26_17_4_v,118,train,88
vvvvvvvvvvvvvvvvvvvv16_vv20_vvv10_vv12_vv8_7_v15_vv17_2_vvv29_vvv19_vv21_vvvvvvv42_37_29_22_21_v46_vv32_10_v41_26_25_v22_v48_36_35_28_20_6_3_v48_19_v40_15_v41_26_16_vvv5_vv52_6_v53_7_1_v8_vvvv52_9_v61_34_vv60_48_45_43_31_30_22_11_v39_v2_v22_3_v43_31_v74_70_69_57_50_47_38_36_21_vv39_14_7_v76_56_49_8_vv58_51_10_v34_v24_7_v44_43_13_v79_74_68_59_58_21_v75_59_38_34_1_vvv83_81_79_71_70_69_65_63_54_48_45_41_38_35_29_27_26_3_1_v21_1_vv40_38_18_3_v22_v87_39_v79_v90_88_85_79_77_70_69_64_62_61_55_52_45_44_43_42_38_22_10_7_6_1_v47_1_v31_9_2_v51_47_3_v31_11_4_v48_25_v96_94_85_84_83_76_67_55_48_33_14_13_12_6_4_2_v27_vv9_vv46_v37_v20_vv36_v92_23_v52_44_6_v103_94_87_40_28_25_22_18_v51_v99_98_72_52_v98_78_77_76_56_33_24_vv93_v67_v115_73_69_67_65_v104_47_33_vv98_32_4_v36_v109_10_5_v56_52_31_10_v57_v90_12_vv125_122_105_v88_36_vv115_111_104_97_80_53_41_31_v59_v131_97_95_65_v109_84_63_48_41_39_12_v98_97_67_21_vv134_114_vv71_68_53_v54_47_32_v69_42_v28_11_v145_143_142_141_140_138_136_135_134_133_132_131_129_128_127_126_124_122_120_112_111_107_106_105_104_103_102_100_99_97_96_95_93_92_88_85_84_83_82_81_80_73_71_69_67_65_64_62_61_60_59_58_56_55_51_49_48_47_45_44_43_42_41_40_39_38_37_36_35_34_31_30_29_28_26_25_23_20_19_18_17_14_9_8_7_5_4_3_2_1_v131_116_v137_122_100_96_62_31_18_v146_126_78_3_v147_127_120_101_79_71_69_16_1_v95_69_v6_v113_77_v6_v9_3_v88_73_v82_81_68_61_v133_113_86_v84_v145_89_69_31_14_v15_v91_88_73_61_45_35_28_16_2_v156_152_142_137_133_129_126_119_118_116_114_112_110_100_98_97_96_94_93_83_50_42_31_19_18_14_12_4_v93_18_v159_140_139_129_106_93_71_44_32_9_7_v64_55_v164_144_137_126_118_96_88_86_33_18_17_v150_149_114_22_v166_147_146_139_130_98_19_2_v24_v168_149_148_132_100_21_4_v153_148_118_37_19_v102_89_37_35_v158_143_136_133_118_115_92_73_27_18_v,174,train,369
vvvvvvvvv8_v2_v3_v4_vvv7_v8_vvvvv21_vvv5_v6_1_vvvvv4_vvvvv28_vv17_vv5_v21_15_7_v33_vvv15_vv44_v35_33_vv18_vv5_v44_26_v45_vvvv7_1_vv30_29_15_v1_vv48_28_23_v49_29_24_v18_v52_47_v17_vvv62_34_12_v44_18_11_v31_v70_26_23_v34_vvv22_8_1_v37_v33_6_v20_vvvv37_19_vvvv85_v11_v24_v88_63_41_29_21_v73_7_v62_45_10_v21_v80_v76_71_55_v38_6_v89_vvvvv1_v80_49_35_28_27_15_v1_v104_102_101_100_97_92_88_85_84_83_78_73_72_66_65_63_62_57_48_46_44_42_40_36_31_23_21_20_16_11_10_9_7_5_4_2_v34_1_v8_6_v24_3_v4_v29_5_vv110_69_25_v12_v73_32_1_v5_v90_88_69_36_26_24_11_v111_110_82_81_69_62_60_50_48_31_27_18_12_6_v13_v62_v94_73_28_v93_v75_29_v101_18_v110_94_76_v111_99_73_33_9_5_3_v21_v22_v23_v48_26_v76_27_26_v91_v102_27_12_v95_12_v77_v92_30_v40_vv33_1_v46_25_v139_v135_134_106_92_86_55_50_30_24_20_v104_37_21_9_v,143,train,386
vvvvvvvvvvvvvvvvvvvvvvv1_v5_vvvv11_vv29_13_vvvvvv31_28_20_16_v35_vv23_9_v18_5_vv37_28_26_22_17_6_3_v21_13_vvv24_6_3_vvv42_v43_1_vvvvvvv24_v39_v57_vv25_v40_39_22_19_v34_33_v59_56_51_44_13_v57_29_1_v47_v45_21_5_vv48_vv66_65_64_57_55_54_52_51_45_41_38_35_32_29_26_22_21_6_1_v1_vv51_26_22_v33_4_v14_vv73_72_70_65_62_58_53_52_48_45_39_37_36_34_13_7_6_1_v41_1_v9_2_v45_3_v11_4_vv43_v80_79_72_71_69_65_59_50_43_15_14_13_7_5_3_vvvv66_49_v19_v44_v75_21_vvv17_v39_v89_80_32_26_22_19_v47_v86_85_66_48_v84_72_71_70_53_37_vv61_v98_67_61_v90_47_33_vv35_v94_8_4_v51_30_8_vv82_10_v92_53_v91_82_vv81_36_v114_94_92_88_72_67_63_46_32_3_vv1_v77_47_40_38_12_v90_89_19_vvv51_v104_100_v101_76_72_9_v54_47_29_v26_v127_125_124_123_122_121_120_119_118_117_116_115_114_113_111_110_109_108_107_102_101_99_98_97_96_95_94_93_92_90_89_88_86_85_83_80_78_77_76_74_73_72_71_70_68_67_66_64_63_62_59_57_55_54_50_48_47_46_43_42_41_40_39_37_36_35_34_33_32_31_29_28_27_26_25_24_22_20_19_18_17_13_9_8_7_6_5_2_1_v71_43_1_v127_2_v3_v102_v5_2_v76_62_55_v104_94_93_82_65_51_50_22_19_v123_62_25_8_v9_v66_53_37_29_10_2_v11_v125_123_97_12_v13_v126_125_122_99_28_25_24_10_v,142,train,69
vvvvv2_vvvvvvv1_vvvvvvv12_vvvvvvvv20_1_v25_v26_24_vv20_v12_v2_vvvv26_17_vv11_10_v18_v17_v4_v23_v14_vvvvv23_22_v41_vvv50_29_vv48_45_7_v52_32_1_v11_vvvvvvv35_8_v62_60_24_1_v33_vvv61_56_46_37_34_v65_5_v60_35_vv50_17_v47_25_8_v47_34_v76_33_v76_75_35_34_v65_46_43_v71_57_56_47_32_10_6_v30_15_v72_31_v45_27_vvv81_v66_30_v67_44_31_vv60_v9_v38_vvv82_8_v83_15_9_1_v10_v85_54_3_2_v60_21_vvv46_v10_v93_55_vvv61_47_v104_94_78_75_70_53_51_37_17_3_v30_11_1_v56_13_2_v102_101_87_78_56_29_v81_v107_83_73_48_47_23_5_vv85_75_73_50_25_7_v46_v89_vv99_69_42_3_vv103_vv68_66_15_vv112_30_29_27_vv119_66_v119_114_106_95_92_31_v100_99_89_16_14_v116_94_60_51_2_v71_24_v46_vv103_v57_v83_vv70_vvvvv134_132_130_120_119_118_112_110_94_86_83_73_69_63_52_48_47_13_2_v88_40_1_vv126_67_66_37_3_v109_90_85_v86_40_v139_68_67_v129_118_v142_140_137_129_127_118_115_105_103_102_94_91_77_73_72_71_62_42_21_8_7_1_v80_13_1_v51_10_2_v84_75_3_v51_12_4_vv131_89_79_46_40_38_19_v150_104_102_101_96_89_11_vv38_v102_v153_151_140_139_138_129_113_95_82_58_21_19_18_11_9_7_v162_vv126_54_v147_vv61_v75_v62_v136_28_v11_v22_v149_31_v81_71_6_v79_56_v155_154_117_80_46_13_v154_124_123_121_116_84_55_31_30_20_19_v101_37_vv167_156_145_72_51_38_35_30_v149_v168_v129_37_36_v8_v177_116_107_106_99_v164_80_44_v82_v28_v3_v158_45_12_v49_v108_53_vv117_vv21_v194_192_143_141_127_108_85_83_v191_142_v178_23_14_vv95_94_51_24_v95_v150_135_26_v89_88_v175_94_v198_174_v192_v175_159_152_123_v202_149_v151_150_60_55_vv189_183_173_160_151_133_98_84_66_65_55_48_v207_v207_161_158_107_88_v145_v179_139_108_74_66_64_25_v163_161_110_40_v23_v211_187_v136_81_28_v139_114_113_100_79_v171_80_72_55_v151_117_91_62_v194_v161_48_13_v226_221_220_219_218_216_214_213_212_211_210_209_205_204_203_202_198_196_194_179_178_173_172_170_169_168_167_163_160_156_155_153_149_147_138_133_132_131_130_127_126_122_121_120_114_112_111_104_99_97_90_86_83_82_77_75_74_73_70_65_62_61_60_59_58_57_56_55_54_53_51_50_49_48_47_41_38_27_25_24_23_16_10_9_8_6_5_4_3_1_v171_55_50_15_v115_v83_52_2_v29_18_v131_114_95_v219_200_163_154_103_55_v137_v229_205_193_170_169_127_106_41_37_8_v59_v60_v234_232_208_198_173_172_167_148_130_125_123_25_3_v183_152_123_v185_v14_v187_131_v157_111_v17_3_v223_v139_135_122_103_95_v71_v72_48_v195_180_v208_193_184_52_v243_v195_v180_146_29_v242_222_98_43_39_v192_v149_125_v253_251_227_202_200_186_167_144_142_44_22_7_v212_v206_v210_203_185_182_124_103_51_17_v243_153_143_116_60_57_34_11_v178_176_130_35_19_v180_155_154_137_120_106_103_85_61_50_36_2_v251_232_226_192_10_v4_v256_252_238_233_226_218_213_206_203_199_195_192_188_170_166_165_164_163_162_152_91_80_55_42_40_31_27_10_v159_40_v259_235_217_119_82_13_v107_101_v192_v165_v268_266_242_232_215_201_182_164_159_157_143_59_37_34_v250_249_193_46_v268_208_39_2_v63_48_v270_247_246_236_222_210_168_147_78_38_19_4_v267_195_128_v171_v273_213_189_29_v172_157_65_62_v257_250_201_39_v262_261_238_225_221_205_195_166_165_125_77_v,282,train,223
vvvvvv2_vvvvvvv1_vvvvvvv20_12_vvvvvvvvvv2_vv24_1_vv30_v31_29_vv25_v17_v2_vvvv31_22_v18_vvv13_12_v24_v22_v4_v30_v16_vvvvv26_25_v37_19_7_v49_vvv58_35_vv56_53_8_v60_38_1_v12_vvvv70_vv46_44_37_7_vv70_68_46_25_2_v36_17_3_v31_4_v38_v45_vv71_66_55_42_39_v75_7_v70_40_vvv60_20_v54_29_9_v53_38_v87_37_v87_86_39_38_v76_52_49_v82_67_66_53_36_11_6_v33_18_v83_34_v51_30_vvv92_v77_33_v78_48_34_vv66_v40_vvvv93_8_v94_15_9_1_v10_v96_58_3_2_v64_21_v67_vvv50_v12_v105_60_vvv97_66_51_v116_106_85_82_77_57_55_39_3_v31_12_1_v60_14_2_v114_113_98_85_60_30_v88_v119_90_78_53_51_24_5_vv92_80_78_55_26_7_v48_v97_vv105_87_v112_75_44_4_vv60_v117_vvv75_73_18_vv127_34_33_31_v133_72_v133_128_119_104_101_34_v109_108_96_18_16_v130_103_64_54_2_v119_v78_27_v50_vv113_v61_v90_vv70_vvvvv149_147_145_134_133_131_122_120_102_93_90_78_73_67_52_51_14_2_v95_43_1_vvv119_97_92_v93_43_v144_74_73_43_6_v155_73_72_v145_129_v158_156_153_144_142_129_126_114_112_111_102_99_82_78_77_76_67_46_23_9_8_1_v86_14_1_v55_11_2_v90_80_3_vvv144_90_84_50_44_41_20_v166_112_110_109_104_95_12_v59_17_8_v40_v110_v169_167_155_154_153_140_122_101_87_62_22_20_19_11_9_3_v178_vv135_58_v163_vv80_v65_v146_28_v10_v21_v70_v165_128_127_125_120_86_52_28_27_19_16_v87_75_7_v165_34_v85_60_v171_170_126_86_48_14_v106_38_vv183_170_156_76_53_39_33_30_v160_v184_v137_38_37_v7_v193_122_112_111_104_v179_84_45_v86_v28_v168_42_11_v49_v112_53_vv121_vv19_v209_207_150_148_132_112_88_86_v206_149_v192_21_13_vv98_97_50_27_v98_v157_140_29_v92_91_v185_97_v213_184_v207_v185_167_159_127_v217_156_v86_v155_66_14_v160_159_61_56_vv205_195_183_169_160_152_139_125_103_87_68_67_56_49_v224_v224_170_167_112_91_v152_v191_145_113_76_67_65_27_v172_170_115_45_v25_v228_199_v142_83_30_v145_119_118_103_81_v180_82_73_51_v157_122_93_63_v206_v171_53_13_v243_238_237_236_235_233_231_230_229_228_227_226_221_220_219_217_210_208_206_189_188_182_181_179_178_177_176_171_167_163_162_159_155_153_144_140_138_137_136_132_131_127_126_125_119_117_116_106_102_100_92_88_85_84_78_76_75_74_71_66_63_62_61_60_59_58_57_56_55_54_52_51_50_49_48_42_39_29_27_26_25_16_10_9_8_6_5_4_3_1_v180_57_55_15_v109_84_56_1_v121_v31_18_v136_119_97_v236_212_170_160_106_60_24_v143_v246_217_203_180_178_132_109_43_39_8_v59_v60_v251_249_220_208_183_181_174_154_135_130_128_25_3_v192_158_128_v194_v14_v196_136_v163_113_v11_v18_4_v240_v145_141_106_97_v72_v73_51_v239_237_v206_189_v241_220_204_195_56_v262_v206_v260_235_100_44_40_v189_154_32_v203_v156_129_v272_270_241_232_213_211_195_175_165_151_149_145_49_46_24_7_v172_v217_v222_214_193_190_128_106_55_19_v262_160_150_120_64_61_36_11_v186_184_134_37_21_v188_162_161_143_124_109_106_92_65_52_38_2_v270_246_240_201_11_v4_v275_271_253_247_238_230_224_217_214_208_204_200_196_178_173_172_171_170_169_159_94_83_57_44_42_33_29_10_v166_42_v278_249_228_122_85_13_v199_v111_100_v172_v287_285_265_256_244_226_210_190_171_166_164_148_61_39_36_v268_267_201_48_v287_219_41_2_v65_50_v289_261_260_248_233_221_175_152_82_40_19_4_v286_203_131_v291_223_196_28_v178_160_66_63_v274_263_208_40_v280_279_249_235_231_212_202_172_171_127_80_v,301,train,492
vvvvvvvv7_v2_v3_v4_vvv7_v8_vvvvv20_vvv5_v6_1_vvvvv4_vvvv27_vv16_vv5_v20_14_7_v32_vvv14_v32_30_vvv39_21_v40_vvvv6_1_vv25_24_11_v1_vv43_24_19_v44_25_20_v46_41_vvv55_28_10_v37_16_9_v25_vv28_vvv20_8_1_v31_v17_vvvvvvv8_v20_v53_24_18_v63_6_v52_38_8_v69_v65_60_45_v32_5_v78_vvvvv1_v69_43_31_24_23_14_v1_v29_v93_91_90_89_87_82_78_75_74_73_68_64_63_57_56_54_53_50_43_41_39_37_36_33_28_21_20_19_16_12_11_10_8_6_5_3_1_v8_6_v22_2_v3_v26_4_vv59_v12_v63_29_1_v5_v79_77_61_33_25_23_10_v103_99_72_71_61_56_54_46_44_29_26_18_11_6_v12_v56_v83_65_27_v82_v89_16_v98_82_67_v99_87_66_31_8_4_v19_v20_v21_v44_25_v69_26_25_v80_v90_25_11_v84_11_v70_v81_28_v39_vv31_1_v125_v125_121_94_78_51_47_28_22_18_v92_34_19_8_v,129,train,435
vvvv4_vvv4_v6_3_1_v6_v7_v10_1_v1_vv3_vv5_v6_vv16_vv20_11_9_7_5_4_v22_19_vvvvv21_18_17_14_9_7_4_2_1_v19_15_13_9_8_4_3_2_v1_v2_v28_v7_5_4_v27_13_10_8_5_v34_v24_7_2_v8_v26_vv12_v13_v38_v22_8_v16_15_10_7_v24_19_17_16_6_1_v42_23_vv39_v7_6_2_v38_28_10_v31_23_12_v24_v47_41_32_4_v,53,train,211
vvvvvvvvvvvv4_vv9_6_vv11_8_2_v15_vvvvvvvvv12_v20_10_3_v26_11_5_v4_vvv24_13_v20_13_v14_1_v2_v3_1_v9_vv12_7_v32_7_v25_v13_v31_24_6_v1_v44_43_33_27_17_vvvv29_16_15_4_vvv51_40_33_15_13_vv54_48_v53_28_27_v11_8_v7_v57_26_v56_50_48_6_v1_v2_v15_14_v46_v5_v23_vv61_4_1_v38_v10_v39_27_26_20_18_v12_7_v71_60_53_33_25_16_14_3_2_v62_56_50_40_23_18_5_v66_60_32_7_v58_47_42_20_v17_v48_v65_58_44_43_42_38_29_5_3_vv52_v70_59_40_30_8_v78_67_59_v52_40_39_31_27_26_11_v19_17_v83_73_63_46_27_v85_75_74_69_53_45_31_28_21_8_5_v70_54_46_36_32_9_6_v86_77_60_33_15_vv90_85_84_82_80_76_72_71_69_65_64_61_58_57_52_48_44_43_42_36_34_28_24_16_13_12_11_6_1_v,91,train,288
vvv2_vvvvvvvvvv3_vvv16_vv15_v7_v16_14_12_vvvvvv26_21_7_vv15_v24_3_v25_1_v16_vvv1_v34_32_17_9_v23_v35_v33_8_v27_20_13_vvv11_v23_v31_v40_33_22_19_vv38_v35_v29_v49_47_15_vv35_11_v24_v28_25_24_9_v4_v51_35_30_26_18_2_v57_v13_6_v45_30_13_v34_9_5_vv29_v58_56_54_51_50_42_37_36_34_33_32_31_30_29_26_10_9_5_3_v58_44_v2_vv58_2_v41_36_vv17_10_7_v42_v68_66_64_63_61_55_52_50_49_48_47_32_31_29_23_20_11_9_8_7_6_3_v1_v55_v75_73_59_55_38_18_v,76,train,476
vv1_vv2_vvv1_vvvv5_vvv8_vvvv12_v11_vv6_v20_19_17_4_v17_vv24_19_vvvv23_v8_vv29_v30_v14_v29_10_vv34_vvvvv6_5_1_vvv26_v24_vv6_v43_40_37_35_27_23_21_v31_v2_v43_42_38_30_25_14_8_3_v33_v51_vv25_9_v56_53_27_v52_v10_v59_27_16_6_4_v55_v60_42_38_31_23_9_v63_1_v42_2_v14_13_v47_v50_45_v62_55_46_28_21_16_8_v63_55_47_v65_64_48_18_v55_49_16_v69_58_43_v67_64_v71_69_68_55_53_49_48_35_32_31_25_22_10_6_4_3_v60_4_v57_v47_20_v64_18_8_v57_52_40_v58_v64_14_v,82,train,365
vvvvvvvvvvvvvvvvvvv7_vvvv7_vv9_vvvvvv30_vv18_8_vv31_21_20_16_14_2_v24_11_vvv33_3_v34_4_1_v5_vvvvv23_5_v40_28_23_22_16_5_1_v20_v48_2_v3_vvv29_28_6_v50_47_41_35_34_13_v48_35_1_v28_8_vvvvv49_v30_vvv31_v62_61_53_52_51_47_44_36_31_8_7_3_vvvvv33_v25_vvv34_23_v63_62_48_35_20_9_vv30_v63_v65_57_56_55_42_27_v47_vv7_v80_49_48_vv11_v74_11_3_v41_40_8_v42_v67_10_v63_v58_29_v69_68_46_13_v58_vvv50_v20_v51_33_v20_v101_100_99_98_97_96_95_94_93_92_91_90_88_87_86_85_84_83_82_80_79_78_77_76_75_74_73_72_71_70_69_68_67_66_64_63_62_61_60_59_58_57_56_53_52_51_50_48_47_46_44_43_42_41_40_39_38_37_36_35_33_32_31_30_29_28_27_26_25_24_23_22_21_20_19_17_16_14_13_12_11_10_9_8_6_5_4_3_2_1_v61_v102_56_2_v28_v29_v70_55_v6_v7_1_v34_v35_23_v100_64_51_21_10_v11_v66_48_33_25_12_2_v67_13_v101_100_80_14_v15_v105_92_81_66_52_v,118,train,498
vvvvvvvvvvvvvvvvv17_11_vvvvvvv18_vv22_vvv11_vv13_vv8_7_v16_vv18_2_vvv31_vvv19_vv38_35_6_v43_22_1_vvvv49_vvv26_7_vvv48_43_33_26_25_v52_vv36_13_v47_30_29_v26_v54_40_39_32_24_6_3_v54_23_v32_19_vv47_20_v48_32_21_vvv7_v28_vv61_7_v62_8_1_v9_v64_41_3_2_vvv34_vv71_42_vv70_56_53_51_39_37_26_13_1_v48_35_vv26_10_3_v44_12_4_v84_80_79_65_58_55_46_44_25_v70_20_v4_v86_64_57_38_8_vv66_59_40_10_v38_v77_53_1_v27_8_vv54_52_15_vv88_27_26_24_v93_88_80_71_70_26_v89_71_46_42_1_vvv97_95_93_83_82_81_77_75_66_59_56_49_46_43_35_32_31_3_1_v61_25_1_vv90_48_46_22_3_v77_63_59_v60_27_v102_48_v93_v105_103_100_92_90_83_82_77_75_74_67_64_54_53_52_51_45_27_11_8_7_1_vv57_2_v60_56_3_v38_12_4_v37_13_5_v58_31_24_v113_77_75_74_70_65_11_vv114_112_101_100_99_92_83_68_60_41_18_17_16_9_5_4_v35_vv12_vv55_v45_v24_vv47_v109_89_88_86_82_60_34_23_22_18_12_v61_52_6_v121_110_103_48_32_29_26_21_v111_30_v61_v116_115_88_62_vv109_v79_v97_32_31_v134_86_82_80_76_v121_59_38_vv115_37_5_v41_v118_v143_104_102_91_57_55_v142_103_v129_13_8_v57_v69_68_39_20_v70_v134_54_v112_100_23_v148_145_126_v111_v11_4_v110_46_vv138_134_127_120_111_99_68_52_51_41_38_v74_v156_120_117_80_v132_103_78_59_51_47_18_v121_119_82_33_v19_v159_137_vv105_86_83_64_v65_57_39_v87_49_v25_18_14_v171_168_167_166_165_163_161_160_159_158_157_156_152_151_150_149_147_145_143_135_134_130_129_127_126_125_124_121_119_116_115_114_112_111_105_101_100_99_98_96_95_91_89_88_82_80_79_75_72_71_70_69_67_66_61_58_57_56_54_51_50_49_48_47_46_45_44_43_42_41_38_37_36_35_33_31_29_23_21_20_18_14_9_8_7_5_4_3_2_v121_42_13_1_v78_66_43_v130_51_44_15_1_v25_16_v159_143_v166_149_123_119_77_47_25_v175_153_127_97_32_7_v176_154_147_128_124_98_90_88_20_1_v137_116_88_v139_v11_v141_97_v7_v14_3_v99_92_v105_101_84_76_v147_135_v145_43_v146_v164_142_v110_v190_168_151_149_138_104_102_34_15_4_v159_3_v151_136_78_40_v181_115_91_43_25_7_v26_v46_v136_47_v138_119_116_103_97_83_81_70_50_41_29_4_v194_190_178_173_169_165_162_154_152_149_146_144_142_129_126_125_124_123_122_111_70_61_44_32_29_23_21_9_v121_31_v197_176_175_165_136_94_63_45_17_12_9_v84_75_v202_180_173_161_150_124_116_114_46_27_26_v186_185_146_35_v204_183_182_175_166_126_61_28_14_2_v37_v206_185_184_168_128_63_30_16_4_v189_184_150_50_27_v130_115_50_48_v196_195_179_172_168_148_145_120_95_63_36_26_v,214,train,327
vvvvvvvvvvvvvvvvvvv6_vvv7_vv9_vvvvvvv30_vv19_9_vv31_22_21_17_15_2_v12_vvv33_3_v34_4_1_v5_vvvvv24_5_v20_v47_vvv28_27_v48_45_40_34_11_v46_1_v27_7_vvv53_52_51_44_43_42_40_39_36_33_30_24_22_18_17_4_1_v1_vvv57_56_54_49_47_43_41_40_37_34_28_27_26_24_8_4_3_1_v30_1_v6_2_v3_v31_v62_61_54_53_52_48_45_36_31_10_9_8_5_3_vvvvv33_vv16_vv14_v64_63_49_35_22_9_v30_v63_21_v38_v66_58_57_56_42_29_v47_vv55_7_v56_1_v81_50_49_v73_39_29_vv76_12_3_v42_28_9_vv69_11_v65_31_v59_36_32_30_v71_70_14_vvv40_v41_37_21_v52_33_v20_v101_100_99_98_97_96_95_94_93_92_91_90_89_88_87_86_85_84_83_81_80_79_78_77_76_75_74_72_71_70_69_68_67_66_64_63_62_61_60_59_58_57_56_54_53_52_51_50_49_48_46_45_43_42_41_39_38_37_36_35_33_32_31_30_29_28_27_26_25_24_23_22_21_20_19_16_14_13_12_11_10_9_8_7_6_5_4_3_2_1_v61_v27_v28_v104_4_v5_v6_1_v96_v30_21_v63_56_v100_52_20_10_v11_v56_48_33_24_12_2_v107_96_94_87_84_83_81_80_74_71_70_29_22_15_14_9_4_v14_v103_102_81_15_v16_v,118,train,392
vvvvvvvvvvvvvvv5_vvvvv5_v17_15_11_1_v5_vvvvvv7_vvvv22_v23_13_vvv13_v32_vv9_v26_vvvvvvv6_v33_vv3_v41_31_26_13_11_v15_v9_vvv46_36_23_vv36_vvv32_vvvvv1_v29_v7_3_vv70_69_68_67_66_65_62_61_59_58_57_54_53_48_47_46_44_43_40_36_35_34_33_31_28_26_25_24_18_13_12_11_10_8_5_3_1_v26_1_v2_vvv65_v6_v59_27_22_12_v68_64_58_57_35_34_30_29_28_27_15_14_1_v65_v27_10_v54_51_42_20_11_v12_v71_13_v20_v75_70_65_64_38_21_v16_v17_v18_v19_v64_20_v21_v38_29_18_14_v86_74_64_62_45_20_15_v24_v,95,train,322
vvvvvvvvvvvvv8_6_3_v4_vvv8_7_vv11_7_6_v19_7_v8_vv23_19_10_1_v11_3_v12_6_v17_v25_v5_v27_20_16_11_2_v21_v8_v3_v20_v17_10_vv33_25_23_22_21_20_19_13_12_2_1_v37_14_13_9_4_v21_20_8_2_v34_32_26_v30_6_v29_22_v18_v37_30_17_13_v27_20_v35_31_v29_22_10_6_v30_23_v31_12_v25_5_v27_v18_v42_38_7_v40_v31_23_v31_v39_32_22_10_v4_v49_29_26_15_10_v,59,val,12
vv2_vvv2_v3_2_vvvv2_v11_vv10_vvv10_v17_15_v4_vv20_11_vvv15_v23_19_18_16_13_10_9_5_3_v20_17_12_11_6_4_v24_4_v25_1_vv8_v11_6_5_v30_17_16_12_6_vv8_v14_vv36_34_10_vvvvvv18_1_v19_v16_v30_22_14_v27_1_v33_vv35_v26_25_19_17_13_12_10_5_v51_3_v1_v46_3_v47_42_40_35_30_29_22_19_16_15_9_4_v34_v48_v40_v54_42_17_16_v9_v47_36_25_v53_v41_v39_v56_v65_63_54_39_37_29_v62_52_34_20_10_2_v,67,train,228
vvvvvvvvvvvvvvvvvvvv16_2_vvvvvvvv23_v19_1_v12_vvvvvv1_vv5_v14_3_vvv39_4_v2_vvv10_8_7_1_vv20_19_8_vv22_v11_9_vv34_v28_v19_v46_45_7_v54_31_1_v58_vv20_vv22_vvv29_vv10_vv33_23_2_v34_vv66_vvv50_46_34_27_5_v53_19_vv76_74_34_33_v70_57_56_42_32_3_vv80_56_vvv81_44_v28_v68_61_45_44_41_29_vvv48_14_3_vvvv15_v6_vvv85_12_v86_13_1_v14_vvvv71_v104_103_99_56_54_46_27_23_21_16_10_v92_68_48_46_33_5_v40_vv99_85_71_55_49_v26_v104_43_5_v44_6_v83_3_vv52_v67_62_34_2_vv76_74_42_31_vv62_60_14_v82_v83_v84_2_v114_110_102_86_24_v111_1_v41_v88_48_v89_85_75_vv58_vvv123_121_120_110_109_106_98_95_83_75_66_56_53_35_34_8_2_v38_v131_v79_3_v16_15_14_vv95_48_42_v82_v105_v132_130_128_120_118_104_94_92_84_75_65_63_62_54_17_9_6_1_v69_1_v11_2_v112_26_v4_v119_75_68_38_34_31_17_v137_93_91_90_8_v56_v116_113_111_96_85_75_57_54_37_v141_139_129_128_127_113_101_80_71_20_18_15_9_7_v43_vvv111_79_v152_v65_v139_117_115_109_100_95_82_79_61_54_53_37_36_30_13_11_v53_v27_v137_106_103_101_69_41_21_13_v83_vv57_v138_32_v66_vv146_145_101_68_v168_64_v160_90_84_vv93_v4_v167_116_114_101_63_62_v164_117_v139_110_v155_9_7_v65_64_v51_v74_v126_20_v76_75_40_21_v158_146_144_140_134_125_100_98_66_48_33_27_25_v109_34_v27_16_12_v93_v186_128_82_v184_149_144_136_101_97_91_60_43_30_5_v122_47_v179_135_132_84_vv113_59_50_48_v120_88_v193_89_v137_135_89_34_vvv92_65_v155_108_102_11_v67_58_36_v94_50_v92_89_v196_195_194_193_192_191_190_189_188_187_186_185_181_180_179_176_171_168_165_155_153_148_145_143_141_139_136_134_132_130_129_126_124_123_115_111_105_104_103_102_101_100_96_95_92_91_89_83_79_78_74_72_67_65_62_60_59_57_56_52_51_50_49_46_44_43_42_41_40_39_38_37_36_35_33_32_26_23_22_21_14_11_8_7_6_5_3_2_v146_43_v137_44_2_v166_160_130_101_91_v200_139_101_33_4_v127_v59_25_v158_125_84_60_52_v8_v119_26_v108_v11_3_v83_57_13_v167_71_58_v159_43_v125_68_v161_v173_70_29_v214_163_161_148_110_109_14_4_v183_169_v142_138_97_20_13_v206_118_86_43_21_7_v119_92_78_64_43_22_1_v212_196_188_178_173_159_155_153_149_147_127_124_123_56_37_25_21_19_v121_24_v209_165_149_113_v138_132_71_27_v223_172_157_124_119_118_23_v89_28_27_v209_208_152_29_v30_v169_v189_181_177_153_149_130_122_121_88_57_29_v,235,val,60
vvvvvvvvvvv3_vvvvvvvvv8_vvvvvv18_vvvv25_vvvv6_v11_vvvv20_v29_v33_vvv11_v33_25_vv35_27_2_v3_v5_v7_3_vv13_v31_vvvvv48_30_24_v50_vv53_33_v42_17_15_v58_33_13_v38_23_vvv35_vvvvvv14_v53_19_11_v36_v66_v38_v43_v5_vvvvvvv86_84_83_82_79_77_73_72_69_68_65_63_62_52_51_50_48_44_36_33_31_28_27_23_21_18_17_16_13_10_8_7_5_3_2_1_v1_vv46_v21_4_v5_v31_v77_v8_vv42_v89_68_31_4_v24_12_v98_94_69_68_57_53_49_39_36_28_25_17_13_4_v3_v57_v16_v97_95_53_v96_88_v97_73_49_38_v98_79_v99_97_96_92_85_82_65_59_50_35_v90_22_v21_vv25_v7_v27_v28_v93_29_v84_11_v67_66_7_v92_v12_v112_v83_35_v36_v26_v87_85_80_44_36_28_21_v86_v125_121_96_86_80_55_31_27_v41_v,128,train,200
vv2_vvvv6_vvvvv7_5_vv10_v8_v4_v2_vv7_v7_v15_14_v15_v16_v17_v18_14_10_v16_v25_v14_5_v22_20_vv1_v7_v28_11_v9_vv34_28_23_16_13_6_5_1_v2_v2_v14_v15_v39_v6_4_v22_v19_v41_31_22_v28_9_8_4_v22_v41_39_v25_v2_vv51_vv40_26_9_v30_v20_v53_3_v54_4_1_v52_v48_v25_24_v60_v25_17_v46_28_11_v53_v45_v64_54_29_25_21_4_v30_v46_43_v19_1_v2_v47_v59_50_45_28_v5_v,74,train,130
vvvvv4_vvvvv3_vvv1_v10_v11_v5_v11_4_vv3_v18_16_vv21_v21_19_16_10_7_6_3_vv18_15_vv14_v15_vvv18_8_1_v19_v13_v14_v30_v32_v33_31_18_17_v37_v19_vv37_v19_vvv43_12_v30_v31_v32_2_vvv35_17_v36_33_v52_29_v32_16_v51_43_vv46_44_41_v29_vv47_32_v48_45_42_4_v46_25_10_1_vv11_v56_v62_49_46_v66_41_11_2_v1_v69_68_25_v69_61_v70_42_22_13_v71_49_v72_70_68_65_55_52_33_30_23_14_v3_v46_4_v34_v54_20_14_v56_v6_v79_v65_v15_v14_v70_42_8_v43_9_v84_82_66_53_50_20_v,87,val,33
vvvvvvvvv2_vvv4_vvvvvvvvvvvv4_v12_vvvv9_vvvv13_v18_vvv6_v30_vv9_vvv38_vvv12_vvvv19_v10_v45_36_6_v17_v34_vvvvv27_v48_v16_vv54_52_42_9_v56_v45_vv60_47_vv56_44_vvv55_52_3_vv5_v62_50_6_v13_v2_v60_v47_46_20_v1_vv71_41_31_vvv74_44_34_v76_vv80_47_v64_20_14_v85_47_13_vv72_25_13_v33_v56_30_v84_vvvvv21_v53_v7_vvv45_vvvvv55_v74_71_61_v49_v27_v83_3_v89_34_25_v56_11_v97_90_87_84_54_49_47_v1_v92_91_86_56_48_23_15_2_v109_v68_v89_73_v8_v104_v8_vvvvvvv132_130_129_128_125_122_118_117_110_109_106_97_96_81_79_76_74_66_55_53_51_47_46_42_35_28_26_25_19_12_11_9_6_4_2_1_v113_101_74_v2_v29_3_v4_v49_v119_v7_vv78_v24_23_v96_71_v136_102_45_6_v85_6_v83_v106_65_v128_85_33_29_16_v129_116_86_v149_145_107_106_84_77_73_63_60_41_35_23_18_10_v7_v30_v21_v148_146_77_v147_136_v148_108_72_55_v149_118_v150_147_146_140_125_121_92_86_75_48_v141_81_v140_139_97_41_v98_v142_135_v152_143_142_106_102_96_95_65_61_60_46_44_22_15_3_2_v142_32_v149_131_120_119_113_74_57_55_36_4_v34_v11_v36_v37_v137_38_10_v123_15_v7_v135_v112_16_v167_v118_44_v45_v34_v25_v117_109_82_v118_v181_177_139_133_122_109_73_42_32_v51_v,184,train,448
vvvv2_vvvv2_vv6_v8_v12_v11_v8_1_vvv15_4_vv15_v5_v19_v7_v21_v14_vv26_25_17_14_11_6_4_v26_21_20_18_9_v22_vv9_v28_20_19_17_15_7_6_5_v21_17_1_v29_v20_2_v9_v5_4_v31_10_v36_13_v8_v9_v25_10_v11_v17_v31_27_13_v43_16_v35_15_v41_34_30_21_20_v34_v22_v48_45_6_v38_34_v52_26_v,53,train,57
vvvvvvvvv4_vvv12_6_vvv3_vvv12_vvv14_12_v8_v2_v17_10_v10_2_vvv24_v16_v20_16_vv22_18_9_7_2_v15_7_v19_v7_v24_5_vvv38_vv15_vv43_v21_v36_vv32_29_20_14_3_vv4_v20_v21_v52_49_37_35_24_6_vv40_14_v44_41_40_28_25_15_vvvv32_12_4_vvvv6_v45_34_v3_v52_8_v67_66_63_34_32_28_19_15_14_10_4_vvvv53_v60_38_31_v63_61_54_40_35_23_21_4_3_v74_62_57_22_v48_28_20_v67_20_v5_v70_6_v77_67_v68_v57_41_38_v39_v69_62_v75_v39_33_v35_15_13_v81_47_44_6_v76_54_16_v42_v69_66_v80_65_58_51_50_44_40_24_5_v52_49_11_10_5_v92_26_vv25_24_vvvv84_47_46_v99_84_61_33_2_v59_17_v59_21_20_15_v35_v37_v104_38_v106_91_18_v107_95_39_11_4_v94_83_78_74_72_61_41_36_34_20_14_2_1_vv58_v44_v95_38_v104_93_16_v114_v49_v95_v117_109_108_45_9_vv115_112_98_84_29_v105_68_v76_vv86_v109_72_v118_104_41_35_24_5_1_v105_42_6_2_v10_v112_28_v108_9_5_4_3_v16_v79_70_v58_44_38_32_25_15_v122_92_82_61_24_v112_76_34_19_v80_2_v63_v100_77_29_14_7_5_v125_109_44_30_6_v139_77_74_67_31_17_7_v138_130_128_126_121_110_102_100_98_94_90_88_86_82_79_73_71_70_69_61_54_45_37_32_30_25_22_8_4_v,141,train,271
v1_vvvvvvvvvvvvv12_vv10_3_v8_v5_3_2_vvvv6_v10_vv11_v2_v25_v19_vvv6_vvvvv28_vvv28_2_vv31_v26_vvvv26_v12_vvvv30_v9_v44_vv7_v2_v34_v26_v13_vv61_v60_35_12_v59_55_27_20_11_v23_13_v56_v10_v21_v5_v39_vv58_56_53_v31_vv19_v9_v54_v31_15_v64_57_43_37_34_31_29_27_6_v47_1_v2_v3_v4_v80_77_70_68_65_61_60_43_29_26_17_12_10_v6_v53_vvv12_v50_v76_25_22_14_v46_41_29_18_v1_v80_78_77_22_10_v39_v31_23_17_v91_82_61_55_26_12_4_v25_19_v98_96_71_69_53_50_48_38_36_24_21_12_7_4_v16_v81_v87_70_v19_v20_v21_v22_v23_1_v75_60_v76_v95_44_41_33_v78_52_20_1_v54_40_28_vv79_13_v20_v108_81_77_39_28_3_2_v116_114_104_92_89_86_84_83_77_75_74_70_68_62_50_42_40_33_26_22_18_16_7_v83_26_17_4_v,118,train,253
vv1_vvvv5_vv2_vv7_vv6_vvv6_vv11_v12_v13_v14_v21_10_v16_10_vv14_5_vv5_v21_v3_vvv31_24_22_16_12_6_3_1_v2_v2_vvvv37_32_21_2_1_v7_5_v36_29_20_v27_26_8_7_6_2_v12_v13_1_v37_v34_20_5_v14_v46_v1_v42_v18_17_v17_10_v38_20_9_v50_43_19_14_12_2_v49_20_19_v17_v15_v37_33_v1_v2_v38_v50_41_36_21_v5_v,62,train,394
vvvvvvvvvvvvvvvvvvvvvvvv12_vvv7_vvvvvvvvvv8_vvv39_32_26_25_21_15_8_vvv17_vv38_v9_v18_17_9_v9_v28_16_14_13_vvv23_15_5_1_v26_vv15_v26_16_15_v34_vv15_vvv62_50_5_v10_9_v47_v18_v21_vv41_vvvvv24_v62_37_27_23_22_11_v1_vv75_74_73_72_71_70_68_67_66_64_61_59_57_51_50_49_46_43_38_36_35_34_32_29_27_19_17_16_11_10_9_8_7_6_5_3_1_v18_1_v2_v23_3_v18_v2_v28_6_v50_45_36_7_v8_v73_9_v10_v11_v72_32_27_15_v68_41_1_v51_2_v63_55_48_33_18_17_v16_v17_v32_v56_v66_20_v21_v22_v,100,train,143
vvvvvvvv6_vvvvvv12_3_v10_5_3_v12_v9_v5_v3_v17_vv6_v14_vvvv27_7_3_v8_1_v1_v2_v25_3_v7_v19_vv2_v7_vv37_23_22_21_20_13_12_8_1_v30_16_1_v9_v24_v17_v26_v28_v25_vv34_29_v41_27_10_2_v47_38_35_25_21_16_15_14_v15_1_v48_41_10_2_v,52,train,400
vvvvvvvv1_vvvvv13_7_vv12_4_2_v1_v4_v12_v18_v5_v14_12_v1_v16_7_v7_2_vv22_vv17_13_12_v18_13_7_5_1_v12_v14_v6_v20_v20_19_vv34_v22_vv32_v25_vv42_v36_v27_vv24_v40_v33_v32_31_24_19_3_vv36_23_v52_51_37_35_26_4_vv39_38_17_v43_39_38_30_28_27_18_vv42_v33_9_3_v44_v4_v56_v62_60_58_47_32_30_26_12_10_9_6_2_v40_26_v49_v50_v51_48_v54_36_v57_55_48_38_34_17_16_4_3_v69_56_17_v45_21_15_vvv67_33_v71_61_59_v62_v32_28_6_vv62_57_v42_38_1_v71_v33_29_9_vv68_17_15_v71_53_17_v77_64_62_46_42_38_v37_v75_60_57_50_38_25_4_vv26_v88_28_vv20_v78_28_27_v89_33_v78_43_42_v56_55_17_16_v42_10_v96_62_36_v84_v94_65_63_37_27_23_11_v39_v100_40_v103_86_19_v104_91_5_vv21_v101_99_72_70_66_61_60_42_29_24_11_v93_92_84_80_77_75_59_46_41_39_24_5_4_v94_64_57_v48_v73_29_19_17_v43_v113_v99_v94_v101_v117_108_50_9_v114_111_97_86_79_33_v102_67_25_v94_v104_69_v115_101_42_37_30_28_26_22_11_3_1_v102_43_4_2_v119_103_32_30_5_3_2_1_v111_73_66_54_37_34_20_v111_57_42_28_22_9_v109_86_81_31_v73_v114_61_v130_63_22_4_v121_79_62_19_v,132,val,44
vvvvvvvvvvvvv1_vv10_vvvvvv21_14_vvvvvv6_vvvv24_vv25_vv23_20_v1_v14_vv27_16_vv14_5_v10_9_v39_vvvv24_11_6_vvv23_v8_vv24_vv48_44_6_v53_27_1_vv22_18_vvv49_vvvv8_v38_30_v55_4_vv42_vv38_15_v36_25_1_v37_v66_v63_35_v61_vv52_22_v52_48_6_vv65_44_43_v73_57_56_45_34_4_v83_81_56_53_40_6_v45_29_v62_29_v63_59_30_vvv36_vv78_6_v79_7_1_v8_v81_3_2_v89_vvv43_vv89_51_vv86_69_65_63_48_46_28_14_1_v57_39_vv24_11_3_v106_102_55_23_v54_14_5_v100_75_66_37_6_vv77_68_39_8_vv91_29_1_v113_92_83_30_vv100_v62_60_14_v104_26_25_23_v111_53_v110_103_95_82_81_26_v104_82_39_1_v57_18_vvv115_113_111_99_98_95_90_87_75_68_60_46_42_36_33_32_4_1_v70_25_1_vv88_71_vv27_v107_95_v122_120_115_107_105_94_93_85_83_82_75_67_53_51_50_49_44_26_11_7_6_1_v57_1_v118_vv37_11_4_v55_5_v37_13_6_v58_26_v62_56_25_v118_95_v134_88_86_85_14_v106_v134_132_119_118_117_106_94_70_61_43_20_19_18_12_8_6_vvv15_v134_112_108_86_80_72_vv59_v48_v49_35_v28_vv64_54_5_v139_126_117_50_35_31_24_v53_v128_33_v65_vv136_135_96_67_39_v135_108_107_105_71_45_34_32_20_v82_v154_82_81_78_vv157_111_109_91_57_55_v52_v160_111_v132_102_v145_9_6_v164_75_v69_68_40_10_v70_v120_12_v138_118_32_vv169_111_v150_94_v50_v115_114_48_46_v52_v174_128_125_79_63_53_30_v143_102_77_58_51_47_v183_156_v130_128_82_33_23_vvv103_85_82_63_v64_57_32_v86_46_v168_146_145_50_43_v120_30_v191_185_184_183_181_179_178_176_175_174_173_172_168_167_166_163_160_158_155_144_143_139_138_136_133_130_128_122_119_118_117_114_112_110_105_102_101_100_99_96_95_91_89_88_84_82_81_76_73_72_70_69_67_66_62_60_57_56_54_49_48_47_46_44_43_42_40_39_36_35_34_33_32_31_30_29_28_23_21_20_19_13_10_8_7_6_5_4_3_1_v137_47_32_v186_161_123_92_29_2_v187_162_153_124_121_93_87_85_1_v141_111_85_v114_v6_v139_65_33_29_v8_2_v186_v99_78_71_v175_168_v147_139_v205_190_v202_194_171_155_145_59_31_v180_124_37_v155_v153_44_v203_v155_v185_129_v201_178_80_66_47_43_34_32_14_6_1_v179_81_7_2_v112_94_v208_183_162_160_142_108_106_22_7_v211_182_51_47_10_5_4_3_v162_139_138_112_80_44_v199_117_93_46_27_10_v28_v137_119_116_97_83_60_50_29_2_v139_v213_207_192_186_181_175_171_159_155_150_149_145_143_131_127_126_125_124_123_114_69_60_44_34_32_29_27_8_v122_32_v217_192_183_169_151_123_117_115_31_30_v201_200_144_34_v219_195_194_185_174_125_62_32_11_2_v36_v221_197_196_176_127_64_34_13_4_v209_207_174_165_153_147_145_124_119_92_33_v,231,train,434
vvvvvvvv2_vvvv8_2_v5_v8_5_v9_v1_v8_v6_v8_v20_vv7_v23_22_12_4_2_vv3_v13_6_3_1_vvv22_15_12_v18_v8_v4_v33_21_v31_25_5_v30_v27_24_21_7_4_2_v14_11_v36_30_14_2_v39_36_16_v31_18_11_v15_3_v39_19_v20_17_v35_26_17_15_8_7_1_v27_9_8_2_v19_2_v27_24_v10_v44_22_14_12_5_v50_30_27_19_v17_v50_30_14_11_v29_15_v28_v36_9_v33_30_v45_v24_19_16_v54_23_22_16_15_14_13_10_v54_44_42_16_v23_v39_v55_3_v20_v59_56_36_v66_40_v58_38_33_v40_30_20_v63_53_9_6_v10_v45_v61_52_51_50_49_33_2_v,73,train,205
vvvvvvv4_v3_v6_v8_7_3_v7_v12_v8_1_v10_vvv11_8_vvv10_3_v4_vv23_11_v10_v11_v12_2_vvv13_11_v19_16_6_5_v26_v27_v17_15_v16_9_v25_v35_26_22_19_v35_27_26_24_22_10_9_7_1_v32_29_18_17_2_v26_23_10_6_3_v21_1_v12_8_7_2_v24_12_8_v32_28_15_7_v8_7_v41_31_21_v41_15_v10_v11_v34_12_v31_v14_v33_2_v52_v42_31_17_v38_34_17_v46_19_v52_45_34_27_26_v45_36_29_25_v49_v48_37_v47_37_v,62,train,397
vv2_v3_2_v2_1_vv4_3_v5_4_vv6_v8_7_v8_vv13_11_9_7_6_4_3_2_v11_1_v13_12_2_v7_3_v14_4_v15_5_2_v17_16_13_9_6_v12_v19_8_vv20_10_v21_11_v24_23_22_21_19_18_12_10_6_4_2_v24_23_16_13_7_1_v22_vv29_26_v27_17_v19_9_3_v30_12_v28_v32_21_v33_26_22_v16_v35_v33_v37_36_26_23_20_14_v27_24_5_v40_38_12_7_4_v29_26_7_v37_35_23_17_9_4_v43_3_v40_7_v43_33_5_v6_v35_7_v27_21_18_v38_2_v48_38_32_v50_49_39_27_v48_45_33_v49_46_34_v50_v53_43_v55_54_47_44_v56_55_49_45_42_23_18_v39_32_26_6_5_v19_13_v59_58_48_46_44_19_v57_54_42_24_9_v58_v62_61_51_23_8_4_v24_v61_46_16_v,67,train,190
vvvvvvvvv8_v2_v3_v4_vvv7_v8_vvvvv21_vvv5_v6_1_vvvvv4_vvvv27_vv16_vv5_v20_14_7_v32_vvv14_v32_30_vvv39_21_v40_vvvv6_1_vv25_24_11_v1_vv43_24_19_v44_25_20_v46_41_vvv55_28_10_v37_16_9_v25_v63_v28_vvv20_8_1_v31_v17_vvvvvvv76_v9_v21_v79_54_25_19_v64_7_v53_39_9_v70_v66_61_46_v33_5_v79_vvvvv1_v70_44_32_25_24_14_v1_v30_v95_93_92_91_88_83_79_76_75_74_69_65_64_58_57_55_54_51_44_42_40_38_37_34_29_22_21_20_16_12_11_10_8_6_5_3_1_v8_6_v23_2_v3_v27_4_vv100_60_24_v12_v64_30_1_v5_v80_78_62_34_25_23_10_v101_100_73_72_62_57_55_47_45_30_26_18_11_6_v12_v57_v84_66_27_v83_v90_16_v99_83_68_v100_88_67_31_8_4_v19_v20_v21_v45_25_v70_26_25_v81_v91_25_11_v85_11_v71_v82_28_v39_vv31_1_v127_v123_122_95_79_52_47_28_22_18_v93_34_19_8_v,131,train,31
vvvvv3_vvvvvv1_vvvvvvv11_vvvvvvvvv1_vv22_v28_v29_26_vv9_v14_vv26_1_vv28_18_vvvv12_11_v21_v19_v4_v26_v15_vvvvvvv52_29_vv49_47_5_v54_32_1_v9_vvvvvv62_59_38_20_v41_39_34_8_1_v31_vvv61_57_46_35_29_v65_6_v61_32_vvv51_17_v46_9_v46_32_v77_31_v77_74_33_32_v67_45_39_v72_58_57_46_30_11_6_v17_vv45_27_vvv83_v67_30_v68_42_31_vv46_v60_v8_v39_v75_vv85_9_v86_16_10_1_v11_v88_53_3_2_v59_22_v68_vvvv49_v97_87_55_vv106_96_77_74_70_53_51_38_16_6_v61_49_v56_12_2_v32_12_3_v104_89_78_57_28_v81_v109_83_72_50_49_23_6_v84_73_71_50_24_7_v5_vv49_v90_v102_43_2_vv58_v107_vv70_68_17_vv116_31_30_28_v121_67_v121_117_108_95_89_31_v100_99_88_16_15_v119_91_62_52_2_v72_23_v47_vv103_v58_vvv72_vvvv135_134_132_121_120_118_111_109_92_86_83_74_69_63_51_47_46_12_1_v88_38_1_vv108_89_84_v85_39_v130_69_68_37_5_vv130_114_v143_142_139_130_128_117_111_103_101_100_94_91_77_73_72_71_62_40_20_8_7_1_v81_15_1_v48_10_2_v85_75_3_vv50_13_5_v129_90_79_45_38_37_18_v151_104_102_101_96_90_12_vv36_v135_134_v154_153_141_140_139_128_111_96_82_56_20_19_18_11_9_6_v104_v164_v124_53_v149_vv149_74_v61_v133_27_v8_v21_v64_v151_120_119_117_112_80_49_28_27_19_16_v150_32_v78_55_v156_155_117_79_45_v100_38_v71_54_vv169_156_141_70_50_38_33_30_v169_v149_v129_38_37_v8_v178_117_107_106_99_v165_78_44_v81_v26_v156_42_12_v48_v107_51_vv116_vv20_v195_192_142_140_127_106_83_82_v191_141_v178_22_13_vv93_92_50_27_v94_v149_135_29_v180_171_v87_86_v198_172_v172_150_121_v194_v202_148_v178_97_v146_14_v152_151_61_53_vv191_183_172_161_152_142_134_119_99_84_68_67_56_49_v209_v209_162_159_108_88_67_37_v147_v180_140_107_75_67_65_27_v164_162_111_45_40_v25_v213_187_v137_81_30_v140_115_112_99_80_v172_81_73_51_v152_116_91_63_v194_v162_53_13_v228_223_222_221_220_219_217_216_215_214_213_212_207_206_205_203_198_196_194_178_177_174_173_171_170_169_168_165_162_158_157_154_150_148_139_134_132_131_130_126_125_124_121_119_114_113_110_103_99_97_90_86_84_83_78_76_75_74_71_66_63_62_61_60_59_58_57_56_55_54_53_52_51_50_48_42_39_29_27_26_25_16_10_9_8_6_5_4_3_1_v172_57_55_15_v84_56_1_v30_17_v128_115_94_v221_199_164_154_102_59_v136_v230_204_191_171_170_127_105_42_38_7_v59_v60_v236_233_207_196_174_173_168_147_130_124_123_24_3_v183_152_121_v185_v13_v187_130_v157_110_v16_3_v224_v137_134_103_95_v71_v71_v73_50_v196_182_v225_207_194_187_54_v245_v196_v181_145_29_v245_219_96_43_39_v147_124_v255_252_226_224_202_200_187_166_156_143_142_53_46_43_22_6_v201_183_180_101_51_15_v243_151_142_114_59_56_31_8_v1_v178_153_150_135_118_104_101_87_60_47_33_2_v180_176_129_34_19_v252_227_225_192_8_v252_245_235_230_222_214_211_204_198_194_190_186_167_161_160_159_158_78_52_39_37_29_25_8_v157_37_v258_232_80_v105_94_v161_v191_v268_265_246_239_228_213_200_179_162_156_155_140_56_35_32_v249_248_191_43_v267_242_241_230_218_208_164_142_75_34_15_2_v268_209_182_22_v61_46_v270_211_40_5_v167_v254_245_197_35_v260_258_232_221_217_201_191_160_159_121_73_v,279,train,307
vv1_vvvvvvvvvvvvvvvv17_v18_17_vvvv7_vvv25_10_vv12_vvvvv32_31_16_10_vvv34_3_vv23_10_vv35_26_25_19_16_2_v19_vvvv38_v39_1_vvvvvv51_44_33_31_30_25_24_16_9_4_v22_v28_7_2_v3_v54_37_23_4_v38_34_5_vvv48_v34_33_9_vv58_55_50_42_16_v56_1_vvv62_61_60_53_52_51_47_46_42_39_36_29_27_24_22_21_3_1_v1_vv18_vv35_v6_vv36_vv72_71_64_63_62_56_52_43_37_11_10_9_4_vvvv37_v30_v16_vvv33_v72_61_60_59_43_26_17_v72_21_v42_v77_76_59_43_v52_v40_31_vv89_54_vv95_94_69_68_60_40_39_v84_7_3_vv47_46_12_v48_v75_66_14_v71_v88_84_63_46_33_25_v100_78_76_52_12_v83_66_50_38_32_v79_78_54_19_14_vvv68_57_54_42_v43_24_v58_34_v25_9_v113_111_110_109_108_107_106_105_104_103_102_101_100_99_98_97_95_93_92_89_88_87_86_85_84_83_82_81_79_77_76_75_74_73_71_69_68_67_66_65_64_63_62_60_57_56_54_52_50_49_48_47_45_44_42_41_40_39_38_36_35_34_33_32_31_30_29_28_27_26_25_24_23_22_20_19_18_16_14_13_12_11_8_7_6_5_4_3_2_1_v64_56_49_v113_96_92_82_63_19_2_v115_114_97_83_80_64_60_59_13_1_v4_v5_1_v102_96_91_86_23_v119_118_101_93_92_84_64_63_17_5_1_v109_69_63_52_23_20_8_2_v1_v82_71_68_61_56_48_47_36_24_20_10_2_v11_v73_12_v125_124_107_98_90_74_70_69_23_11_10_v113_112_87_14_v126_110_109_102_95_76_32_12_8_2_v127_96_10_v17_v,131,train,272
vvvvvvvvvvvv1_vvvvvvvvv19_vvvvvvv17_vvvvvvv14_v35_vvvv4_vvv28_vvvvvv33_vv44_vv39_24_21_10_v33_v48_21_vvvv41_vv57_v14_vvv42_30_vv66_27_v67_32_1_vvvv34_vv60_21_vvvv44_v64_vv79_68_66_61_27_19_14_12_3_v53_29_vv59_v22_v35_v36_vvv2_v85_70_40_10_v71_v57_53_25_12_v51_41_10_v87_28_19_v62_v46_v90_71_65_39_vv92_80_47_24_16_vv49_vv53_23_vv104_52_15_14_v106_43_39_26_v98_vv15_v104_98_91_60_57_20_5_vvvv101_62_51_v100_78_25_17_v77_49_24_22_vv114_105_103_30_vv22_21_vv89_45_vvv119_118_106_75_71_61_60_40_35_29_26_20_15_14_v76_1_v107_93_17_2_vv124_v87_78_15_12_v115_76_vv26_v14_v134_128_101_44_10_8_v38_vv105_v49_v88_v59_v119_98_v143_142_141_140_137_136_131_127_124_118_114_110_108_93_90_88_86_85_82_79_78_77_74_61_59_58_57_53_47_46_45_44_43_40_37_36_33_30_27_23_17_14_13_11_5_1_v6_v140_31_vv78_4_v96_v116_34_24_vv151_116_85_76_62_53_52_45_35_v131_128_9_vvv12_v55_v107_v158_123_119_92_91_71_66_59_52_42_v153_49_16_v42_v51_v158_157_147_117_91_74_63_54_50_48_32_17_16_12_8_2_v114_20_vv50_v116_113_61_56_51_41_27_23_v87_52_v25_v133_26_v118_14_v126_53_44_9_v68_v173_138_134_107_106_81_57_22_15_v115_51_49_31_13_v170_153_42_v163_152_124_75_v173_172_32_15_v78_v118_58_17_v37_v151_138_51_28_v169_130_79_37_v75_69_65_37_21_vv151_147_97_8_v185_157_154_152_151_129_122_120_119_96_88_87_80_75_70_66_52_48_31_28_13_11_vv129_14_v141_59_27_2_vv6_v128_vv193_108_104_103_51_28_v194_175_104_90_70_60_52_1_v172_44_vv55_v149_74_56_v57_v149_128_10_v185_105_103_100_v11_v61_v172_140_62_48_vv127_94_v65_v155_vv211_176_145_136_113_112_105_95_v159_138_126_69_v126_124_62_v176_v202_191_167_163_122_116_v37_v66_6_v190_176_166_135_17_3_v57_v123_121_99_92_86_34_v187_96_78_46_v124_123_88_79_36_v80_v134_58_v51_v208_193_186_176_146_83_v147_84_v157_36_vv229_210_160_140_125_35_16_vv208_184_180_80_36_v186_172_100_13_v176_159_117_97_91_65_48_34_v1_v214_202_111_106_98_93_50_43_33_2_v184_166_147_71_v238_172_80_v239_200_172_147_142_88_81_66_53_28_v240_165_v241_174_144_90_83_68_55_30_v140_128_71_59_v198_81_v123_101_73_42_28_24_v138_70_12_v208_121_113_103_61_1_v228_197_142_137_132_122_104_88_86_v173_v173_119_v237_170_68_61_6_v212_159_142_108_12_10_v123_119_19_7_v205_150_38_1_v139_v249_v82_v192_v236_190_173_162_159_132_56_14_v226_198_179_137_134_116_v225_194_193_173_161_144_87_43_33_12_v261_226_195_194_186_167_155_23_22_21_20_13_1_v144_100_99_85_v264_252_236_222_211_183_133_120_107_99_86_53_42_v3_v154_150_98_v261_213_198_167_104_v262_174_168_97_90_49_v233_201_152_117_110_95_57_28_v232_107_41_32_v232_145_127_85_24_4_v233_191_146_128_86_25_7_5_1_v240_129_78_43_6_v184_122_v194_131_v195_132_v196_18_v227_197_192_181_151_70_v199_135_v245_60_v162_118_v213_176_163_138_119_v133_v231_v232_v186_183_149_110_83_v184_150_100_v286_275_268_267_262_253_237_226_222_202_201_197_196_192_191_188_177_162_161_158_152_149_138_121_92_83_66_40_28_24_v181_145_91_1_v239_164_146_68_13_2_v270_185_147_3_v241_166_14_4_v204_107_v283_178_150_v151_88_v182_152_88_v153_110_v289_172_154_v167_155_v292_174_156_v244_228_226_157_110_28_v295_250_215_179_158_89_70_42_29_v256_244_205_204_203_200_189_182_164_159_100_80_75_72_66_55_17_16_v179_160_40_v302_v215_v5_v29_v218_181_5_v184_88_v287_266_168_v245_v89_v214_69_v152_125_33_v301_276_248_223_213_211_205_199_171_164_157_142_131_113_88_79_68_30_29_22_v201_155_v236_169_130_128_v219_114_16_3_v200_34_17_1_v203_122_45_v20_v224_v225_208_162_v238_v308_228_v82_v228_v310_295_102_v145_v297_v,332,train,199
vvvvvvvvvv10_vv10_4_2_v1_v5_v5_vv16_v6_vvvv11_vv9_v21_v6_v19_15_14_v5_vv15_v6_v21_20_v28_v22_vvv25_v38_v24_vvv31_v31_v29_15_vv34_19_v47_46_35_32_22_4_v20_vv38_37_16_v38_36_24_17_v16_v41_vv43_33_20_v2_v16_vv59_55_54_47_30_28_26_14_12_10_5_3_v28_v49_v50_v51_v56_54_46_35_32_18_17_3_2_vv66_56_19_vvvvv30_v70_62_60_v34_30_v31_27_6_v63_15_12_11_v67_62_v45_14_v26_v38_8_v52_v52_47_37_22_6_v56_41_v78_24_vv82_76_66_37_27_15_v83_77_v71_29_v82_67_65_52_40_23_19_10_8_3_v77_27_26_vv75_6_4_v77_45_43_v5_v91_v90_62_36_v84_v38_v46_13_12_v99_84_v95_41_v101_91_5_v83_v19_v93_63_v57_35_20_v72_44_31_1_v95_94_83_80_77_63_48_41_8_6_v60_38_v31_23_11_v104_22_v99_71_64_v53_v94_55_28_11_5_v48_v115_v104_v81_65_19_v106_v119_12_v101_7_v106_74_31_v97_v108_76_v34_3_1_v4_2_v98_61_38_16_13_v108_33_19_14_v48_40_v41_v40_9_7_6_5_v120_84_76_64_49_46_28_v120_66_37_31_13_v45_23_v122_70_v135_28_3_v129_89_70_22_v,137,train,281
vvvvvvvvv7_vv1_v4_vvvvvv17_vvv18_17_16_15_v11_v23_4_vv24_vvvv27_2_vv26_vv20_16_2_v13_v26_v12_v26_v29_v6_v19_v32_v41_17_v10_vv19_v46_20_v11_4_v48_29_v41_vv37_4_vv23_1_v49_33_v4_v56_49_38_13_12_10_v49_47_46_19_v50_9_1_v6_v21_v50_39_24_vv55_54_52_44_34_14_10_7_5_v21_v61_60_59_51_50_49_45_44_41_39_37_33_32_31_25_22_15_14_11_10_5_3_v53_49_35_27_23_1_v67_64_41_21_v,68,train,411
v1_vvv3_vv1_vvvv7_vv2_vvv5_vvv13_12_vvv19_v13_12_v22_19_vvv16_vv27_v19_v20_v21_16_v22_vv13_v21_v35_17_vv21_vv23_vv6_v15_8_v39_38_26_22_7_3_vv39_33_32_v20_7_vv5_v40_v47_37_35_34_31_26_24_13_11_4_3_v25_7_1_v43_v50_40_30_v28_15_4_v45_23_17_vv56_50_47_44_36_22_1_v26_3_v33_9_v40_v41_1_v42_2_v43_3_1_v51_20_v45_5_2_v7_2_v,68,train,150
vvvvvv3_vvvvvvvvvvvvvvvv14_vvvvvvvvvvv25_v31_v32_29_vv15_14_vvv15_vvv18_vv4_vv13_12_vv28_24_vv30_26_19_10_7_6_2_vvv21_v45_vvvv56_28_vv61_v31_v33_vvvvvvvvv69_66_v32_22_v33_v66_60_46_35_33_v70_4_vvv50_17_vv80_32_v67_42_40_v34_v60_29_12_v75_30_15_v77_59_57_46_34_11_7_v50_9_v58_vv65_28_v66_42_29_vv45_28_v29_1_v2_v3_1_v12_vvvv3_v89_12_v90_19_13_1_v14_vvvv83_15_v58_v110_105_73_56_54_49_30_23_21_12_9_v108_96_76_71_68_51_49_35_14_vv102_60_v32_3_v65_48_v112_107_106_87_76_70_58_56_31_vv59_14_7_v113_84_72_47_8_vv86_74_10_v47_vv91_v103_88_38_v61_33_32_10_vv68_66_17_v120_114_103_89_87_25_v115_88_55_48_1_vvvv125_123_121_107_105_103_96_94_81_72_67_59_55_48_37_32_31_4_1_v22_1_vvv136_116_v117_57_53_25_5_v29_v131_57_56_v117_v134_132_128_117_114_103_101_93_91_90_81_76_64_61_60_57_51_29_13_9_8_1_v67_1_v38_11_2_v71_64_3_v34_13_4_v65_32_24_v140_138_123_122_120_109_96_75_63_36_16_15_14_6_4_2_v128_v35_vvv54_v44_v22_vv15_v44_v129_26_v61_48_7_v58_v137_136_96_59_v135_105_104_102_64_36_24_v82_vv127_v153_137_126_54_38_34_29_25_v169_59_v140_vv163_97_90_86_82_v146_58_39_vv135_36_10_v42_vv162_150_139_41_v1_v2_v155_18_9_v60_58_v72_68_40_19_v73_v126_21_vv132_v179_176_148_vv12_4_v191_161_130_81_2_v125_124_49_v164_158_146_136_107_72_53_42_vv79_v188_137_134_85_v121_87_v155_115_84_64_55_53_22_v199_89_v178_163_13_6_vv142_140_91_38_v113_v26_v196_165_vv96_93_80_73_v74_65_49_v94_60_v46_17_v210_205_204_203_202_200_198_196_194_193_192_191_185_184_182_180_177_173_171_159_158_152_151_149_147_145_144_140_137_135_134_132_128_125_119_111_109_108_107_106_105_96_94_92_90_89_83_82_81_79_78_76_75_69_67_66_65_63_62_60_59_58_57_56_55_54_53_52_51_49_48_47_46_45_39_37_30_28_27_26_19_13_9_7_5_4_3_2_1_v34_26_22_v174_158_143_120_86_72_12_v200_191_189_169_165_104_89_64_43_14_v160_130_122_74_v127_38_v202_177_142_135_87_53_31_v212_183_146_107_7_v216_213_184_172_147_143_108_100_98_26_1_v130_98_v134_v11_v163_107_v114_v8_v15_4_v176_v117_17_v181_164_135_134_133_121_103_16_14_v115_114_96_87_vv195_18_v148_v72_53_v196_166_126_104_22_v185_v122_v208_61_47_v185_177_156_129_91_v220_129_104_55_29_v30_v131_128_108_94_78_59_49_31_2_v229_220_118_93_72_52_43_11_v234_229_211_204_197_192_187_177_175_170_168_165_161_141_139_138_137_132_131_124_83_72_52_35_34_26_24_7_v134_34_v237_207_206_191_153_137_105_74_55_17_11_v192_154_138_116_106_18_12_v99_89_v11_v247_244_215_203_188_174_139_131_129_57_32_31_v241_212_166_110_38_v225_223_166_41_v42_vv249_221_220_208_196_183_144_36_5_v227_218_170_61_33_v86_43_14_v147_130_62_56_v257_238_237_234_223_210_201_197_191_181_178_172_169_166_160_149_137_136_135_121_111_77_65_45_38_30_28_16_5_v,260,val,50
vvvvvvvvvv4_vvv2_vv12_9_v13_10_9_5_4_3_1_v15_vvvvvvvv14_9_vv12_v23_11_4_v27_12_6_v4_v25_12_v18_12_v13_1_v2_v3_1_v7_vv10_7_v33_7_v24_v11_v41_40_32_24_13_vvvv26_14_13_4_vvv49_45_v48_22_21_v9_6_v51_21_v44_v10_9_v38_v15_vv54_3_1_vv51_43_37_28_13_10_1_v55_48_46_20_3_v45_33_30_12_v33_v48_v51_45_32_31_30_26_19_5_3_vv38_v59_46_28_20_8_v53_v14_12_v69_61_49_33_19_v71_63_62_55_40_32_22_20_16_7_4_v56_41_33_25_23_8_5_v72_65_45_24_14_vv76_73_72_70_68_61_58_57_55_50_49_46_45_44_39_35_33_32_31_27_25_22_19_15_13_11_10_6_1_v,77,val,65
vvvvvvvv5_vv7_vv10_9_4_vv5_v15_10_vv11_1_v13_vv10_v9_1_v6_vv6_v7_v13_v4_1_v19_14_5_1_v3_1_v30_29_19_15_12_6_5_v19_v6_v31_21_18_16_14_7_5_3_v30_22_16_14_1_v25_14_1_v19_2_v7_v23_19_10_4_v6_5_v12_v8_v9_v36_24_10_vv12_v16_v31_25_14_3_v3_v37_16_v22_v45_35_29_21_v35_v25_v42_v55_50_25_v13_v,57,val,52
vvvvvvvvvvvvvvvvvvvvv1_v18_vv22_vv8_vvv6_5_v11_vvv27_vv16_vv33_30_5_v37_19_1_vvvvvv26_24_20_6_v43_25_15_1_vv3_v4_vvv49_6_vv36_15_v31_24_vv42_23_11_v52_41_40_30_26_4_v28_v21_vv23_vv39_vvvv59_8_v60_12_9_1_v10_v44_vvvv37_vvv68_53_50_49_41_39_26_13_6_v37_v72_47_v45_11_3_v4_v80_58_53_38_37_19_5_v59_54_53_39_20_6_vvv41_24_v51_49_10_v83_79_73_61_19_v66_65_60_7_6_v81_2_v73_vvv89_87_86_78_77_75_69_67_62_56_53_41_37_30_27_26_4_1_v58_16_1_vv69_59_55_v56_21_v93_43_vv96_94_92_86_84_74_70_69_63_60_48_46_44_41_20_11_7_6_1_v50_1_v29_9_2_v3_v50_v102_71_69_68_64_9_v87_86_v103_101_93_92_91_81_76_59_51_29_15_14_13_7_5_vvvv47_v36_v20_vv15_v39_v99_24_v50_v105_104_79_51_v104_86_85_83_79_56_34_24_23_15_v67_v58_44_11_vv48_38_v121_69_67_vvv127_93_91_78_66_47_46_v126_92_v116_11_5_v114_106_v56_55_32_12_v57_v100_14_v98_v93_8_v97_37_v122_115_110_105_97_89_82_73_56_50_42_41_33_30_v136_105_102_63_15_v90_v114_87_61_48_41_39_v107_105_66_22_18_vvv69_65_52_v53_46_30_v70_40_v105_28_10_v150_148_147_146_145_143_142_141_140_139_138_137_135_134_133_131_127_125_123_119_118_115_114_112_111_110_109_104_101_99_98_97_95_93_90_85_83_82_81_79_78_77_74_72_68_67_65_63_62_60_58_57_55_54_50_48_47_46_45_42_41_40_39_38_37_36_35_34_33_32_31_30_29_28_26_24_23_19_17_16_15_12_8_7_6_5_4_3_2_1_v113_35_30_12_v19_13_v151_129_123_109_108_76_64_25_24_3_v152_130_125_110_109_103_91_77_72_71_15_1_v118_96_70_v6_v7_1_v138_128_120_113_29_v121_v82_v159_137_135_125_123_110_98_91_79_78_29_24_22_8_3_v124_107_57_26_v150_86_67_28_13_5_v14_v88_84_71_60_44_32_26_15_2_v160_157_144_139_137_135_132_125_123_117_115_113_111_98_94_93_92_91_87_82_43_40_28_18_17_13_11_6_v90_17_v166_150_144_139_130_117_105_91_86_85_79_29_15_14_v167_124_16_1_v168_147_146_141_135_125_93_81_41_16_9_2_v169_126_108_13_v170_149_148_137_127_95_43_18_11_4_v23_v158_157_117_24_v112_v138_117_91_71_v,177,train,76
vvvvvvvvv1_vvvvvvvvvvvvvvv1_v21_vv25_vv8_v13_v23_14_v6_5_v11_vvv30_vv16_vv36_33_5_v40_19_1_v13_vvvvvv27_25_21_7_v47_26_16_1_vv3_v4_vvvv51_46_36_26_v55_8_v50_v39_18_v34_27_vv52_32_v48_27_14_v59_45_44_34_30_8_5_vv35_26_v61_31_v51_27_v52_28_vv38_vv46_v7_v37_vvv49_v70_11_v71_17_12_1_v13_v73_3_2_v67_54_18_5_vvvv47_vvv80_63_60_59_51_49_33_16_6_v53_10_1_v47_v31_11_3_v87_59_v90_89_75_65_56_28_v3_v95_70_65_49_48_24_7_v71_66_65_50_25_8_vv44_vv19_v54_31_vv66_64_15_vv103_v103_98_90_78_27_v83_82_77_12_11_v100_54_48_2_v90_vvv109_107_105_95_94_92_86_84_79_73_69_58_55_50_40_35_34_4_1_v75_21_1_vv88_v89_vv89_79_74_v75_31_vv61_59_30_9_v118_61_57_v108_v121_119_116_108_106_96_92_91_85_81_67_65_64_62_56_33_16_12_11_1_v69_1_v41_14_2_v73_67_3_vv70_36_v128_94_92_91_86_77_12_v50_v30_v112_111_v131_129_118_117_116_106_101_83_72_42_23_22_21_10_8_v42_vvv50_v65_v28_vv54_39_v19_v126_108_107_105_100_70_41_26_25_16_14_v55_v126_34_v68_v132_131_105_69_v90_vv77_59_12_v144_132_61_44_40_31_28_v116_35_34_22_v126_v152_101_95_93_89_vv130_v130_37_9_vv160_123_121_105_89_65_64_v159_122_v146_14_7_v144_136_v76_74_40_20_v77_v130_113_22_vv165_140_v130_v124_53_10_v128_47_v154_147_142_137_128_120_110_97_76_65_54_53_42_37_v171_137_134_85_68_53_31_v119_v146_116_84_63_51_49_v139_137_88_34_32_vv175_150_vv116_92_89_78_68_v69_57_36_v92_48_v137_39_11_v186_184_183_182_181_179_177_176_175_174_173_172_168_167_166_164_160_158_156_152_151_148_147_145_143_142_141_136_133_129_128_127_125_122_116_110_107_106_105_102_101_100_97_94_89_88_86_81_78_76_74_73_71_70_61_59_58_57_55_50_49_48_47_46_45_44_43_41_40_39_38_37_36_35_34_29_28_22_20_19_18_13_9_8_7_5_4_3_2_1_v146_42_41_13_v68_42_1_v23_15_v161_107_v181_161_135_129_81_45_v190_165_159_144_143_102_83_31_30_6_v191_166_161_145_144_136_120_103_96_95_19_1_v154_126_94_v156_v10_v158_102_v12_2_v116_v162_145_v178_168_160_152_39_v37_v162_v196_31_29_v113_v204_179_177_167_165_149_133_123_109_108_41_34_32_14_5_v166_146_76_36_v194_118_107_92_40_39_22_7_v23_v144_120_117_104_96_79_76_64_44_36_24_2_v202_180_153_7_v4_v207_203_188_183_181_179_176_168_166_160_156_154_152_133_128_127_126_125_119_114_60_56_40_29_28_21_19_8_v124_28_v210_185_179_91_58_v214_195_189_184_175_159_143_126_119_118_107_42_24_23_v215_168_25_1_v216_192_191_186_180_169_128_109_56_25_12_2_v217_170_146_18_v218_194_193_182_171_130_58_27_14_4_v35_v203_202_158_36_v150_v146_141_v208_184_157_125_94_v,226,train,71
vvvvvvvvvvvvvvvvvvvv1_vv20_vv7_vv5_4_v9_vvvv13_vv29_27_4_v33_16_1_vvvv21_19_16_4_v37_20_12_1_vv3_v4_vv42_5_vv30_12_v26_20_vv36_19_10_v45_35_34_25_22_4_v17_v18_vv27_vv34_vv51_7_v52_10_8_1_v9_v37_vvvvv58_44_41_34_32_22_4_v30_v66_46_42_30_29_12_2_v47_43_42_31_13_3_vvv33_17_v41_39_7_v69_66_60_49_14_v54_53_49_7_6_v68_2_vvv74_73_72_64_63_61_56_54_50_45_42_33_29_21_20_3_1_v47_1_vv48_v34_vv80_79_77_71_69_60_57_56_51_48_39_37_35_32_9_6_5_1_v41_1_v8_2_v3_v41_v86_59_57_56_8_v72_71_v87_86_78_77_76_67_63_49_42_14_13_12_7_5_vvvv39_v31_v19_vv15_v34_v84_23_v43_v90_89_67_44_v89_74_73_71_48_32_23_15_v58_v73_59_18_vv104_59_58_vvv110_80_78_68_56_44_43_v109_79_v100_10_5_v98_91_v50_49_31_11_v51_v87_13_vv86_13_v83_9_v85_37_v107_101_97_73_54_48_41_33_30_v120_93_90_58_v81_v78_47_41_39_v95_93_61_22_vvv64_51_v52_46_30_v65_40_v95_28_10_v134_132_131_130_129_128_127_126_125_124_123_122_120_119_118_116_113_111_109_106_105_103_102_100_99_98_97_94_91_90_89_88_86_84_81_77_76_75_74_72_71_70_69_67_66_65_64_61_60_58_57_56_54_53_50_48_47_46_45_42_41_40_39_38_37_36_35_34_33_32_31_30_29_28_26_25_24_20_18_17_16_12_8_7_6_5_4_3_2_1_v101_35_30_12_v134_114_109_98_97_70_61_25_24_2_v135_115_111_99_98_93_81_71_69_68_14_1_v4_v5_1_v121_113_106_101_28_v107_vv141_121_119_111_109_99_87_82_75_74_28_22_20_7_3_v132_78_73_63_26_25_10_4_v11_v80_67_57_41_30_23_12_2_v3_v140_123_122_120_111_105_104_102_100_89_85_84_39_26_16_15_12_v83_15_v148_133_128_124_116_106_94_84_82_81_75_27_14_13_v149_112_15_1_v150_131_130_126_121_113_86_77_40_15_9_2_v151_114_97_13_v152_133_132_123_115_88_42_17_11_4_v99_13_v22_v142_141_107_23_v124_107_88_69_v,159,train,116
vvvvvvvv1_vvvvvvvvvvvvvvv1_vv23_vv7_v12_v22_13_v6_5_v10_vvvvv15_vv34_32_5_v38_18_1_v13_vvvvv25_23_20_6_v44_24_15_1_vv3_v4_vvvv48_44_34_25_v52_8_v48_v37_17_v33_26_vv50_31_v46_26_14_v56_43_42_33_29_8_5_vv34_25_v30_v49_26_v50_27_vv37_vv45_v7_v36_vvv48_v68_11_v69_17_12_1_v13_v71_3_2_v65_53_18_5_vvvvv76_60_57_56_48_46_31_14_4_v50_8_1_v44_v29_9_3_v84_70_61_52_25_v2_v89_66_61_46_45_21_6_v67_62_61_47_22_7_v40_vv15_v50_27_vv61_59_13_vv96_v96_92_84_73_23_v78_77_72_11_10_v94_50_44_2_v84_vvv102_101_99_89_88_86_81_79_74_68_64_54_51_46_36_31_30_4_1_v70_1_vv83_v84_vv84_74_69_v70_29_vv57_55_28_9_v57_53_v102_v114_113_110_102_100_91_87_86_80_76_63_61_60_58_52_31_16_12_11_1_v65_1_v14_2_v69_63_3_vv66_35_v121_89_87_86_81_73_12_v46_v30_v106_105_v124_123_112_111_110_101_96_79_68_23_22_21_10_8_v41_vvv48_v61_v28_vv52_39_v19_v120_103_102_100_95_66_41_26_25_16_14_v53_v120_34_v64_v126_125_100_65_v86_vv137_125_58_43_39_30_27_v119_v111_35_34_22_v144_96_90_88_84_vv124_v124_36_8_vv152_117_115_100_84_63_62_v151_116_v139_13_7_v137_130_v73_71_39_19_v74_v124_108_21_vv157_134_v124_v119_52_10_v122_46_v147_141_136_131_122_115_105_92_74_64_53_52_41_36_v163_131_128_82_67_52_30_v114_v140_111_81_62_50_48_v133_131_85_33_31_vv167_144_vv111_89_86_77_67_v68_56_35_v89_47_v132_38_11_v178_176_175_174_173_172_170_169_168_167_166_165_161_160_159_157_154_152_150_146_145_142_141_139_137_136_135_131_128_124_123_122_120_117_111_105_102_101_100_97_96_95_94_91_87_86_85_80_77_75_73_72_70_69_60_58_57_56_54_49_48_47_46_45_44_43_42_40_39_38_37_36_35_34_33_29_28_22_20_19_18_13_9_8_7_5_4_3_2_1_v140_41_40_13_v67_41_1_v23_15_v155_102_v174_155_130_124_80_44_v182_159_153_139_138_99_82_31_30_6_v183_160_155_140_139_131_115_100_94_93_19_1_v149_v9_v151_99_v11_2_v110_v155_139_v170_161_153_146_38_v36_v155_v188_30_28_v194_171_169_159_157_142_126_116_105_104_39_32_30_12_4_v158_139_73_34_v185_113_104_89_38_37_20_6_v21_v137_115_112_101_93_76_73_61_42_34_22_2_v193_172_146_6_v4_v194_175_173_171_168_160_153_149_147_145_126_121_120_54_38_27_26_19_v119_26_v200_177_171_88_56_v204_186_181_176_167_152_136_121_115_114_104_40_22_21_v205_161_23_1_v206_184_183_178_172_162_123_106_54_23_12_2_v207_163_139_17_v208_186_185_174_164_125_56_25_14_4_v33_v194_193_151_34_v143_v139_134_v199_176_150_122_91_v,216,train,93
vvvvvvvvvvvv12_vvvv14_6_4_v1_v9_vvv9_v18_11_2_vvvvv11_vv12_vv9_v15_v12_3_vv13_vv22_v28_22_21_vv30_23_10_7_2_v15_v21_vvv23_v34_7_v31_vv48_v34_v17_v18_v31_vv39_v51_50_45_32_13_v27_v42_v38_33_23_18_2_vv45_23_v24_v63_47_42_38_5_vv49_48_15_v49_45_30_28_16_v33_v34_vv54_v28_15_v36_13_6_v54_45_39_17_v58_vv7_v68_64_63_59_29_4_v51_40_v4_v63_10_v81_80_78_65_40_37_32_21_18_17_12_5_vv67_v68_v69_59_v74_44_32_v65_v88_76_63_25_v53_30_23_v68_v5_v70_v86_7_v92_82_78_v78_v74_v81_35_12_v86_56_12_v40_v59_50_46_41_38_19_3_v100_92_20_vv47_v48_v89_21_20_vvv52_v108_86_60_28_2_v67_54_39_v95_29_v31_v112_32_v114_93_16_v115_103_33_9_4_v100_99_83_78_74_70_57_35_30_28_18_14_2_1_v61_v102_55_v38_v95_32_v121_v106_42_v123_116_115_37_7_v108_v80_vv82_v5_v73_25_v111_v112_v110_v110_24_v112_13_v119_47_37_33_26_20_12_v82_74_50_v108_67_28_15_v122_v94_66_23_12_5_4_v125_103_38_24_5_v141_66_62_55_25_15_6_v120_86_v121_v122_v134_123_v,146,train,162
vvvvvvv6_vvv3_vvvvv6_vv8_v8_2_vv12_v15_12_vv17_14_7_5_2_v11_v15_vv20_5_vvv30_vvvv18_vv26_23_17_12_2_vv17_v18_v39_30_28_5_vv33_11_v34_33_24_22_12_vvv27_10_3_vvvv6_v37_30_v3_v44_8_v54_53_51_30_28_24_17_14_13_10_4_vvvv45_v52_34_27_v59_53_48_20_v42_25_18_v3_v59_4_v62_57_v56_v27_8_v60_42_8_v32_v45_38_37_33_30_15_3_v70_16_vv15_14_vvv75_64_45_21_1_v21_v23_v78_24_v78_69_12_v79_73_25_7_4_v72_63_60_56_54_45_27_22_21_14_10_2_1_v42_v29_v72_24_v32_v85_82_81_27_5_vvv61_v4_v80_16_vv33_26_22_18_13_7_v62_55_35_v80_50_20_10_vv69_50_16_8_5_4_v90_78_27_17_5_v98_50_47_40_18_11_6_v98_94_93_91_86_79_71_69_67_65_62_60_58_55_52_46_44_43_42_36_34_28_24_19_18_15_13_7_4_v,101,train,317
vvvvvvvvvvv11_6_vvvv4_vvvv14_v14_vv6_v9_vv11_v11_2_vvv25_v18_v22_17_vv24_19_9_7_2_v15_7_v20_v7_v26_5_vvvv40_vv21_vvv19_vv48_v25_v44_vv37_33_24_18_3_vv23_v24_vv57_54_42_39_28_6_vv45_17_v50_46_45_32_29_18_v41_vvvv37_13_5_vvv46_v7_v49_39_v58_49_15_3_v58_9_v73_72_69_39_37_32_20_16_15_11_4_vv69_55_14_v56_15_vvv60_v69_45_34_v72_70_60_47_42_27_24_4_3_v11_v83_72_65_26_v56_32_24_v5_v79_6_v65_v66_v87_78_v79_v66_49_43_v44_v79_v43_37_v40_16_14_v91_54_48_5_v26_v87_63_18_v47_v90_73_66_58_54_48_45_27_5_v61_59_53_10_9_5_v101_29_v63_12_11_6_vv83_v62_61_38_v91_85_v30_29_vvvv97_55_54_v112_96_72_40_2_v94_66_38_23_22_18_v41_v66_43_v116_44_v118_103_20_v119_108_45_10_4_v106_94_89_85_83_68_47_40_37_22_16_2_1_v99_57_50_v116_102_vv67_vv53_v21_v110_45_v129_v59_v59_v132_125_124_52_12_vv89_v120_78_v94_v92_31_v100_v124_82_v8_v135_121_119_101_99_91_80_70_66_65_34_31_27_19_5_v125_29_v75_18_v15_v88_78_v63_48_42_33_27_14_v137_101_92_67_24_v125_85_35_17_v89_2_v69_v145_131_10_v146_132_11_v115_87_33_15_9_7_v142_124_50_34_8_v155_87_84_75_35_18_9_v154_147_145_142_135_125_117_114_109_105_102_99_97_93_89_83_79_78_77_67_61_48_41_36_32_25_23_10_6_v,157,train,388
vvvvvvvv8_3_vv7_3_2_v1_v4_v12_v4_v3_v12_v10_7_6_vvv8_v5_v14_v14_13_v22_v15_v16_v27_v16_vvv21_v20_13_vv24_17_v35_34_25_23_19_4_vv27_26_12_v27_26_21_13_vv30_v31_v3_v43_41_39_33_24_22_19_10_8_7_4_1_v34_v35_v36_v39_27_v41_40_34_29_25_14_13_4_3_v49_41_14_vvv49_44_42_v45_v26_23_v24_20_4_v46_10_8_v49_37_10_v39_33_26_15_2_vv58_17_vvv53_18_17_vv53_30_29_v64_42_23_v57_v25_v67_26_v70_58_13_v71_63_4_vv63_62_58_56_53_51_41_30_26_24_16_12_3_2_v64_44_39_v32_v27_v77_v68_v69_v80_33_7_v69_46_17_v66_v71_48_v20_3_1_v4_2_v80_68_57_v23_6_4_3_2_v79_53_47_38_29_26_16_v79_40_32_28_23_18_9_v80_42_v18_2_v31_19_3_v93_46_20_4_v88_59_45_18_v,95,train,320
vvvv1_vvvvvv2_vvvvv15_9_vv10_4_2_v1_vv16_v17_vv8_vvv22_6_v21_1_vv27_vv14_v22_vv16_v12_vv7_v34_vv27_23_22_v37_vv17_16_7_v21_vv25_20_8_5_vv33_6_vv34_33_vv46_v52_v37_2_vv52_10_v50_vvv24_vv45_v63_vv42_vvvvv60_v54_v49_45_29_vv57_34_v35_vv55_vv79_77_62_56_41_8_v52_21_v64_63_27_v68_64_59_43_42_28_v78_22_v67_vv69_v54_vvv7_5_vv73_59_14_5_v93_92_89_76_50_47_40_20_14_13_10_3_vv65_61_41_40_26_v13_v21_2_v34_v88_v70_63_5_v21_v85_v86_v87_77_3_v8_v26_v92_63_47_v95_93_77_65_58_34_29_6_5_vv18_v31_v112_97_33_vvv32_v111_33_5_v107_v64_63_23_vvv116_38_36_25_5_v116_60_v93_86_23_v17_v45_9_v87_77_vv45_v120_22_v108_76_53_v124_116_114_74_22_v98_78_69_v70_38_v119_58_57_37_4_v70_64_vv127_v67_59_24_vv123_65_36_32_v135_90_89_87_78_73_9_v50_v128_99_36_vv131_109_106_102_91_85_73_70_54_52_51_26_25_19_6_5_vv125_96_93_92_84_58_29_15_14_11_6_v51_18_14_v148_138_56_50_22_v95_18_17_8_vv18_vv5_v75_39_v150_102_v140_54_53_v63_11_v60_10_v109_92_13_vv117_v105_76_v125_121_110_19_v159_103_v163_162_146_120_v144_88_87_vv24_20_15_v169_146_117_77_2_v89_80_45_32_26_7_v150_142_135_123_109_105_95_84_72_49_40_39_31_28_v156_126_109_75_68_v170_128_v169_124_121_80_53_v107_83_v176_84_v178_155_35_v179_164_81_17_6_v126_125_85_33_vv35_10_v177_161_132_129_128_114_108_106_94_83_80_65_43_39_36_25_23_3_1_v130_37_12_v53_38_1_v28_14_v170_169_152_147_143_139_115_94_80_75_44_36_9_8_v108_v156_97_v114_43_v161_154_122_96_91_19_v175_126_113_v48_v101_v83_v196_v52_v188_v107_v183_v201_192_191_94_14_v197_119_81_v199_171_157_v187_147_v162_66_60_v183_127_45_v201_v170_v82_60_v152_47_v188_132_v180_75_51_37_6_1_v181_76_7_2_v13_v185_182_161_160_146_123_115_43_v89_67_62_40_7_v193_47_v131_v187_58_13_8_7_6_v195_24_v126_124_91_81_74_63_49_38_v206_143_136_109_76_69_41_v206_111_80_72_53_44_22_v179_140_54_24_v211_165_150_118_v135_81_v197_190_173_158_132_127_104_55_36_v211_120_v42_9_6_v79_43_7_v231_144_139_124_44_21_8_v228_186_v221_154_121_38_v,234,train,37
vvvvvvvv8_vv7_3_2_v1_v4_v12_v4_v3_v12_v4_v11_8_7_vv8_v5_v13_12_v21_v14_v15_v26_v15_vv19_v18_11_vv19_15_v23_15_v34_33_24_22_18_5_vv26_25_12_v26_25_19_13_vv29_v27_v31_v4_v43_41_39_33_24_22_20_12_9_8_5_1_v4_v35_v36_v37_v41_40_34_29_26_15_14_3_2_v36_v50_42_16_vvvvv52_47_45_v29_27_v28_23_5_v48_11_10_v40_35_29_16_1_vv59_18_vv53_17_16_vv53_31_30_v64_43_23_v57_v25_v67_26_v70_58_v71_63_4_v67_59_19_18_v1_v69_2_vv66_65_61_58_56_46_33_26_6_5_v67_49_43_v38_24_6_5_v36_v30_v81_v72_v73_v84_8_v73_51_21_v70_v75_53_v24_3_1_v4_2_v26_5_3_2_1_v82_57_50_40_31_29_16_v82_42_26_21_8_v83_45_v94_18_2_v89_61_45_15_v,96,train,416
vvvvvvvvv9_3_vvv3_vvvv10_vv7_v9_v9_v9_vv19_v16_13_v23_v18_15_5_2_v11_v16_v6_vv22_v22_v27_v32_9_v32_22_2_vv36_vvv2_vvv8_vv27_vv12_vv37_33_22_v43_26_v27_v35_v53_48_41_38_30_7_vvv45_21_v46_45_33_22_v36_19_v20_1_v2_v3_1_vv44_27_v2_v9_v10_1_v50_43_2_1_v12_v58_11_v70_69_66_43_41_33_22_17_15_8_6_v53_51_36_v54_40_v32_vv20_vv32_v62_3_v54_v71_52_v73_72_64_54_49_31_28_5_4_v82_73_67_29_v44_25_24_11_v49_13_v79_45_v42_v74_69_52_42_40_22_21_v86_79_54_9_v80_2_v70_55_v45_v81_v75_58_46_42_6_1_v48_41_v81_51_44_23_17_14_9_v90_63_61_6_v80_30_v81_1_v67_21_v91_72_20_v74_66_52_50_31_6_v67_18_12_6_v102_33_vv60_49_v30_v72_v102_73_v32_31_v83_75_56_11_9_v105_71_v100_59_57_v112_76_43_v74_21_v85_74_42_41_v110_81_45_31_v47_v117_48_v119_107_19_v120_111_47_5_v86_50_19_v66_v48_45_v118_117_111_106_89_77_73_59_58_56_47_40_32_29_22_19_10_3_v90_23_v68_v116_106_103_99_96_78_57_47_45_27_23_8_7_v70_v87_76_v97_74_53_v61_v110_93_73_72_71_63_49_6_4_v95_93_v100_v135_55_8_v124_83_v102_30_v103_v127_86_v105_3_v65_v71_55_47_40_18_v133_90_80_v62_44_40_31_24_9_v127_87_40_32_13_v88_14_v112_76_v94_67_v22_5_v46_23_6_v151_71_24_7_v150_144_143_141_135_128_120_117_112_106_102_99_96_94_89_82_76_75_74_64_57_43_37_25_23_20_18_8_4_v,153,train,226
vvvvvvvvvvvvv1_vvvvvvvvvvvvv23_vvvvvvv21_vvvv11_v36_vvvv4_vvvvvvvv30_vv44_vvv40_v30_v49_21_vvvv38_vv58_v15_vvv39_30_vv67_27_v68_32_1_vvvvv60_20_vvv42_vv77_66_61_58_55_24_16_11_9_2_vv52_v18_v32_v33_v85_v71_vv82_63_37_9_v64_v53_49_21_11_v83_23_15_v57_v42_v86_63_60_34_vv88_72_42_20_15_vv44_vv49_21_vv100_47_14_13_v102_38_34_24_v94_vv15_v100_94_83_56_52_19_5_vvvvv112_98_96_58_47_v94_25_18_v73_45_24_23_vv70_v102_19_v113_104_99_31_v24_23_vv86_44_vvv117_116_100_73_68_58_57_41_36_31_28_22_17_16_v74_1_v101_90_19_2_vv122_v85_75_16_11_v110_73_vv28_v14_v132_126_98_45_10_8_v40_vv102_vv51_v60_v55_v4_v115_98_v143_142_141_140_137_136_131_124_120_114_111_109_107_93_89_87_85_84_81_78_77_76_73_64_62_61_60_56_51_50_49_48_47_44_41_40_37_33_30_25_19_16_15_13_7_1_v8_v140_131_129_34_29_5_4_vv77_4_v114_36_25_vvv66_v152_116_85_77_58_57_50_39_v2_v129_126_11_v14_v13_v60_41_v108_v159_123_119_92_91_70_64_57_46_v154_54_17_v44_v56_v159_158_145_118_92_77_68_59_54_52_35_18_17_13_8_2_v115_21_vv116_112_65_60_54_43_28_23_v89_55_v25_v132_26_v154_125_85_54_53_45_29_7_v171_135_131_104_103_82_58_19_12_v112_51_49_29_10_v168_147_42_v161_146_121_77_v171_170_30_12_v80_v28_v116_59_29_15_1_v36_v137_52_v168_143_129_128_96_82_73_36_v97_78_71_65_36_31_19_vv149_145_98_9_v184_153_152_150_149_127_120_118_117_98_91_90_83_78_72_67_53_49_29_26_14_12_vv127_15_v110_v141_61_26_3_vv46_36_21_9_v127_vv193_111_107_106_51_28_v194_171_107_94_72_62_52_1_v168_42_vv55_v149_76_56_v84_v58_v181_109_107_104_v11_v190_88_64_59_49_34_v62_v172_140_63_48_vv130_98_v66_vv211_175_144_136_117_116_109_98_v158_138_129_69_v62_60_v201_186_166_161_119_v37_v131_34_v91_55_v77_55_v126_124_100_93_87_34_v185_97_77_47_v127_126_89_78_36_v79_v136_57_v52_v203_191_184_175_147_82_v148_83_vv227_204_141_127_33_vv202_182_177_76_34_v18_v116_87_77_v148_80_51_v187_172_103_83_81_21_15_3_1_v176_160_121_100_92_66_50_34_v1_v211_202_114_109_101_94_52_44_34_2_v184_167_151_72_v239_172_80_v240_200_172_151_147_88_81_69_55_29_v241_166_v242_174_149_90_83_71_57_31_v127_98_88_v62_53_v147_134_105_104_75_63_54_13_2_v201_83_v128_104_77_45_32_28_v145_75_14_v210_126_118_106_65_1_v227_200_149_144_138_127_107_90_88_v123_v253_239_237_168_v240_175_72_64_6_1_v2_v215_166_150_112_15_13_v129_125_103_22_8_v209_158_43_1_v173_113_1_v253_v222_152_79_v89_v246_v197_v238_195_182_172_169_140_62_17_v220_115_19_v232_204_188_146_143_123_v182_v232_201_200_173_155_97_42_v269_233_202_201_194_179_167_30_29_28_27_1_v153_107_106_95_v273_260_240_229_218_193_143_128_114_106_96_61_51_v3_v268_219_204_178_110_v269_236_189_179_166_99_14_v239_207_162_123_116_104_64_34_v113_38_v238_154_134_93_28_4_v239_200_155_135_94_29_6_5_1_v246_136_85_52_6_v202_137_v203_138_v204_18_v205_v234_206_202_192_160_76_v208_142_v145_68_v170_124_v219_187_171_145_125_v173_v195_192_156_117_88_v193_157_106_v291_280_269_268_263_257_242_230_226_210_209_205_204_201_200_197_186_169_168_165_159_156_144_126_97_87_72_42_26_21_v190_150_96_1_v244_171_151_74_12_2_v271_194_152_3_v246_173_12_4_v287_185_154_v155_91_v189_156_91_v157_115_v293_178_158_v173_159_v296_180_160_v247_232_230_161_114_25_v299_254_222_185_162_93_76_39_26_v260_247_213_212_211_208_196_188_170_163_104_85_80_78_69_56_16_15_v185_164_36_v306_v222_v5_v26_v225_187_5_v190_93_v287_270_172_v248_v94_v164_86_83_v223_71_v156_130_31_v303_280_252_231_222_220_214_207_176_168_161_149_137_118_94_83_70_30_29_23_v195_159_v136_133_v228_118_17_3_v34_18_1_v211_127_44_v21_v233_v234_216_166_v138_85_v85_v248_v311_239_v86_v239_v313_301_110_v302_v,339,train,34
vvvvvvvv5_vv7_vv10_9_4_vv5_v15_10_vv11_1_v13_vv10_v9_1_v6_vv6_v7_v13_v4_1_v19_14_5_1_v3_1_v30_29_19_15_12_6_5_v19_v6_v31_21_18_16_14_7_5_3_v30_22_16_14_1_v25_14_1_v19_2_v7_v23_19_10_4_v6_5_v12_v8_v9_v36_24_10_vv12_v16_v31_25_14_3_v3_v37_16_v22_v45_35_29_21_v35_v25_v42_v55_50_25_v13_v,57,train,334
vv1_vvvvvvvvvvvvvvvvv15_vvvvv13_7_vv9_6_2_vvvv6_vv15_vv21_1_v31_vvvvvv10_vvv30_1_vvv35_v24_vv22_vvvvv4_2_vvv6_vv3_vv22_v31_v26_v55_48_v16_vv67_55_v65_34_14_v23_v46_vv13_v66_24_vvv40_v61_58_52_v32_vvvv25_v76_11_v55_v21_v79_64_62_37_28_26_18_16_v69_41_9_v51_1_v81_79_73_70_64_60_58_45_33_27_17_12_9_vv51_v6_v56_vv42_vvv55_vv82_29_26_16_v28_v103_100_98_97_96_93_88_85_82_81_80_74_72_63_62_61_57_54_48_47_44_41_38_34_27_23_22_21_17_12_11_10_8_6_5_3_1_v8_6_v20_v25_3_v4_v5_v92_89_85_31_19_v52_v92_64_3_v85_25_9_v112_109_78_77_64_61_58_46_44_30_26_17_10_3_v24_v12_v89_v62_v96_15_v107_70_v30_v31_v32_v33_v34_1_v87_v88_v24_v109_56_53_43_v26_v92_66_29_2_v28_v69_54_42_v30_v18_v80_v26_v91_34_v35_v54_5_v139_136_124_107_105_103_102_101_96_93_92_90_88_83_67_57_55_50_39_30_27_24_12_v38_25_7_v,142,train,264
vv1_vvvvvvvvv1_v9_vvvvvvvv18_v19_vvvvvv25_7_vv25_vvv22_20_v1_v16_v25_17_vv13_4_v36_v21_v38_v23_8_4_2_vvv23_17_6_4_v19_v13_10_v45_3_vv23_v44_41_7_1_v15_vvv44_vvvvv34_26_v50_5_vvv30_22_v31_v58_52_42_31_v62_v57_31_v56_v46_20_v31_v64_49_48_37_29_6_2_vv38_23_v50_36_v57_26_v58_52_37_27_vvvv69_5_v70_9_6_1_v71_52_43_2_1_v8_v76_vvvv70_v87_45_15_vv78_62_57_56_43_42_25_13_6_v35_v48_10_2_v12_3_v91_66_4_v67_5_v32_v16_vv88_v53_52_10_v91_22_21_20_v97_45_v97_91_85_70_21_v92_40_1_vvvv102_100_98_87_86_83_78_75_66_60_52_44_40_38_31_29_28_4_1_v60_1_vv77_63_51_v52_22_vv44_21_6_v98_84_v110_108_104_98_94_83_75_74_68_60_48_47_46_40_23_12_8_7_1_v51_12_1_v107_v11_3_v56_4_vv53_v118_79_75_74_63_12_v16_8_v96_44_v94_v121_119_109_106_105_94_85_64_57_20_19_18_11_8_3_vvvv121_100_97_78_72_65_v54_v43_v26_vv20_v46_v113_30_v57_v122_119_84_58_v119_97_94_93_81_63_41_30_29_18_v73_vv54_44_v133_120_52_41_37_31_29_v99_35_34_v141_83_77_73_v127_57_40_vv42_v53_v120_94_v135_13_6_v147_71_v65_v112_15_v67_66_41_16_v57_v127_111_33_vv161_160_142_118_v106_105_46_44_v141_135_103_93_68_52_51_40_35_v159_120_116_74_62_51_20_v164_122_v132_97_73_58_50_47_16_v120_119_77_26_23_vvv98_80_77_62_v63_55_34_v81_45_v42_v33_11_v176_172_171_170_169_167_165_163_162_161_160_159_157_154_153_150_148_145_142_134_133_131_128_127_124_120_119_114_112_110_109_107_106_105_99_97_96_95_93_91_90_89_86_84_81_80_79_75_72_71_69_68_66_65_60_58_56_55_53_48_47_46_45_43_42_41_40_39_38_37_36_35_34_33_32_28_26_22_20_19_18_13_9_8_7_6_5_4_3_1_v65_35_v160_141_139_89_v175_150_88_3_v176_151_114_89_85_84_16_1_v5_v129_60_30_27_v7_2_v172_v93_76_68_v161_154_v175_9_v186_178_156_144_134_56_27_v165_115_34_v166_116_v181_159_72_59_39_36_28_26_9_2_1_v160_73_3_2_v185_161_41_38_4_3_2_1_v177_103_83_37_18_v19_v123_105_102_87_73_54_38_32_20_2_v184_163_155_140_133_131_128_127_116_111_110_49_34_24_22_18_v107_22_v195_170_150_133_108_104_103_35_20_19_v178_177_129_24_v197_173_172_156_110_21_2_v26_v199_175_174_158_112_23_4_v202_160_v187_175_166_156_147_131_130_116_108_82_27_v,206,train,136
vvvvvvvvvvvvvvv1_v10_8_vvvvvvvvvvv24_vvvvvvvv21_vvvv12_v38_vvv3_vvvvvvvvv42_vvv28_v46_18_vvvv36_vv57_v13_vvv36_27_vvvv68_27_v69_31_1_vvvv74_56_vvv40_vv77_63_60_57_54_25_17_10_8_2_vv50_v19_v32_v17_v34_v59_v80_61_36_8_v62_v50_47_19_10_v80_21_14_v54_v41_v83_60_57_34_vv85_70_42_19_14_vv23_vv48_20_v98_46_13_12_v100_37_31_22_v90_v13_v95_88_79_53_50_17_4_vvv20_13_v66_38_19_18_vv105_24_v17_16_vv76_36_vvv107_106_91_65_61_51_50_33_29_24_21_16_12_11_v66_1_v92_80_14_2_v112_v75_67_13_10_v54_37_v36_v103_67_vv58_51_28_23_v15_v125_117_89_39_11_9_v34_vv93_v44_v52_v103_87_v133_132_131_130_125_124_118_114_109_102_99_97_95_83_80_78_76_75_72_69_68_65_62_54_52_51_49_47_42_41_40_39_38_35_33_32_30_28_26_23_17_15_14_10_4_1_v5_v129_v65_3_v101_31_22_vv139_101_71_64_46_45_39_32_v2_v114_111_8_v9_vv94_v145_107_104_77_76_57_51_45_38_v138_43_13_v44_v144_142_63_54_29_13_v100_16_vv101_98_52_48_45_36_21_18_v136_106_74_46_v105_v21_v116_22_v47_39_8_v157_119_116_89_88_69_50_18_12_v99_45_43_25_11_v153_131_35_v156_154_146_25_12_v66_v101_51_14_v143_39_v31_v121_46_v114_68_31_v130_127_82_7_v167_134_133_131_130_111_104_100_99_82_75_74_68_64_61_58_43_39_26_23_11_9_v110_11_v92_v52_23_vv6_v110_vv175_92_90_89_43_25_v176_152_90_78_62_51_44_1_v148_37_vv47_v131_66_48_v49_v131_10_v162_92_90_87_v11_v53_v151_122_54_43_vv111_84_v57_v137_vv193_155_125_118_100_99_93_86_v141_120_110_61_v57_55_v189_156_129_v167_145_103_v125_v37_v133_4_v109_107_90_76_33_v165_87_69_43_v110_109_78_70_35_vv72_v120_55_v49_v185_172_166_158_130_75_v131_76_vv210_186_125_112_34_15_vv183_161_72_35_v19_vv76_v169_156_93_79_77_22_16_3_1_v170_80_78_2_v161_144_111_91_86_64_51_37_v1_v193_184_106_102_92_88_53_46_36_2_v206_176_169_136_71_v223_155_78_v224_183_155_136_132_85_79_67_56_31_v225_150_v226_157_134_87_81_69_58_33_v116_94_71_43_28_26_v155_132_127_69_65_11_v189_114_105_96_62_1_v206_180_131_127_124_115_97_84_83_v112_v154_66_61_5_v192_145_131_100_9_7_v161_116_110_94_81_19_17_16_6_v221_137_38_1_v228_v171_v172_118_v81_v175_v213_171_159_150_147_125_57_14_v206_181_164_130_127_109_v205_175_174_149_136_86_34_v244_206_176_175_169_155_144_21_20_19_18_1_v136_97_96_85_v248_233_213_203_194_168_127_113_103_96_86_54_44_v242_231_201_3_v232_202_144_142_96_v243_196_179_155_101_45_v244_156_90_v213_182_144_112_106_94_58_26_v212_137_119_85_23_3_v213_175_138_120_86_24_6_4_1_v219_121_78_44_5_v177_122_v178_123_v179_16_v180_v209_181_177_168_143_70_v183_127_v224_v192_163_153_129_114_v126_v170_167_137_105_80_v168_138_97_v265_251_242_241_235_229_216_205_201_184_182_180_179_176_175_172_163_151_150_148_140_137_129_115_89_80_64_36_24_20_v166_134_88_1_v218_153_135_66_11_2_v244_170_136_3_v220_155_11_4_v186_150_104_v260_166_139_v140_85_v169_141_85_v142_107_v266_161_143_v155_144_v269_163_145_v223_207_205_146_107_25_v272_229_196_168_147_86_68_38_26_v234_223_189_188_187_184_176_171_152_148_97_78_72_70_60_51_17_16_v168_149_36_v281_v198_v5_v26_v201_170_5_v173_86_v260_244_157_v222_v224_91_86_v152_78_75_v199_66_v146_123_32_v277_254_226_207_198_192_188_161_156_150_138_111_86_74_65_31_30_23_v202_110_15_1_v33_16_1_v190_118_42_v19_v207_v208_195_154_v218_v281_211_v77_v211_v283_270_98_v111_v112_v273_v,312,train,362
vvvvvvvv1_v2_v3_v4_v5_vv13_vv8_7_6_5_4_vvvvvvvv24_vvv8_v9_1_vv7_v8_vvvv12_v15_vvvv34_vvv7_v24_vv39_30_25_3_v28_19_9_v9_vv27_vvvv20_vv14_v45_v48_43_36_8_v36_vvvv56_40_v57_vvv18_3_vvvv48_v26_4_v15_v12_4_vv55_v56_34_v44_43_24_v1_vv66_42_33_v67_43_34_v70_65_vvv80_46_12_vv65_25_10_v42_vv43_vvvv29_10_1_v49_v19_vvvv12_vvvvvv71_vvvv5_v16_v55_v93_71_29_v32_v87_36_30_v94_82_59_52_v100_66_14_v84_61_51_16_2_v65_v106_v101_79_45_v104_96_76_v49_8_v118_109_68_52_v103_v115_vvvvvvv1_v109_69_50_41_40_23_v1_v47_v137_135_134_133_131_125_121_118_114_113_109_101_100_91_90_87_85_77_64_60_58_56_55_52_46_35_34_33_23_17_15_14_10_8_5_3_1_v10_6_v117_106_86_v37_3_v4_v133_88_83_68_50_23_v44_6_v124_vv133_4_v90_5_v77_30_v97_v40_18_v131_120_109_106_53_49_45_42_41_38_21_20_1_v9_v96_v132_122_97_57_39_36_17_v154_150_116_115_95_87_82_72_70_48_40_27_18_10_v134_122_99_v20_v85_v138_137_102_41_v128_v104_v138_25_v149_129_103_93_55_v142_v151_144_143_114_110_103_101_73_65_64_49_47_18_11_6_4_v146_131_125_124_121_80_61_58_35_5_v30_v31_v32_v71_36_v106_37_36_v126_v162_117_101_49_v140_37_15_v131_15_v103_v11_v121_v127_42_v57_vv45_1_v53_32_v127_117_92_v79_34_v186_v186_182_148_119_80_70_42_32_27_v144_51_28_13_v,190,train,399
vvvvv1_v2_v3_v4_v5_vv6_5_4_3_2_vvvvvvvvvvv18_11_8_1_v3_vvvv20_v19_vv26_15_v27_v1_v11_v7_vvvv14_v29_v5_v26_11_5_vvvvv7_vv25_vv46_39_22_16_v42_vvvvvv57_56_55_54_53_47_45_44_41_40_39_38_37_34_33_32_31_28_22_21_20_19_18_17_15_14_13_12_11_10_9_8_5_4_3_2_1_v14_1_v2_v53_v4_v48_41_40_19_v48_36_6_v35_29_24_7_v8_v49_9_v52_37_4_v54_47_46_v12_v13_v14_v63_44_38_22_v16_v48_17_v18_v19_v,77,train,97
vvvvv1_v2_v3_v4_v5_vv6_5_4_3_2_vvvvvvvvvvv18_11_8_1_v3_vvvv20_v19_vv26_15_v27_v1_v11_v7_vvvv14_v29_v5_v26_11_5_vvvvv7_vv25_vv46_39_22_16_v42_vvvvvv57_56_55_54_53_47_45_44_41_40_39_38_37_34_33_32_31_28_22_21_20_19_18_17_15_14_13_12_11_10_9_8_5_4_3_2_1_v14_1_v2_v53_v4_v48_41_40_19_v48_36_6_v35_29_24_7_v8_v49_9_v52_37_4_v54_47_46_v12_v13_v14_v63_44_38_22_v16_v48_17_v18_v19_v,77,train,501
vvvvv1_v2_v3_v4_v5_vv11_vv8_7_6_5_4_vvvvvvvvvvvvv6_vvvvv27_18_15_2_v4_vvv15_vvvv32_29_22_4_v31_vvv39_23_v40_vv2_vvv18_2_v11_vvv27_vv45_22_v46_23_v19_v46_v8_v40_17_7_v51_vvvvvvvv30_v12_v50_17_12_v52_50_48_46_33_27_24_v1_v52_51_48_35_27_11_8_2_v37_v66_vv46_v27_8_v76_67_40_30_v9_v73_vvvvvv88_87_86_85_84_76_74_73_70_69_67_61_60_56_55_52_51_46_37_35_34_32_30_29_26_22_21_20_18_12_10_9_5_4_3_2_1_v22_1_v2_v84_53_50_39_27_16_v4_v82_2_v55_3_v46_22_21_v80_67_65_30_v63_58_v78_73_59_33_27_24_10_v79_73_60_v58_49_41_29_12_v13_v85_82_63_28_v73_64_26_v85_16_v95_79_63_v96_89_86_63_61_42_34_32_12_8_4_3_v91_78_76_4_v20_v21_v22_v102_71_61_31_v86_24_10_v76_25_v26_v76_68_51_v77_v83_20_v30_v,119,train,96
vvvvv1_v2_v3_v4_v5_vv6_5_4_3_2_vvvvvvvvvvv18_11_8_1_v3_vvvv20_v19_vv26_15_v27_v1_v11_v7_vvvv14_v29_v5_v26_11_5_vvvvv7_vv25_vv46_39_22_16_v42_vvvvvv57_56_55_54_53_47_45_44_41_40_39_38_37_34_33_32_31_28_22_21_20_19_18_17_15_14_13_12_11_10_9_8_5_4_3_2_1_v14_1_v2_v53_v4_v48_41_40_19_v48_36_6_v35_29_24_7_v8_v49_9_v52_37_4_v54_47_46_v12_v13_v14_v63_44_38_22_v16_v48_17_v18_v19_v,77,train,495
vvvvv1_v2_v3_v4_v5_vv6_5_4_3_2_vvvvvvvvvvv18_11_8_1_v3_vvvv18_v21_vv26_15_v27_v1_v11_v6_vvvv14_v29_v5_v26_11_5_vvvvv7_vv25_vv46_39_23_16_v42_vvvvvv57_56_55_54_53_47_45_44_41_40_39_38_37_34_33_32_31_28_22_21_20_19_18_17_15_14_13_12_11_10_9_8_5_4_3_2_1_v14_1_v2_v53_v4_v48_41_40_19_v48_35_6_v35_29_24_7_v8_v49_9_v52_37_4_v54_47_46_v12_v13_v14_v63_45_38_22_v16_v48_17_v18_v19_v,77,train,106
vvvvv3_vvvvvv1_v5_vvvv2_vv7_v4_vvvvvvvvvv6_v28_25_9_7_v17_8_v11_v14_v23_vv22_v37_35_29_19_15_9_v38_36_31_22_v9_v34_18_v40_32_31_26_23_16_14_8_7_4_v36_5_2_v5_v3_v45_v25_v44_42_34_33_11_v29_11_10_v41_v32_22_13_vv2_v35_25_v16_v31_22_17_12_7_v51_20_1_v56_16_v37_12_vv52_38_23_11_7_v46_42_13_v57_32_v55_16_3_v59_5_v1_v12_v46_35_v57_43_27_11_8_v22_v23_v39_24_v64_27_19_12_v39_32_v33_v71_58_55_49_40_38_24_v35_19_v38_v,78,val,53
vvv1_vvvvvv8_v8_vv9_v10_9_vvvvvvv17_8_v1_v2_v7_vv25_v23_20_9_vv22_11_2_v29_28_26_24_22_20_18_14_13_10_6_4_vvv29_23_1_vv16_v32_17_1_vv11_v19_18_17_9_v37_36_29_27_v27_20_14_11_8_5_1_v41_12_v39_6_2_v43_14_2_v41_30_17_8_4_v16_v46_17_v34_23_17_14_v42_31_22_v46_41_9_v45_41_21_v,51,val,67
vvvvvvvvvvvv1_vvvvvvvvvvv21_vvvvvvv19_v24_vvvv12_v35_vv21_vv4_vvv28_vvvvvv33_vv45_vv10_v31_v49_21_vvvv39_vv57_v14_vvv40_30_vv66_27_v67_32_1_vvvv55_34_vvvvv43_v63_vv78_67_65_61_58_26_18_13_11_3_v35_vv56_v21_v34_v35_vv1_v84_66_38_9_v67_v55_51_23_11_v84_25_17_v59_v43_v87_66_62_36_vv89_75_44_22_14_vvv49_20_vv100_48_13_12_v102_39_35_23_v94_v13_v100_93_84_55_52_17_4_vvv93_71_20_13_v70_42_19_18_vv96_vv18_17_vv82_39_vvv113_111_97_68_64_54_53_34_30_25_22_17_13_12_v69_1_v98_86_15_2_vv118_v80_71_15_12_v107_69_vv23_v14_v127_121_94_39_10_8_v34_vv98_v44_v52_vv110_91_v136_135_134_133_131_129_124_119_115_109_105_103_101_86_83_81_79_78_75_72_71_70_67_55_53_52_51_48_43_42_41_40_39_37_34_33_31_29_27_23_17_14_13_11_5_1_v6_v125_93_67_v70_3_v107_32_22_vv142_107_76_68_55_47_46_40_33_v120_117_7_v8_vv96_v147_112_108_81_80_61_57_51_45_38_v143_43_12_v143_44_v146_135_79_54_27_v102_15_vv45_19_v104_101_53_49_46_36_22_18_v142_110_76_75_47_v20_v121_21_v47_38_8_v144_v60_v161_126_122_95_94_71_52_19_14_v103_46_44_26_13_v159_139_37_v160_14_v68_v105_52_16_vv32_v126_46_v118_71_vv138_134_8_v172_142_141_139_138_116_109_107_106_85_78_77_71_67_64_60_46_42_29_26_12_10_v115_12_v96_v128_53_26_vv114_vv179_95_92_91_44_26_v180_159_92_80_63_53_45_1_v156_39_vv48_v135_67_49_v50_v168_93_91_89_v10_v53_v157_125_54_44_vv113_85_v57_v140_vv196_161_130_122_101_100_94_87_v144_124_112_61_v112_111_56_v161_v174_152_148_104_v35_v60_6_v82_54_v110_108_90_83_77_31_v171_87_69_42_v111_110_79_70_33_v71_v120_54_v47_v190_177_170_160_131_74_v132_75_vv212_191_143_125_112_32_14_vv189_167_163_72_33_v169_155_90_12_v125_50_v160_144_108_88_82_61_45_32_v1_v196_186_102_97_89_84_47_41_32_2_v208_176_168_150_133_67_v222_156_75_v223_184_156_133_129_81_76_62_50_27_v224_150_v225_158_131_83_78_64_52_29_v128_68_v113_91_69_40_26_23_v125_65_12_v191_111_103_93_57_1_v209_180_129_125_122_112_94_82_81_v108_v153_62_56_5_v194_143_129_97_10_8_v112_108_18_6_v187_136_35_1_v128_v1_v233_v77_v175_v217_173_157_148_145_122_54_14_v209_181_163_127_124_106_v208_177_176_157_147_134_82_41_32_v244_209_178_177_170_153_142_22_21_20_19_1_v134_95_94_81_v247_235_217_205_194_167_123_110_101_94_82_51_41_v234_202_3_v235_203_168_142_140_110_93_81_v245_196_181_153_99_v246_154_86_v216_184_142_109_104_90_55_27_v236_215_114_102_31_v237_216_182_1_v216_136_118_82_25_5_v217_176_137_119_83_26_8_6_1_v224_120_76_44_7_v170_115_v179_122_v180_123_v181_19_v182_v212_183_178_169_143_70_v185_127_v230_v197_164_154_129_115_v126_v171_169_138_104_80_v170_139_95_v268_257_248_247_242_235_219_208_204_185_184_181_180_177_176_173_164_151_150_147_141_138_129_115_88_80_64_39_27_23_v167_134_87_1_v221_153_135_66_11_2_v250_171_136_3_v223_155_11_4_v264_166_138_v139_84_v169_140_84_v141_104_v270_160_142_v155_143_v273_162_144_v225_209_208_145_104_25_v277_231_197_167_146_85_68_40_26_v237_225_189_188_187_185_176_170_152_147_96_77_72_70_63_53_16_15_v167_148_38_v283_v198_v5_v25_v201_169_5_v172_85_v266_247_156_v226_v86_v198_67_v145_119_30_v282_257_229_206_198_196_191_187_159_154_149_135_125_109_85_76_66_29_28_22_v176_148_v223_190_157_149_1_v203_110_16_3_v188_33_17_1_v191_117_42_v20_v208_v209_196_155_v220_v58_v288_213_v81_v213_v290_277_100_v140_v279_v,314,train,494
vvvvvvvvv6_v9_vvv7_v5_v12_vvvvv6_v6_vv22_17_v21_9_v25_v20_v22_vvv30_29_28_24_23_20_19_18_15_12_9_5_vv28_v29_16_v14_v2_v3_v4_v10_7_v6_v39_34_30_v23_11_vvv30_12_11_v42_30_v16_v47_33_17_4_3_v45_33_24_3_v49_19_2_v37_27_24_10_3_v46_43_35_32_24_23_22_20_13_9_4_v38_30_v23_v54_24_v54_49_5_v23_v51_7_v52_32_8_v58_53_9_v54_50_44_41_30_10_v,61,train,410
vvvvvv1_vvv8_vv7_vv5_4_v7_v3_vv10_vvv20_13_1_v17_15_12_1_v21_16_8_1_v11_8_2_v14_3_v24_3_v6_v19_13_v25_12_6_v9_v10_v17_vv24_v6_5_v24_v27_18_16_11_v36_28_24_16_15_4_1_v29_25_24_17_5_2_vv18_8_v23_21_5_v34_33_29_5_4_v39_v37_24_18_10_vvv27_v20_v29_23_5_v33_31_30_3_v46_45_v32_v36_35_33_12_6_3_vv54_37_35_30_22_18_17_v36_vv54_47_v42_6_v48_40_8_v40_15_6_v53_49_24_20_15_12_v46_43_27_v39_v47_45_29_12_v45_13_4_v66_65_60_59_50_49_47_42_41_33_30_29_26_22_14_8_2_1_v48_15_6_v68_60_55_48_47_33_27_15_14_2_v69_61_57_49_48_45_37_34_33_32_8_1_v65_57_51_49_16_v52_v72_64_62_55_53_48_40_38_36_35_15_12_11_4_2_v72_38_35_29_17_15_7_3_v1_v40_32_23_14_9_2_v64_52_51_43_11_8_v77_74_69_65_58_53_45_42_41_40_36_16_9_8_v78_57_10_1_v79_72_71_67_63_58_44_38_25_10_7_2_v80_59_48_10_v81_74_73_65_60_46_27_12_9_4_v63_54_v,84,train,311
vvvvvvvvvvvvvvvvvvv12_vvvvvvvvv21_vvvv11_vvvv20_15_vvv11_6_vvv16_vv18_vv13_vvvvvvv48_v42_vvv29_18_6_v33_14_v5_v60_24_v59_57_25_24_v54_38_37_30_24_4_v54_v8_vv45_22_vvvvv60_5_v61_6_1_v7_vv14_vvvv27_vv42_17_vv35_v71_52_41_40_31_8_v1_v83_78_77_61_54_52_45_43_23_vv83_4_v5_vv63_4_vv77_74_63_54_52_33_29_3_1_v26_8_v52_51_11_vvvv91_86_77_67_26_v87_1_v40_v67_vv52_vv98_96_95_82_81_80_75_74_66_62_58_48_44_35_34_6_1_v1_vv108_90_v89_v103_101_98_89_86_79_73_71_67_63_53_50_49_44_26_11_5_4_1_v57_1_v7_2_vv4_v89_64_55_30_25_23_12_vvv78_28_vv113_111_99_97_96_89_81_70_59_16_15_14_10_8_v36_vvv55_v42_v21_v110_95_93_89_84_82_71_67_54_48_47_31_30_26_14_12_vv19_v48_v106_26_v60_v112_110_86_61_v110_93_92_91_65_40_v75_vv130_76_72_vv79_v119_7_3_v51_50_v60_59_32_8_v60_v103_10_v111_107_102_27_18_v19_v100_99_37_v75_47_35_21_3_v125_88_61_28_vv66_v92_68_47_42_40_v111_110_70_19_vvv92_73_72_51_v52_47_27_v76_38_v25_10_v161_156_155_154_153_151_150_148_147_146_144_141_139_137_136_135_132_130_129_123_121_119_118_117_116_114_113_111_110_108_106_103_100_99_94_91_90_89_88_85_84_83_79_78_73_72_69_66_62_61_58_56_54_53_51_49_48_46_45_40_39_38_37_36_35_34_32_31_30_29_28_27_26_25_24_23_22_20_18_17_16_13_8_7_6_5_4_3_2_1_v75_71_v142_127_106_82_v159_80_3_v101_v47_38_v124_81_v7_v8_1_v42_8_v77_v89_86_66_61_vv135_60_46_v152_148_121_58_57_v153_v160_93_69_32_16_v17_12_v114_95_94_83_73_63_59_44_36_29_18_2_v128_vv173_169_154_150_144_134_131_129_124_121_110_105_104_44_34_23_22_18_v99_22_v166_138_123_v111_57_23_v162_161_124_25_v94_v27_v188_173_170_168_159_153_148_145_140_133_129_125_123_121_120_108_99_98_97_80_73_47_38_26_24_18_16_8_2_v,190,val,40
vvv1_vvvvvvvv10_7_v9_v10_8_v3_vvv14_5_v14_1_v2_vv14_v1_vvvvvv25_v5_v27_14_vv15_14_7_v20_16_5_3_v9_5_vvv33_v35_5_v39_v3_v16_v17_v36_vvv24_vv34_30_21_16_2_vv10_vvvv53_40_26_v53_vv32_vvvv34_13_v2_vvvvvv31_vv70_69_67_38_37_31_21_16_14_10_8_vvv17_vvv58_3_vv69_67_58_46_42_26_24_3_1_vv53_32_v57_v58_v79_v71_v61_56_50_vvv35_12_10_v85_52_49_v68_66_54_14_v70_48_v44_vv84_69_65_62_54_52_46_41_30_24_23_13_12_9_7_6_v23_v96_26_vv94_58_v23_22_v85_78_76_71_68_60_43_42_21_14_10_7_6_vv98_v101_100_91_70_48_v10_8_v105_66_35_v82_72_42_21_19_12_6_v63_v105_75_49_43_v105_69_26_v63_40_v111_41_vvv41_38_v111_107_92_84_75_71_69_68_65_62_52_49_48_38_27_18_8_3_2_v68_46_v2_v81_41_v85_62_29_25_v50_v27_7_v119_115_101_89_79_31_21_v91_36_29_v120_v97_vv111_97_v90_20_v123_121_111_106_103_98_94_85_84_83_82_79_76_66_63_62_61_60_57_55_34_32_22_17_16_12_11_3_v66_36_16_v73_53_v129_99_81_v124_122_113_97_93_81_79_63_58_57_56_45_34_17_2_v,134,train,108
vvvvvvvvvvvvvvvvvvv18_13_vvvvv20_vv22_vvv25_v11_vvv13_vv31_9_v30_1_v2_vv32_vvvv20_vv4_v16_2_vv10_9_vv46_v6_v19_vv38_31_v6_v52_vv23_22_11_vv30_v51_v33_27_12_6_v16_12_v45_vvv34_v62_57_9_v69_v37_2_vv68_10_v26_vv28_vvvvv79_vv52_v44_13_v77_32_1_vv42_vvv80_76_61_46_v83_6_vvvv64_58_45_36_8_v67_25_vvv66_44_v97_96_46_45_v87_57_v92_74_73_58_44_12_6_v41_18_v93_42_v103_74_54_12_vvv60_v85_38_v91_86_79_60_58_55_39_vv43_vvv65_20_5_vvvv6_v107_11_v108_18_12_1_v109_81_67_2_1_vv24_vvv104_18_vvv61_v15_v131_130_127_73_69_62_35_27_25_19_13_v121_73_vv121_95_91_64_63_44_v57_v2_vv129_128_110_95_72_67_35_v33_v133_101_92_57_56_6_vvv107_4_v55_v106_97_93_62_11_v127_86_71_v131_128_107_89_81_49_43_5_3_vv148_130_45_v101_95_56_41_v81_80_17_v140_33_32_31_v108_v109_v149_76_v147_143_131_113_30_v119_118_109_17_12_v145_69_58_2_v81_24_vv116_62_v117_111_97_v114_49_13_v77_vv27_vv159_157_156_148_141_140_135_126_125_109_98_90_79_73_67_49_48_10_1_vv102_38_2_vv167_153_v154_73_72_5_v92_82_24_v105_95_vv167_75_74_v155_v170_168_166_154_151_136_122_120_109_101_84_80_79_78_69_21_11_9_1_v89_1_vvv54_15_4_v52_16_5_v151_98_86_47_42_38_21_v180_119_118_116_106_98_11_v98_87_8_v147_144_143_122_111_91_64_63_45_v180_178_164_162_161_146_130_103_88_57_22_21_19_10_6_5_v171_130_44_v53_vv77_v139_100_vvv179_150_146_139_127_122_103_98_75_66_64_44_43_35_15_12_v64_v174_172_121_73_40_v172_133_130_129_120_84_49_25_14_v85_69_8_v189_169_44_34_29_23_v104_v36_vvv164_v208_77_45_vv201_121_110_109_102_vv169_39_9_vv115_v208_145_144_125_75_70_v210_146_v192_18_7_v75_74_v85_84_40_19_v86_v154_133_21_v213_179_v192_179_178_172_165_153_118_116_75_54_35_28_26_v218_145_v221_201_199_163_v196_122_120_v130_39_v31_20_v151_150_50_48_v185_175_167_121_108_68_48_33_7_v231_162_100_v204_193_184_167_152_131_87_75_57_46_41_vv228_167_164_100_79_58_v231_173_v146_105_v138_69_58_54_v238_107_v238_209_49_v239_221_7_v171_170_107_41_vv234_200_vv134_111_77_v78_67_v154_112_87_58_v165_48_16_v110_106_v244_243_242_241_239_238_237_236_235_233_230_229_228_225_223_222_218_217_212_208_207_193_191_183_180_179_176_174_172_165_164_160_159_155_151_149_140_134_131_130_124_123_122_115_114_113_110_106_105_99_94_92_85_83_80_79_72_70_67_65_63_61_59_58_57_54_52_51_50_47_46_45_44_40_39_33_31_30_29_21_13_9_8_6_5_4_3_2_v110_v229_206_198_192_188_158_121_106_103_62_43_13_12_v125_88_v241_211_165_154_96_54_v248_216_203_172_171_121_98_42_40_5_v249_217_208_173_172_166_122_116_111_24_1_v69_30_v190_150_114_v155_v197_153_72_63_v11_v131_v13_2_v67_15_vv265_120_14_vv264_206_v211_87_72_v240_166_v265_v147_84_v243_169_v93_45_40_4_1_v182_140_28_v195_v89_v143_119_v144_33_29_v273_241_210_209_190_140_135_48_25_v236_216_v265_148_111_61_32_v176_33_23_v173_150_116_99_84_65_52_34_2_v151_134_51_44_v137_96_77_55_46_20_v277_274_251_244_239_230_222_209_206_201_197_192_188_167_160_159_158_157_155_146_86_77_58_40_39_32_29_9_v154_38_v280_246_228_176_112_79_58_24_13_v272_215_191_144_v169_94_42_v285_253_244_222_202_158_152_147_135_60_37_36_v114_43_v287_210_39_2_v190_148_v289_258_257_248_229_212_162_139_81_40_16_4_v287_194_120_v48_v47_13_v91_48_14_v300_155_49_15_v275_274_201_52_v299_241_v299_288_285_281_264_250_238_234_225_212_206_200_196_191_187_173_162_161_160_132_119_86_71_52_45_39_37_18_9_v,305,train,472
vvvvvvvvvvv1_vvvvvvv12_vvvvvvvvvv22_vv26_vv22_v14_v2_vvvv28_19_v15_vv12_11_v20_v18_v4_v26_v15_vvvvvvv28_vv49_46_5_v54_31_1_v9_vvvvvvv60_38_21_v41_39_35_9_1_v32_vvv62_57_46_36_33_v66_6_v61_34_vvv51_18_v47_9_v47_33_v77_32_v77_75_34_33_v67_46_43_v73_58_57_47_31_11_6_v17_vv45_28_vv83_v43_v68_31_vv70_44_33_v60_vv39_vvv84_8_v85_15_9_1_v10_v87_53_3_2_v59_21_v61_vvvv49_vvv95_77_74_69_53_51_37_16_6_v88_61_49_v100_59_v31_12_3_v58_14_4_v105_104_89_79_58_v82_v110_84_73_50_49_24_7_v85_74_72_50_25_8_vv48_v90_vv96_81_v103_44_4_vv59_v108_vv72_70_19_vv117_33_32_30_v123_69_v123_118_109_97_94_33_v102_101_90_17_16_v120_96_63_53_2_v74_25_v49_vv105_v59_vvv68_vvvv137_135_133_122_121_119_113_111_94_88_85_75_70_64_53_49_48_12_1_v90_36_1_vv109_91_86_v87_41_v131_70_69_39_5_v131_118_v144_142_139_130_128_118_115_104_102_101_95_92_77_73_72_71_63_41_19_7_6_1_v81_14_1_v49_9_2_v85_75_3_v46_11_4_vv130_85_79_45_39_36_17_v152_105_103_102_97_90_11_vv35_v103_v155_153_141_140_139_129_112_96_82_53_19_18_17_11_9_7_v163_vv125_53_v149_vv75_v62_v135_26_v10_v21_v65_v149_30_v78_53_v155_154_117_79_43_12_v154_124_123_121_116_84_51_30_29_19_18_v100_37_v86_70_11_vv169_156_145_71_49_37_32_30_v169_v150_v130_37_36_v9_v179_117_107_106_99_v165_79_43_v82_v28_v157_41_12_v47_v108_50_vv116_vv21_v193_143_141_127_107_83_82_v192_142_v178_23_13_vv94_93_50_24_v95_v150_135_26_v87_86_v174_92_v199_173_v193_v174_152_123_v203_149_v145_13_v152_151_60_55_vv190_183_172_161_152_146_133_119_98_82_66_65_55_48_v209_v209_162_159_108_86_v146_v179_139_107_73_66_64_26_v164_162_111_41_v24_v213_187_v137_79_29_v139_115_112_97_78_v172_79_72_50_v151_116_89_62_v194_v161_49_13_v227_223_222_221_220_218_216_215_214_213_212_211_206_205_204_202_198_196_194_178_177_174_173_171_170_169_168_164_161_157_156_153_149_147_139_134_132_131_130_126_125_124_121_119_113_112_110_101_97_95_88_84_82_81_77_75_74_73_70_65_62_61_60_59_58_57_56_55_54_53_52_51_50_49_47_41_38_28_26_25_24_16_10_9_8_6_5_4_3_1_v172_56_51_15_v82_52_1_v29_17_v128_112_92_v220_199_163_153_100_55_v136_v230_204_191_170_169_127_103_41_37_7_v59_v60_v233_207_196_173_172_167_147_130_123_122_24_3_v183_151_121_v185_v13_v187_129_v157_108_v16_3_v223_v137_133_101_94_v71_v72_48_v195_180_v223_206_193_185_52_v244_v195_v179_144_28_v243_221_97_42_38_v146_121_v251_225_216_201_199_185_165_155_141_140_135_45_42_21_6_v200_181_178_99_48_14_v241_150_138_111_57_54_30_8_v176_173_124_31_16_v176_152_149_132_115_102_99_82_58_46_32_2_v249_228_222_189_7_v4_v254_250_234_229_221_213_210_203_200_196_192_188_184_166_160_159_158_157_153_146_83_76_51_38_36_28_24_8_v156_36_v257_231_78_v103_92_v160_v189_v264_244_238_227_212_198_178_161_154_153_137_55_34_31_v247_246_189_42_v266_241_240_229_217_206_163_139_73_33_15_2_v59_44_v268_243_242_219_208_165_75_35_17_4_v269_209_39_5_v270_210_184_25_v168_149_60_57_v253_245_196_35_v259_258_232_221_217_200_190_160_159_120_73_v,278,train,356
vvv3_vvvvvvvv6_vv5_v8_vv16_10_v9_4_vv12_1_v14_vvvvv7_vv7_vv1_v10_v11_4_3_vvv34_32_26_18_14_7_4_v33_28_27_v13_6_v33_26_17_15_v33_27_22_19_17_6_5_4_1_v11_v12_v4_vv20_9_7_v25_7_v29_24_12_8_v9_8_v41_38_27_20_vvv12_v49_4_v14_v32_15_v45_v17_v55_44_41_32_30_22_8_v29_28_v40_33_20_v49_42_30_28_20_19_17_10_2_v49_22_v54_43_36_27_26_v62_56_28_v43_36_v,64,train,280
vvvvvvv4_v5_2_vvvv2_v2_v13_vv13_vvv11_v3_vvvvv14_vv25_20_19_16_13_10_9_5_4_v21_17_16_12_11_7_6_5_v24_16_5_1_v2_vvv10_v12_7_6_v35_33_31_18_17_13_9_7_4_v24_v2_v26_v35_33_11_4_v12_v29_vv17_vv10_v21_11_vvvv23_2_v29_v25_v35_28_18_2_v37_v38_v27_v30_29_22_17_14_10_8_4_v46_v50_2_v51_45_43_38_33_32_28_18_17_16_7_3_v38_v51_v57_44_15_13_v29_v8_v45_33_v51_40_25_v57_v46_v43_v60_v71_58_v67_56_41_22_11_2_v,74,val,43
vvvvvvvvvv8_vvvvv15_vvvv13_v18_vvvvv23_vvv18_vvvv8_v31_8_3_v9_1_vvvvvv39_v22_vv12_10_v42_v25_vv22_v48_vv44_31_v49_v25_18_v37_vv53_30_21_vvvvvvv18_v60_vv20_v66_65_64_63_62_61_60_59_58_57_55_54_53_52_51_50_49_48_47_45_44_43_42_40_37_34_31_30_29_28_27_26_25_24_20_18_17_16_15_13_12_11_10_9_8_7_6_5_3_2_1_v,67,val,35
vvv1_vvvvvvvvv1_vv10_vvvvvvvvvv21_v22_vvvvvvvv30_9_vvvvv27_24_v1_v18_vvv32_21_vv9_v17_7_v44_vvv5_v31_29_v49_vv34_32_20_15_9_8_3_vvv24_v33_25_11_6_vv29_v29_22_17_v59_4_v32_vvvv56_vv41_30_vvvvv63_3_vv13_v38_23_1_v39_v73_v69_36_v67_vv57_20_v55_27_6_v4_v71_46_44_v36_v80_62_61_48_33_5_v46_v90_61_43_vvv71_30_v72_65_44_43_31_vvvvv87_6_v88_7_1_v8_v90_51_3_2_vv99_vvvv86_v109_106_52_51_19_vv96_71_68_48_47_32_6_v59_42_v59_v28_12_3_v109_39_4_v40_5_vvvvvv108_26_v60_59_12_v112_25_24_22_v116_53_v118_111_103_86_84_25_v95_66_v113_86_42_2_vvv123_121_119_105_104_100_94_91_75_68_61_48_43_32_31_3_1_v1_vvv92_72_vv115_99_v130_128_123_115_112_98_96_85_83_82_75_68_55_52_51_50_43_24_10_7_6_1_v59_1_v126_v10_3_v56_4_v12_5_v57_26_vv125_97_v111_108_102_88_74_65_49_44_29_v140_138_125_122_121_108_92_70_60_18_17_16_10_7_5_vvv13_v140_114_109_85_78_72_vv57_v44_v25_vv46_v128_28_v145_129_118_46_32_29_22_v60_v139_135_92_61_v137_103_100_99_66_40_28_vv78_v158_80_78_73_vv47_v130_100_v147_8_4_v166_67_v61_60_34_9_v62_v114_11_v145_136_130_125_118_112_84_83_55_41_28_vvv176_175_154_120_v97_32_v110_108_42_40_v136_87_6_v173_122_119_71_57_46_v180_125_v141_97_70_53_46_43_v122_121_74_22_vvv99_77_74_57_v58_51_31_v78_42_v170_143_142_45_39_v116_29_v192_187_186_185_184_183_181_178_177_176_175_174_170_167_166_162_158_156_153_138_137_133_130_129_128_125_123_118_115_114_113_110_106_105_98_96_94_93_92_88_87_86_83_81_78_77_76_70_67_65_64_63_61_60_56_54_52_51_49_45_44_43_42_40_39_38_37_36_35_34_32_31_30_29_28_27_26_23_21_20_19_13_9_8_7_6_5_4_3_1_v172_148_143_110_85_75_v189_119_84_2_v49_17_v105_50_v5_v133_54_31_28_v7_2_v187_160_24_v148_v91_72_65_v176_166_v205_192_191_86_11_v203_195_168_148_139_54_30_v178_117_36_v127_v111_62_v181_120_v200_173_71_59_43_40_31_29_12_4_1_v174_72_5_2_v8_v160_67_v210_177_47_44_8_5_4_3_v166_159_153_132_129_107_72_41_35_19_v198_106_84_43_24_v126_25_21_v130_108_105_88_75_56_47_26_2_v15_v206_181_166_151_143_142_138_134_121_115_114_55_41_31_29_26_v111_29_v197_196_135_30_v31_v114_102_43_40_v198_51_v224_169_v208_206_177_169_165_156_138_135_119_111_110_84_34_8_v,229,train,417
vvvvvvvvvvv1_vv10_vvvvvvvvv16_vvvvvvvv8_vvvvvvv31_v36_1_vv36_v5_vvvv35_32_v1_v23_vv39_25_v7_v21_5_vv14_13_vv54_5_v2_v39_33_v40_34_22_12_8_7_1_vv23_22_8_vv32_v27_22_v26_v13_10_v44_vv45_v38_v35_24_22_vv71_41_v67_64_12_1_v26_vv24_vvv51_33_vv71_v72_vv54_v52_51_45_13_vv41_29_2_vv85_55_4_v5_v45_v88_3_v83_45_v81_vv66_59_42_36_5_v70_25_v98_41_v42_v93_74_73_53_41_3_v71_v60_v102_51_v80_32_v84_81_75_51_50_48_33_vvv54_12_3_vvvv101_8_v102_9_1_vv104_58_3_2_v12_vvvv47_v97_v64_v114_62_vvv46_vv126_68_64_27_v122_121_102_82_61_58_vvv128_92_79_47_43_vv94_81_49_v98_5_vv115_75_61_v120_116_78_70_40_37_2_v37_vv119_40_v88_86_46_37_v130_v73_72_v95_v96_v97_2_v113_78_v142_135_124_102_33_v136_1_v48_v102_53_v103_98_86_vvv149_147_145_130_129_125_112_109_95_84_76_59_56_44_43_6_1_v43_v157_126_70_51_v86_36_3_vv112_89_v138_117_v156_154_149_138_136_116_104_102_91_83_66_64_63_57_13_7_4_1_v71_1_v45_9_2_v3_v44_11_4_vv70_40_34_31_v164_101_98_97_9_v60_v159_v130_127_123_105_95_78_62_59_38_v167_165_149_148_147_127_113_83_74_51_19_18_15_11_9_7_v153_113_38_v47_vvv168_134_130_98_97_86_v179_152_v125_85_v161_130_127_122_110_106_86_83_65_54_51_37_36_29_14_13_v74_vv29_v77_63_3_vv62_v158_33_v74_vv167_166_112_76_v166_124_122_121_84_49_32_23_v95_vv189_96_92_vv194_127_126_106_66_64_vv194_128_v155_122_v177_10_6_v68_67_v78_41_11_vv137_13_v195_v179_162_158_153_148_136_106_105_68_50_35_28_26_vv125_12_v181_110_v117_39_v31_v103_v57_v114_58_v137_54_45_v217_168_162_153_113_108_101_65_50_36_10_v213_150_147_vv172_122_65_58_56_v192_47_v152_151_30_v202_vvv71_v72_65_40_v103_55_v174_120_113_12_v101_96_v232_228_227_226_225_223_221_218_216_215_213_212_207_206_205_201_193_188_185_173_171_163_161_160_157_155_152_146_141_140_139_135_133_132_126_123_120_119_116_114_113_107_106_105_100_98_96_88_83_82_78_77_73_72_70_68_67_66_63_58_56_55_54_49_48_47_45_44_43_42_41_40_39_38_36_35_30_28_27_26_15_11_9_7_6_5_4_3_v148_40_1_v162_41_v56_v212_185_179_174_170_140_108_99_95_61_41_14_12_v233_197_152_148_39_5_v234_198_185_153_149_146_106_104_1_v66_27_v167_136_104_v176_138_90_68_59_v10_v132_29_v45_37_v13_3_v233_v232_189_v66_17_v221_204_v92_35_v238_114_15_v250_242_207_188_171_73_43_v193_85_71_v224_153_47_v221_183_166_57_v145_83_v185_v156_v249_214_87_80_60_52_42_40_15_5_v215_88_6_v231_160_2_1_v179_140_v205_90_43_v229_v139_v262_226_195_194_174_134_132_56_29_11_v217_200_v256_223_69_61_14_9_8_7_v166_118_37_28_v251_110_64_38_15_v115_102_78_67_39_1_v240_184_114_57_22_v265_259_236_226_220_214_206_193_190_182_181_176_174_160_155_154_153_150_149_140_87_77_56_44_40_36_33_8_v42_v268_228_153_79_13_v154_14_v103_89_v168_161_96_47_v116_47_45_v266_240_233_231_209_208_188_155_148_146_136_96_76_75_61_57_53_43_42_10_9_6_v255_254_181_49_v278_249_242_229_210_190_150_148_45_44_2_v51_v182_146_v49_v91_50_v150_51_v210_v271_267_265_232_221_217_191_188_185_161_154_153_120_86_53_5_v,290,val,28
vvvv2_vvvvvvv6_vv9_vv12_10_4_vv5_v18_10_v12_v18_v12_1_v14_vvv10_v1_v25_7_v9_v25_v11_v18_v10_v20_9_vv13_v6_v24_v19_8_1_v2_v28_23_10_2_1_v41_40_27_23_19_9_6_v27_v10_6_v41_29_26_23_21_7_4_3_v39_30_23_19_1_v42_v22_2_v27_3_v8_v32_27_10_5_v7_6_v33_v51_13_v10_v11_v46_33_12_v55_v14_v43_25_21_v19_v42_v43_34_1_v48_v44_37_20_7_v7_v32_7_v52_23_v28_v60_49_42_28_v49_v31_v59_v73_65_32_v18_v,75,train,187
vvvvvv5_v4_3_v8_vvv5_v10_vvv6_v9_v12_vvvvv5_v6_v11_vvv16_v17_v9_6_4_v14_v20_v15_9_1_v24_18_10_1_v3_1_v17_v7_v10_6_v36_26_20_19_17_7_5_3_v27_1_v22_19_7_1_v24_v4_3_v2_v43_11_v7_v8_v26_9_v31_v39_25_17_v33_28_2_v51_48_47_44_43_37_35_27_25_21_2_v14_v24_v16_v26_2_v46_v45_19_v25_v30_6_v31_7_1_v32_8_1_v12_v30_v53_v,65,train,221
vvvvvvvvvvvvvv2_vvvv12_vv16_v20_18_16_15_11_9_8_5_4_v19_16_15_11_10_7_6_5_v1_vv17_v4_v11_6_5_v28_27_26_16_15_12_9_6_4_vv2_v29_9_3_v10_vv15_vvv9_v9_v21_11_v36_7_v20_v26_v30_25_15_1_v23_v33_v34_v26_25_19_15_13_12_9_4_v44_1_v45_40_37_33_28_27_24_16_15_13_6_2_v48_7_v8_v24_v6_v43_33_21_v34_v44_31_14_6_v,57,train,196
vvvvvvvvvv2_vvvvvv6_vvvv1_vv4_vvvv1_v18_v19_v5_v18_4_vvv32_4_v2_v30_26_vv32_28_19_11_8_7_2_v19_18_7_v21_17_v9_7_vv35_v17_vv44_31_1_v15_vvv36_23_v34_v6_vv27_16_2_v28_vv44_37_24_18_2_v12_v23_v59_57_24_23_v37_v60_30_v53_17_v57_54_51_31_30_28_18_vv33_9_2_vvv9_vvv36_v63_v36_v53_v37_v49_48_31_v50_35_vvv61_2_v76_43_39_23_v22_vv52_50_28_21_v14_v41_10_v58_v59_v60_2_v29_v62_32_v63_59_51_v79_66_48_36_v25_v94_80_43_31_v93_49_17_9_8_7_v63_31_27_v70_53_v90_74_v73_55_43_41_7_1_v80_16_v43_25_22_21_v59_58_5_v37_25_v81_79_76_63_57_50_38_36_25_v91_54_11_v73_51_v107_95_v103_78_76_71_64_63_53_50_39_35_34_22_21_17_8_7_v65_24_12_7_v52_v53_v68_v69_v89_66_v36_v25_v107_92_89_85_80_73_58_57_35_23_13_10_9_v68_23_6_v65_15_v12_v55_v28_17_v64_29_v124_96_91_85_62_59_55_33_24_16_7_v85_28_23_v82_51_vv101_70_36_29_v85_54_20_vv98_66_62_7_v99_v56_54_v121_108_90_81_78_76_49_36_33_25_24_6_5_v91_26_10_v128_107_102_81_62_v33_18_v99_78_49_34_30_v73_18_v137_104_v33_8_v48_37_20_v106_43_35_v100_32_v79_41_v102_v75_v112_44_21_v105_31_24_5_v101_v142_135_123_111_102_21_v92_63_18_14_v135_127_113_100_97_95_v95_v129_83_8_v84_9_v152_112_99_v93_89_50_25_v97_2_v116_85_35_v102_81_v115_v159_155_129_122_119_106_102_89_84_62_48_27_2_v,165,train,137
vvvvvvvvvvvv12_7_vvv3_vvvvvv16_vv3_vv19_17_v1_v13_v22_14_vv6_v16_5_vv29_v21_v5_v26_22_vv28_24_18_12_8_7_2_v18_v25_v21_18_v9_v31_6_vvv27_20_17_v45_vvvv35_25_vv38_v6_v29_17_1_v30_vvv44_38_27_20_3_vv25_v26_v63_62_48_45_30_6_vvvv53_19_v57_54_53_36_33_32_20_vvv39_12_3_vvvv6_vv55_41_vv5_v66_10_v43_v82_80_78_43_40_35_22_19_17_13_7_vvvv65_v75_47_38_v78_76_66_49_43_27_25_4_3_vv90_78_72_27_v59_32_23_v62_v63_v64_2_v76_49_v9_v67_35_v68_63_v92_12_vv98_89_v90_v50_46_12_v90_79_v48_42_v44_20_18_v83_81_77_62_57_49_31_29_21_v81_52_v97_69_22_v51_v95_v87_84_v102_78_74_65_64_54_51_31_21_20_15_7_v112_32_vv90_65_v32_31_vvv103_94_90_85_81_72_56_54_31_20_13_9_7_v106_58_56_v64_15_v121_76_41_v94_56_26_11_4_v42_vv45_v126_46_v129_114_20_v130_118_47_11_5_v126_104_83_75_69_46_27_25_23_v118_101_96_92_89_73_50_45_42_23_17_3_2_v26_11_v71_v69_28_22_v54_v119_47_v129_100_v59_v124_115_v141_134_133_54_9_vv139_137_118_101_31_v129_81_26_v69_38_vv103_v133_85_v143_124_37_31_5_1_v125_6_2_v70_v11_v115_46_27_v124_v130_37_11_7_6_5_vv94_84_v68_49_43_35_28_17_v138_132_103_97_v133_90_79_37_21_9_v91_80_22_10_v151_113_100_75_v95_1_v100_76_v121_93_33_18_9_7_v153_132_51_34_8_v167_93_88_80_35_21_9_v165_158_156_154_146_132_123_120_116_111_107_105_101_98_95_86_84_83_82_67_62_51_43_36_34_29_26_10_4_v,169,train,245
vvvv4_2_vv6_2_v7_5_v3_v1_v10_6_3_v5_v2_1_v11_3_v12_11_1_vv11_8_7_vv18_16_14_12_11_8_vvv5_vv23_21_17_16_13_5_v24_22_20_14_6_1_v23_v17_v1_v28_12_v15_v17_16_v22_4_v32_22_v31_22_10_vvv20_v35_33_31_25_19_v38_36_32_28_27_26_21_20_14_4_v1_v12_2_v39_9_v41_38_37_28_26_22_19_17_10_4_v1_v1_v20_vvvv35_27_v36_v47_13_vv27_26_22_11_v49_45_38_v53_22_15_v24_v42_35_15_7_v56_39_38_25_23_18_16_11_6_3_v59_57_45_26_19_v58_56_22_v56_54_48_24_23_v44_39_37_10_3_v21_17_15_v60_56_38_33_27_26_10_v2_v65_v41_40_36_14_v66_35_28_10_v67_51_46_v65_62_54_v53_51_48_8_6_v69_58_v69_35_v60_57_48_43_25_17_v,75,train,227
vvvvvvvvvvvvvvvvvvv6_vvv7_vv9_vvvvvv26_23_16_12_v30_vv19_9_vv31_22_21_17_15_5_2_vvvv33_v34_1_vvvvv40_24_vv20_v47_vv20_v28_27_v48_45_40_34_11_v46_23_1_v27_7_vvv53_52_51_44_43_42_40_39_36_33_30_27_24_22_20_18_17_4_1_v13_1_vv25_3_vv58_57_55_50_48_44_42_41_38_35_29_28_27_26_9_5_4_1_v31_1_v7_2_v35_3_v21_9_4_v33_v64_63_56_55_54_50_47_39_33_23_12_11_10_6_4_2_vvvvv35_vv18_vv15_v66_65_51_37_24_9_v32_v65_23_v40_v68_60_59_58_44_31_v49_v77_69_31_27_24_22_vv8_v83_57_52_v75_41_31_v1_vv34_v80_14_5_v46_31_11_vv73_13_v69_34_v83_62_48_27_v64_41_36_34_7_v76_75_17_vvv45_v46_41_24_v57_36_v23_8_v106_105_104_103_102_101_100_99_98_97_96_95_94_93_92_91_90_89_88_86_85_84_83_82_81_80_79_78_77_75_74_73_72_71_70_68_67_66_65_64_63_62_60_59_58_57_56_55_54_53_51_50_48_47_45_43_42_41_39_38_36_35_34_33_32_31_30_29_28_27_26_25_24_23_21_19_16_14_13_12_11_10_8_7_6_5_4_3_2_1_v106_1_v30_v31_v4_v5_1_v65_55_50_v102_54_18_7_v8_v58_48_33_22_18_9_2_v10_v49_38_v105_104_83_12_v13_v106_103_85_v,121,train,204
vvvvvvv5_v2_vv3_vvv11_1_v8_vvv8_v9_vv10_4_vvv22_4_v2_v20_16_v21_17_10_7_6_1_v15_14_6_v18_v8_6_v23_v29_v31_21_1_v12_v24_v3_v20_vv28_25_16_11_2_v7_v15_v16_v32_5_v34_11_v38_35_34_22_21_19_12_v23_7_1_vv22_vv40_v50_23_8_vv35_34_20_v50_v41_v48_27_22_v51_49_29_16_14_v50_15_v36_34_20_14_v27_7_v41_v42_v43_39_v59_41_18_5_v53_49_47_32_25_v41_19_17_v48_34_v33_30_9_v59_v52_37_30_28_5_1_vv30_17_15_v70_41_40_6_v56_37_9_4_v67_46_19_v51_37_v70_55_53_49_44_43_38_35_28_26_25_16_15_14_6_5_v45_18_11_5_v78_75_28_25_15_vv2_v49_v80_50_v30_5_v68_65_61_57_52_8_v75_43_v10_8_6_v86_68_63_58_43_41_39_25_17_11_3_v86_56_36_v39_v80_16_v84_v60_40_15_v69_47_45_6_v79_70_v93_84_80_78_63_59_56_54_36_27_24_22_18_3_v64_19_v88_77_72_69_67_59_47_42_40_23_18_7_6_v69_22_v23_v45_3_v74_31_25_v92_60_v71_22_vv42_27_1_v74_v97_65_v76_5_v46_31_29_20_4_v97_93_74_71_69_v105_78_70_56_v66_64_36_v69_50_2_v82_62_v18_v37_19_v62_20_v113_111_109_93_86_81_78_76_75_68_64_47_21_v,119,train,325
vvvvvvvvvvv3_vv5_vv7_vvvvv3_v13_vvvv11_v18_vv24_20_v21_vvv18_17_7_v1_v1_vv17_v32_v8_v31_11_7_vv23_18_10_9_vvvv8_v38_31_v32_5_1_vv29_vv36_v44_vvvvvv50_44_33_v59_58_57_56_55_54_53_52_50_49_47_43_42_40_39_37_35_32_29_27_24_23_22_21_19_17_16_15_14_11_10_9_6_5_4_3_2_v17_1_v2_v3_v55_16_4_v56_49_v38_35_27_6_v7_v59_20_v59_9_v61_v55_43_41_v63_43_25_24_8_4_v13_v14_v15_v60_16_8_v52_17_v18_v19_v,79,train,248
vvvvvvvvvvvvvvvvvvvv2_vvvv8_vv10_vvvvvv28_25_17_13_v32_vv20_9_vv33_24_22_18_15_5_2_vvvv35_v36_1_vvvvvv19_v31_v49_vv20_v28_27_v50_47_42_35_11_v48_23_1_v38_vvv55_54_53_46_44_43_41_40_36_33_30_27_24_22_20_18_17_4_1_v1_vv25_3_vv60_59_57_52_49_45_42_41_38_35_29_28_27_26_9_5_4_1_v31_1_v7_2_v35_3_v9_4_v33_v66_65_58_57_55_51_47_39_33_12_11_10_6_4_2_vvvv34_v16_vv61_18_vv15_v32_v38_v75_66_27_23_20_18_v71_70_54_40_v69_60_59_58_44_31_v49_vv83_55_50_v75_40_29_vv31_v79_8_4_v44_28_8_vv70_10_v77_46_vv68_33_vv1_v64_41_36_34_10_v76_75_17_vvv45_v87_84_v47_42_26_v59_37_v24_v109_108_107_106_105_104_103_102_101_100_99_98_97_96_94_93_92_91_90_87_86_85_84_83_82_81_80_79_78_76_75_74_73_72_71_69_68_67_66_65_64_63_62_61_59_58_57_56_55_54_52_51_49_48_46_44_43_42_40_39_38_37_36_35_34_33_32_31_30_29_28_26_25_24_23_22_20_18_17_16_15_12_9_8_7_6_5_3_2_1_v109_1_v2_v87_v4_2_v66_55_50_v104_54_21_6_v7_v58_48_33_25_8_2_v9_v106_104_82_10_v11_v107_106_103_84_25_23_22_9_v,122,train,134
vvv2_vvv3_v3_v5_v1_vvvv10_v11_v12_v13_v14_13_9_vvv16_10_v18_v18_vvv8_7_v15_9_v17_5_v26_11_5_vv25_13_6_3_1_v31_19_v32_20_vv24_17_7_1_v4_3_v19_5_4_v34_v21_19_v19_17_12_5_v20_18_6_1_v38_v24_17_v39_v10_v11_v42_v30_v44_v38_23_16_6_5_1_v,50,train,447
vvv3_vv1_vvv8_vvv6_2_vv8_v13_vv3_v17_13_6_3_vvv17_12_v21_17_10_4_v9_v12_v10_1_v4_v26_v6_vv20_19_v19_vv21_10_v33_21_16_13_vv1_v8_v24_20_1_v25_6_v25_23_v40_25_23_vv21_vv30_v45_30_28_5_v46_29_15_13_v47_45_30_24_1_v37_26_10_v36_33_20_12_8_v45_39_29_20_v22_v23_v49_v53_48_47_37_36_35_23_20_19_14_11_9_v27_v2_v3_v,58,train,121
vvvvvvvvvvvvvvvvvvvvvvvv9_vv11_vvvvvv28_25_18_14_13_v32_vv21_9_v29_18_17_vv34_25_24_20_17_6_3_vvvv36_v37_1_vvvvvv29_20_v14_v50_vv21_v29_28_v51_48_43_37_36_11_v49_37_24_20_1_vvv55_54_53_46_45_44_42_41_37_33_30_27_24_21_19_17_16_3_1_v1_vv26_24_12_3_vv60_59_57_52_50_46_45_44_43_42_38_35_29_28_27_26_25_14_8_5_4_1_v31_1_v7_2_v35_31_3_v9_4_v32_v66_65_58_57_56_52_48_39_32_12_11_10_6_4_2_vvv9_v25_vv35_vv19_vv65_21_v37_v75_67_63_32_26_23_20_18_v71_70_54_39_v70_60_59_58_43_30_v48_vv83_55_51_49_v75_39_29_vv31_v79_8_4_v43_28_8_vv70_10_v66_31_v59_46_37_32_30_6_v72_71_13_vvv50_41_v78_42_37_27_v53_32_v19_v104_103_102_101_100_99_98_97_96_95_94_93_92_91_90_89_88_87_86_83_82_80_79_78_77_76_75_74_73_71_70_69_67_66_65_63_62_61_60_59_58_57_56_55_53_52_51_50_49_48_47_46_44_43_41_39_38_37_35_34_33_32_31_30_29_28_27_26_25_24_23_21_20_19_18_17_15_13_12_11_10_9_8_7_6_5_4_3_2_1_v104_1_v2_v3_1_v59_49_44_v98_48_15_5_v6_v61_52_42_27_19_7_2_v8_v43_39_v101_100_76_10_v11_v,116,train,491
vvv1_v4_vv4_v3_vv7_v8_1_vvvv12_vvvvv19_4_v1_v2_v20_vv22_vv24_17_vv26_v10_v26_vvv31_27_19_11_vv33_26_25_v25_24_20_13_v35_v4_v37_25_6_v13_v16_9_v40_v25_v18_v39_36_31_23_21_8_1_vvv12_v41_32_v48_36_v49_6_v16_v48_v52_35_22_13_11_9_v53_31_10_v55_52_51_43_29_25_20_18_15_13_10_9_7_v57_1_v2_v3_v56_4_v,61,train,53
vvvvvv4_vv3_2_vv5_vv11_3_vv11_6_v9_v16_8_3_vv6_v13_v14_v15_v16_v17_8_v23_12_v19_v14_v27_14_11_v23_8_v17_v18_v22_19_vv21_v29_v23_11_v12_7_v26_v32_v23_v34_v33_v38_30_25_13_10_5_1_v36_35_v32_v13_v14_v46_35_12_11_v36_4_v37_v,50,train,21
vvvvvv5_vvvvvvvvvvvv14_vvvvv12_7_vv9_6_2_vvvv6_vv15_vv15_v2_v31_vvvvvv11_vvv31_1_vvv35_v25_vv23_vvvvv4_2_vvv6_vv3_vv22_v32_v26_v55_49_v16_vv67_v65_34_14_v23_v47_vv13_v66_24_vvv40_v62_59_53_v32_vvvv25_v76_11_v56_v21_v79_65_63_37_28_26_18_16_v70_41_9_v51_1_v81_79_74_71_65_61_59_45_33_27_17_12_9_vv51_v6_v56_vv42_vvv55_vv83_29_26_16_v28_v103_101_100_98_96_93_89_86_83_82_81_75_73_63_62_61_57_54_48_47_44_41_38_34_27_23_22_21_17_12_11_10_8_6_5_3_1_v8_6_v20_v25_3_v4_v5_v93_90_86_31_19_v52_v93_64_3_v86_25_9_v112_109_78_77_64_61_58_46_44_30_26_17_10_3_v24_v12_v90_v62_v97_15_v107_70_v102_v31_v32_v33_v34_v35_1_v88_v89_v25_v111_57_54_44_v27_v93_67_30_2_v29_v70_55_43_v31_v19_v81_v27_v92_35_v36_v55_5_v140_137_126_109_106_104_103_102_97_94_93_91_89_84_68_58_56_51_40_31_28_25_12_v39_26_7_v,143,val,19
vvvvvv2_vvvvvv1_vvvvvvv19_14_vvvvvvvv8_vvvv26_1_v28_v29_27_vvv10_v16_vvv29_19_vvv11_10_vv42_4_v18_v27_26_vvvv21_20_9_v33_vvv51_27_v51_46_6_vv55_30_2_vv18_vvvv64_vv40_37_33_8_vv64_62_39_22_2_v31_3_v4_v33_vvv66_61_50_37_35_v69_7_v65_vv54_20_v52_48_35_28_8_v79_33_v34_v69_45_43_v75_60_59_46_34_9_5_v44_28_v85_58_8_vv84_45_v67_30_v71_68_62_45_44_42_31_vv58_vvv50_15_5_v40_vvvv87_11_v88_12_1_v13_vv67_vvv50_vv98_58_vv106_97_77_73_70_53_52_35_17_1_v63_49_vv31_3_vv115_64_30_v61_15_6_v111_84_74_51_49_26_7_vv86_76_73_53_28_9_v46_vv91_v104_63_v105_104_90_73_70_44_39_4_3_vv126_107_41_v83_48_38_vv72_71_19_vv90_v91_v128_70_v126_121_112_97_95_33_v103_102_92_18_16_v123_97_62_54_2_v96_92_84_vvv132_130_128_117_116_112_105_103_90_82_78_66_62_57_47_41_40_4_1_v85_33_1_vv140_v142_125_v105_87_81_v127_64_63_33_6_vv84_38_v128_v142_140_137_128_126_113_111_102_101_100_92_88_72_69_68_67_60_37_14_10_9_1_v75_1_v46_12_2_v79_71_3_v46_14_4_vv75_34_32_v152_102_101_99_93_84_12_vv31_v122_119_106_38_v153_151_139_138_137_124_111_90_78_53_22_21_20_11_9_7_v143_39_vvv15_v154_126_90_vv71_v151_127_124_118_111_109_90_88_67_55_54_38_37_32_14_13_v60_v31_v148_117_115_114_108_75_43_27_24_15_14_v76_65_5_v161_146_135_61_38_34_28_24_vv148_36_v76_vv157_156_117_78_v99_v124_36_33_v174_108_100_99_94_v160_72_43_vv45_v182_180_129_128_111_95_69_67_v182_129_v166_9_6_v69_67_v80_79_40_18_v81_v137_119_20_v167_157_v169_156_153_149_143_136_108_107_69_51_34_25_v190_132_v130_10_v28_v136_135_48_v196_158_110_97_62_44_30_5_v176_167_157_147_136_128_117_102_81_65_55_52_43_37_vv197_147_144_92_69_55_v163_122_90_63_53_51_18_v147_146_94_32_v205_186_4_v118_vvv125_99_96_81_69_v70_60_v100_50_v146_40_12_v212_208_207_206_205_203_201_200_199_198_197_196_191_190_189_185_181_178_176_164_163_158_156_155_154_152_151_146_142_138_137_135_132_130_123_116_114_113_112_109_108_104_102_101_96_94_93_84_79_77_75_74_72_71_64_62_61_60_57_52_50_49_48_46_45_43_42_41_38_37_36_35_34_33_31_29_25_23_22_21_15_10_9_6_5_4_3_2_1_v156_49_42_14_v70_43_1_v26_16_v196_170_165_138_102_94_91_55_12_v205_181_144_136_82_46_v213_186_173_153_151_109_84_33_6_v216_214_187_177_154_152_145_129_110_103_101_20_1_v165_133_101_v137_v136_63_54_v11_v12_1_v57_vv117_88_78_vv179_75_61_v176_158_v203_186_174_164_46_v228_v176_v224_69_37_33_v125_v233_231_204_201_180_179_162_146_134_120_118_44_41_37_18_5_v221_128_96_46_25_6_v152_26_16_v156_130_127_110_100_84_81_68_50_40_27_2_v115_79_36_v233_229_211_205_199_193_189_180_177_171_167_164_161_142_138_137_136_135_134_124_69_60_44_31_30_23_21_6_v133_30_v83_v143_76_v157_v243_241_221_214_204_189_172_156_137_130_128_112_47_28_27_v225_224_165_35_v243_217_216_206_194_181_139_114_63_29_12_2_v37_v140_41_38_7_v246_184_161_20_v167_129_v248_186_35_7_v145_126_53_51_v253_62_v255_238_237_236_223_210_203_199_194_180_177_172_169_165_161_142_137_136_135_113_101_68_56_40_35_30_28_16_4_v,258,val,5
vv2_v3_v4_v5_v6_v5_4_3_2_1_vvvv2_vvvv4_vv17_10_8_2_vvv1_vvv9_v20_v25_v26_vv11_1_vvvv23_v24_18_vv15_v15_14_6_v36_v28_vv19_4_vvv4_v33_v27_vv4_v39_33_28_12_10_v25_22_7_vvv43_37_19_v53_46_v20_2_vvvv22_18_v59_17_2_1_vv39_v53_v35_14_v52_17_13_7_v56_55_50_48_24_23_21_19_18_17_10_9_1_v56_v51_43_17_v23_v13_v47_45_21_3_v62_60_57_56_54_34_28_26_15_4_v18_v2_v73_37_v25_20_14_10_v68_63_47_45_32_16_11_v,77,train,360
vvvvvvvvvvvv12_vvvvvvv15_v18_vv18_9_vvv3_2_v19_12_v11_vv14_vv31_29_28_22_20_19_14_11_10_9_6_v16_v11_v13_v13_v32_14_2_vv34_16_15_5_2_v18_3_v5_v26_v20_12_vv31_v30_4_v37_15_1_v47_16_v32_v33_vvv47_20_v32_17_v30_11_4_v27_11_vv47_44_v16_v49_v60_48_29_vv31_v63_32_v33_vv59_52_40_9_1_v36_v52_v65_51_47_32_31_13_v62_v70_43_27_20_v66_64_11_2_v1_v64_vv63_61_60_24_22_4_1_v67_3_v23_v59_48_34_15_v,80,val,36
vvvvv1_vvvvvvv1_vvvvvvvv13_vvvvvvvv21_1_v25_v26_25_vv21_19_v12_v2_vvv26_16_vvv11_10_v18_v17_v4_v23_v14_vvvvv23_22_v42_vvv50_29_vv49_46_7_v54_32_1_vv12_vvv4_vvvvv37_10_v64_63_26_1_v35_vvv64_58_48_39_36_v68_5_v63_36_vv52_19_v49_27_8_v49_36_v79_35_v79_78_37_36_v67_48_45_v74_59_58_49_34_10_6_v32_15_v75_33_v48_29_vvv85_v68_32_v69_46_33_vv62_v9_v40_vvv85_8_v86_15_9_1_v10_v88_56_3_2_v62_21_vvv48_v10_v96_57_vvv63_48_v106_96_80_77_73_55_53_37_17_3_v30_11_1_v58_13_2_v105_104_89_80_58_29_v83_v110_85_75_48_47_23_5_vv87_77_75_50_25_7_v46_v91_vv10_v102_72_43_4_vv6_5_v107_vv72_70_17_vv117_32_31_29_vv124_69_v124_118_110_99_96_33_v104_103_93_18_16_v120_98_62_53_2_v74_26_v48_vv107_v59_v87_vv72_vvvvv139_137_135_124_123_122_116_114_98_90_86_75_71_65_54_50_49_13_2_v92_42_1_vv130_69_68_39_3_v114_94_88_v89_42_v144_70_69_v133_122_v147_145_141_133_131_122_119_109_107_106_98_94_79_75_74_73_64_44_21_8_7_1_v82_13_1_v144_v54_11_3_v53_12_4_v88_79_5_v135_91_81_48_42_39_19_v155_108_106_105_99_91_11_vv38_v105_v158_156_144_143_142_133_117_97_84_60_21_19_18_11_8_7_vv168_v130_56_v151_vv63_v138_26_v78_v150_28_v66_v155_154_116_78_42_10_v13_v83_73_5_v166_155_144_69_46_33_30_25_v82_58_v158_128_127_125_119_86_55_31_30_20_19_v103_37_vv152_v171_v122_10_v133_37_36_v124_2_v182_118_109_108_101_v168_82_44_v84_v28_v3_v162_45_12_v49_v110_53_vv119_vv20_v198_197_147_145_129_110_87_85_vv197_147_v183_28_15_vv98_97_52_25_v98_v155_138_27_vv180_97_v204_179_v179_163_156_125_v198_v208_153_v155_154_61_59_vv194_188_178_165_155_136_101_85_67_66_56_49_v213_v213_166_163_110_89_v148_v185_142_111_75_67_64_26_v168_166_113_41_v24_v217_192_v139_82_29_v142_117_116_101_80_v176_81_73_56_v154_120_92_63_v199_v164_49_13_v232_227_226_225_224_222_220_218_217_216_215_214_210_209_208_207_203_201_199_184_183_178_177_175_173_172_171_166_163_159_158_156_152_150_141_136_135_134_133_130_129_125_124_123_117_115_114_105_100_98_91_87_84_83_78_76_74_72_71_66_63_62_61_60_59_58_57_56_55_54_51_50_49_48_42_39_27_25_24_23_16_10_9_8_6_5_4_3_1_v176_51_15_v118_v84_53_2_v29_18_v134_117_96_v224_205_166_157_104_56_v140_v235_210_198_173_172_130_107_42_38_8_v64_v65_v239_238_213_203_176_175_170_151_133_128_126_25_3_v188_155_126_v190_v14_v192_134_v160_112_v46_39_v18_4_v229_v143_139_124_105_97_v195_191_v73_v45_v75_51_v203_186_v216_201_190_56_v252_v203_vv187_153_33_v252_231_106_60_53_47_43_14_8_2_v232_107_9_3_v201_v157_131_v263_262_237_212_210_194_175_152_150_49_27_9_v222_v216_v238_67_60_15_9_7_6_v221_214_194_191_131_110_58_23_v254_162_152_123_66_63_40_14_v187_185_137_41_25_v189_164_163_144_127_113_110_92_67_56_42_2_v263_243_238_201_12_v4_v268_263_249_244_237_229_224_216_213_208_204_201_197_179_175_174_173_172_171_161_98_87_61_48_46_37_33_11_v168_46_v271_246_228_126_89_14_v114_108_v201_v174_v128_51_50_v280_279_254_244_227_211_192_174_169_167_151_66_44_41_v262_261_203_53_v281_218_46_2_v70_55_v283_259_258_248_234_220_178_155_86_45_21_4_v280_205_136_v181_v286_223_199_33_v182_165_72_69_v269_262_211_46_v274_273_250_237_232_215_205_176_175_170_133_v,295,train,328
vvvv3_vv1_vvvv7_v11_5_vvv11_4_3_v7_v16_vvv12_v12_5_v21_v21_20_18_15_13_9_5_4_3_v19_1_v21_10_v5_v19_13_8_3_v5_4_v8_v21_9_4_v17_8_v31_v10_vv28_22_14_1_v15_v16_v17_8_v18_v19_3_v30_26_16_v8_v9_v21_v22_v41_23_v12_v36_17_13_v28_23_15_11_v44_19_v,50,train,75
vvvvvvvv1_v6_4_v2_v11_9_7_5_vvv9_v15_14_7_5_2_vv5_3_v13_7_v10_8_4_2_v11_v6_v13_10_v14_6_v22_15_v10_6_v26_21_11_10_4_v24_v23_9_1_v20_12_6_v15_v16_12_v7_1_v8_2_v29_23_16_v24_20_v11_4_v20_15_v33_24_21_v19_10_v40_35_29_25_19_v27_14_13_3_v35_33_25_13_3_v34_21_19_17_8_v39_26_25_10_v30_29_26_v41_35_v22_16_15_14_11_v31_26_9_v34_v33_28_v34_v52_47_34_33_v53_48_42_v31_25_12_3_v48_36_v52_51_48_45_43_42_41_30_18_6_v,57,train,489
vvvvvvvvvvvvvvvvvv13_vvvvvvvv8_vvv1_vv26_vv30_vvv11_vv18_vvv21_v5_vv18_7_vv14_13_vv46_5_v22_v33_30_vv35_32_22_15_9_8_2_vvv24_10_v49_vvv32_v55_52_6_vv60_35_2_v26_v28_vv21_vvv32_vvvvv49_46_41_12_v72_47_26_1_v39_24_2_v42_3_vv42_vvv76_71_59_44_42_v80_8_vvv63_24_v61_56_40_32_8_v56_39_v89_39_v40_v80_53_51_v73_36_17_v87_71_70_55_40_11_7_v68_9_v54_35_vv95_52_v78_36_v83_79_73_52_51_49_37_vv52_33_vv70_vvv59_19_7_vvvv74_v101_13_v102_20_14_1_v15_vv79_5_vvvv59_vvv111_89_84_81_61_60_39_17_6_v72_53_v65_11_2_v34_3_v118_72_vv73_34_vv127_97_84_56_55_27_8_v98_85_82_57_28_9_vv51_vv104_vv62_35_v91_51_39_v78_77_17_v97_v98_v99_2_v138_72_v138_133_123_106_104_31_v113_112_99_15_14_v135_106_64_55_2_v122_v105_100_91_vvv145_143_141_129_128_124_113_112_97_89_81_69_65_58_46_40_39_5_1_v92_26_1_vv145_86_25_14_13_12_v119_v120_v155_v157_140_v118_97_87_v88_38_vv144_71_69_37_11_v156_71_v144_122_v159_157_154_144_142_127_125_114_112_111_103_95_79_75_74_72_65_40_19_14_13_1_v82_1_v48_16_2_v86_77_3_vv44_19_5_v81_36_v167_113_112_110_100_91_13_vv146_145_v138_132_117_40_v170_168_155_154_153_138_122_97_83_50_26_25_24_11_9_6_vvvv72_v59_v31_v167_138_135_128_121_117_96_93_69_56_55_43_42_35_14_12_vv20_v163_127_125_124_114_78_47_27_26_14_13_v64_v161_37_v76_v169_168_120_77_v101_vv71_54_v86_68_14_v184_168_155_70_49_44_33_30_v135_37_36_v191_115_106_104_99_v176_75_47_vv164_v50_vv200_142_141_120_100_73_72_v199_142_v168_136_v185_16_9_v182_171_v86_85_43_22_v87_v151_129_24_v78_76_v188_175_169_164_157_150_116_115_76_55_37_29_v139_59_10_v31_v145_144_50_v214_173_117_102_68_47_33_4_v194_184_171_160_145_137_124_108_86_72_58_57_45_40_vv214_160_157_97_76_58_26_v137_92_v180_131_96_70_56_54_20_v161_160_100_36_29_v125_vvv131_104_101_75_v76_62_40_v105_52_v155_43_12_v230_227_226_225_224_222_220_219_218_217_216_215_209_208_207_203_198_192_191_177_176_171_169_168_165_163_160_152_151_147_146_144_140_137_130_122_119_118_117_114_113_112_109_107_100_99_97_91_86_84_81_80_78_77_66_64_63_62_59_54_53_52_51_50_49_48_46_45_44_43_42_41_40_39_38_33_31_24_22_21_20_15_9_8_6_5_4_3_2_1_v169_46_45_14_v73_46_1_v25_16_v214_190_184_147_106_v199_120_v225_198_154_145_90_50_v234_204_188_163_162_115_92_35_34_7_v235_205_192_164_163_155_135_116_108_107_21_1_v179_141_106_v146_v144_66_58_v12_v13_1_v61_v193_vv124_96_82_vv194_80_66_v222_201_188_175_47_v44_v190_v211_38_34_v202_79_v132_v253_223_220_195_194_173_153_141_126_125_49_43_39_19_6_v205_v243_136_105_48_28_8_v162_29_18_v165_138_135_109_89_74_52_43_30_2_vv255_251_231_224_216_209_205_192_189_183_179_176_172_150_145_144_143_142_136_130_68_65_47_34_33_25_23_7_v141_33_v150_81_v166_v263_241_233_220_204_183_163_144_136_135_121_49_29_28_v264_192_30_1_v265_236_235_222_209_193_146_123_65_30_12_2_v266_194_166_19_v267_238_237_211_195_148_67_32_14_4_v41_v250_249_179_42_v170_v178_v273_63_v275_259_258_256_242_226_218_214_205_191_187_182_178_172_169_148_143_142_141_118_105_65_58_42_36_30_28_15_2_v,277,val,22
vvvvvvvvvvvvvvvvvvvvv1_v18_vv22_vv8_vvvvv8_7_v13_v5_vvv30_vv19_vv36_33_5_v40_22_1_vvvvvvv30_28_24_7_v47_29_17_1_v22_17_2_v22_3_vv25_vv53_6_vv40_16_v35_26_vv46_24_11_v56_45_44_34_27_4_v56_26_v31_20_v23_vv25_vv44_v7_v32_vvv65_9_v66_14_10_1_v11_v68_3_2_v51_vvvv41_vvv75_60_57_54_45_43_29_15_6_v40_v48_11_2_v11_3_v81_53_vv88_66_59_42_41_22_6_v67_60_59_43_23_7_vvvv46_28_v57_55_12_v89_24_23_21_v93_89_83_71_23_v76_75_68_9_8_v91_2_v83_vvv99_97_96_88_87_85_79_77_69_63_59_47_43_35_31_30_4_1_v65_17_1_vv64_v78_67_62_v63_25_v104_50_48_vv107_105_103_97_95_85_78_77_71_67_55_53_51_47_25_12_8_7_1_v57_1_v33_10_2_v3_v57_v113_79_77_76_71_9_v98_97_v114_112_104_103_102_92_84_66_58_31_16_15_14_7_5_vvvv52_v40_v21_vv15_v43_v110_25_v55_v116_115_86_56_v115_94_93_91_86_61_36_24_23_15_v74_v50_38_vv65_48_13_v128_118_50_37_33_25_v133_77_74_vvv139_102_100_86_73_51_50_v138_101_v128_12_5_v126_118_v61_60_33_13_v62_v109_15_vv113_v122_109_v103_44_10_v107_40_v136_129_122_116_107_99_92_81_62_54_45_44_36_33_v150_116_113_70_20_v100_66_v126_97_69_52_44_42_v118_116_73_25_23_vvv76_73_56_v57_49_33_v77_43_v115_31_10_v164_162_161_160_159_157_156_155_154_153_152_151_149_148_147_145_141_139_137_130_129_126_125_123_122_120_119_112_111_109_108_107_105_103_99_93_91_90_89_86_85_84_81_79_74_73_71_68_66_64_62_61_59_58_53_51_50_49_48_45_44_43_42_41_40_39_38_37_36_35_34_33_32_31_29_26_25_21_19_18_17_12_8_7_6_5_4_3_2_1_v124_38_33_12_v130_56_v22_14_v132_106_58_v167_145_137_121_120_85_70_29_28_5_v168_146_139_122_121_115_102_86_80_79_17_1_v131_107_78_v158_v9_v10_1_v137_v156_144_135_127_35_v136_v93_v177_155_153_140_138_124_111_102_89_88_35_28_26_10_3_v25_v140_122_92_65_31_v169_98_88_76_35_34_18_6_v19_v100_97_80_68_52_39_31_20_2_v3_v180_177_164_159_155_152_149_141_139_133_131_129_127_112_107_106_105_104_98_94_50_48_34_24_23_17_15_8_v103_23_v183_161_152_78_50_v153_79_v188_172_166_159_149_135_122_106_100_99_91_37_21_20_v189_142_22_1_v190_169_168_161_154_143_108_93_51_22_13_2_v191_144_125_17_v192_171_170_156_145_110_53_24_15_4_v31_v180_179_135_32_v129_v192_136_88_32_v158_135_110_106_83_v,200,train,23
vvvvvvvvvvvvv2_vvv15_v2_vvv18_17_v1_v16_v15_v22_18_vv8_v20_6_v12_v29_3_v18_v26_25_v27_26_17_11_6_5_1_vv19_17_vv22_15_11_vv38_26_1_vv31_19_v33_30_25_3_v41_31_12_1_v22_11_2_v25_3_v24_v45_4_vv41_15_3_v11_v19_v20_v10_vv54_v49_17_v50_49_27_25_18_v41_vv28_vv55_v30_v47_41_39_25_17_v63_48_36_23_22_7_1_v49_37_35_24_8_2_vv62_34_32_17_vv27_v32_7_v45_v46_v47_2_v60_38_v59_47_11_10_v68_v51_26_v52_49_v67_57_41_30_v80_v10_9_8_v58_44_v77_63_v62_46_35_33_5_1_v48_47_3_v68_65_60_51_47_39_28_26_20_v76_74_v66_43_9_4_v69_65_v90_81_v62_58_53_43_40_20_19_13_v54_22_10_7_vv93_56_48_37_30_29_v57_v75_56_v89_74_v88_77_72_69_65_60_45_44_30_18_12_8_7_v58_18_5_v53_14_v101_75_45_23_10_3_v86_74_37_27_20_17_v65_40_vv67_42_13_v65_14_4_v106_95_85_69_62_61_58_56_43_42_37_24_19_15_2_1_v70_16_6_v103_82_78_61_v109_94_80_69_68_47_35_17_16_3_v110_95_83_70_69_65_54_48_47_46_9_1_v26_12_v59_27_22_v110_82_v106_95_v114_96_27_v106_87_79_75_23_v60_32_v81_v118_100_31_17_v101_v60_v91_37_19_v123_108_101_86_78_67_60_59_27_25_22_14_7_v99_v106_6_5_v105_99_82_81_78_76_21_17_v106_66_6_v67_7_v129_122_114_102_92_84_73_67_66_65_55_28_20_19_v130_89_21_1_v131_116_104_90_69_57_38_21_8_2_v132_91_76_16_v133_118_92_71_40_23_10_4_v130_129_104_100_97_85_80_69_26_v,136,train,463
v1_v2_v3_v4_v4_v2_1_vvvv9_5_4_vvv7_5_v6_1_v15_14_10_9_v16_15_11_6_1_v5_v17_vvvv22_v7_v18_16_v25_24_4_v5_1_vv24_22_19_16_11_v29_24_14_13_6_v27_v9_v30_v23_18_17_4_v33_9_v20_v20_7_v37_36_32_31_21_14_8_4_1_v38_32_22_15_9_5_2_v34_29_24_16_5_2_1_vvv20_11_v42_28_19_9_5_v39_34_29_21_15_13_10_7_6_2_v18_13_v45_v45_15_v48_37_9_4_v43_21_16_v33_v51_45_44_43_42_39_38_37_34_32_31_27_24_23_18_17_12_11_10_7_6_2_1_v37_23_16_15_14_v49_43_40_38_17_v50_45_42_38_37_25_18_16_10_2_v33_v23_5_v52_47_42_41_35_34_28_24_21_20_19_6_5_3_v57_53_43_1_v58_54_43_30_26_23_20_15_7_2_v54_32_27_9_v60_56_45_32_28_22_17_4_v61_57_39_28_v44_12_v,64,train,274
vvv3_vv1_vvvv9_v5_2_vv7_v12_vv3_v16_12_6_3_vvv16_10_v20_16_10_4_v9_v2_v13_v11_1_v5_v26_v17_v18_7_vv8_v31_20_15_12_vv1_vv23_19_1_v24_8_v24_22_v38_24_22_v17_v20_10_1_vv29_v43_29_27_5_v44_28_15_13_v45_43_29_22_1_v41_36_26_19_v35_32_12_v38_27_12_v45_v49_44_43_34_33_32_21_18_17_12_9_7_v1_v2_v,53,train,107
vvvvvvvvvvvvvvvvvvvv20_14_vvv21_6_3_v1_vvvv8_vvvv25_v27_1_vvv13_vv14_vv18_v17_vv15_4_vvvv40_v44_6_v32_26_25_vv49_v35_28_18_13_10_9_3_vv22_21_10_vv28_v25_10_vv39_v38_37_v32_v56_51_7_v61_12_v60_41_35_2_vv61_vvvvvv49_5_vvvv12_vv39_26_2_v40_vv71_67_54_43_v74_vv61_v57_52_39_31_6_v59_22_vv87_65_39_v77_58_40_39_v54_v81_65_64_53_38_10_5_v92_89_69_64_45_8_vvv72_71_31_v75_72_68_50_48_47_32_vv75_53_28_v29_1_v2_v3_1_vv57_18_7_v81_64_39_vv4_v94_12_v95_13_1_v96_73_60_2_1_v15_v22_vvvv91_17_v116_111_109_93_62_59_50_29_24_22_14_10_vv104_80_77_54_50_36_6_v46_v68_v12_3_v112_95_84_62_54_v49_v3_v31_v118_50_8_v104_v105_47_v106_96_4_v54_12_v80_v112_76_v116_113_97_79_73_45_41_6_5_v134_114_42_v89_50_39_v27_v67_39_38_15_v74_70_20_v126_32_31_30_v134_68_v131_127_116_103_31_v128_61_1_vv102_55_vv66_vv138_137_135_122_121_119_111_110_93_84_75_67_62_57_41_40_6_1_v87_1_vv149_131_128_88_20_v132_61_31_4_v112_89_v70_19_v131_v146_145_142_131_129_118_103_101_92_83_70_67_65_59_35_14_8_7_1_v74_1_v10_2_v75_67_v79_4_v138_131_81_72_39_32_28_15_v156_101_100_98_9_v127_54_v128_1_v126_123_105_36_v165_23_v157_156_142_141_140_129_112_88_76_20_19_18_11_9_v148_112_36_v47_vvv67_v55_v26_v154_131_127_121_111_90_86_59_14_vv21_v151_117_114_110_73_40_25_16_v60_v151_32_v71_v157_156_109_72_v94_vv180_69_vv177_106_96_92_v61_vv101_v183_127_123_109_65_61_v186_128_v168_11_6_v171_66_65_v77_76_39_17_v78_v136_19_v159_156_150_144_134_105_33_23_v193_127_v172_108_106_v196_135_85_v130_129_46_v199_161_107_28_5_v181_146_130_81_80_v199_144_141_87_65_v124_90_v166_118_86_59_51_49_v203_92_v209_181_41_v210_190_87_6_v147_143_93_33_v117_vvv97_94_67_v68_60_37_v98_50_v93_89_v218_213_211_210_209_208_206_205_204_203_201_200_194_193_192_190_184_182_181_166_164_158_155_151_150_148_146_142_140_137_136_133_130_128_122_114_112_111_109_107_106_105_102_100_93_91_89_81_78_77_74_72_70_69_64_62_61_59_58_52_50_49_48_47_46_45_43_42_41_40_39_38_37_36_35_32_30_26_24_23_22_17_12_8_6_5_4_3_2_v156_43_42_v145_43_2_v124_v200_199_180_174_167_164_138_107_91_89_55_37_14_13_v126_v217_149_107_34_6_v164_131_98_v204_152_135_v9_v113_v11_2_v179_v209_187_162_133_132_131_117_95_10_8_v166_161_v211_171_v235_103_12_v182_61_v209_145_v174_47_v175_v212_148_v189_76_v234_178_174_160_116_112_17_4_v116_v226_126_94_47_25_6_v26_v128_125_98_85_68_51_27_2_v225_155_143_v225_114_80_62_47_38_13_v235_216_211_196_176_170_167_163_160_141_136_135_62_47_32_28_24_23_v132_31_v241_213_153_131_64_50_19_v154_132_20_v232_164_121_v158_1_v247_191_173_137_129_125_30_v230_229_165_37_v234_164_124_v39_v36_11_v74_37_12_v261_129_38_13_v170_128_v,263,test,0
vvvvvvvvvvvvvvvvvvvv1_v13_10_vvvvvvvvvv31_vvvvvvv33_vvvvvvv35_26_vvvv33_vvv14_v50_vvvvv5_vvv32_vvvvv20_vvvv40_vv59_vvv52_29_26_14_v76_v39_v65_27_vv4_vvv49_vv78_v17_vvv49_37_vvv89_34_v90_40_1_vvv40_vv75_23_vvvv69_v52_vv76_vv102_85_78_74_71_30_21_15_13_4_v62_33_vv43_vv70_v26_v42_v43_v92_vvv49_v109_82_48_13_v83_v69_64_29_15_v96_62_48_11_v109_32_24_v116_105_v75_v55_v113_84_78_45_vv115_94_55_30_18_vvv58_vv63_28_v131_59_16_15_v134_49_44_30_v120_vv16_v128_119_105_69_64_21_5_vvvvv135_50_v147_145_124_121_116_110_72_71_59_v118_92_28_19_v91_56_27_25_vv127_18_v144_129_122_34_vv25_24_vv105_53_vv103_82_49_15_vv1_v148_146_125_89_83_72_71_47_41_34_31_25_20_19_v90_1_v125_111_22_2_v153_v103_90_17_13_v134_87_vv30_v15_v165_155_118_49_9_7_v42_vv122_v54_v100_99_95_v65_v61_vv138_116_v134_v178_176_175_174_168_166_159_149_145_138_134_130_128_109_104_102_99_98_95_92_91_89_86_70_68_67_66_61_54_53_52_51_49_46_44_43_40_36_32_27_19_17_16_14_8_2_v9_v172_159_155_36_32_6_5_vv38_v91_5_v112_27_v137_40_27_vv169_120_v188_138_99_91_62_61_54_42_v182_v154_151_12_vv17_v15_v88_64_46_v126_v196_146_141_107_106_77_69_62_50_v187_59_19_v49_v61_v195_192_173_138_107_85_73_64_59_56_38_20_19_14_8_2_v133_23_vv58_v135_130_71_66_59_46_33_26_v183_141_101_98_60_v28_v156_29_v136_94_14_v184_147_96_61_60_49_34_9_v212_201_2_v193_v212_162_157_123_122_93_66_24_16_v132_59_55_35_14_v206_177_49_v195_191_176_143_87_85_v164_153_145_39_v212_209_199_37_17_v89_v136_67_19_v42_v176_162_59_30_v202_170_151_150_109_90_82_42_v110_87_79_74_42_23_v26_v81_v82_vv179_174_113_11_v211_130_v229_188_v229_187_184_182_181_152_145_142_141_114_105_104_97_92_85_80_65_61_38_35_19_17_v7_v152_20_v146_130_v168_73_35_3_vv57_45_28_14_v10_v153_vv239_129_124_123_63_37_v240_207_124_109_84_75_64_1_v204_53_vv67_v177_88_68_v99_v139_v71_v237_178_155_12_v220_126_124_120_v13_v232_105_79_73_61_44_v76_v207_168_77_60_v147_vv154_116_v81_v80_68_vv262_212_173_165_136_135_128_116_v189_167_151_85_v253_244_225_197_192_144_137_114_40_16_8_v46_v242_223_208_194_157_89_50_16_2_v92_67_v143_141_116_102_37_v220_111_91_55_v144_143_104_92_39_v93_v155_68_v60_57_v242_226_218_205_170_96_v171_97_vv275_242_160_144_35_vv178_85_v256_241_213_208_90_37_v263_v134_102_90_v217_200_118_15_v161_v205_188_138_116_107_78_54_36_v1_v250_238_129_125_117_109_56_47_35_2_v266_224_214_195_189_171_84_59_v289_200_93_v290_235_200_171_165_102_94_78_59_28_v291_194_v292_202_167_104_96_80_61_30_v113_101_v114_102_34_v147_115_103_v165_152_122_121_87_73_59_14_1_v235_97_v146_120_89_47_33_30_v164_85_16_v246_142_135_122_72_1_v268_232_168_163_156_143_123_104_102_v204_140_v304_283_280_v284_200_82_69_6_1_v250_186_168_127_15_13_v145_141_23_7_v289_240_175_43_1_v290_251_250_241_206_192_188_44_42_v291_196_129_2_v165_v301_v260_172_157_96_90_v100_v227_v278_224_204_191_188_156_64_17_v268_233_212_163_158_138_v195_v268_229_228_191_172_106_43_v319_269_230_229_222_198_185_30_29_28_27_1_v302_13_2_v172_121_120_104_v324_305_280_265_250_218_160_144_128_120_105_61_53_v301_259_4_v302_260_217_185_179_119_v317_251_234_198_125_v318_274_220_213_206_199_186_118_109_60_14_v277_237_181_139_131_115_65_36_v275_185_128_40_v266_224_152_63_v186_104_v277_173_153_103_31_6_v278_228_174_154_104_32_9_7_1_v286_155_92_57_8_v230_156_v231_157_v232_21_v233_110_v269_234_227_214_179_80_v236_161_v291_73_v192_141_v251_209_193_164_142_v158_v283_272_36_v284_273_37_v285_38_2_v199_v221_217_180_134_97_v218_181_118_v348_331_317_315_310_301_281_267_263_239_238_233_232_227_226_223_212_192_191_189_183_180_165_146_108_96_81_49_34_28_v216_173_107_1_v283_194_174_83_16_2_v318_220_175_3_v285_196_16_4_v240_127_v340_211_178_v179_100_v216_180_100_v181_128_v346_202_182_v198_183_v350_204_184_v285_269_267_185_127_30_v354_294_252_211_186_101_86_48_31_v300_285_240_239_238_234_223_214_195_187_114_95_90_88_78_64_17_16_v210_188_44_v364_v251_v5_v31_v254_211_5_v214_103_v335_313_197_v285_v104_v249_78_v177_142_35_v320_v382_351_235_187_91_v354_325_290_261_249_242_234_201_192_184_168_129_105_93_79_32_31_24_v236_182_v385_238_v278_199_151_148_v257_130_19_4_v37_20_1_v239_141_51_v23_v262_v263_244_190_v278_v360_266_v94_v266_v362_346_120_v347_v,399,test,1
vvvvvvvv1_vvvvvvvvvvvvvv1_v20_vv24_vvvv14_v6_5_v11_v17_vvv30_vv17_vv19_vvvvvv26_24_20_6_v45_25_15_1_v2_v3_vvv47_42_33_22_v51_6_v46_v36_15_v31_24_v24_v43_22_11_v53_23_14_v55_42_41_30_26_8_5_v45_21_v30_vvv39_vv8_vv60_8_v61_12_9_1_v62_44_38_2_1_v11_vvvvvv71_43_v69_53_49_40_39_26_12_v1_v38_vv12_4_v79_78_65_54_45_25_v83_59_54_39_38_20_6_v60_55_54_40_21_7_vv36_v42_25_v19_vv53_52_13_v84_24_23_22_v89_84_77_64_22_v70_69_64_10_9_v86_44_2_vvvv95_93_91_82_81_79_72_70_65_60_57_48_45_40_33_31_30_4_1_v23_1_vv43_20_3_v98_46_45_v89_v101_99_96_89_87_76_72_71_66_63_51_49_46_43_23_10_6_5_1_v53_1_v33_8_2_v57_3_v32_10_4_v54_27_v85_41_v91_90_v109_107_97_96_95_84_79_63_54_36_15_14_13_8_6_4_v31_vvv50_v19_v41_v100_21_vv17_v43_v57_47_7_v116_105_43_30_26_23_20_v55_v111_110_85_56_v110_91_90_89_61_37_vv74_v127_80_72_71_v115_52_33_vv35_vv135_98_97_84_72_52_51_v121_10_6_v60_58_33_10_v61_v48_v104_13_v107_v98_7_vv103_40_v128_121_116_110_87_61_52_32_v95_v92_66_49_43_41_14_v7_vv113_112_73_23_v92_vvv77_73_65_56_v57_51_33_v77_44_v113_30_12_v159_158_157_156_155_153_151_150_149_148_147_146_143_142_141_139_135_132_130_126_125_122_121_120_119_118_117_110_109_107_106_105_103_100_97_92_91_90_88_87_86_80_79_78_75_74_72_68_66_64_62_61_59_58_55_53_52_51_49_46_45_44_43_42_41_40_39_38_37_36_33_32_31_30_29_28_26_22_21_20_18_14_11_8_6_5_4_3_2_1_v132_125_116_95_70_57_10_v126_103_96_58_v161_137_131_117_116_84_68_27_26_3_v162_138_133_118_117_111_99_85_79_78_17_1_v104_77_v151_v7_v8_1_v8_7_v89_86_70_64_v112_v150_140_132_125_35_v144_129_96_76_12_v93_v173_149_136_135_122_110_90_89_31_28_12_3_v162_97_74_34_16_4_v17_v99_95_78_67_49_39_31_18_2_v170_125_v174_170_156_150_149_146_143_137_136_129_127_125_123_110_107_106_105_104_102_93_55_48_34_22_21_17_15_6_v102_21_v177_153_152_146_116_105_78_50_37_13_9_v147_117_106_86_79_14_10_v182_164_158_153_144_131_119_105_99_98_89_37_21_20_v179_156_126_81_24_v184_139_23_2_v185_162_161_156_149_140_108_92_50_23_12_3_v186_163_162_150_141_109_51_24_13_4_v187_142_124_17_v30_v173_172_131_31_v176_165_159_152_131_126_104_81_23_v,192,test,2
vvvvvvvvvvvvvvvvvv9_v10_vvv2_vv9_vvvv26_vv23_vv20_vvvvvvvv39_35_29_22_v4_v31_10_v38_25_vv37_17_8_v44_18_10_v46_37_36_29_21_7_5_v25_15_v3_v17_2_v3_v4_1_v49_v50_9_1_vvvv49_10_vvv56_46_43_42_30_29_20_12_6_v1_v38_29_v21_3_vv66_65_64_55_48_46_36_35_20_v64_40_v53_44_31_7_v54_45_8_vv57_v42_v40_25_23_7_vv44_43_14_vv76_72_59_v73_38_35_1_vv41_vv81_79_78_72_71_70_66_64_55_50_48_42_40_35_33_29_28_4_1_v16_1_v41_37_20_2_v24_v84_41_40_v86_84_82_76_69_62_61_60_55_53_45_44_43_40_23_9_5_4_v28_6_1_v22_7_2_v77_51_46_24_19_18_10_v61_20_v91_89_82_81_74_65_54_45_25_11_10_9_5_4_3_v72_27_v33_v13_v84_14_v36_22_v66_54_8_v88_68_67_24_14_v33_v96_89_37_23_19_17_14_v84_v72_18_v103_64_61_57_v95_42_23_v88_22_v25_v91_v78_77_68_41_40_v49_47_23_11_v50_v84_v112_95_vv81_28_v105_101_92_87_69_47_31_23_vv52_1_v87_58_22_v120_v102_77_57_39_34_33_14_v10_vv93_92_63_27_25_v124_107_v65_62_52_44_v45_40_v65_36_v30_13_v129_127_126_125_120_119_118_114_112_104_103_99_98_96_92_89_88_86_83_77_76_75_74_73_67_62_61_55_53_52_49_47_42_40_38_37_36_35_34_31_26_20_19_15_9_6_4_3_2_1_v114_103_95_83_57_45_8_v104_86_84_46_v128_115_93_90_55_34_v119_97_73_25_4_v120_111_98_94_74_67_66_19_1_vv106_v107_72_v116_106_89_88_87_81_66_8_7_v77_74_64_58_53_v95_v24_v25_v127_109_85_65_13_v82_v131_115_114_105_78_77_30_12_v141_122_111_v87_18_v88_85_67_59_50_39_33_19_1_v148_145_136_132_126_124_121_116_115_112_109_108_106_96_94_93_90_85_83_80_50_46_35_22_21_16_14_5_v90_21_v151_135_134_124_104_93_66_48_38_13_8_v125_105_94_74_67_14_9_v139_130_122_113_93_86_85_38_20_19_v153_138_109_69_24_v141_132_119_95_47_21_10_2_v147_146_110_27_v143_121_97_49_23_12_4_v148_143_112_42_41_21_v151_130_128_112_89_70_21_v,161,test,3
vv1_vvvvvvv4_vvvv10_vvv9_4_v5_3_1_vvvv15_vv7_vv20_v14_vv1_v16_v27_vvvvvvv27_1_vv30_v24_vv37_vv25_v10_vvvvvv51_29_2_vvv8_v2_vv31_v25_v14_v16_vv57_v62_v61_34_14_v26_14_13_vv12_v24_vv38_vvv61_59_56_v35_vv22_vv11_v56_v36_16_v68_59_46_42_40_36_34_30_7_v49_23_1_v2_v3_v4_v82_79_74_72_69_63_60_48_33_29_19_13_11_v5_v7_v69_56_vv12_v55_v80_27_24_14_v51_44_30_19_v24_1_v84_82_80_23_10_v43_v33_24_17_v94_v94_87_65_61_28_12_5_v49_13_v50_28_21_v102_100_73_72_60_57_53_42_39_27_23_13_9_6_v18_v87_v101_56_v102_v103_v104_101_100_94_89_85_66_61_53_32_v105_v25_v99_v27_v28_v64_v30_v117_84_72_v85_v33_3_v107_54_51_41_v88_63_28_1_v65_49_36_v18_v27_v16_v121_v48_4_v127_125_117_101_98_96_95_94_91_89_88_84_82_75_61_52_49_42_35_31_25_23_8_v35_24_6_v,130,test,4
vvvvvvvvvvvv11_v7_5_vvvvv6_vvvv22_vvvvvvvvv28_vvvvvvvvvv10_v40_vv20_vv4_v27_vvvvvv32_v45_vv41_20_18_9_v57_v27_v50_19_vvvv35_vvv33_25_vv66_22_v67_27_1_vvv48_28_vv59_18_vvv51_v38_v76_65_59_53_50_21_15_11_9_1_v44_24_vvv49_vv31_v32_v71_vv57_v2_v83_60_37_12_vv62_v52_48_25_15_v48_39_12_v85_28_20_v57_v44_v88_60_36_vv90_72_45_25_18_vv47_vvv52_27_v104_49_16_14_v106_43_39_29_vv58_v102_97_82_57_53_20_4_vvv91_22_vv108_44_v117_116_102_99_95_87_61_60_52_v97_74_27_18_v73_50_25_23_v71_v105_18_v116_107_101_33_vv24_23_vv86_48_v118_116_98_73_68_61_60_42_36_29_26_20_16_15_v74_1_v98_88_18_2_vv123_v84_76_14_10_v44_vv26_v12_v134_126_96_44_10_8_v38_vv100_v50_v86_85_v56_vvv144_143_142_141_137_135_132_121_117_111_109_106_104_92_88_86_84_83_82_80_79_78_75_64_62_61_60_55_48_47_46_45_44_40_38_37_35_31_27_22_18_15_14_12_6_1_v139_131_128_30_26_4_3_v131_98_76_v122_v33_v80_5_v96_v113_35_26_vvvv70_v145_105_v157_117_91_83_69_59_58_51_40_vv127_15_v18_v17_v162_122_118_96_95_76_70_63_56_45_v156_54_19_v44_v56_v162_160_147_119_96_79_67_58_54_51_36_21_19_13_6_2_v23_v116_112_63_59_52_43_29_24_v154_121_92_53_v26_v27_v118_v156_126_88_54_53_46_31_7_v155_84_v164_v176_136_132_110_109_84_59_19_14_v52_33_12_v103_v173_148_46_v167_148_126_79_v111_v178_176_171_37_16_v65_vv33_v124_63_34_20_1_v43_v142_58_v176_148_135_104_85_78_44_v180_140_105_82_75_70_43_35_24_v27_v77_v78_v155_151_107_12_v184_120_v195_161_159_157_156_136_132_130_129_107_98_97_90_86_79_74_62_58_35_34_20_17_v5_v121_v148_69_33_2_vv56_41_28_11_v8_v202_119_114_112_59_35_v203_175_113_99_79_69_60_1_v61_v154_81_62_v126_v64_v168_101_v156_138_8_v185_114_112_109_v198_93_71_67_52_39_v69_v176_149_70_v134_v139_103_v73_v73_58_v219_179_153_145_121_120_113_102_v164_147_136_76_v135_133_64_v179_v215_210_191_172_169_130_124_102_32_16_8_v38_v68_6_v141_36_34_v193_182_173_146_17_4_v125_86_62_44_v132_130_106_101_95_33_v191_105_86_51_v133_132_97_87_35_v78_v89_v145_66_v197_183_158_91_v159_92_v222_189_167_162_59_vv238_210_150_134_35_17_vv209_190_187_82_v231_v124_98_83_v159_54_v183_112_90_16_1_v185_172_102_75_50_38_v216_208_122_117_109_103_51_1_v136_74_58_v234_201_193_179_174_160_81_71_54_v235_202_180_175_55_v251_185_89_v252_208_185_160_155_95_90_76_56_33_v253_179_v254_187_157_97_92_78_58_35_v110_95_v111_96_38_v138_112_97_v68_57_v157_144_118_117_86_69_58_16_2_v70_v214_95_78_v139_118_89_51_38_33_v156_84_18_v221_139_131_120_70_1_v238_213_160_156_149_140_121_102_100_v192_v137_v255_191_79_69_6_v225_177_125_17_15_v141_137_25_7_v260_220_167_48_1_v261_227_221_179_49_45_v262_188_128_2_v233_163_85_v244_207_192_179_176_149_64_13_v229_123_93_15_v239_215_200_153_152_133_v238_212_211_192_179_161_102_53_42_12_v279_239_213_212_205_185_173_28_27_26_25_13_1_v269_9_2_v3_v162_116_115_100_v229_206_153_139_101_53_v279_269_236_5_v279_229_217_186_119_53_v280_245_207_201_193_187_175_114_104_59_12_v247_220_170_130_125_111_68_34_v266_246_174_142_122_107_51_39_38_v267_247_219_1_v220_2_v221_3_1_v177_99_v250_168_149_99_29_8_v251_217_169_150_100_30_10_9_1_v258_151_92_57_10_v208_139_39_v220_153_v221_154_v222_24_v223_v249_224_218_205_175_85_v158_v200_161_75_v265_76_v185_168_147_139_v238_201_186_162_140_v253_35_v254_36_v210_207_173_130_98_v208_174_114_v310_299_284_282_278_272_259_249_246_228_227_222_220_216_215_212_202_186_185_182_176_173_160_143_107_98_81_46_34_28_v205_168_1_v261_188_169_83_14_2_v285_209_170_3_v263_190_14_4_v229_185_122_v201_173_v174_v206_175_103_v176_124_v196_177_v178_v314_198_179_v265_253_251_180_124_29_v318_272_241_201_181_105_85_48_30_v277_265_229_228_227_224_213_204_188_182_115_95_90_87_79_61_17_16_v183_44_v239_v4_v241_203_3_v206_101_v233_70_v167_134_27_v336_314_219_174_85_v317_291_268_243_233_226_218_178_173_159_124_99_88_70_26_25_18_v338_221_v259_187_140_138_v239_125_12_3_v30_13_1_v15_v242_v,344,test,5
vvvvvvv3_vvvvvv1_vvvvvvvv21_15_vvv9_4_vvvv1_v1_v6_vv11_vvvvvvvv34_v21_v38_35_vv40_vvvv36_v23_v2_v17_vv41_27_v8_v23_5_vv15_13_vvv57_6_v3_v44_36_v28_vvv48_40_27_16_12_11_4_vv28_12_vv38_v15_11_v51_vvv71_40_v70_65_7_vv75_43_2_vv24_vvv55_v84_v53_v52_50_44_8_v83_80_51_24_1_v38_22_2_v3_vv41_vv84_79_62_44_41_v87_7_v83_vv65_57_39_29_6_v67_20_v89_37_v85_62_38_36_v87_52_49_v93_73_71_53_35_9_4_v103_102_71_66_44_7_v51_28_vv103_50_v81_29_v88_82_76_50_48_46_30_vvv69_vvv56_17_6_vvv112_v105_11_v106_12_1_v107_77_58_2_1_vv97_94_15_v72_v24_vvvv102_16_v63_v130_62_27_25_v127_117_89_82_78_54_53_37_18_6_v87_v68_50_v33_14_3_vv127_105_87_62_59_v62_15_6_v131_96_81_52_51_27_7_v97_82_76_53_28_8_vv48_v102_v122_73_63_v126_123_101_76_70_45_41_4_3_vv146_125_109_43_v89_86_50_39_v28_v72_71_18_v137_32_31_30_v97_v98_v99_2_v148_72_v146_141_128_106_103_33_v114_112_99_18_17_v143_105_64_56_2_v104_58_v105_99_86_v141_102_46_13_vvv154_152_150_134_132_128_116_114_94_85_80_70_65_61_50_45_44_6_1_v161_v89_2_vv165_146_v107_52_47_v116_91_85_v85_74_23_v150_70_69_37_8_vv89_42_v148_126_v166_164_161_148_144_126_123_110_108_106_97_92_77_75_74_73_65_41_18_12_10_1_v81_1_v14_2_v133_30_v83_76_v87_79_5_v81_45_39_37_v176_107_106_104_98_90_13_v20_8_vv142_65_v140_136_132_112_44_v178_176_160_158_156_138_118_96_85_25_24_22_12_10_4_v167_118_45_v53_vv16_v179_144_139_97_v132_96_v191_v175_139_135_127_117_115_98_95_74_65_63_44_43_36_17_14_v161_33_v66_48_v167_123_121_120_114_81_49_29_25_16_14_vv186_165_148_66_43_37_29_25_v70_v39_vvv156_v76_46_v107_v131_39_35_vv201_117_109_108_103_v182_78_48_vv164_42_6_v51_v115_v212_209_139_138_122_105_78_77_v211_139_v191_190_8_v78_77_vv62_v91_89_47_24_v92_v149_132_26_v216_176_v193_176_172_166_158_148_120_117_81_62_40_32_31_v193_176_v142_12_v197_126_124_v35_24_v149_148_56_v229_178_171_161_124_116_111_73_54_37_6_v202_191_176_160_149_131_94_77_64_60_51_44_vv229_160_157_104_81_63_38_v183_136_102_73_61_59_22_v237_205_49_v161_160_107_41_40_v239_218_5_v133_vv233_193_vv140_113_110_81_v184_129_124_13_v199_185_v84_72_v162_50_15_v244_243_242_241_240_239_238_236_235_233_232_227_226_224_222_221_220_218_214_205_202_200_182_180_174_172_171_170_168_166_159_158_155_154_151_149_147_139_132_131_130_127_124_123_122_116_114_111_110_108_100_94_92_88_87_84_83_75_73_72_69_68_62_60_59_58_53_51_50_48_47_46_45_42_39_37_31_27_26_25_18_13_11_8_6_5_2_1_v172_59_52_17_v118_64_2_v176_75_v84_55_3_v228_199_192_184_182_157_124_111_108_66_45_17_15_v241_206_162_154_98_57_v249_214_193_170_169_125_100_40_7_vv254_251_216_201_172_171_164_147_127_120_119_25_2_v183_152_118_v157_v190_155_75_66_v13_v14_1_v198_v70_v138_v134_131_104_92_vv269_126_15_v202_92_75_v239_168_51_v236_209_194_185_56_v113_67_v196_v243_172_v264_228_84_56_45_41_5_1_v229_6_2_v212_92_v146_32_30_v276_273_238_229_203_202_186_169_157_142_141_53_52_47_24_8_v121_75_8_v228_209_v235_63_12_8_7_6_v262_153_118_60_35_12_v179_36_24_v182_155_152_123_105_88_64_53_37_2_v184_172_v142_100_79_49_19_v275_249_240_232_222_216_206_198_195_191_189_170_163_162_79_58_41_38_37_33_30_v159_41_v271_211_191_148_34_v283_243_180_163_82_26_v177_172_98_v186_134_3_v291_288_261_253_238_217_201_184_164_157_156_139_62_39_37_v267_265_194_47_v188_153_v291_211_187_26_v292_257_255_242_224_212_168_143_83_41_19_4_v51_v47_13_v93_48_14_v303_180_160_49_15_v297_217_48_9_v303_287_284_279_262_243_231_227_223_209_206_202_198_193_190_175_165_164_163_138_124_86_71_51_45_39_37_17_8_v,306,test,6
v1_vvvvvvvv7_vv7_3_v8_4_v5_3_1_vvv4_v9_vv1_v18_vvvvvv20_1_vv23_v25_21_18_v18_vv17_vvvv3_v2_v21_v16_v32_v9_vv43_v42_24_10_v17_vv10_v16_vv28_v43_41_38_v44_v25_vv19_v9_v41_v26_14_v50_31_6_v37_1_v58_57_53_51_48_45_44_34_26_23_14_10_7_v39_vv7_v39_v57_20_17_9_v36_33_27_23_13_v60_58_56_17_7_v33_v61_42_v71_69_51_50_40_38_37_29_27_16_13_8_4_2_v11_v59_v13_v14_v15_v16_v17_1_v56_v57_v71_13_v73_36_33_25_v60_44_17_1_v46_33_23_v12_v78_76_73_18_14_5_v18_v31_3_v89_87_82_71_69_67_66_65_63_61_59_57_56_54_42_34_32_28_23_20_18_16_7_v23_17_5_v,91,test,7
vvvvvvvvvvvvvvvvvvvvv19_vvv7_vvv7_6_vv11_vvvv15_vv31_29_4_v35_18_1_v13_vvvvv25_23_21_6_v41_24_14_1_v2_v3_vvvv47_6_vv35_15_v32_23_vv49_39_38_29_24_3_v12_vv28_v22_vv24_v40_vvvv41_v59_8_v60_12_9_1_v10_v56_45_13_4_vvvvv66_53_49_48_40_38_25_12_4_v35_v43_8_2_v3_v73_62_53_44_v77_58_52_37_36_18_5_v59_53_51_38_19_6_vv13_v40_v50_48_10_v80_77_71_60_17_v66_65_59_7_6_v79_2_v71_vvv86_85_84_76_75_73_68_66_60_55_51_40_37_29_25_24_4_1_v57_1_vv70_v71_vv71_61_56_v57_24_vv95_94_92_86_84_75_70_69_64_60_49_47_46_41_23_13_9_8_1_v51_1_v11_2_v3_v51_26_v101_72_70_69_64_8_v37_v102_101_93_92_91_82_76_60_53_17_16_15_7_5_v30_vvv48_v38_v22_vv15_v41_v99_26_v50_v105_104_79_51_v104_87_86_84_79_57_36_23_22_15_v68_v48_38_vv90_27_26_18_v120_71_67_vv103_vv127_95_93_80_68_50_49_v126_94_v117_12_6_v115_108_v59_58_33_13_v60_v102_15_v100_v95_41_8_v98_38_v123_118_112_107_98_91_85_75_59_53_42_41_34_31_v136_107_104_66_18_v92_v116_89_65_51_42_40_vv110_108_70_24_22_vvv73_70_56_v57_48_32_v74_42_v108_30_11_v151_149_148_147_146_145_144_143_142_141_140_139_137_136_135_133_131_128_126_121_120_118_117_115_113_112_111_105_104_102_101_100_98_97_92_88_85_84_83_81_80_79_78_76_72_71_70_67_66_64_62_61_59_58_52_50_49_48_47_44_43_42_41_40_39_38_37_36_35_34_33_32_31_30_28_26_25_20_18_17_16_13_9_7_6_5_4_3_2_1_v116_37_32_13_v20_14_v130_85_v153_134_126_113_112_81_69_27_26_4_v154_135_129_114_113_107_95_82_77_76_17_1_v123_v7_v125_81_v9_2_v92_v143_133_126_119_33_v31_v128_vv144_138_23_1_v165_146_143_133_131_118_106_98_88_87_35_30_28_12_5_v132_115_64_32_v157_95_76_34_18_7_v19_v97_94_80_67_51_38_32_20_2_v164_147_145_142_140_132_125_123_121_119_105_101_100_47_34_23_22_17_v99_22_v172_157_153_147_138_125_113_100_95_94_88_35_19_18_v114_9_v174_156_155_149_143_133_102_90_47_20_9_2_v175_134_116_15_v176_158_157_145_135_104_49_22_11_4_v177_136_24_5_v29_v166_165_127_30_v117_113_v147_125_102_79_v,184,test,8
vvvvvvvvvvvv11_5_vvvv4_vvvvv14_vvv10_v12_v12_v11_vvv25_v20_17_v30_v22_19_6_2_v13_v19_v26_v7_vv27_v27_vv40_10_v40_25_v37_1_vv46_vvv2_vvvvv11_vv47_41_32_vv43_15_vv44_39_26_v53_30_v31_v39_v42_v29_v56_30_14_v58_52_43_11_9_v67_62_52_48_38_11_vvvv58_29_v59_57_42_30_v45_26_v27_1_v2_v3_1_v12_vv55_35_v2_v10_v18_11_1_v62_53_2_1_v13_v72_12_v87_86_82_53_50_41_28_19_17_8_6_v55_v65_63_48_46_11_v86_81_80_75_66_62_50_49_24_v41_vv23_vv39_v75_3_v65_v86_63_v88_87_77_65_59_38_31_5_4_v99_88_80_32_v53_27_26_11_vv62_60_14_v97_55_v96_81_20_vv52_v99_93_90_84_65_52_50_41_30_26_25_v107_97_67_12_v84_67_v54_v100_49_45_4_v103_48_47_v100_v106_100_91_72_57_53_52_48_7_1_v59_48_v98_62_55_27_21_18_10_v111_75_74_8_v97_35_v98_1_v81_25_v20_v114_108_99_56_15_8_v112_89_26_v35_v92_83_66_64_39_9_v112_86_84_24_17_9_v104_v129_42_vv122_75_68_64_59_v38_v109_21_v111_v94_92_v129_93_v6_v43_42_v103_v131_116_v107_98_72_20_15_v135_93_v127_75_73_vv145_128_99_58_1_v97_31_v109_97_56_55_v58_v142_106_60_45_v63_v151_64_v151_136_28_v112_110_64_26_v83_v154_143_64_16_8_v84_v148_133_v69_56_50_v66_63_v153_152_151_145_142_136_119_117_102_98_93_78_77_75_65_57_55_46_43_37_35_33_29_23_14_7_2_v118_34_v139_126_110_88_60_49_8_v149_136_132_128_124_103_76_65_63_39_33_11_8_v128_98_90_51_v141_109_102_38_v113_98_v123_95_72_v127_78_v82_v141_122_95_94_93_84_69_8_6_v81_63_56_v125_123_v131_v173_76_11_v109_v160_108_v134_42_v135_v163_111_v157_129_92_74_18_v140_138_4_v88_v131_v167_39_v96_77_68_63_58_25_v173_118_106_v87_63_57_42_32_13_v178_167_164_137_130_126_105_57_42_21_v180_166_165_153_115_101_76_58_44_19_9_v154_116_102_84_77_20_10_v148_102_v182_169_126_79_30_v124_94_v31_7_v65_32_8_v195_98_33_9_v195_186_185_183_175_166_157_154_148_140_136_129_125_123_117_110_103_102_101_88_80_59_50_34_31_27_24_10_4_v,198,test,9
vvvvv5_vvvv7_5_1_vvv7_vv10_6_5_v9_vv10_1_vv17_5_v5_vvv21_15_v1_v2_v3_1_vv26_20_4_3_2_vvvv29_12_v31_v19_11_6_v20_vv31_20_v37_35_34_25_24_20_17_16_9_3_v1_v17_12_vvv30_v42_11_8_v3_2_v40_36_35_31_v24_23_19_9_v46_44_40_34_v47_v12_v14_v34_14_v33_v3_vv53_47_33_28_24_23_21_20_12_8_5_v48_34_29_21_13_9_v20_v15_2_v37_36_32_13_v59_57_52_47_28_v60_vvv65_60_59_58_55_54_53_52_50_49_48_45_42_38_37_35_34_28_24_23_22_20_19_15_12_11_10_2_1_v,66,test,10
vvv3_vvvv6_1_vvv7_vv6_5_v9_vv10_1_v15_4_v4_v17_12_v1_v2_v3_1_vv22_17_4_3_2_vvv24_9_v26_v15_10_5_v16_vv27_16_v30_21_20_3_v15_10_vvv25_v36_10_7_v3_2_v35_31_30_26_v22_21_17_8_v40_35_29_v41_v11_v13_v28_v2_vv46_41_30_25_22_21_19_18_11_7_4_v42_31_26_19_12_8_v13_1_v33_32_28_11_v51_45_40_25_v52_vvv56_53_52_51_48_47_46_45_43_42_41_39_38_34_33_32_31_25_22_21_20_18_17_13_11_10_9_2_1_v,57,test,11
vvv3_vvvv6_1_vvv7_vv6_5_v9_vv10_1_v15_4_v4_v17_12_v1_v2_v3_1_vv22_17_4_3_2_vvv24_9_v26_v15_10_5_v16_vv27_16_v30_21_20_3_v15_10_vvv25_v36_10_7_v3_2_v35_31_30_26_v22_21_17_8_v40_35_29_v41_v11_v13_v28_v2_vv46_41_30_25_22_21_19_18_11_7_4_v42_31_26_19_12_8_v13_1_v33_32_28_11_v51_45_40_25_v52_vvv56_53_52_51_48_47_46_45_43_42_41_39_38_34_33_32_31_25_22_21_20_18_17_13_11_10_9_2_1_v,57,test,12
vvvv4_3_vvvvv1_v4_vv5_vvvv11_v15_13_9_6_v8_1_v16_v20_16_vv18_2_v16_6_v20_4_vv18_17_12_v8_v18_v12_4_2_vv2_v25_9_v7_v22_6_v9_vv24_10_v36_v34_33_32_24_23_11_9_7_v36_v37_21_17_v31_21_15_10_7_v36_20_11_9_v40_v6_v27_23_20_17_9_4_v24_5_v31_12_v30_20_12_3_2_v11_v32_22_14_9_5_v33_23_15_10_6_1_v34_24_16_11_7_1_v15_v,55,test,13
vvvv3_vvvvvv1_vvvv13_2_v3_v8_5_vv12_2_v13_v17_v20_v16_15_14_13_12_10_2_v17_7_v24_19_v18_v26_21_4_v20_5_v13_v14_v8_5_v9_v17_4_v19_11_v31_v29_19_12_v33_26_21_2_v36_21_15_5_v38_36_33_19_3_vvv32_30_25_v38_29_28_27_25_21_20_13_10_5_2_v32_14_11_2_v38_28_9_6_v39_23_18_14_12_3_v39_v35_14_10_v26_vv18_1_v29_19_v30_20_v53_52_46_37_31_29_27_21_15_11_6_v22_3_v54_39_33_13_v53_34_32_30_v41_v36_25_v50_27_v38_28_23_21_11_7_v,61,test,14
vvvvvv1_vv3_v4_v5_vv7_vvv8_v10_8_7_6_4_vvvvvvvvvvvvv4_vvvv8_vvvv12_v16_vvvvvv6_v19_v4_v29_27_v43_32_26_4_v9_v25_v33_4_vvvvv13_v49_46_33_7_v48_v34_vvvv58_38_vv60_vvv43_v21_3_v13_vvvv37_vv65_34_30_vvv68_37_33_v66_v10_vv58_20_9_v49_v84_23_v75_vvvv77_73_17_v55_v6_vvv44_vvvvvv44_v22_v58_v103_74_69_42_29_26_23_20_v80_74_71_68_48_41_38_v1_v76_75_70_50_41_20_13_2_v23_v98_v55_v62_v75_v41_9_v109_98_56_44_v90_v11_vvvvv95_v122_120_119_118_117_108_103_101_95_94_92_83_82_76_73_70_68_61_51_48_47_43_42_41_34_28_25_24_20_13_11_9_5_4_2_1_v98_v39_2_v28_3_v4_v119_72_67_55_38_17_v6_v2_v73_3_v62_25_24_v110_88_84_38_13_v86_76_v92_58_v110_99_78_45_31_28_13_v111_99_79_v76_66_56_33_15_v16_v103_v116_115_83_33_v96_84_33_v135_131_127_119_105_101_81_74_65_42_v118_112_v13_v118_23_v135_122_121_93_90_83_82_57_54_53_41_39_16_11_6_5_v125_109_104_103_99_65_48_47_28_6_v26_v115_v28_v29_v105_101_57_v143_95_83_39_v117_32_14_v8_v14_v110_v104_36_v37_v52_28_v104_95_72_v105_v116_112_68_67_30_11_v42_25_v,165,test,15
vvvv2_vvvvvv9_vv8_v9_v4_vvv13_5_v1_vvv7_vv19_vv17_14_v22_v10_9_5_v14_v16_12_6_3_v20_vv32_v29_4_vvv14_vvv38_vvv28_24_15_vvv20_v21_v42_32_v47_45_34_32_25_7_v30_14_v39_16_v46_14_vvvv4_2_vvv58_57_54_31_29_26_15_10_9_7_3_vv9_v54_v13_vvv47_3_v17_v57_39_31_v60_58_48_41_37_23_20_5_4_v20_v69_60_54_22_v20_v67_21_3_vvv70_24_22_15_3_vv28_5_vv55_v9_v30_24_v45_v77_73_vv44_37_v40_21_18_v77_59_20_v79_66_64_61_54_52_46_42_32_30_29_14_12_9_4_2_v89_82_31_28_11_vv2_v43_20_v29_28_v33_5_vv72_69_62_8_v16_v61_v97_95_87_70_v86_52_51_vv14_13_11_v103_88_71_45_2_v48_25_20_16_8_vv102_77_v67_49_v108_50_v108_95_22_v109_100_5_v100_90_86_83_81_69_53_44_41_24_21_2_1_v63_v65_v26_v57_v115_v29_vvv115_76_69_47_45_25_v117_92_v121_55_11_v96_39_35_v110_76_v47_36_v112_78_v49_38_36_20_2_v113_25_v92_v82_76_v61_44_41_28_21_9_v80_29_14_v77_45_v66_v24_4_v46_25_5_v136_70_26_6_v134_109_v133_131_129_128_119_114_108_105_101_98_94_91_89_87_85_81_76_75_74_56_53_46_34_28_26_21_20_8_5_v,140,test,16
vvvvvvvvvvvvvv1_v10_8_vvvvvvvvvv23_vvvvvvvv20_vvvv12_v37_vvv3_vvvvvvvvvv42_vvv29_v46_19_vvvv37_vv57_v13_vvv37_28_vvvv68_28_v69_32_1_vvvvvvvv42_vv78_64_62_59_56_26_18_11_9_2_vv52_v20_v33_v34_v60_v80_62_36_7_v63_v51_48_19_9_v80_21_13_v55_v41_v83_61_58_34_vv85_71_42_18_13_vv22_vv48_19_v98_46_13_12_v100_37_31_21_v90_vv14_v96_89_81_54_51_18_5_vvvv102_36_v57_46_v92_24_17_v71_42_23_22_vv109_95_28_v21_20_vv81_39_vvv111_110_96_69_65_55_54_36_33_28_25_20_15_14_v70_1_v97_85_17_2_v116_v80_71_13_10_v39_v106_70_vv61_53_31_26_v14_v128_120_93_42_10_8_v37_vv97_v47_v54_v107_91_v136_135_134_133_128_127_121_117_113_106_103_101_99_86_83_81_79_78_75_72_71_68_65_56_54_53_52_50_45_44_43_42_41_38_36_35_32_29_25_22_16_14_13_10_4_1_v5_v132_29_vv69_4_v106_31_22_vvv144_107_76_68_51_50_44_33_v119_116_9_vv11_vv99_v150_113_110_82_81_62_56_50_39_v143_47_15_v39_v49_v150_148_136_109_82_69_60_52_48_45_31_16_15_12_8_2_v106_19_vv107_104_58_53_47_38_24_21_v142_112_79_48_v23_v122_24_v116_48_40_7_v162_125_122_94_93_74_51_18_12_v104_46_44_27_10_v158_137_37_v161_159_151_27_11_v71_v106_52_13_v41_v33_v127_47_v119_73_33_v70_63_59_33_18_v137_134_88_8_v173_141_140_138_137_117_110_106_105_88_81_80_74_69_63_60_46_42_27_24_12_10_v116_12_v97_v54_23_vv6_v116_vv181_98_96_95_46_25_v182_159_96_84_64_54_47_1_v155_39_vv50_v137_68_51_v52_v137_10_v169_98_96_93_v11_v56_v158_128_57_44_vv116_88_v60_v143_vv199_162_131_123_106_105_99_88_v147_125_116_64_v194_162_134_v173_150_108_v36_v137_3_v51_v114_112_91_78_32_v171_88_71_43_v115_114_80_72_34_v66_v74_v125_54_v49_v191_178_172_163_134_77_v135_78_vv215_192_130_117_33_15_vv189_166_73_34_v171_158_92_13_v162_144_108_89_84_60_46_32_v1_v195_186_103_99_90_86_48_41_31_2_v207_177_170_151_137_66_v224_156_74_v225_185_156_137_133_81_75_63_51_26_v226_150_v227_158_135_83_77_65_53_28_v183_74_v114_93_68_39_26_23_v156_134_129_66_62_11_v192_112_104_95_58_1_v209_182_133_128_122_113_96_81_79_v110_v155_63_57_5_v195_147_132_99_10_8_v162_114_109_17_6_v223_139_35_1_v230_v76_v175_v214_171_158_150_147_121_51_12_v207_181_163_126_123_106_v206_175_174_149_132_81_29_v244_207_176_175_168_155_144_20_19_18_17_1_v132_91_90_80_v247_233_214_204_194_167_123_110_98_90_81_48_39_v242_231_201_3_v232_202_143_138_90_v243_196_179_155_95_40_v244_156_85_v214_182_140_107_101_89_52_25_v144_98_29_v214_134_117_80_22_4_v215_175_135_118_81_23_7_5_1_v221_119_73_40_6_v177_120_v178_121_v179_17_v180_v210_181_177_169_140_65_v183_125_v226_57_v150_109_v194_165_151_128_110_v124_v172_169_136_102_76_v170_137_93_v267_253_245_244_238_232_218_207_203_185_184_182_181_178_177_174_164_149_148_146_139_136_127_111_85_76_61_36_26_22_v168_133_84_1_v220_151_134_63_12_2_v247_172_135_3_v222_153_12_4_v188_149_100_v262_164_138_v139_81_v169_140_81_v141_103_v268_159_142_v154_143_v271_161_144_v225_208_206_145_103_26_v274_231_198_166_146_82_65_40_27_v236_225_191_190_189_186_176_169_151_147_93_75_69_67_61_51_17_16_v166_148_38_v283_v200_v5_v27_v203_168_5_v171_83_v263_247_156_v224_v226_89_83_v200_65_v141_118_31_v279_256_227_208_199_192_185_159_152_146_134_106_82_74_64_30_29_22_v203_105_14_1_v32_15_1_v187_113_42_v18_v208_v209_192_149_v219_v283_212_v76_v212_v285_272_94_v107_v108_v275_v,312,test,17
vvvvvvvvvvvvvv1_v10_8_vvvvvvvvvvv24_vvvvvvvv21_vvvv12_v38_vvvv4_vvv27_vvvvvvvv45_vv39_10_v31_v49_21_vvvv39_vv60_v13_vvv39_30_vvvvv72_30_v73_35_1_vv70_vvvvvvv61_v47_v66_vv85_71_68_65_62_30_22_14_12_3_v38_vv59_v25_v38_v39_v67_v88_69_41_8_v70_v58_54_23_10_v88_25_16_v62_v46_v91_68_65_39_vv93_78_47_21_13_vv25_vv53_20_v106_51_13_12_v108_42_35_22_v98_vv14_v104_97_88_59_56_18_5_vvvv110_39_v101_62_51_v99_24_17_v77_46_23_22_vv117_105_102_28_v21_20_vv88_41_vvv119_118_103_74_70_60_59_36_33_28_25_20_15_14_v75_1_v104_92_17_2_v124_v85_76_13_10_v39_v113_75_vv66_56_31_26_v14_v136_128_100_42_10_8_v37_vv104_v124_v48_v55_v115_97_v145_144_143_142_137_136_130_125_121_114_111_109_107_92_89_87_85_84_81_78_77_73_69_57_55_54_53_51_46_45_44_43_42_39_37_36_33_30_26_23_17_15_14_11_5_1_v6_v141_30_v131_99_71_vv74_5_v115_33_24_vvv154_116_82_73_53_52_46_35_v128_125_10_vv12_vv106_v160_122_118_88_87_64_58_52_41_v153_49_16_v41_v51_v160_158_145_116_87_71_62_54_50_47_33_17_15_12_8_2_v113_20_vv114_111_60_55_49_40_25_22_v151_119_82_81_50_v24_v130_25_v123_50_42_7_v172_134_130_100_99_76_53_18_12_v111_48_46_28_10_v168_146_39_v171_169_161_28_11_v73_v113_54_13_v43_v34_v134_49_v165_126_75_34_v72_65_61_33_18_vv147_143_91_9_v184_151_150_148_147_125_118_113_112_91_84_83_77_72_66_63_49_45_28_25_13_11_v124_13_v116_101_v57_24_vv6_v124_vv192_101_99_98_48_26_v193_169_99_87_67_57_49_1_v165_40_vv52_v145_71_53_v54_v145_10_v179_101_99_96_v11_v58_v168_136_59_45_vv120_91_v62_v151_vv210_172_138_129_109_108_102_91_v155_131_119_66_v205_171_142_v197_183_158_111_v37_v145_3_v52_v117_115_94_81_32_v181_91_73_44_v118_117_83_74_34_v67_v76_v128_55_v50_v201_188_181_171_138_79_v139_80_v209_177_149_144_139_35_vv227_203_134_121_34_16_vv200_175_75_35_v180_167_96_14_v171_151_112_93_87_62_47_33_v1_v206_197_107_103_94_89_49_42_32_2_v218_186_179_158_153_141_68_v219_187_159_154_v237_165_77_v238_196_165_142_138_84_78_66_53_28_v239_158_v240_167_140_86_80_68_55_30_v193_77_v119_97_71_41_28_25_v164_139_134_69_65_12_v203_117_109_99_60_1_v221_192_138_133_127_118_100_84_82_v165_v116_v232_v233_163_68_61_7_1_v208_154_139_105_12_10_v172_121_116_20_8_v238_146_39_1_v245_v81_v187_v228_182_165_157_154_128_55_14_v221_193_171_133_130_112_v220_186_185_156_139_86_33_12_v259_221_220_187_186_178_162_151_22_21_20_19_13_1_v139_96_95_85_v262_248_228_217_206_175_130_116_103_95_86_52_43_v257_245_213_3_v246_214_176_150_145_115_95_v258_208_190_162_100_44_v259_163_90_v228_193_147_112_106_94_56_27_v151_119_103_41_32_31_v227_141_123_84_24_4_v228_183_142_124_85_25_7_5_1_v235_125_77_43_6_v185_126_v186_127_v187_17_v188_91_v222_189_184_176_147_69_v191_131_v240_61_v157_114_v205_172_158_134_115_v129_v179_176_143_107_80_v177_144_97_v282_268_259_258_252_246_230_219_215_192_191_189_188_185_184_181_171_156_155_153_146_143_132_116_89_80_65_38_26_22_v175_139_88_1_v232_158_140_67_12_2_v261_179_141_3_v234_160_12_4_v195_156_104_v277_171_144_v145_85_v176_146_85_v147_107_v283_166_148_v161_149_v286_168_150_v237_218_216_151_107_26_v289_243_205_173_152_86_68_40_27_v248_237_198_197_196_193_183_176_158_153_97_79_73_70_64_53_17_16_v173_154_38_v298_v207_v5_v27_v210_175_5_v178_87_v277_259_162_v235_v238_93_87_v207_67_v146_122_31_v293_269_238_215_206_199_192_165_157_151_139_110_86_77_66_30_29_22_v210_109_14_1_v32_15_1_v194_117_42_v18_v215_v216_199_154_v226_v297_219_v78_v219_v299_286_98_v111_v112_v289_v,327,test,18
vvvvvvvvvvv1_vvvvvvv11_vvvvvvvvvv21_vv25_vvv23_v13_v2_vvv28_17_vvv12_11_v18_v17_v4_v26_24_v14_vvvvv32_30_16_6_vvv28_vv49_47_6_v55_31_1_v10_vvvvvvv60_22_v36_9_1_v32_vvv62_58_45_36_33_v66_6_v62_33_vvv50_18_v48_9_v48_34_v78_33_v78_76_35_34_v68_46_43_vv74_58_57_48_33_12_7_v18_vv47_29_v13_vv86_v68_32_v69_45_33_vv62_vvv41_vv77_v87_9_v88_16_10_1_v11_v90_70_56_3_2_v62_23_vvvv50_v98_87_57_vv55_9_v98_80_76_72_55_53_39_16_7_1_v89_64_51_v32_11_2_v92_20_v106_89_80_61_59_v29_v84_v112_87_76_52_51_25_7_v88_77_75_52_26_8_vv50_v93_vv105_104_92_70_45_37_4_3_vv109_vv72_70_17_vv118_31_30_28_v123_69_v123_119_108_97_94_31_v103_102_91_15_14_v121_96_63_53_2_v74_23_v47_vv105_v59_vvv73_vvvv137_136_134_121_120_119_113_111_95_88_85_75_70_63_51_47_46_12_1_v90_39_1_vv144_130_v111_92_87_v88_40_v133_71_69_39_6_v131_119_v145_144_141_130_128_119_116_106_104_103_96_93_78_74_73_71_62_41_20_8_7_1_v82_15_1_v49_10_2_v86_76_3_v50_12_4_vv132_91_80_45_38_36_18_v153_106_104_103_98_91_11_vv36_v104_v156_155_141_140_139_130_114_97_82_57_20_19_18_11_9_7_vv166_v127_53_v151_vv150_73_v61_v136_27_v10_v74_50_v152_151_115_75_41_10_v23_v66_v152_33_v154_125_124_122_117_82_52_30_29_19_18_v101_38_v71_54_vv171_157_146_71_50_38_32_30_v171_v122_10_v152_v132_38_37_v180_118_108_106_99_v165_78_44_v82_v28_v129_7_v159_42_13_v49_v108_52_vv118_vv25_v195_145_143_129_108_83_82_vv195_145_v180_28_15_vv95_94_52_26_v96_v153_138_28_v88_87_v177_93_v202_176_v197_v177_155_124_v206_152_v154_153_61_56_vv210_v192_187_176_155_135_99_85_68_67_57_50_vv212_165_162_109_89_38_v149_105_v183_142_109_76_68_66_27_v167_165_112_43_41_v134_v26_v217_191_v139_83_31_v142_117_115_101_82_v176_83_75_51_v155_118_93_65_v198_v165_52_14_v232_227_226_225_224_223_221_220_219_218_217_216_209_208_207_206_203_200_198_183_182_178_177_175_174_173_172_168_165_161_160_157_153_150_141_135_134_133_132_129_128_127_124_121_115_114_112_105_101_99_92_88_86_85_80_78_77_76_73_68_65_64_63_62_61_60_59_58_57_56_55_54_53_52_50_44_41_29_27_26_25_18_11_10_8_6_5_4_3_1_v176_57_54_16_v85_55_1_v30_18_v215_191_160_121_v137_v226_204_168_158_105_59_v134_117_99_v235_210_197_175_174_130_108_44_40_8_v66_v67_v238_213_202_178_177_172_151_133_126_125_26_3_v188_155_124_v159_v191_v15_v193_134_v161_114_v18_3_v228_v139_v142_139_108_100_v173_80_53_vv33_v83_54_v204_189_v216_202_194_59_v253_v204_v188_151_33_v253_230_105_49_44_v153_130_v260_235_210_208_194_173_148_147_48_25_6_v209_190_187_151_107_54_17_v251_157_145_120_63_60_35_8_v184_180_133_36_19_v184_159_157_141_124_110_107_90_64_52_37_2_v259_237_232_198_7_v4_v260_252_244_238_231_223_212_205_201_197_193_173_168_167_166_165_84_58_43_41_32_28_8_v163_41_v266_240_181_86_22_v111_98_v168_v198_v273_248_237_221_207_186_168_161_160_146_61_38_35_vv256_255_198_48_v276_252_251_240_227_216_171_149_81_38_16_3_v67_50_v278_254_253_229_218_173_83_40_18_5_v279_219_44_6_v280_220_193_26_v163_v262_255_205_39_v284_270_269_267_257_243_235_231_227_215_210_202_199_195_192_173_169_168_167_140_129_80_70_52_43_36_33_9_2_v,289,test,19
vvv3_vvvvvvvv9_v5_vv4_3_v7_v11_vv15_vv12_vvv22_15_1_v12_vvvv28_v22_20_18_6_v28_21_15_1_vv30_2_v27_10_vv29_2_vv37_v33_15_v34_23_16_v29_vv30_vv40_32_8_2_v45_8_v35_25_23_14_v41_26_v46_37_34_19_18_8_2_v38_35_34_20_9_3_v47_33_23_v7_v52_49_15_v32_30_7_v44_43_40_6_5_v5_v49_v51_49_34_24_22_v8_v47_v48_vv39_34_v35_17_v58_41_31_29_7_v45_43_42_37_3_v22_v64_50_17_v21_v46_42_35_24_v64_50_49_47_42_17_8_7_5_v50_9_8_5_vv61_vv73_54_52_43_35_27_26_v53_v52_51_35_v71_66_v56_10_v51_19_5_v36_v76_71_68_63_54_51_47_39_33_28_20_19_17_14_v63_60_37_v52_39_v85_18_v65_63_40_16_v87_84_v59_18_6_v87_83_81_79_69_68_66_57_56_54_41_40_36_21_19_3_1_v67_20_8_v9_v87_79_76_75_74_58_47_42_40_25_20_7_5_v20_v82_53_50_v93_84_80_66_65_49_41_21_20_6_v94_85_82_67_66_64_56_50_48_47_14_1_vv77_v78_52_v23_v101_v58_v103_53_11_v95_89_81_74_29_v27_v80_29_v84_v106_97_96_87_85_76_68_64_60_59_30_28_26_13_4_v67_12_v64_21_6_v65_54_41_29_22_1_v60_45_40_31_25_9_v99_94_81_80_25_18_v87_64_v113_108_104_101_92_83_75_69_67_66_61_33_20_19_v114_86_21_1_v115_107_106_103_97_87_71_63_42_21_9_2_v116_88_78_14_v117_109_108_99_89_73_44_23_11_4_v80_v29_9_v50_30_10_v123_81_79_73_31_17_11_v121_119_108_101_87_86_79_32_12_v,125,test,20
vvvvv2_vvvvvvv1_vvvvvvv12_vvvvvvvvv21_1_v26_v27_25_vv21_v13_v2_vvvv27_18_vv11_10_v18_v17_v4_v24_v14_vvvvv23_22_v42_vvv51_29_vv49_46_7_v53_32_1_v11_vvvvvvv35_8_v63_61_24_1_v33_vvv62_57_46_37_34_v66_5_v61_35_vv50_17_v47_25_8_v47_34_v77_33_v77_76_35_34_v66_46_43_v72_57_56_47_32_10_6_v30_15_v73_31_v45_27_vvv82_v67_30_v68_44_31_vv60_v37_vvv82_7_v83_14_8_1_v9_v85_53_3_2_v59_20_vvv45_v10_v93_54_vvv85_60_46_v104_94_77_74_69_52_50_36_3_v29_11_1_v55_13_2_v102_101_86_77_55_28_v80_v107_82_72_47_46_22_5_vv84_74_72_49_24_7_v45_v88_vv99_68_41_3_vv103_vv67_65_15_vv112_30_29_27_v118_64_v118_113_104_93_90_30_v98_97_87_15_13_v115_92_58_49_2_v69_23_v44_vv101_v55_v81_vv68_vvvvv133_131_129_118_117_116_110_108_92_84_81_71_67_61_47_46_13_2_v86_39_1_vv106_87_82_v126_66_65_37_4_v84_39_v138_66_65_v128_116_v141_139_136_127_125_116_113_103_101_100_92_89_75_71_70_69_60_41_21_8_7_1_v78_13_1_v50_10_2_v82_73_3_vv51_13_5_v129_87_77_45_39_37_19_v149_102_100_99_94_87_12_vv37_v100_v152_150_138_137_136_127_111_93_80_57_21_19_18_11_9_6_v161_vv124_53_v146_vv73_v60_v133_27_v10_v21_v65_v147_31_v80_70_7_v78_55_v153_152_115_79_46_13_v152_122_121_119_114_83_54_32_30_20_19_v99_37_vv166_154_143_71_51_38_34_30_v147_v167_v127_38_36_v8_v176_114_105_104_97_v162_79_44_v81_v28_v155_43_11_v48_v105_52_vv114_vv20_v192_190_140_138_124_105_83_81_v189_139_v175_22_13_vv93_92_50_23_v93_v147_132_25_v87_86_v172_92_v196_171_v190_v172_156_149_120_v200_146_v148_147_59_55_vv186_180_170_157_148_130_96_83_66_64_54_47_v205_v205_158_155_105_87_v142_v176_136_106_73_65_63_25_v160_158_108_39_v23_v209_184_v133_80_28_v136_112_111_98_78_v168_79_71_49_v148_115_90_61_v191_v158_47_13_v224_219_218_217_216_214_212_211_210_209_208_207_202_201_200_199_195_193_191_176_175_170_169_167_166_165_164_160_157_153_152_150_146_144_135_131_130_129_128_125_124_120_119_118_112_110_109_102_98_96_89_85_82_81_76_74_73_72_69_64_61_60_59_58_57_56_55_54_53_52_50_49_48_47_46_40_37_27_25_24_23_16_10_9_8_6_5_4_3_1_v168_55_49_15_v113_v83_51_2_v29_18_v129_112_94_v217_197_160_151_102_54_v135_v227_202_190_167_166_125_105_41_37_8_v58_v59_v232_230_205_195_170_169_164_145_128_123_121_25_3_v180_149_121_v182_v14_v184_129_v154_110_v17_3_v220_v137_133_102_94_v70_v71_48_v192_177_v205_190_181_52_v241_v192_v239_218_97_42_38_v178_145_30_v189_v147_124_v251_249_224_199_197_183_164_142_140_44_22_7_v202_v206_199_181_178_122_101_50_16_v240_150_140_114_59_56_33_10_v174_172_128_34_18_v176_152_151_136_118_104_101_83_60_49_35_2_v248_228_222_188_10_v4_v253_249_234_229_222_214_209_202_199_195_191_188_184_167_163_162_161_160_159_149_89_78_54_41_39_30_26_9_v156_39_v256_231_213_117_80_12_v187_v106_95_v162_v265_263_238_228_211_197_178_161_156_154_141_58_36_33_v246_245_189_45_v265_204_38_2_v62_47_v267_243_242_232_218_206_165_145_77_37_18_4_v264_191_126_v269_208_184_27_v168_153_63_60_v252_245_196_37_v258_257_233_220_216_200_190_162_161_122_75_v,278,test,21
vvvvv2_vvvvvvv1_vvvvvvv12_vvvvvvvvv21_1_v26_v27_25_vv21_v13_v2_vvvv27_18_vv11_10_v18_v17_v4_v24_v14_vvvvv23_22_v42_vvv51_29_vv49_46_7_v53_32_1_v11_vvvvvvv35_8_v63_61_24_1_v33_vvv62_57_46_37_34_v66_5_v61_35_vv50_17_v47_25_8_v47_34_v77_33_v77_76_35_34_v66_46_43_v72_57_56_47_32_10_6_v30_15_v73_31_v45_27_vvv82_v67_30_v68_44_31_vv60_v37_vvv82_7_v83_14_8_1_v9_v85_53_3_2_v59_20_vvv45_v10_v93_54_vvv85_60_46_v104_94_77_74_69_52_50_36_3_v29_11_1_v55_13_2_v102_101_86_77_55_28_v80_v107_82_72_47_46_22_5_vv84_74_72_49_24_7_v45_vv89_v99_68_41_3_vv103_vv67_65_15_vv112_30_29_27_v118_64_v118_113_104_93_90_30_v98_97_87_15_13_v115_92_58_49_2_v69_23_v44_vv101_v55_v81_vv68_vvvvv133_131_129_118_117_116_110_108_92_84_81_71_67_61_47_46_13_2_v86_39_1_vv106_87_82_v126_66_65_37_4_v84_39_v138_66_65_v128_116_v141_139_136_127_125_116_113_103_101_100_92_89_75_71_70_69_60_41_21_8_7_1_v78_13_1_v50_10_2_v82_73_3_vv51_13_5_v129_87_77_45_38_37_19_v149_102_100_99_94_87_12_vv37_v100_v152_150_138_137_136_127_111_93_80_57_21_19_18_11_9_6_v161_vv124_53_v146_vv73_v60_v133_27_v10_v21_v65_v147_31_v80_70_7_v78_55_v153_152_115_79_46_13_v152_122_121_119_114_83_54_32_30_20_19_v99_37_vv166_154_143_71_51_38_34_30_v147_v167_v127_38_36_v8_v176_114_105_104_97_v162_79_44_v81_v28_v155_43_11_v48_v105_52_vv114_vv20_v192_190_140_138_124_105_83_81_v189_139_v175_22_13_vv93_92_50_23_v93_v147_132_25_v87_85_v172_92_v196_171_v190_v172_156_149_120_v200_146_v148_147_59_55_vv186_180_170_157_148_130_96_83_66_64_54_47_v205_v205_158_155_105_87_v142_v176_136_106_73_65_63_25_v160_158_108_39_v23_v209_184_v133_80_28_v136_112_111_98_78_v168_79_71_49_v148_115_90_61_v191_v158_47_13_v224_219_218_217_216_214_212_211_210_209_208_207_202_201_200_199_195_193_191_176_175_170_169_167_166_165_164_160_157_153_152_150_146_144_135_131_130_129_128_125_124_120_119_118_112_110_109_102_98_96_89_85_82_81_76_74_73_72_69_64_61_60_59_58_57_56_55_54_53_52_50_49_48_47_46_40_37_27_25_24_23_16_10_9_8_6_5_4_3_1_v168_55_49_15_v113_v83_51_2_v29_18_v129_113_94_v217_197_160_151_102_54_v135_v227_202_190_167_166_125_105_41_37_8_v58_v59_v232_230_205_195_170_169_164_145_128_123_121_25_3_v180_149_121_v182_v14_v184_129_v154_110_v17_3_v220_v137_133_102_94_v70_v71_48_v192_177_v205_190_181_52_v241_v192_v239_218_97_42_38_v178_145_30_v189_v147_124_v251_249_224_199_197_183_164_142_140_44_22_7_v202_v206_199_181_178_122_101_50_16_v240_150_141_114_59_56_33_10_v174_172_128_34_18_v176_152_151_136_118_104_101_83_60_49_35_2_v248_228_222_188_10_v4_v253_249_234_229_222_214_209_202_199_195_191_188_184_167_163_162_161_160_159_149_89_78_54_41_39_30_26_9_v156_39_v256_231_213_117_80_12_v187_v106_95_v162_v265_263_238_228_211_197_178_161_156_154_141_58_36_33_v246_245_189_45_v265_204_38_2_v62_47_v267_243_242_232_218_206_165_145_77_37_18_4_v264_191_126_v269_208_184_27_v168_153_63_60_v252_245_196_37_v258_257_233_220_216_200_190_162_160_122_75_v,278,test,22
vvvvvvvvvvvvvvvv12_vvvvvvv19_1_vv20_vv10_vvv13_v7_6_v11_vv17_vvvv16_15_v31_vv20_v38_33_5_vv41_23_2_vvvvvvv26_7_v47_20_1_vv26_vv49_45_36_29_27_v52_5_vvv40_16_v38_23_7_v61_60_29_28_v52_36_34_v57_45_44_37_28_8_4_v26_13_v58_27_v37_25_v51_24_v52_35_25_vv5_vvv64_6_v65_10_7_1_v66_42_2_1_v15_v10_vvv39_v10_v74_46_vv74_60_58_55_42_41_28_14_1_v51_39_vv25_12_3_v82_81_69_62_46_23_v85_65_59_39_38_5_vv67_61_60_41_7_v37_v71_v52_51_10_v86_22_21_20_v93_49_v91_87_80_71_69_20_v75_74_68_9_7_v89_71_44_37_2_v54_15_vv41_v64_vvv100_98_97_88_87_86_81_80_70_63_60_51_47_43_36_33_32_7_1_v66_25_1_vv80_66_61_v95_48_47_23_4_v104_47_46_v96_v107_105_103_96_94_87_85_79_78_77_70_67_54_52_51_50_44_26_14_7_6_1_v57_1_v35_9_2_vv35_11_4_v63_56_5_v58_31_26_v117_80_79_77_72_66_11_v115_113_104_103_102_95_85_68_58_39_16_15_14_8_6_4_v34_vv52_vv20_v43_v91_85_68_67_25_9_v109_23_v113_112_84_53_30_v112_91_89_88_83_59_37_22_11_v60_50_8_v123_113_105_46_34_27_23_20_v73_vv59_vv112_v133_84_77_76_72_v122_55_34_vv116_32_8_v37_vv84_v142_104_103_90_57_55_v144_104_v131_18_9_v65_64_36_18_v66_v111_97_20_v146_126_v126_116_110_25_v151_107_v109_108_42_39_v137_132_126_117_108_93_65_58_47_36_34_v154_117_114_73_61_v102_v130_98_72_53_46_44_16_v118_117_76_29_vv156_136_vv98_80_77_58_v59_52_v108_81_65_45_v117_36_11_v169_165_164_163_162_160_159_158_157_156_155_154_151_150_149_148_145_143_142_133_132_128_126_125_124_123_122_116_115_112_111_109_107_105_99_96_95_94_91_90_89_85_83_82_79_77_76_74_71_69_64_63_61_60_56_54_53_50_49_47_46_45_44_43_42_41_39_38_37_34_33_32_31_29_27_20_19_18_17_13_9_8_7_5_4_3_2_1_v126_38_13_v80_v92_67_v162_146_117_110_73_41_v169_149_142_123_122_89_75_29_27_5_v170_150_144_124_123_118_90_85_83_18_1_v134_108_83_v8_v9_1_v93_90_72_65_v148_136_128_33_v177_v138_v66_27_25_v125_98_17_v135_v100_85_v101_21_18_v183_163_145_144_131_98_96_31_14_8_v149_v175_105_81_38_21_10_v22_v125_107_104_85_72_60_42_35_23_2_v185_182_170_166_162_157_153_146_143_139_136_133_131_118_114_113_112_111_110_102_60_53_37_26_25_19_17_7_v109_25_v188_168_156_83_55_10_v134_v75_10_v193_173_167_154_141_113_108_106_99_41_24_23_v85_30_29_v195_148_26_2_v196_177_176_170_160_149_116_102_54_26_13_3_v194_136_90_v34_v185_184_140_35_v189_188_171_161_157_137_112_111_85_v,206,test,23
vvvvvvvvvvvv9_1_vv12_v6_vv4_3_vvv11_vv11_10_vv19_vv23_20_3_v1_vvvvv18_5_v31_15_1_v18_v31_27_25_20_v34_3_vv28_11_v27_17_5_v40_39_21_20_v33_26_v38_32_27_21_7_4_v19_10_v39_20_v36_18_v18_vv41_3_v42_6_4_1_v43_30_2_1_v11_vvv28_v9_v50_33_v49_43_42_30_21_v29_v55_54_49_44_15_v58_46_43_28_27_3_vv48_45_44_30_5_v28_v52_v58_17_16_15_v62_58_51_v54_53_50_7_5_v60_33_27_2_v40_11_vv31_v47_v69_67_66_63_58_50_46_44_38_35_31_25_24_5_v48_18_1_v70_32_31_v72_70_68_66_61_55_53_49_47_38_36_35_34_8_3_2_vv24_5_2_v23_6_3_v40_21_16_v77_75_71_66_58_47_39_25_8_7_5_3_2_v35_v61_56_44_43_11_3_v55_15_v75_58_38_v39_30_4_v79_19_14_11_v48_v74_v86_55_49_48_45_v76_3_vv53_v92_67_58_34_32_v11_5_v92_81_v69_v69_68_22_21_v89_85_82_74_57_37_32_v64_v61_28_25_23_v98_87_v66_45_33_22_v72_19_5_v103_102_101_99_98_97_95_92_90_84_82_78_76_71_69_67_65_63_58_57_56_53_52_47_45_43_42_39_37_31_27_25_24_23_21_20_17_15_10_7_4_2_1_v45_v54_v100_93_73_67_40_23_v107_95_91_77_76_52_42_17_15_4_v108_96_93_78_77_74_53_50_48_11_1_v85_66_48_v35_14_v76_55_10_v83_v57_46_v114_102_89_80_56_54_17_7_v92_v113_110_106_103_101_97_93_89_87_84_82_80_78_69_66_65_64_63_62_57_32_28_20_15_14_9_7_3_v115_104_95_44_29_5_v80_v119_107_104_94_85_64_61_59_54_22_12_11_v120_89_13_1_v121_110_109_106_90_66_56_29_13_7_2_v119_80_49_v,125,test,24
vvvvvvvvvvvvvvvvvvvvv16_1_vv20_vv10_vvv6_5_v12_v11_vv17_vvvv16_15_v30_vv20_v35_32_5_vv23_2_vvvvvvv26_7_v47_20_1_v25_v46_42_34_27_25_v50_3_vvv38_14_v36_21_6_v57_56_27_26_v49_34_32_v54_43_42_35_26_8_4_v24_11_v55_25_v23_v49_22_vv4_vvv60_5_v61_9_6_1_v7_v63_40_3_2_v15_vvvv37_v70_43_v12_vv48_36_v72_59_57_41_40_29_16_8_v24_11_1_v78_77_66_59_43_22_v82_62_57_36_35_3_vv64_59_57_38_5_v36_v68_v49_48_8_v82_22_21_19_v86_82_76_67_65_21_v71_70_65_8_6_v84_67_42_35_2_v50_14_vv39_v60_vvv95_93_92_84_83_82_77_76_66_59_56_49_45_41_35_32_31_7_1_v62_24_1_vv45_44_21_3_v98_44_43_v91_v101_99_97_91_89_82_80_74_73_72_65_62_51_49_48_47_42_24_13_6_5_1_v54_1_v32_8_2_v58_51_3_v33_10_4_vv55_29_24_v109_75_74_72_v109_107_99_98_97_90_80_64_55_37_15_14_13_8_6_4_v32_vv50_v12_vv39_v21_vv108_107_79_53_29_v44_v58_48_8_v117_108_100_44_33_26_23_20_v109_27_v58_v112_91_89_88_62_40_16_vv74_v108_v128_82_75_74_70_v118_54_34_vv112_33_5_v37_vv82_v138_100_99_88_56_54_v126_18_8_v62_61_36_13_v62_v106_15_v140_121_v102_101_40_35_v130_125_120_110_88_61_55_34_32_v96_v92_67_49_43_41_12_v110_109_69_21_vv147_128_vv92_73_72_54_v55_49_31_v102_76_61_42_v109_28_10_v159_156_155_154_153_151_150_149_148_147_146_145_143_142_141_140_137_135_134_125_124_120_118_117_116_115_114_111_108_106_105_103_101_99_94_91_90_89_88_85_84_83_79_78_74_72_71_69_67_65_60_59_57_56_53_51_50_49_46_44_43_42_41_40_39_38_37_36_35_34_31_30_29_28_27_25_23_17_16_15_14_12_9_8_7_5_4_3_2_1_v74_v85_62_v152_137_110_103_68_32_v160_140_133_114_113_81_70_24_22_4_v161_141_136_115_114_111_82_79_77_16_1_v125_101_77_v7_v8_1_v152_v88_85_68_62_v115_89_13_v59_24_v125_v92_78_v171_151_133_132_121_89_87_26_11_v137_v140_134_119_118_78_63_v163_95_74_32_18_v19_v116_97_96_78_66_49_36_31_20_2_v173_170_159_155_152_146_142_135_133_129_127_124_122_110_105_104_103_102_101_94_54_46_33_23_22_17_15_7_v99_22_v176_157_145_77_48_10_v68_58_v126_v182_162_157_143_132_103_100_98_92_37_22_21_v169_168_126_27_v184_137_24_2_v29_v186_167_166_161_150_139_107_96_48_25_15_4_v183_128_85_v173_167_131_v,192,test,25
vvvvv3_vvvvvv1_vvvvvvv11_vvvvvvv18_v24_v25_22_vv19_v11_v2_vvvv25_16_vv11_10_v17_v16_v4_v22_v14_vvvvvv46_25_vv43_41_4_v48_28_1_v8_vvvvvv56_53_19_v32_8_1_v29_vvv55_51_41_33_30_v59_6_v55_31_vv45_16_v43_8_v43_30_v70_29_v70_67_31_30_v60_42_39_v65_52_51_43_28_10_6_v16_vv41_26_vv75_v60_28_v61_39_29_vv55_v35_vv74_6_v75_12_7_1_v8_v77_47_3_2_v53_18_vvvv43_v85_48_vv94_84_69_66_61_47_45_32_6_v54_43_v50_11_2_v27_11_3_v92_78_70_51_v73_v97_75_65_44_43_20_6_v76_66_64_44_21_7_v41_v80_vv89_37_3_vv93_vv62_60_15_vv102_28_27_25_v107_59_v107_103_95_85_82_28_v90_89_79_14_13_v105_84_54_45_2_v64_21_v41_vv93_v51_vvv64_vvvv121_120_118_108_107_106_101_99_83_78_75_66_62_56_44_43_12_1_v80_36_1_vv97_81_76_v115_61_60_34_4_v78_38_v116_106_v128_127_124_116_114_106_103_93_91_90_85_82_69_65_64_63_55_37_19_7_6_1_v72_14_1_v45_9_2_v76_67_3_v46_11_4_vv118_81_71_42_37_35_17_v136_95_93_92_87_81_11_vv35_v93_v139_138_127_126_125_117_101_87_74_53_19_18_17_11_9_7_v148_vv114_50_v134_vv69_v58_v123_26_v10_v21_v135_29_v72_51_v63_v141_140_107_74_43_12_v140_114_113_111_106_78_51_30_28_19_18_v92_37_v152_141_131_65_47_35_31_28_vv153_v137_v119_36_34_v85_75_16_v9_v163_108_99_98_92_v77_v152_76_44_v28_v145_42_12_v47_v100_50_vv108_vv22_v180_177_133_131_118_100_80_79_v176_132_v164_23_13_vv90_89_50_24_v91_v140_126_26_v85_84_v162_89_v183_161_v178_v162_142_115_v187_139_v141_140_59_54_vv191_v176_171_161_142_125_95_82_66_64_55_48_v192_151_148_103_85_v136_v166_130_102_72_65_63_25_v153_151_106_40_v23_v196_174_v128_78_28_v130_110_107_96_77_v160_78_71_47_v142_111_88_61_v181_v151_48_12_v211_206_205_204_203_202_200_199_198_197_196_195_191_190_189_188_185_183_181_166_165_163_162_160_159_158_157_154_151_147_146_144_140_138_130_127_126_125_124_121_120_119_116_114_109_108_107_100_96_94_87_83_81_80_76_74_73_72_69_64_61_60_59_58_57_56_55_54_53_52_51_50_49_48_46_40_37_27_25_24_23_16_10_9_8_6_5_4_3_1_v161_55_50_14_v81_51_1_v28_16_v123_109_91_v204_186_153_144_99_54_v130_v213_191_179_160_159_122_102_40_36_7_v58_v59_v219_216_194_184_163_162_157_139_125_119_118_23_3_v172_143_118_v174_v13_v176_125_v148_107_v16_3_v208_v132_129_100_93_v71_v72_47_v184_170_v194_182_175_51_v227_v184_v170_139_28_v227_208_96_42_38_v141_120_v237_234_212_190_188_175_157_137_136_41_21_6_v189_172_169_98_47_14_v225_145_135_110_56_53_30_8_v147_v167_147_144_131_114_101_98_81_57_45_32_2_v169_166_125_33_18_v234_216_210_180_8_v234_221_216_209_201_192_186_182_179_175_160_155_154_153_152_77_75_51_38_36_28_24_8_v151_36_v240_218_77_v102_89_v9_v180_v250_247_225_215_201_188_170_156_150_149_136_54_34_31_v232_231_180_42_v249_196_36_2_v59_44_v251_230_229_219_208_198_160_140_74_35_17_4_v252_199_175_24_v161_v163_148_60_57_v238_232_187_35_v243_242_220_210_206_191_182_157_156_119_72_v,262,test,26
vvv3_vvvvvvvvv3_v10_v14_1_v10_vvv9_vv11_9_8_vv11_6_3_vvv5_v25_22_20_10_9_7_5_4_2_vv13_8_v26_15_v4_vv26_10_6_v13_v31_20_5_v1_v33_22_7_2_v27_17_14_11_3_v12_v37_36_32_31_25_8_v11_v2_v3_v38_28_25_16_7_v27_24_18_v2_v26_v25_21_3_v28_v47_10_v24_v22_v32_v43_v15_v50_40_39_27_12_v,56,test,27
vvvvvvvvvvvvv13_1_vvvvvvv7_vvvvv19_vvv4_vvvvv20_13_v1_v22_15_2_v20_17_3_vv18_v7_4_vvvv16_v33_vv46_34_26_13_11_v41_22_8_vvvvvv44_40_32_7_v1_v2_v12_v35_15_10_v5_vv32_v4_vvv44_vvv14_vvv69_67_66_65_62_59_56_55_53_52_48_47_46_43_42_41_40_39_31_29_28_27_26_23_22_21_20_19_14_11_10_9_8_5_4_2_1_v39_v22_2_v20_15_v4_v5_vv24_v42_v60_22_9_v78_74_55_54_49_43_41_35_33_28_23_17_10_4_v11_v75_72_43_v65_13_v74_53_48_vv16_v17_v18_v19_v51_50_5_v61_21_v22_v11_v92_88_69_57_42_18_14_v25_v,96,test,28
vvvv2_vv6_1_vvvvv5_v2_vv4_vvvvv9_v4_v19_vv13_vvv8_v23_vvv8_v28_22_8_v30_v23_vv34_25_vv31_26_v1_v33_28_2_v33_30_3_vv31_v4_v22_v37_v28_27_20_v25_v45_vv47_v49_v52_47_41_15_13_v43_18_7_v51_vv12_v3_vv35_v40_v55_9_v50_vv54_51_49_45_33_28_23_v1_v53_47_35_2_v64_v49_v59_7_v6_v60_v71_38_29_26_22_5_v63_55_47_v43_v53_35_v74_v67_60_46_21_14_11_5_v68_59_47_v45_36_16_7_v78_37_v72_71_50_15_v51_v75_38_v82_v83_82_81_77_66_65_51_45_36_26_v76_73_v85_v86_v86_80_79_64_61_54_53_34_32_31_25_23_15_12_8_7_v31_8_v72_19_10_v63_7_v91_v,94,test,29
vvv2_vvvv3_vvv10_8_7_5_vvv9_v14_8_2_v2_v12_6_v10_7_3_vv19_vvvv23_19_vv21_v26_22_12_v22_v24_11_vv3_vvv22_v30_24_18_11_v27_26_25_24_21_13_4_3_v4_3_v33_29_28_24_vv39_35_29_25_v36_24_23_6_v3_vv39_33_v9_v19_v31_v31_24_22_8_2_v19_18_6_v49_45_33_32_v50_46_40_21_12_3_2_v16_vv49_6_v50_29_7_v55_51_21_8_v56_v28_9_v57_55_54_52_50_49_48_47_46_45_44_43_40_38_37_36_34_32_27_26_25_22_21_14_12_11_10_7_6_v,59,test,30
vvvvvvv7_vvvvvvv6_vv8_v11_9_vvvvvvv13_vvvvvv20_6_v14_v27_18_17_v16_v32_24_20_15_4_v19_v36_7_v29_13_vvvvv38_5_v39_6_1_v40_31_27_2_1_vv46_10_v42_35_33_31_24_23_19_7_2_v1_v17_5_2_v23_v2_v40_5_v41_6_vvvv13_vvv37_36_13_v57_19_18_17_v57_47_30_v61_60_59_53_52_49_43_39_38_33_29_23_21_20_1_v1_v64_58_v59_34_32_17_3_v20_v60_v67_66_64_60_59_55_54_51_50_49_45_44_39_37_36_35_31_20_7_6_5_1_v1_v8_2_v40_3_v10_4_v41_18_v62_31_v18_v75_74_68_67_63_57_43_14_13_8_6_4_v9_v32_v33_20_v71_58_57_21_14_v77_71_67_33_20_19_16_13_v81_51_49_46_v70_18_v22_v31_30_v40_18_6_v41_vv65_64_21_v81_79_57_38_24_v71_65_42_41_v69_46_13_v78_61_45_31_25_23_9_v95_88_45_6_3_v73_72_49_16_15_v62_50_48_39_34_v35_29_v97_96_95_94_90_89_88_85_80_79_76_75_74_71_69_66_65_61_57_56_54_47_46_44_39_37_35_31_29_28_27_25_22_21_20_18_16_12_11_9_5_3_2_1_v92_83_54_5_v96_87_69_39_20_v90_55_3_v91_75_56_51_50_12_1_v68_vv43_37_vv61_9_v74_62_60_50_46_35_33_28_22_18_10_1_v15_v64_12_v100_88_84_65_60_59_21_10_9_v101_66_10_1_vv103_68_12_3_v115_110_109_108_103_99_94_92_90_87_85_80_79_77_75_70_62_61_60_51_42_30_24_16_12_11_9_6_2_v,117,test,31
vvvvvvvvv9_3_vv9_3_2_v1_v4_vvvv10_v12_1_v8_v8_v11_v10_v10_vvv19_v19_16_15_v26_v21_17_6_2_v13_12_6_vv19_v16_7_vv26_v26_25_v31_v36_10_v35_28_25_2_vv36_vvv33_2_vvv8_vv29_v34_v40_v39_34_22_v14_vv52_44_28_v29_v38_v58_57_47_45_32_7_vvv50_49_22_v50_49_35_23_v52_38_20_v21_1_v2_v3_1_vv57_47_28_v2_v9_v10_1_v53_45_2_1_v12_v62_11_v75_70_68_64_45_42_34_21_17_15_8_6_v56_54_37_v57_41_v33_vv20_v70_v71_33_v72_65_3_v56_v76_53_v78_77_67_56_50_31_28_5_4_vv88_79_30_v46_26_25_12_v51_14_v85_47_vv45_v80_74_55_45_41_24_23_vv80_65_9_4_v95_88_86_59_13_v89_4_v77_60_v49_v89_v82_63_49_46_8_1_v52_45_v93_89_56_48_27_21_18_11_v99_68_66_6_v87_34_v88_1_v72_25_v100_77_24_v86_80_71_58_54_35_6_v72_21_12_6_v107_37_vv65_53_v84_34_v77_v111_78_v107_36_35_v89_80_60_11_9_v114_76_v108_63_61_v117_81_47_v79_21_v113_90_79_46_45_v119_86_49_34_v51_v122_52_v128_115_19_v129_120_51_5_v91_54_19_v70_v52_49_v130_127_119_113_94_80_77_63_62_60_51_43_32_29_22_19_10_3_v95_23_v72_v125_124_113_109_104_101_84_61_51_48_27_23_8_7_v74_v101_77_56_v128_93_81_v65_v130_116_98_77_76_75_67_52_6_4_v100_98_v132_105_v144_59_8_v115_35_v133_88_v108_31_v109_v136_91_v111_3_v135_70_56_55_v76_58_48_41_19_v143_95_85_v143_66_45_41_32_25_10_v135_92_41_33_14_v93_15_v118_81_v147_99_72_v23_5_v47_24_6_v161_76_25_7_v104_74_v,163,test,32
vvvvvvvvvvvvvv12_v2_v9_8_vvvv6_vvvv24_vvvvvvvvvv30_vvvvvvvv29_vvvv12_v44_vv23_vv4_vvvvvvvvv37_vv53_vv46_v65_v32_v58_22_vvvv41_vv67_v16_vvv40_31_vv76_28_v77_33_1_vvvv58_35_vv68_22_vvv44_vv87_74_69_63_59_25_17_12_10_2_vv54_v19_v33_v34_v78_v63_v91_65_37_8_vv67_v55_51_22_11_v93_24_15_v59_v43_v96_65_62_35_vv98_76_44_20_15_vvvv50_21_v109_47_14_12_v111_38_34_23_v103_v57_v14_v109_101_86_56_52_19_5_vv95_20_vv114_38_v123_121_105_103_99_90_59_58_47_v101_75_25_17_v74_45_23_22_vv71_v109_v122_111_106_31_v23_22_vv87_43_vvv126_125_103_73_68_58_57_40_36_30_27_22_17_16_v74_1_v103_91_19_2_v130_v85_75_15_10_v42_v114_73_vv28_v14_v141_135_99_44_10_8_v39_vvv104_v51_v59_v55_vv116_99_v152_151_150_149_146_145_138_128_123_115_112_110_108_93_89_87_85_84_81_78_77_76_73_63_61_60_59_56_50_49_48_47_46_43_41_40_37_34_30_25_19_17_16_13_6_1_v7_v149_138_136_34_29_5_4_v74_v130_v37_v79_6_v117_38_27_vvv68_v163_119_87_78_59_58_52_41_vv132_129_13_v16_v15_v43_v110_v170_126_122_94_93_71_65_59_48_v165_56_19_v46_v58_v170_169_154_121_93_79_69_61_57_54_38_20_18_13_8_2_v117_23_vv118_114_67_62_56_45_30_25_v90_57_v27_v135_28_v163_128_87_56_55_47_31_7_v162_85_v183_139_135_107_106_84_61_20_13_v115_54_52_32_11_v180_151_45_v171_150_125_v106_v184_183_175_34_14_v65_v84_vv32_v122_65_33_19_1_v42_v144_59_v181_135_102_87_42_v186_141_103_84_77_71_41_35_23_v26_v79_v80_v158_154_106_13_v201_162_161_159_158_135_128_126_125_106_98_97_91_86_80_75_61_56_35_32_19_17_v4_v135_20_v117_v149_70_32_3_vv54_42_27_11_v135_vv210_118_115_113_59_34_v211_181_114_102_80_70_60_1_v177_48_vv63_v157_84_64_v65_v105_v192_116_114_112_v11_v205_96_72_67_55_40_v70_v181_148_71_54_vv137_107_v74_v73_61_vv229_185_153_144_125_124_118_107_v167_146_137_78_v184_v217_196_175_171_127_34_v40_v140_37_35_v127_85_61_44_v133_131_108_95_34_v194_105_85_52_v134_133_97_86_36_vv88_v145_64_v58_v215_201_194_184_155_91_v156_92_v164_36_vv246_216_167_151_137_35_16_vv213_192_188_84_36_v125_96_84_v157_54_v197_181_112_90_16_1_v185_168_130_108_101_73_51_36_v1_v221_212_123_119_109_103_53_45_35_2_v139_74_59_v194_176_161_80_v177_v259_183_89_v260_212_183_161_157_97_90_77_58_31_v261_176_v262_185_159_99_92_79_60_33_v109_97_v110_98_37_v140_111_99_v69_58_v160_147_118_117_86_70_59_17_2_v71_v216_95_80_v142_118_89_51_37_34_v159_86_19_v225_140_132_120_71_1_v244_214_163_158_152_141_121_102_100_v138_v276_260_258_v261_188_80_70_6_1_v229_178_163_125_17_15_v143_138_26_7_v266_222_170_47_1_v267_186_126_1_v275_v98_v208_v250_206_192_182_179_151_65_14_v232_124_96_16_v244_215_198_157_154_134_v243_211_210_182_165_104_43_v288_244_212_211_203_188_177_29_28_27_26_1_v163_115_114_101_v292_278_251_240_229_202_154_138_122_114_102_62_53_v3_v287_229_214_187_118_53_v288_199_188_105_v250_217_172_131_124_111_65_33_v272_249_176_140_121_108_50_38_37_v273_250_215_1_v216_2_v217_3_1_v179_99_v253_168_148_99_28_8_v254_213_169_149_100_29_10_9_1_v261_150_91_56_10_v215_151_v216_152_v217_21_v218_v248_219_215_205_174_82_v221_156_v201_159_74_v267_75_v185_167_147_137_v234_202_186_160_138_v208_206_170_128_94_v207_171_112_v314_301_286_284_278_272_256_244_240_223_222_219_217_214_213_210_200_183_182_180_173_169_156_138_103_93_78_42_29_25_v204_164_102_1_v258_185_165_80_12_2_v287_208_166_3_v260_187_12_4_v225_183_119_v311_200_169_v170_98_v205_171_98_v172_122_v317_193_173_v188_174_v320_195_175_v262_246_244_176_121_26_v323_269_236_200_177_99_81_43_27_v276_262_227_226_225_223_212_203_184_178_111_92_86_83_75_57_17_16_v200_179_41_v330_v237_v5_v27_v240_202_5_v205_100_v303_286_187_82_v263_v100_v236_71_v168_136_30_v346_322_223_177_86_v325_296_267_245_237_229_222_191_181_174_161_125_100_89_71_31_30_23_v348_225_v143_140_v242_125_17_3_v35_18_1_v226_134_45_v21_v247_v248_231_179_v260_v327_251_v85_v251_v329_315_114_v316_v,362,test,33
vvvvvvvvvvvvv9_v13_vvv13_v16_12_11_9_6_vvv3_v5_3_v19_12_6_v24_vv26_25_23_18_16_12_11_10_9_6_4_2_v10_v26_10_v14_v12_v13_v14_v15_v11_v20_v18_v19_v18_12_vvv24_v38_25_13_7_v17_v21_v43_33_27_v44_34_28_1_v29_v30_v45_32_30_26_22_7_v50_24_v51_25_1_vv35_v52_47_45_42_36_26_24_21_9_8_v29_v56_30_v39_v53_41_18_6_v44_17_v42_19_v44_36_22_v54_48_36_v,63,test,34
vvvvvvvvv6_v5_v10_1_v6_vv5_v12_vvv6_v4_3_v17_12_5_v21_vv23_22_21_18_16_13_12_11_10_8_6_4_2_v9_v13_v14_v15_v16_v9_v13_7_vvv18_v31_19_8_6_v15_v25_24_v14_v35_23_22_18_14_4_v39_25_16_v40_17_1_vv19_v31_v44_21_v41_30_13_4_v34_12_v14_v33_26_17_v23_21_3_v,50,test,35
v1_vvv3_v5_3_1_v5_1_v6_2_vv8_4_v9_3_v10_v11_7_v12_8_v9_4_v10_v15_12_10_9_7_3_2_1_v12_1_v17_13_2_v14_9_3_v19_4_v10_7_5_2_v17_v22_18_16_13_12_10_7_v16_v20_9_3_v21_10_vv27_23_5_v28_24_19_16_13_6_v29_28_25_24_23_21_14_12_10_7_4_2_1_v26_15_v27_v32_28_v30_29_v34_11_v35_31_v36_32_4_v33_22_v38_23_v39_29_26_24_7_v40_36_29_v41_37_30_1_v42_15_v43_39_v44_40_35_29_24_22_15_v36_30_25_6_v45_42_13_8_4_v47_v49_38_33_28_9_v47_43_42_28_26_23_21_18_11_5_v1_v50_5_v48_37_6_v7_v39_8_v51_40_33_v56_52_41_27_v8_vv21_1_v2_v12_v58_47_v59_37_14_v64_60_43_16_12_v65_61_53_50_33_v66_62_57_53_51_46_27_21_v18_v22_15_v69_65_54_52_45_22_21_v70_66_55_24_8_2_v25_v72_68_43_v,74,test,36
vvvvvvvvv6_1_vvvvvvvv12_v1_vv12_vvvv2_v13_2_vvv24_4_v2_vv24_21_v25_22_13_9_8_7_1_v16_15_7_v17_v9_7_vvvv39_v36_26_2_v15_vv17_v38_vvv7_v25_16_1_v26_vvv40_34_25_19_3_v13_vv53_52_25_24_v55_44_vvv55_33_v18_v53_51_49_34_33_30_21_v52_22_vv37_12_3_vv3_v12_vvvv50_v72_71_67_39_38_33_18_16_14_9_6_v33_v42_vv39_v59_v35_v72_46_42_23_vv54_52_29_20_vv43_10_v60_v61_v62_2_v28_v64_33_v65_61_53_v40_vv78_52_39_v89_v88_52_19_10_9_8_v66_30_25_v56_v57_44_42_5_v77_16_v84_49_44_23_22_20_9_v62_60_4_v33_26_v27_v81_80_79_66_58_52_35_34_26_v75_52_v101_v98_80_78_73_66_63_54_51_36_35_34_22_21_17_8_7_v67_24_11_7_v53_v109_37_v55_v2_v72_v73_v25_v102_92_91_87_82_75_58_56_35_22_12_10_9_v69_22_4_v66_14_v12_9_7_v119_80_47_v116_96_91_85_59_55_50_31_22_14_5_v81_48_v50_v68_31_26_v124_52_v85_52_18_vv98_62_57_7_v51_v115_89_80_76_74_46_30_22_21_6_4_v90_23_v121_106_100_79_59_53_v29_15_v98_74_46_30_27_v62_v44_29_7_v104_v95_v105_40_32_v99_27_v72_37_v101_v110_39_v103_27_4_v133_128_120_108_98_18_v86_58_16_12_v73_54_47_39_17_v129_111_98_94_92_v140_105_93_70_v84_79_43_21_v110_77_v144_141_120_114_111_95_89_79_74_52_20_v,152,test,37
vvvvvvvvv6_1_vvvvvvvv12_v1_vv12_vvvv2_v13_2_vvv24_4_v2_vv24_21_v25_22_13_9_8_7_1_v16_15_7_v17_v9_7_vvvv39_v36_26_2_v15_vv17_v38_vvv7_v25_16_1_v26_vvv40_34_25_19_3_v13_vv53_52_25_24_v55_44_vvv55_33_v18_v53_51_49_34_33_30_21_v52_22_vv37_12_3_vv3_v12_vvvv50_v72_71_67_39_38_33_18_16_14_9_6_v33_v42_vv39_v59_v35_v72_46_42_23_vv54_52_29_20_vv43_10_v60_v61_v62_2_v28_v64_33_v65_61_53_v40_vv78_52_39_v89_v88_52_19_10_9_8_v66_30_25_v56_v57_44_42_5_v77_16_v84_49_44_23_22_20_9_v62_60_4_v33_26_v27_v81_80_79_66_58_52_35_34_26_v75_52_v101_v98_80_78_73_66_63_54_51_36_35_34_22_21_17_8_7_v67_24_11_7_v53_v109_37_v55_v2_v72_v73_v25_v102_92_91_87_82_75_58_56_35_22_12_10_9_v69_22_4_v66_14_v12_9_7_v119_80_47_v116_96_91_85_59_55_50_31_22_14_5_v81_48_v50_v68_31_26_v124_52_v85_52_18_vv98_62_57_7_v51_v115_89_80_76_74_46_30_22_21_6_4_v90_23_v121_106_100_79_59_53_v29_15_v98_74_46_30_27_v62_v44_29_7_v104_v95_v105_40_32_v99_27_v72_37_v101_v110_39_v103_27_4_v133_128_120_108_98_18_v86_58_16_12_v73_54_47_39_17_v129_111_98_94_92_v140_105_93_70_v84_79_43_21_v110_77_v144_141_120_114_111_95_89_79_74_52_20_v,152,test,38
vvvvvvvvvvv2_v2_vv14_3_vv14_12_v15_13_9_7_6_5_1_v5_v6_5_vvv22_vv11_v24_vvv6_v19_12_1_vv13_v16_vv34_21_v12_v33_32_22_20_14_vvvvv24_vv25_vvvv36_v37_v38_2_v39_18_v40_37_31_v52_v52_30_9_6_5_4_vv23_10_v18_12_v13_v49_48_47_37_32_28_20_19_13_v59_v57_47_46_42_38_36_29_28_20_18_17_13_12_9_6_5_v39_v11_v57_53_52_49_45_41_30_29_17_11_5_4_3_v36_11_3_v35_7_v6_v67_56_52_48_31_30_27_16_13_7_4_vv54_32_29_2_v12_5_v52_37_13_11_v55_v13_v51_v57_21_15_v38_18_v60_19_v56_14_v74_72_68_59_52_11_v43_40_20_v,81,test,39
v1_vvvvvvvv7_vv7_3_v8_4_vvv7_5_3_vvv6_v11_5_vv1_v20_vvvvvv22_1_v16_v25_v27_23_20_v20_vv17_vv22_17_vvvv5_v2_v23_v18_v36_v11_vv47_v46_26_11_v19_vv10_v18_vvv31_v48_46_41_18_v49_v28_vvv32_v22_v12_v46_v31_17_v57_36_8_v42_1_v65_64_60_58_53_50_49_39_29_26_17_12_9_v44_vvv8_v45_v65_24_20_10_v42_38_31_27_16_v17_1_v69_67_65_21_9_v38_v50_v71_50_v81_79_59_58_48_46_44_35_33_19_16_11_6_3_v14_v67_v16_13_v56_v33_26_18_v19_16_v20_v21_1_v61_v66_v82_15_v68_v85_44_40_30_v70_52_21_1_v54_40_28_v56_v15_v91_89_84_22_17_7_v12_v23_v38_4_v47_v104_102_97_84_82_80_79_78_76_74_72_70_69_65_53_42_40_36_30_26_23_21_10_v30_22_7_v,106,test,40
vvvvvvvvvvvvv3_vvvvv3_vvvv10_vv20_14_vvv2_vv17_16_7_v1_v6_1_vv16_v29_v4_v10_v27_13_8_vv23_19_11_10_v5_vvvv10_v35_32_v33_5_1_vv30_vv37_vvvvvv46_44_34_v57_56_55_54_53_52_51_50_49_48_46_43_42_40_39_38_36_34_31_28_25_24_23_21_19_16_15_14_13_10_9_8_6_5_4_3_2_v16_1_v2_v3_v51_15_4_v39_36_26_5_v53_50_v7_v56_8_v53_43_v10_v11_v12_vv58_14_v41_v1_v2_v54_18_v19_v46_42_7_v21_v,79,test,41
vvvvv1_vvv7_vvv6_2_vv8_v11_vv15_12_5_2_vvv11_v19_16_9_4_vvv12_2_1_v10_1_v5_v7_v26_v8_v21_v19_v21_v21_v32_21_17_14_vv1_v28_17_12_10_v29_v30_9_vv27_24_1_v27_v41_27_26_v23_vv18_v32_v46_32_31_5_v40_22_10_v48_33_18_16_v49_48_34_27_1_v40_v39_12_v48_42_33_23_v46_v51_v56_53_50_49_40_39_38_25_22_21_14_12_9_v1_v57_39_29_22_21_20_10_4_v,59,test,42
vvvvvv1_vvv7_vvv6_2_vv8_v11_vv15_12_5_2_vvv11_v19_16_9_4_vvv12_2_1_v25_10_1_v5_v25_v7_v20_v18_v20_v20_v31_20_16_13_vv1_v27_16_11_v28_v29_9_vv26_23_1_v26_v40_26_25_v22_vv18_v31_v45_31_30_5_v39_10_v47_32_18_16_v48_47_33_26_1_v39_v38_12_v47_41_32_23_v45_v50_v55_52_49_48_39_38_37_25_22_21_14_12_9_v1_v56_38_29_22_21_20_10_4_v,59,test,43
vvvvvv2_vvv4_vvvvvvvvv4_vvvvv1_v4_v11_vvvvv24_22_17_5_vv28_18_vv20_v5_vv19_vv31_17_16_vv33_19_18_v35_v38_21_v8_v22_v38_vvv3_vvvvvv25_v14_v43_39_27_24_v40_28_7_1_v51_v36_vvvvvvv67_66_65_64_63_60_57_56_52_51_50_48_47_44_43_41_39_36_31_30_29_26_25_23_20_16_15_14_11_8_7_6_5_4_3_2_1_v16_1_v2_v27_v4_v42_v43_v52_35_v61_45_17_8_v62_58_46_v46_41_33_10_v11_v66_65_49_21_v50_v76_73_72_69_63_60_50_47_41_27_v67_15_v75_70_69_56_54_51_50_35_34_33_26_25_11_8_4_3_v17_v18_v19_v69_20_8_v7_v61_22_v23_v61_43_v62_v26_v,94,test,44
vvvvvv4_vvvv7_v8_v5_vv13_12_10_9_8_v2_v13_6_v8_v10_v12_v3_v8_v9_v9_v24_14_v12_3_v9_vv14_v26_18_v16_v24_12_v19_v31_19_v22_10_v18_vv35_34_30_24_23_13_10_6_v25_17_16_v8_v33_21_9_6_v39_35_27_vv7_6_1_v30_v8_v32_v30_29_v11_1_v2_v33_30_15_v47_46_45_37_27_23_21_10_v5_v51_40_39_30_26_20_10_8_v,54,test,45
vvvvvvvvvvvv3_vvvv13_11_9_vv7_vvvv22_20_18_4_vv20_2_v21_1_v13_vvv1_v18_v19_v31_vv30_9_vv10_v26_19_15_v22_v27_v36_29_21_18_v29_v34_v27_vv31_10_v22_v25_23_22_7_v4_v45_32_27_24_15_2_v10_5_v27_v30_8_4_vv26_v51_49_47_44_43_38_33_32_31_30_29_28_27_26_23_9_8_5_3_v51_40_v2_vv51_2_v37_33_vv16_10_7_v39_v61_59_57_56_54_50_49_48_45_44_43_31_29_26_21_19_11_9_8_7_6_3_v1_v66_65_50_34_v,67,test,46
vvvvvvv5_v5_4_v9_v10_1_vvvvv13_v4_v9_v16_vvvvv21_18_8_v4_v6_5_v24_22_6_3_v13_v27_v1_v19_4_v16_v15_v27_12_7_vv20_5_v34_v22_14_v15_12_7_v16_v14_v13_v19_v23_v21_2_v29_v46_43_42_38_37_30_29_19_18_14_v34_20_13_1_v39_v30_23_v48_35_24_13_12_8_6_v23_v32_v41_37_8_v39_32_28_v,55,test,47
vvvvvvvvvv1_vvvvvvvv18_14_vvvvvvvv8_vvv25_vvv27_vvv10_v16_vv29_1_vv31_20_vvvv13_12_vv43_5_v20_v31_28_vv33_30_13_9_2_vv23_10_vvvv29_v53_49_4_vv56_32_2_vv19_vv54_vvv66_v58_v43_40_36_9_v64_41_22_1_v33_20_2_v3_vv36_v44_vv69_65_53_40_37_v72_8_v69_vv57_21_v55_52_36_29_8_v81_34_v35_v73_48_45_v78_63_62_49_34_9_5_v46_29_v87_61_8_vv86_47_v70_31_v75_71_65_46_45_43_32_vv61_vvv51_15_5_v41_vv80_vv91_11_v92_12_1_v13_vv70_vvvv52_vv111_59_24_v101_80_76_72_54_53_35_17_6_v64_49_vv31_3_v60_13_4_v110_94_81_62_59_v98_24_v87_75_72_51_26_7_v115_88_76_52_51_27_8_vv46_v94_vv125_107_38_v81_45_35_vv70_69_16_vv89_v90_v128_67_v126_122_112_97_94_30_v103_102_90_15_14_v124_96_59_51_2_v95_90_82_vvv132_131_129_117_116_112_105_103_86_80_75_63_59_54_44_38_37_4_1_v137_v84_2_vv141_125_v104_85_78_v79_33_vv129_63_62_32_8_v128_110_v142_141_138_128_126_113_110_100_98_96_90_85_69_66_65_64_57_34_14_10_8_1_vv73_2_vv44_14_4_v78_70_5_v72_38_32_v152_100_99_97_90_81_12_v18_8_v53_v122_118_104_36_vv154_153_140_139_138_125_108_88_76_23_22_20_12_8_4_v119_45_vv15_v155_127_125_102_98_87_v163_vv152_126_122_116_109_107_87_85_64_58_57_38_37_32_16_13_v142_30_v58_42_v148_115_113_112_105_72_43_27_26_21_15_v153_73_v162_146_134_58_38_34_26_24_v62_v36_vvv75_v158_157_115_76_v122_36_35_22_v98_v175_106_98_97_92_v161_70_44_vv46_v181_128_127_109_93_67_66_v183_128_v167_9_6_v67_66_v78_77_41_19_v79_v136_117_21_v168_158_vv171_158_154_149_143_136_107_106_71_55_36_29_27_v192_131_v129_11_v30_v135_134_50_v197_159_109_96_64_48_32_5_v178_169_157_147_135_127_116_101_82_67_57_56_45_39_vv199_147_144_91_71_57_33_v164_121_89_65_55_51_19_v205_179_v148_147_94_36_35_v207_189_5_v118_vvv125_99_96_72_v73_63_v100_52_v49_v147_44_14_v215_212_211_210_209_208_206_205_204_203_202_201_195_194_193_189_185_182_180_165_163_160_158_157_156_154_152_144_143_139_138_136_133_131_124_117_115_114_113_110_109_108_103_102_97_96_94_88_83_81_79_78_75_74_68_65_63_62_61_55_54_53_52_49_47_45_44_42_41_40_39_38_37_35_34_32_28_26_25_24_17_12_10_7_6_5_4_3_1_v158_53_46_16_v91_74_47_1_v29_18_v200_172_139_109_95_15_13_v210_185_145_137_86_50_27_v217_190_175_154_153_110_88_36_6_v218_191_179_155_154_146_130_111_104_103_22_1_v167_134_102_v138_v137_67_58_v11_v170_v171_112_v9_v15_4_v232_v65_v116_v122_118_96_86_vv237_17_v229_200_175_73_v187_87_71_v184_165_v213_194_182_172_55_v238_v116_v117_v186_v237_208_81_47_43_v134_35_31_v243_216_213_190_189_171_155_143_129_128_55_51_47_26_7_v149_v209_196_v236_139_109_59_35_10_v163_36_26_v167_141_138_124_114_98_93_82_63_52_37_2_v129_47_17_v244_236_226_219_211_204_201_191_182_178_175_172_153_148_147_146_73_56_42_40_33_31_v144_40_v153_89_v167_v254_234_227_215_200_182_166_147_140_139_125_58_37_36_v238_237_175_44_v256_230_229_217_205_192_149_127_75_38_13_2_v257_193_169_21_v258_232_231_207_194_151_77_40_15_4_v48_v177_v261_197_44_7_v267_162_47_13_v245_234_183_39_v267_252_251_249_236_221_214_210_204_190_187_182_179_175_171_158_148_147_146_126_114_80_67_49_44_35_33_15_4_v,270,test,48
vvvvvvvvv1_vvvvvv15_12_vvvvvvvvvv21_vv6_v11_v21_12_vv7_6_v10_vvvv14_vv35_31_4_v37_17_1_vvvv43_v23_19_5_v41_13_1_vvv25_vv44_40_30_22_v47_6_v44_v33_14_v44_26_vv50_37_36_28_23_6_3_vv58_v30_21_v43_21_v44_22_vv38_v7_v29_vvv59_8_v60_9_1_v54_10_v62_3_2_v45_vvvv76_18_vv68_53_50_49_41_39_27_14_5_v43_9_1_v38_v27_10_3_v76_62_54_45_25_v2_v80_59_53_40_39_21_6_v60_54_53_41_22_7_vv37_v88_73_30_vvv54_52_13_vv90_v88_84_76_66_24_v71_70_64_11_10_v86_46_42_2_v62_vvv94_93_91_81_80_78_74_72_66_61_58_50_47_44_36_32_31_4_1_v63_1_vv74_64_60_v61_26_v90_51_49_24_5_vv90_v102_101_98_90_88_80_75_74_69_66_55_54_53_52_46_27_12_8_7_1_vv58_2_v11_3_v62_58_4_v58_31_v111_78_76_75_71_65_11_v43_v27_v111_110_99_98_97_89_83_70_61_18_17_16_9_6_v88_36_vv12_v43_v113_93_70_v57_v85_69_48_27_11_v47_34_vv107_91_90_88_84_61_36_24_23_18_13_v62_5_v119_107_48_33_29_24_21_v30_vv110_32_vv106_v117_116_93_65_v99_33_32_21_v82_v132_88_84_82_78_vv112_35_3_vv138_105_103_91_79_58_57_v140_104_v126_9_6_vv68_66_38_19_v69_v112_99_21_v128_122_vv145_123_v113_28_v109_11_v112_46_v135_130_124_120_112_107_99_88_70_60_52_51_41_37_v153_120_117_78_63_50_31_v106_81_v129_103_77_58_50_47_v159_v123_121_82_35_33_v161_146_vv157_135_vv106_87_84_76_65_v66_58_v87_50_v124_41_13_v168_166_165_164_163_162_160_159_158_157_156_155_153_151_150_149_147_145_143_141_136_135_133_132_130_129_128_127_123_122_118_117_116_114_113_107_103_101_100_99_96_95_94_92_89_85_84_82_78_75_73_71_70_68_67_62_59_58_57_56_52_51_50_49_48_46_43_42_39_38_37_36_34_32_31_30_25_23_22_21_15_11_9_7_5_4_3_2_1_v131_50_43_15_v81_68_44_1_v26_17_v163_145_123_119_77_46_23_v170_149_142_130_129_96_79_33_32_5_v171_150_144_131_130_124_112_97_91_90_20_1_v139_v140_95_v9_v6_v11_2_v181_v182_v147_134_v152_145_139_42_v146_v178_64_32_30_v107_21_18_v184_163_161_151_149_137_125_116_104_103_39_35_33_14_4_v122_v155_v177_113_105_89_46_43_22_7_v1_v134_115_112_101_93_80_77_66_47_38_24_2_v25_v185_167_164_162_160_153_148_144_142_140_126_121_120_67_57_41_28_27_21_v118_27_v191_169_59_v194_177_173_167_159_147_135_120_114_113_103_43_24_23_v195_154_25_1_v196_176_175_169_164_155_122_105_58_25_12_2_v182_181_145_32_v198_178_177_166_157_124_60_27_14_4_v34_v184_178_148_27_v205_133_v191_189_167_148_146_130_119_93_v,207,test,49
vvvvvvvv4_vvv6_v7_vv5_vv15_12_10_9_8_v15_14_7_4_v3_v8_2_v15_9_vvv14_6_v9_v10_v5_v17_v12_v29_18_v15_5_vv16_v16_7_v29_22_v19_v27_13_v22_v24_9_v35_23_v13_vv16_v39_38_34_28_27_14_12_7_v29_20_19_v32_23_19_9_5_v37_23_10_8_v43_39_31_vv8_6_1_v29_27_23_17_8_5_v28_6_v36_v36_v11_v39_v35_23_14_11_6_v36_24_15_7_6_v37_25_16_13_8_2_v38_26_17_14_9_1_vv18_1_v56_55_54_46_33_30_27_15_v59_48_47_35_32_24_14_9_v,64,test,50
vvvvvvvvvvvvvvvv1_v12_10_vvvvvvvvvvv26_vvvv26_17_vvvvvv10_v38_vvvv4_vvv25_vvvvvv30_v45_vv45_v37_23_21_10_v29_v50_21_vvv36_vv12_v35_26_vv65_23_v66_28_1_vvvv30_vv54_17_vvv52_v40_v76_60_57_54_51_21_15_12_10_1_v46_23_vvv52_vv31_vv33_vvvv2_v84_63_38_13_v64_v54_50_26_15_v48_38_12_v83_29_20_v80_v60_v45_v87_63_38_vv89_74_45_26_19_vv47_vv52_27_vv105_50_16_15_v107_41_30_v95_vv103_93_84_58_54_20_4_vvvvv109_45_v98_61_v96_77_27_18_v76_52_26_24_v17_v116_102_99_32_vv23_22_vv88_48_vvv120_116_101_75_70_64_63_44_37_30_27_21_17_16_v76_1_v102_92_19_2_vv125_v86_77_15_12_vv63_26_v13_v135_125_99_45_9_7_v38_v102_v49_v85_vv142_141_140_139_135_131_125_120_116_112_109_106_104_90_86_84_83_82_80_79_78_77_74_62_60_59_57_52_45_44_43_42_41_38_35_34_32_28_24_20_14_11_10_9_4_1_v5_v138_28_25_vv78_4_v92_v112_31_21_vvv65_v152_114_87_78_63_53_52_45_34_v2_v125_12_vv14_v78_55_38_v106_v159_121_117_94_93_72_67_59_52_41_v153_50_18_v41_v154_52_v159_157_142_116_93_75_63_54_50_47_31_19_18_13_8_2_v22_vv49_v115_111_61_57_50_40_28_25_v149_120_91_51_v119_v28_v29_v117_15_v126_87_54_53_44_10_v175_2_v175_137_133_110_109_83_57_23_16_v115_51_49_34_14_v102_v172_150_44_v161_150_124_77_vv177_175_165_37_18_v33_v121_60_34_20_1_vv43_v140_54_v169_148_132_101_83_75_43_v102_79_72_68_43_37_25_v28_vv154_150_103_10_v176_117_v162_v193_161_159_157_156_135_131_129_128_104_95_94_87_83_76_72_59_56_38_35_19_16_v134_19_v119_v146_65_34_v7_v136_vv200_116_111_110_59_34_v201_175_111_96_75_66_60_1_vv62_v153_78_63_v125_v65_v153_136_10_v185_111_109_106_v11_v69_v176_148_70_54_v132_v75_v138_101_v74_v160_vv219_181_154_145_120_119_112_101_v164_147_135_78_v134_132_69_v71_69_v182_v214_206_195_173_169_131_124_103_35_18_11_v42_v74_7_v97_65_v196_183_173_147_20_4_v66_v132_130_107_100_95_36_v194_104_89_53_v133_132_97_90_38_vv92_v145_68_v60_v212_201_194_185_160_95_v161_96_v238_212_170_149_133_37_16_vv84_v213_191_187_88_v21_vv159_92_57_v196_184_112_95_93_24_16_3_1_v197_96_94_2_v164_152_64_v189_175_107_78_55_42_v222_213_123_118_112_108_56_50_40_1_v232_203_195_181_176_161_84_74_59_v252_187_93_v253_211_187_161_155_101_94_78_59_34_v254_180_v255_189_157_103_96_80_61_36_v209_93_v134_115_84_48_32_27_v187_150_80_12_v218_132_125_117_68_1_v234_208_154_150_143_133_118_100_98_v187_v130_v245_186_76_66_6_v222_172_122_11_9_v194_134_131_112_96_21_19_18_7_v250_215_162_42_1_v251_223_222_216_174_43_39_v151_v262_v231_158_83_v95_v208_v245_206_190_176_173_145_64_16_v238_212_197_150_147_132_v237_210_209_188_175_157_100_49_37_14_v276_238_211_210_202_182_169_24_23_22_21_15_1_v261_11_2_v3_v159_116_115_98_v281_265_249_236_225_203_148_138_123_115_99_62_49_v262_233_5_v263_234_171_165_114_98_v277_227_216_183_120_50_v278_245_205_198_191_184_172_112_103_56_14_v247_219_167_133_126_110_66_31_v246_171_123_35_v246_160_145_96_28_4_v247_211_161_146_97_29_7_5_1_v254_147_88_6_v201_138_v214_149_v215_150_v216_20_v217_v243_218_212_198_167_80_v154_v260_68_v178_135_v232_193_179_157_136_vv153_1_v247_35_v248_36_v204_201_167_126_95_v202_168_111_v305_289_280_279_276_269_254_244_242_223_221_216_215_210_209_206_196_179_178_175_170_168_158_139_104_95_75_46_32_26_v199_165_104_1_v256_181_166_77_15_2_v282_203_167_3_v258_183_15_4_v223_120_v298_195_170_v171_v200_172_99_v173_121_v304_189_174_v175_v307_191_176_v246_177_30_v313_267_235_196_178_100_80_46_31_v272_261_223_222_221_218_207_199_183_179_112_89_83_82_71_61_17_16_v196_180_42_v233_v4_v235_196_3_v199_95_v174_84_81_v228_71_v166_132_30_v214_175_79_v311_289_265_239_228_226_221_213_188_179_172_156_141_122_93_81_71_27_26_19_v202_170_v216_171_1_v234_123_13_3_v31_14_1_v16_v238_220_175_v329_284_253_158_v239_v315_304_103_v305_v,343,test,51
vvvvv3_vvvvvv1_vvvvvvv11_vvvvvvvv19_v25_v26_23_vv20_v11_v2_vvvv26_16_vv11_10_v17_v16_v4_v22_v14_vvvvvv47_25_vv19_16_v49_28_v46_44_6_1_v19_v10_vv47_vvv50_vvv61_58_23_v36_12_1_v33_vvv60_56_45_37_34_v64_6_v60_35_vv49_20_v47_8_v47_34_v75_33_v75_72_35_34_v65_46_43_v70_56_55_47_32_10_6_v16_vv45_28_vv80_v64_32_v65_43_33_vv59_vv40_v71_v80_7_v81_13_8_1_v9_v83_52_3_2_v58_19_vvvv46_v91_81_53_vv100_90_74_71_66_52_50_33_14_6_v59_45_v55_11_2_v28_11_3_v98_83_75_56_v78_v103_80_70_45_44_21_6_v81_71_69_45_22_7_v5_v43_v86_vv96_39_3_vv100_vv68_66_16_vv109_29_28_26_vv115_63_v115_111_102_92_89_30_v97_96_86_16_15_v113_91_57_48_2_v68_23_v44_vv100_v54_vvv67_vvvv129_128_126_115_114_113_108_106_90_85_79_69_65_59_49_46_45_12_1_v85_38_1_vv104_88_79_v123_64_63_36_4_v81_40_v123_113_v136_135_132_123_121_113_110_100_98_97_92_86_72_68_67_66_58_39_19_7_6_1_v75_14_1_v47_9_2_v79_70_3_v48_11_4_vv125_84_74_44_38_36_17_v144_102_99_98_90_84_11_vv36_v98_v147_146_134_133_132_124_108_90_77_55_19_18_17_11_9_7_v156_vv121_52_v142_vv150_131_125_104_101_91_v143_72_v61_v131_27_v11_v142_29_v64_v24_v76_54_v149_148_112_77_44_13_v148_122_121_119_110_81_53_31_29_20_19_v96_38_vv162_150_140_69_49_37_33_30_v162_v145_v127_37_35_v8_v171_111_102_101_95_v158_77_43_v80_v28_v152_42_11_v47_v103_50_vv111_vv20_v188_185_140_138_121_103_82_81_v184_139_v171_22_13_vv92_91_50_23_v93_v147_129_25_v86_85_v169_91_v191_168_v186_v169_149_118_v195_143_v145_144_59_54_vv199_v183_178_168_145_128_97_82_66_64_55_48_v200_158_155_105_85_v139_v173_133_104_72_65_63_25_v160_158_108_39_v23_v204_181_v131_78_28_v133_112_109_97_77_v167_78_71_48_v145_113_88_61_v56_v154_47_12_v219_214_213_212_211_210_208_207_206_205_204_203_198_197_196_195_192_190_188_173_172_170_169_167_164_163_161_157_154_150_149_147_143_141_133_129_128_127_126_123_122_121_118_116_111_110_108_101_96_94_87_83_81_80_76_74_73_72_69_64_61_60_59_57_56_55_54_53_52_51_50_49_48_47_46_40_37_27_25_24_23_16_10_9_8_6_5_4_3_1_v168_52_49_14_v192_v82_51_2_v29_17_v126_111_92_v213_194_157_148_100_54_v133_v222_199_187_164_163_125_103_41_37_8_v58_v59_v228_225_202_192_167_166_161_143_128_122_121_24_3_v178_147_120_v182_v14_v184_128_v152_108_v17_3_v216_v135_132_117_101_94_v70_v230_210_183_79_v72_49_v193_175_v203_191_180_53_v237_v193_v236_216_97_85_43_39_v176_144_31_v145_122_v247_244_221_199_197_180_162_141_140_43_22_6_v206_v199_178_175_101_50_16_v236_150_139_113_59_56_33_9_v173_170_126_34_18_v173_152_149_135_117_104_101_83_60_48_35_2_v3_v155_v245_238_231_226_219_211_199_192_188_185_181_165_160_159_158_157_78_54_41_39_30_26_9_v156_39_v251_228_80_v105_93_v185_v260_257_234_224_210_193_175_160_154_153_138_56_35_32_v241_240_185_44_v259_201_37_2_v61_46_v261_239_238_228_217_203_164_142_76_36_17_4_v262_204_180_24_v165_v167_151_62_59_v247_241_192_36_v253_251_229_219_212_196_187_160_159_121_74_v,272,test,52
vvvvv2_vvvvvvv1_vvvvvvv12_vvvvvvvv20_v25_v26_24_vv20_v12_v2_vvv25_16_vvv11_10_v17_v16_v12_v5_v24_vvvvvvv48_26_vv46_43_5_v52_29_1_v9_vvvvvvv33_8_v60_58_22_1_v31_vvv59_54_43_35_32_v63_5_v58_32_vv47_17_v45_8_v45_32_v74_30_v74_71_32_31_v63_44_41_v69_54_53_45_30_10_6_v69_v16_v44_27_vvv81_v64_30_v65_41_31_vv58_v10_v38_vv79_7_v80_13_8_1_v9_v82_50_3_2_v57_20_vvv45_vv90_52_vv99_89_73_70_66_50_48_34_14_6_v82_58_46_v53_11_2_v29_11_3_vv99_98_83_75_55_29_v78_v104_80_70_47_46_22_7_v81_71_69_48_23_8_v6_v45_v86_vvv97_42_4_vv101_vv68_66_18_vv110_31_30_28_vv117_66_v117_112_103_93_90_32_v98_97_87_17_16_v114_92_60_51_2_v71_25_v46_vv101_v57_vvv70_vvvv131_129_127_116_115_114_109_107_91_85_82_72_68_62_51_48_47_12_1_v87_40_1_vv123_66_65_37_3_v107_89_84_v85_42_v125_114_v138_136_133_124_122_114_111_101_99_98_92_89_75_71_70_69_60_41_19_7_6_1_v78_14_1_v50_9_2_v82_73_3_v50_11_4_vv126_87_77_45_39_36_17_v146_102_100_99_94_87_10_vv36_v100_v149_147_135_134_133_125_109_93_80_57_19_18_17_11_9_7_v158_vv122_53_v143_vv73_v130_25_v63_v141_27_v11_v22_v66_v77_53_v158_146_136_66_44_32_29_25_v150_149_115_79_44_13_v149_122_121_119_114_83_53_30_29_20_19_v99_38_vv144_v87_77_14_v164_v127_36_35_v8_v173_114_105_104_97_v159_79_43_v82_v28_v3_v154_44_12_v48_v106_51_vv115_vv22_v190_188_141_139_125_106_84_83_v187_140_v173_23_14_vv95_94_51_24_v96_v148_133_26_v170_92_v89_88_v194_170_v170_149_120_v189_v198_147_v149_148_60_55_vv184_179_169_158_149_131_98_82_65_64_55_48_v203_v203_159_156_108_86_v143_v176_137_107_73_66_64_25_v161_159_111_40_v23_v207_183_v134_79_28_v137_115_112_98_78_v169_79_72_49_v149_116_89_62_v190_v159_48_13_v222_217_216_215_214_212_210_209_208_207_206_205_200_199_198_197_194_192_190_175_174_171_170_168_167_166_165_161_158_154_153_151_147_145_136_132_131_130_129_126_125_123_121_119_113_112_110_102_97_95_88_84_82_81_77_75_74_73_70_65_62_61_60_59_58_57_56_55_54_53_52_50_49_48_47_41_38_27_25_24_23_16_10_9_8_6_5_4_3_1_v169_55_50_15_v81_51_1_v28_17_v127_112_92_v214_195_160_151_100_54_v135_v224_200_188_167_166_127_103_40_36_7_v58_v59_v229_227_203_193_170_169_164_145_130_123_122_24_3_v180_149_121_v182_v13_v184_129_v154_108_v16_3_v217_v137_133_119_101_94_v71_v72_47_v192_177_v203_190_181_51_v238_v192_v177_144_28_v237_217_97_42_38_v146_121_v247_245_221_198_196_182_163_141_140_42_21_6_v206_v198_180_177_100_49_15_v236_151_139_112_57_54_31_9_v173_171_125_32_17_v175_153_150_132_116_103_100_82_58_47_33_2_v244_225_220_187_8_v4_v249_245_231_226_219_211_208_201_198_194_190_187_183_166_161_160_159_158_152_143_81_77_52_39_37_29_25_9_v157_37_v252_228_79_v104_92_v161_v188_v261_259_235_225_210_196_177_162_155_154_138_56_35_32_v242_241_188_43_v261_203_37_2_v60_45_v263_240_239_229_217_205_166_142_75_36_18_4_v264_206_182_25_v246_240_193_34_v169_151_61_58_v253_252_228_218_214_198_188_160_159_120_71_v,273,test,53
vvvvv3_vvvvvv1_vvvvvvv11_vvvvvvvv19_v25_v26_23_vv20_v12_v2_vvvv26_17_vv11_10_v17_v16_v4_v23_v14_vvvvvv47_25_vv44_42_4_v49_28_1_v8_vvvvvv57_54_19_v32_8_1_v29_vvv56_52_41_33_30_v60_6_v56_31_vv45_16_v43_8_v43_30_v71_29_v60_41_38_v72_69_32_31_v66_52_51_43_28_10_6_v16_vv41_26_vv76_v61_28_v62_39_29_vv55_vv36_vv76_7_v77_13_8_1_v9_v79_48_3_2_v54_18_vvvv44_v87_49_vv96_86_70_67_62_48_46_33_14_6_v79_55_44_v51_11_2_v29_11_3_v94_79_71_52_v2_v99_76_66_45_44_21_6_v77_67_65_45_22_7_v77_v43_v82_vv92_39_3_vv96_vv64_62_16_vv105_29_28_26_vv111_62_v111_107_98_88_85_30_v93_92_82_16_15_v109_87_57_49_2_v67_23_v44_vv96_v53_vvv67_vvvv125_124_122_111_110_109_104_102_86_81_78_69_65_59_49_46_45_12_1_v83_38_1_vv118_64_62_35_3_v101_85_80_v81_40_v120_109_v132_131_128_119_117_109_106_96_94_93_88_85_72_68_67_66_58_39_19_7_6_1_v75_14_1_v47_9_2_v79_71_3_v48_11_4_vv121_84_73_44_38_36_17_v140_98_96_95_90_84_10_vv36_v96_v143_142_130_129_128_120_104_90_77_55_19_18_17_11_9_7_v152_vv117_52_v138_vv71_v60_v126_26_v10_v21_v63_v139_30_v75_53_v144_143_110_76_43_12_v143_117_116_114_109_80_52_29_28_19_18_v94_37_v156_144_134_67_47_35_32_28_vv139_v158_v122_35_34_v87_77_16_v9_v167_111_103_101_95_v154_77_43_v80_v28_v148_43_12_v47_v103_50_vv110_vv21_v184_181_136_134_121_103_82_81_v180_135_v167_23_13_v82_81_v92_91_50_24_v93_v143_129_26_v77_vv187_164_v182_v165_145_118_v191_142_v170_93_v145_144_60_55_vv179_174_164_145_128_97_82_65_64_55_48_v197_v197_155_152_106_86_v140_v170_133_105_73_66_64_26_v157_155_109_41_v24_v201_178_v132_79_29_v134_113_110_98_78_v164_79_72_50_v146_114_89_62_v185_v155_49_13_v216_211_210_209_208_207_205_204_203_202_201_200_195_194_193_192_189_187_185_170_169_167_166_164_163_162_161_158_155_151_150_148_143_142_134_130_129_128_127_124_123_122_119_117_112_111_109_102_97_95_88_84_82_81_77_75_74_73_70_65_62_61_60_59_58_57_56_55_54_53_52_51_50_49_47_41_38_28_26_25_24_16_10_9_8_6_5_4_3_1_v165_56_51_15_v81_52_1_v29_17_v126_111_92_v209_190_157_149_100_55_28_v133_v218_195_183_164_163_125_103_41_37_7_v59_v60_v224_221_198_188_167_166_161_143_128_122_121_24_3_v176_147_120_v178_v13_v180_128_v152_108_v11_v17_4_v213_v136_133_118_102_95_v72_v73_49_v189_175_v199_187_180_53_v233_v189_v175_143_29_v233_213_98_43_39_v145_122_v243_240_217_195_193_180_162_141_140_43_22_6_v202_v195_178_174_101_50_16_v232_150_139_113_56_54_32_9_v173_170_126_33_18_v173_152_149_135_117_104_101_84_60_48_34_2_v240_221_215_185_8_v4_v241_227_222_215_207_198_192_188_185_180_165_160_159_158_157_80_78_53_40_38_30_26_9_v156_38_v247_224_80_v105_94_v160_v185_v257_254_231_221_207_194_176_161_155_154_139_57_36_33_v238_237_186_44_v256_202_38_2_v61_46_v258_236_235_225_214_204_165_143_77_37_18_4_v259_205_181_25_v242_236_191_35_v168_152_62_59_v249_248_225_215_211_196_187_160_159_121_78_v,268,test,54
vvvvvvvvvvv1_vvvvvv11_vvvvvv17_vvv16_v9_v2_vvv21_13_v8_v13_v12_v10_vv19_vvvvvv21_vv39_36_5_v44_24_1_vvvvvvv7_v26_v48_43_34_28_25_v52_v47_vv38_13_v37_6_v49_34_31_v61_59_26_25_v56_43_42_36_24_8_4_v56_vv35_21_v49_21_v50_31_22_vv6_vv61_5_v62_8_6_1_v7_v64_38_3_2_v14_vvvv35_v72_41_vv71_56_52_39_37_27_13_6_v46_35_vv25_11_3_v80_79_66_60_43_23_v63_v85_57_36_6_v58_56_37_7_vv37_v7_vv51_49_12_vv86_25_24_22_vv92_87_80_72_69_25_v88_70_45_39_1_v52_17_vv78_v42_vvvv101_99_97_88_87_86_83_81_68_62_59_53_49_45_38_36_35_8_1_v64_28_1_vv94_50_48_25_3_v81_66_v95_87_v107_105_102_95_93_87_84_76_75_74_68_65_55_53_52_51_45_28_14_6_5_1_v58_10_1_v36_8_2_v62_56_3_v37_10_4_vv58_33_v115_78_76_75_9_v28_v116_114_104_103_102_96_83_69_60_42_16_15_14_9_7_5_v37_vv12_vv99_20_v58_v108_22_v48_v113_112_83_58_31_vv63_53_5_v123_113_105_49_35_27_24_21_v52_v63_v117_95_94_92_67_43_26_17_vv78_v114_v135_87_81_79_75_v123_59_35_vv2_v119_35_6_v39_v86_v145_105_103_93_60_59_v144_104_v132_19_9_v69_68_38_14_v70_v111_16_v130_67_v149_129_v129_111_v109_108_44_39_v138_127_117_96_69_47_38_35_v154_117_114_77_v130_99_75_53_47_45_14_v118_116_79_24_vv157_137_vv100_83_80_72_58_v126_59_53_31_v110_84_66_45_v144_v117_32_11_v171_167_166_165_164_162_160_159_158_157_156_155_152_151_150_149_147_146_144_132_131_128_127_125_124_123_122_119_117_115_114_112_109_108_102_100_99_98_97_94_93_92_89_87_82_81_79_76_72_71_65_64_62_61_58_56_55_54_51_48_47_46_45_44_43_42_41_40_39_38_35_34_33_32_31_29_27_20_19_18_17_13_10_9_8_6_5_4_3_1_v126_46_34_13_v21_14_v162_147_119_113_74_36_v171_141_122_92_26_4_v131_109_84_v6_v7_1_v160_v96_93_84_72_66_v147_135_32_v136_v125_99_15_v174_158_65_26_24_v101_84_v182_142_140_130_97_96_27_11_5_v149_v142_128_126_68_31_v173_106_79_35_18_8_v19_v125_108_105_93_83_71_69_53_39_32_20_2_v181_166_161_135_8_v185_181_170_166_161_154_151_144_142_139_137_134_131_120_115_114_113_112_108_102_59_51_35_25_23_18_17_8_v111_23_v188_168_53_v73_60_v135_v194_166_152_142_115_109_108_39_23_v179_178_136_28_v29_v180_176_138_v185_184_165_156_152_135_110_82_v,203,test,55
vvvv1_vvvvv8_vvvvvv14_10_5_2_v7_v16_12_7_2_v10_7_2_v19_6_v2_v4_v12_3_v22_v7_v16_vv26_15_12_11_v19_12_10_9_v20_v26_24_21_5_v24_2_vvvv6_1_v21_v31_v37_24_23_v11_7_v23_v18_v41_28_27_4_v34_25_13_v15_13_11_9_vv45_31_20_19_v46_45_32_25_1_v38_31_v40_v35_24_12_8_v22_6_v51_36_27_24_23_22_9_3_v,53,test,56
vv2_v3_v3_vvv5_4_1_vv7_v8_vvv9_4_v5_4_vv13_vvv11_2_v2_v16_v19_12_6_v2_v3_vvv20_vvv28_21_20_v29_28_24_8_v17_14_12_v26_15_2_1_v32_31_27_11_9_3_1_vv31_17_v37_v38_29_28_24_8_5_1_v1_vv38_v26_v32_31_30_27_24_11_3_2_v3_2_v40_34_33_24_23_21_12_vv36_26_2_v12_5_v16_v43_19_17_16_4_v8_v50_49_36_15_14_v51_50_43_30_29_16_vv33_21_v17_v55_54_47_35_19_v15_v10_vv60_57_56_53_50_49_48_45_44_42_40_38_35_33_32_29_26_25_21_20_19_17_16_10_8_7_5_3_1_v,62,test,57
vvvvvvvvvvvvvvv6_vv3_vvvvvv4_vvvvv12_vv25_v8_v13_12_8_v8_v15_vvv18_14_5_1_v21_vvvv13_vvv36_5_v8_7_v15_v18_vv33_vvvvv46_32_23_19_18_9_v1_vv58_57_56_55_54_53_52_51_50_48_47_45_44_42_41_40_37_36_33_32_31_30_28_25_23_17_15_14_10_9_8_7_6_5_4_3_1_v16_1_v2_v21_3_v16_v44_v6_v43_40_32_7_v8_v57_9_v10_v11_v58_30_25_15_v13_v2_v54_50_44_31_18_17_v4_v17_v30_v56_19_v20_v21_v,80,test,58
vvvvvvvvvvvvvvvvvv18_v8_vvv6_vvvv26_8_6_vvv4_vvvvv14_8_v14_v12_vv32_v10_2_v15_14_10_v10_vv18_v18_vvv22_18_7_1_v26_vv24_18_v25_vvv18_vvv46_5_v10_9_v50_42_35_19_17_v22_vv40_vvvvv56_38_27_21_20_9_v1_vv69_68_67_66_65_64_63_62_60_58_57_55_54_49_48_47_43_42_39_38_37_35_32_29_25_17_15_14_10_9_8_7_6_5_4_3_1_v16_1_v2_v47_v22_4_v17_v67_59_23_17_v52_v8_v51_48_38_9_v10_v69_11_v12_v13_v70_32_27_17_v15_v2_v62_58_51_33_20_19_v4_v19_v32_v64_21_v22_v23_v,94,test,59
vvvvvvvvvvv4_2_vv6_2_vvvvvv12_8_2_vvvvvv14_vvvvv12_v26_vv7_v15_vvv13_5_1_v19_vv6_vvvv6_5_v38_v15_vv41_35_29_vvvvvv40_30_22_18_17_10_v1_vv57_56_55_54_53_52_51_49_47_45_42_41_40_39_38_36_35_34_31_29_28_27_26_24_22_16_15_14_11_10_9_8_7_6_4_3_1_v16_1_v2_v3_v41_34_17_v5_v40_37_30_6_v7_v53_8_v9_v10_v11_v15_v46_16_15_v52_19_v15_v29_v52_17_v18_v56_3_v20_v,78,test,60
vvvvvvvvvvvvv7_vvv3_vvvvvvvv3_vv6_vvvvv18_v32_v21_vvvv8_vvv40_8_5_vv17_v31_10_v31_v11_vv37_v41_28_vvv50_38_30_29_24_17_8_v27_26_10_v32_v2_v1_vv22_17_v24_v29_v24_v52_v32_v24_23_14_v14_v45_17_13_v26_vv29_5_v39_29_18_17_v53_30_v63_60_20_vvvv5_v13_v16_v58_52_v53_7_1_vv44_vv57_vvvv24_19_vv87_86_85_84_82_80_75_74_71_70_66_61_60_53_52_51_48_43_39_37_33_29_28_25_22_17_16_15_12_9_8_7_5_4_3_2_1_v70_65_48_v18_2_v3_v53_v5_v61_v76_25_17_7_v51_47_33_8_v78_72_v10_v81_11_v75_55_v13_v14_v15_v18_v55_1_v81_18_v46_v99_62_58_v69_21_v22_v19_v24_v,114,test,61
vvvvvv3_vvvvvvv1_vvvvvvvv21_13_vvvvvvvvvvvv25_vv32_v33_30_vv26_v14_v2_vvvv32_19_v15_vvv13_12_v2_v22_v20_v6_v28_v17_vvvvv7_v50_vvv41_v61_33_vv58_55_8_v62_36_1_v12_vvvvv73_vvv73_70_25_v47_41_10_1_v38_v45_vv72_67_52_42_39_v76_6_v71_40_vvv57_19_v54_9_v53_37_v88_36_v88_75_38_37_v77_52_49_v83_64_63_53_35_11_6_v83_33_19_v34_18_v51_29_vvv93_v74_32_v75_47_33_vv66_v34_v35_1_v12_v42_v84_vv96_10_v97_16_11_1_v12_v88_66_22_v100_60_4_3_v69_vvvv52_v108_96_61_vv118_107_85_82_77_56_54_39_16_6_v96_67_51_v59_12_2_v33_11_3_v13_v122_117_116_97_87_79_63_61_33_v90_v122_92_80_52_51_26_7_v93_81_78_52_27_8_v100_85_v50_v99_vv113_71_45_3_vv117_v68_34_33_11_vv74_72_18_vv128_32_31_28_vv135_71_v135_130_117_105_102_33_v110_109_97_17_16_v132_104_65_55_2_v76_25_v50_vv113_v61_vvv74_vvvv96_v150_148_146_131_130_128_122_120_101_92_88_78_73_67_54_50_49_13_2_v94_41_1_vv118_95_89_v90_42_v143_73_72_40_5_v155_72_71_v141_128_v158_156_153_140_138_128_125_112_110_109_100_96_81_77_76_75_66_43_21_8_7_1_v85_16_1_v51_10_2_v89_79_3_v52_12_4_vv141_93_83_47_41_39_19_v166_110_108_107_101_90_12_vv136_113_44_v107_v169_167_151_150_149_139_120_100_86_59_21_19_18_11_9_7_v178_vv135_55_v162_vv161_77_v64_v145_27_v10_v21_v67_v159_31_v80_56_v165_164_121_81_45_12_v164_129_128_126_120_86_54_31_30_19_18_v104_39_v128_108_105_37_22_vv158_v184_167_156_74_52_39_34_31_v134_37_36_v184_v9_v193_121_111_110_103_v175_81_44_v84_v28_v167_42_12_v48_v111_52_vv120_vv21_v210_207_148_146_131_111_85_84_v206_147_v188_23_13_vv96_95_50_24_v97_v155_135_26_v89_88_v184_94_v213_183_v206_v184_157_126_48_29_v217_153_v149_13_v156_155_60_55_vv200_193_181_167_156_150_137_121_100_84_67_66_55_48_vv105_1_v228_v226_v226_170_167_113_91_v191_145_111_76_68_66_28_v154_v172_170_116_44_v27_v230_200_v143_84_32_v146_120_117_103_82_v181_83_75_53_v158_121_94_65_v207_v168_52_16_v245_240_239_238_237_235_233_232_230_229_228_227_219_218_217_215_211_209_207_189_188_182_181_179_178_176_175_171_168_164_163_160_156_154_145_139_137_136_135_131_130_129_126_124_118_117_115_107_102_100_93_89_86_85_80_78_77_76_73_68_65_64_63_62_61_60_59_58_57_56_55_54_53_52_50_44_41_31_29_28_27_19_11_9_8_6_5_4_3_1_v180_59_54_18_v86_55_1_v32_20_v190_157_147_85_v134_118_98_v238_213_171_161_106_59_v142_v248_218_203_178_177_133_109_45_41_8_v63_v64_v254_251_221_209_181_180_175_155_136_129_128_28_3_v192_159_127_v194_v195_134_v15_v164_114_86_67_v17_2_v237_v196_161_128_15_v144_140_126_107_99_v76_v175_v78_54_v206_186_v220_204_195_58_v264_v42_v207_v44_v191_154_33_v265_239_105_50_43_v140_v157_132_v277_274_244_235_215_213_198_178_166_152_151_150_54_51_26_9_v173_v220_v264_162_150_122_67_64_37_12_v188_186_136_38_22_v190_164_161_143_126_112_92_68_56_39_7_2_v273_248_242_203_9_v4_v278_274_265_255_249_240_231_226_217_210_206_202_198_178_172_171_170_169_86_61_45_43_34_30_9_v168_43_v281_251_230_187_125_88_25_v113_102_v172_v203_v291_288_264_258_246_227_212_192_173_166_165_149_65_40_37_v267_266_203_49_v286_203_131_v69_51_v292_222_44_4_v293_264_263_251_235_223_178_154_86_42_19_5_v271_263_208_70_69_40_v295_225_199_30_v181_163_68_65_v282_278_250_240_236_231_214_204_200_172_171_130_83_38_v,304,test,62
vvvvv3_vvvvvv1_vvvvvv10_vvvvvvvv18_v24_v25_22_vv19_v11_v2_vvvv25_16_vv11_10_v17_v16_v4_v22_v14_vvvvvv46_25_vv43_41_4_v48_28_1_v8_vvvvvv56_53_19_v32_8_1_v29_vvv55_51_41_33_30_v59_6_v55_31_vv45_16_v43_8_v43_30_v70_29_v70_67_31_30_v60_42_39_v65_52_51_43_28_10_6_v16_vv41_26_vv75_v60_28_v61_39_29_vv55_v35_v66_v74_6_v75_12_7_1_v8_v77_47_3_2_v53_18_vvvv43_v85_76_48_vv94_84_69_66_61_47_45_32_6_v54_43_v50_11_2_v27_11_3_v92_78_70_51_v73_v97_75_65_44_43_20_6_v76_66_64_44_21_7_v41_v80_vv90_37_3_vv93_vv62_60_15_vv102_28_27_25_v107_59_v107_103_95_85_82_28_v90_89_79_14_13_v105_84_54_45_2_v64_21_v41_vv93_v51_vvv64_vvvv121_120_118_108_107_106_101_99_83_78_75_66_62_56_44_43_12_1_v80_36_1_vv97_81_76_v116_61_60_34_4_v78_38_v116_106_v128_127_124_116_114_106_103_93_91_90_85_82_69_65_64_63_55_37_19_7_6_1_v72_14_1_v45_9_2_v76_67_3_v46_11_4_vv118_81_71_42_37_35_17_v136_95_93_92_87_81_11_vv35_v93_v139_138_127_126_125_117_101_87_74_53_19_18_17_11_9_7_v148_vv114_50_vvv135_69_v58_v123_26_v10_v134_28_v71_50_v8_v63_v25_v142_141_108_75_44_13_v141_115_114_112_107_79_52_31_29_20_19_v93_38_vv154_143_133_67_49_37_33_30_v154_v138_v120_37_35_v8_v163_108_99_98_92_v151_75_43_v78_v28_v145_42_11_v47_v100_50_vv108_vv23_v180_177_133_131_118_100_80_79_v176_132_v164_22_13_vv90_89_50_23_v91_v140_126_25_v85_84_v162_89_v183_161_v178_v162_142_115_v187_139_v141_140_59_54_vv191_v176_171_161_142_125_95_82_66_64_55_48_v192_151_148_103_85_v136_v166_130_102_72_65_63_25_v153_151_106_39_v23_v196_174_v128_78_28_v130_110_107_96_77_v160_78_71_47_v142_111_88_61_v181_v151_47_12_v211_206_205_204_203_202_200_199_198_197_196_195_191_190_189_188_185_183_181_166_165_163_162_160_159_158_157_154_151_147_146_144_140_138_130_127_126_125_124_121_120_119_116_114_109_108_107_100_96_94_87_83_81_80_76_74_73_72_69_64_61_60_59_58_57_56_55_54_53_51_50_49_48_47_46_40_37_27_25_24_23_16_10_9_8_6_5_4_3_1_v161_51_49_14_v81_50_1_v28_16_v123_109_91_v204_186_153_144_99_53_v130_v213_191_179_160_159_122_102_40_36_7_v57_v58_v219_216_194_184_163_162_157_139_125_119_118_23_3_v172_143_118_v174_v13_v176_125_v148_107_v16_3_v208_v132_129_100_93_v72_v73_47_v184_170_v194_182_175_51_v227_v184_v170_139_28_v227_208_96_42_38_v141_120_v237_234_212_190_188_175_157_137_136_41_21_6_v189_172_169_98_47_14_v225_145_135_110_56_53_30_8_v167_164_123_31_16_v167_147_144_131_114_101_98_80_57_45_32_2_v233_215_209_179_7_v4_v234_228_221_216_209_201_192_186_182_179_175_160_155_154_153_152_75_51_38_36_28_24_8_v151_36_v240_218_77_v102_89_v155_v180_v250_247_225_215_201_188_170_156_150_149_136_54_34_31_v232_231_180_42_v249_196_36_2_v59_44_v251_230_229_219_208_198_160_140_74_35_17_4_v252_199_175_24_v161_v163_148_60_57_v238_232_187_35_v244_242_220_210_206_191_182_157_156_119_72_v,262,test,63
vvvvv3_vvvvvvv1_vvvvvvv12_vvvvvvv19_v25_v26_23_vv19_v11_v2_vvvv25_16_vv11_10_v17_v16_v4_v22_v14_vvvvvvv48_26_vv45_42_5_v50_29_1_v9_vvvvvvv59_56_21_v34_9_1_v31_vvv58_53_43_35_32_v62_6_v57_33_vv47_17_v45_8_v45_32_v73_31_v73_70_33_32_v62_44_41_v68_54_53_45_30_10_6_v16_vv43_27_vv78_v62_29_v63_41_30_vv57_v36_vv76_6_v77_12_7_1_v8_v79_49_3_2_v55_18_vvvv44_v87_50_vv97_86_71_68_63_48_46_32_6_v56_44_v51_11_2_v27_11_3_vv96_95_81_73_53_v76_v101_78_68_45_44_21_7_v79_69_67_45_22_8_vv43_v84_vv93_39_3_vv97_vv65_63_17_vv106_30_29_27_v112_62_v112_107_99_89_86_30_v94_93_83_15_14_v109_88_56_47_2_v67_23_v43_vv97_v53_vvv66_vvvv126_124_122_112_111_110_105_103_87_81_78_68_64_58_46_45_12_1_v83_38_1_vv101_84_79_v80_39_v120_64_63_37_5_v120_110_v133_131_128_120_118_110_107_97_95_94_88_85_71_67_66_65_57_39_19_7_6_1_v74_14_1_v47_9_2_v78_69_3_vv49_12_5_v122_83_73_43_37_35_17_v141_98_96_95_90_83_11_vv35_v96_v144_142_131_130_129_121_105_89_76_55_19_18_17_11_9_6_v153_vv118_51_v138_v70_vv60_v127_26_v10_v72_49_v139_29_v141_114_113_111_106_77_48_27_26_19_16_v78_68_8_v66_v146_145_111_77_44_13_v94_37_v156_145_135_67_47_35_30_28_vv157_v141_v122_36_35_v7_v167_109_100_99_93_v154_76_42_v79_v27_v148_40_11_v46_v101_49_vv109_vv23_v184_181_135_133_119_101_80_79_v180_134_v167_21_13_vv91_90_49_26_v92_v142_127_28_v84_83_v165_89_v187_164_v181_v165_144_116_v191_141_v143_142_58_50_vv195_v179_174_164_153_144_126_95_81_65_64_54_47_v196_153_150_104_84_v137_v169_131_103_71_64_62_25_v155_153_107_42_v23_v200_177_v129_77_28_v131_111_108_95_76_v163_77_70_45_v143_112_87_60_v184_v152_50_12_v215_210_209_208_207_205_203_202_201_200_199_198_194_193_192_191_188_186_184_169_168_165_164_162_161_160_159_155_152_148_147_145_141_139_131_128_127_126_125_122_121_120_117_115_109_108_106_99_95_93_86_82_80_79_75_73_72_71_68_63_60_59_58_57_56_55_54_53_52_51_49_48_47_45_40_37_27_25_24_23_16_10_9_8_6_5_4_3_1_v163_52_14_v80_53_1_v28_16_v124_108_90_v207_189_154_145_98_56_v131_v217_194_182_161_160_123_101_40_36_7_v56_v57_v223_220_197_187_164_163_158_140_126_119_118_23_3_v174_144_117_v176_v13_v178_125_v149_106_v16_3_v211_v133_129_99_92_v72_v73_47_v186_171_v197_184_176_51_v231_v186_v171_140_28_v230_211_92_42_38_v142_119_v241_238_215_192_190_176_158_137_136_41_21_6_v191_173_170_97_47_14_v228_146_134_109_56_53_30_8_v168_165_122_31_16_v168_148_145_130_113_100_97_83_57_45_32_2_v236_218_212_180_7_v4_v241_237_224_219_212_204_201_194_191_187_183_180_176_161_156_155_154_153_147_142_85_75_51_38_36_28_24_8_v152_36_v244_221_77_v101_87_v156_v181_v115_41_40_v255_252_229_219_204_190_172_158_151_150_136_55_35_32_v236_235_182_43_v254_198_37_2_v60_45_v256_234_233_223_211_200_162_140_75_36_18_4_v257_201_177_25_v163_v165_148_61_58_v242_236_189_36_v247_246_224_213_209_193_184_157_156_119_73_v,267,test,64
vvvvvvvvvv1_vvvvvvv11_vvvvvvvvvv21_vv25_vv22_v13_v2_vvv27_17_vvv11_10_v18_v16_v4_v24_v14_vvvvvv25_vv46_44_4_v51_28_1_v8_vvvvvv56_19_v37_32_8_1_v29_vvv58_54_42_33_30_v62_6_v58_30_vv46_16_v43_8_v43_30_v72_29_v72_70_31_30_v63_42_39_v68_53_52_43_28_10_6_v16_vv42_26_vvv79_v63_29_v64_40_30_vv56_v7_v37_v70_v79_7_v80_14_8_1_v9_v82_49_3_2_v55_20_vvvv45_v90_80_50_vv89_71_68_64_49_47_34_14_6_v81_56_45_v52_11_2_v29_11_3_v97_81_72_53_25_v75_v102_77_67_46_45_21_6_v78_68_66_46_22_7_v5_v44_v83_vv95_40_3_vv99_vv65_63_16_vv108_29_28_26_v113_62_v113_109_99_88_85_29_v93_92_82_15_14_v111_87_57_48_2_v67_22_v43_vv96_v54_vvv67_vvvv127_126_124_112_111_109_104_102_86_81_78_69_65_59_48_45_44_12_1_v83_37_1_vv101_84_79_v80_38_v122_65_64_36_5_vv122_110_v135_134_131_121_119_110_107_97_95_94_89_86_73_69_68_67_58_39_20_8_7_1_v76_15_1_v47_10_2_v80_71_3_v48_12_4_vv122_85_75_44_38_36_18_v143_99_97_96_91_85_12_vv36_v97_v146_145_132_131_130_121_105_91_78_55_20_19_18_11_9_7_v154_vv118_52_v141_vv59_v142_72_v127_27_v10_v21_v139_30_v74_52_v65_v146_145_111_76_44_12_v145_118_117_115_110_80_52_31_30_19_18_v96_38_v70_54_vv161_147_137_69_50_38_33_30_v161_v142_v124_38_37_v9_v170_112_103_102_95_v156_77_44_v80_v28_v149_42_12_v48_v103_51_vv112_vv22_v184_137_135_122_103_82_81_v183_136_v169_23_13_vv92_91_50_24_v93_v144_130_26_v86_85_v166_91_v190_165_v185_v166_146_118_v194_143_v145_144_59_54_vv198_v181_175_165_146_129_97_83_67_66_55_48_v199_155_152_105_86_65_35_v140_v171_134_104_73_65_63_25_v157_155_108_40_38_v23_v203_178_v131_79_28_v134_112_109_97_78_v164_79_71_47_v146_113_89_61_v185_v155_48_12_v217_213_212_211_210_209_207_206_205_204_203_202_196_195_194_192_189_187_185_170_169_167_166_164_163_162_161_158_155_151_150_148_144_142_133_129_128_127_126_123_122_121_118_116_111_110_108_101_97_95_88_84_82_81_76_74_73_72_69_64_61_60_59_58_57_56_55_54_53_52_51_50_49_48_46_40_37_27_25_24_23_16_10_9_8_6_5_4_3_1_v165_55_50_14_v82_51_1_v28_16_v125_110_92_v211_190_157_148_100_54_v132_v220_195_183_164_163_124_103_40_36_7_v58_v59_v223_198_188_167_166_161_142_127_121_120_23_3_v176_146_119_v178_v13_v180_127_v151_108_v16_3_v213_v134_131_101_93_v71_v72_47_v188_174_v198_186_179_51_v234_v188_v174_141_28_v234_212_96_42_38_v143_121_v241_216_194_192_179_160_139_138_41_21_6_v193_176_173_98_47_14_v232_147_136_111_56_53_30_8_v171_167_124_31_16_v171_149_146_132_115_101_98_81_57_45_32_2_v240_219_214_183_7_v4_v241_234_225_220_213_205_196_190_186_183_179_162_157_156_155_154_75_51_38_36_28_24_8_v153_36_v247_222_77_v102_89_v157_v184_v254_234_229_219_205_192_173_158_152_151_137_54_34_31_v237_236_184_42_v256_232_231_221_210_200_160_139_72_33_15_2_v59_44_v258_234_233_212_202_162_74_35_17_4_v259_203_39_5_v260_204_179_25_v242_235_190_34_v249_247_223_213_209_194_184_157_156_118_71_v,267,test,65
vvvvv2_vvvvvvv1_vvvvvvv12_vvvvvvvv20_v25_v26_24_vv20_v12_v2_v25_vv25_16_vvv11_10_v17_v16_v12_v5_v24_vvvvvv47_25_vv45_42_4_v51_28_1_v8_vvvvvv31_7_v58_56_20_1_v29_vvv57_52_41_33_30_v61_5_v56_30_vv45_16_v43_8_v43_30_v72_28_v72_69_30_29_v61_42_39_v67_52_51_43_28_10_6_vv16_v42_26_vvv79_v62_29_v63_39_30_vv56_v10_v37_vv77_7_v78_13_8_1_v9_v80_48_3_2_v55_20_vvvv45_v88_50_vv97_87_71_68_64_49_47_34_14_6_v80_56_45_v52_11_2_v29_11_3_v96_80_72_53_28_v75_v101_77_67_46_45_21_6_v78_68_66_47_22_7_v43_v82_vv92_39_3_vv96_vv64_62_15_vv105_28_27_25_vv112_62_v112_107_98_88_85_29_v93_92_82_15_14_v109_87_57_48_2_v67_22_v43_vv96_v54_vvv67_vvvv126_124_122_111_110_109_104_102_86_81_78_69_65_59_48_45_44_12_1_v83_37_1_vv118_63_62_34_3_v102_85_80_v81_39_v120_109_v133_131_128_119_117_109_106_96_94_93_88_85_72_68_67_66_57_38_19_7_6_1_v75_14_1_v46_9_2_v79_70_3_v47_11_4_vv121_84_74_43_38_36_17_v141_98_96_95_90_84_10_vv36_v96_v144_142_130_129_128_120_104_90_77_54_19_18_17_11_9_7_v153_vv117_51_v138_vv70_v125_25_v60_v136_27_v11_v22_v63_v74_53_v153_141_131_63_44_32_29_25_v145_144_111_76_44_13_v144_118_117_115_110_80_53_30_29_20_19_v96_38_vv139_v158_v122_35_34_v86_76_16_v8_v168_111_102_101_94_v154_76_43_v79_v28_v3_v149_44_12_v48_v103_51_vv112_vv22_v185_183_137_135_122_103_82_81_v182_136_v181_v169_24_15_vv93_92_52_25_v94_v145_131_27_v166_91_v89_88_v190_166_v166_146_118_v185_v194_144_v146_145_61_56_vv180_175_165_146_129_97_83_66_65_56_49_v199_v199_156_153_106_87_v141_v172_135_105_74_67_65_26_v158_156_109_41_v24_v203_179_v132_80_29_v135_113_110_99_79_v165_80_73_50_v147_114_90_63_v186_v157_49_13_v218_213_212_211_210_208_206_205_204_203_202_201_196_195_194_193_190_188_186_171_170_168_167_165_164_163_162_159_156_152_151_149_145_143_134_130_129_128_127_124_123_122_119_117_112_111_110_103_98_96_89_85_83_82_78_76_75_74_71_66_63_62_61_60_59_58_57_56_55_54_53_51_50_49_48_42_39_27_25_24_23_16_10_9_8_6_5_4_3_1_v166_56_51_15_v82_52_1_v28_17_v126_112_93_v210_191_158_149_101_55_v133_v220_196_184_165_164_125_104_41_37_7_v59_v60_v225_223_199_189_168_167_162_143_128_122_121_24_3_v220_195_v178_148_122_v180_v14_v182_129_v153_110_v17_3_v214_v136_133_121_103_96_v73_v74_48_v190_176_v200_188_180_53_v235_v190_v176_143_29_v234_214_99_43_39_v145_123_v244_242_218_196_194_181_162_141_140_43_22_6_v195_178_175_101_49_14_v232_149_139_113_57_54_31_8_v171_169_126_32_16_v173_151_148_133_117_104_101_83_58_47_33_2_v240_221_216_185_7_v4_v241_227_222_215_207_198_192_188_185_181_164_159_158_157_156_80_78_52_39_37_29_24_8_v155_37_v248_224_80_v105_93_v159_v186_v257_255_231_221_207_194_175_160_154_153_139_56_35_32_v238_237_186_43_v257_201_37_2_v60_45_v259_236_235_225_214_203_164_143_76_36_17_4_v260_204_180_24_v242_236_191_33_v167_152_61_58_v249_248_224_215_211_196_186_160_159_121_71_v,269,test,66
vvvvv3_vvvvvv1_vvvvvvv11_vvvvvvv18_v24_v25_22_vv19_v11_v2_vvvv25_16_vv11_10_v17_v16_v4_v22_v14_vvvvvv46_25_vv43_41_4_v48_28_1_v8_vvvvvv56_53_19_v32_8_1_v29_vvv55_51_41_33_30_v59_6_v55_31_vv45_16_v43_8_v43_30_v70_29_v70_67_31_30_v60_42_39_v65_52_51_43_28_10_6_v16_vv41_26_vv75_v60_28_v61_39_29_vv55_v35_vvv75_7_v76_13_8_1_v9_v78_48_3_2_v54_19_vvvv44_v86_49_vv95_85_70_67_62_48_46_33_6_v55_44_v51_11_2_v28_11_3_v93_79_71_52_v74_v98_76_66_45_44_21_6_v77_67_65_45_22_7_v42_v81_vv90_38_3_vv94_vv63_61_15_vv103_28_27_25_v108_60_v108_104_96_86_83_28_v91_90_80_14_13_v106_85_55_46_2_v65_21_v42_vv94_v52_vvv65_vvvv122_121_119_109_108_107_102_100_84_79_76_67_63_57_44_43_12_1_v81_36_1_vv98_82_77_v116_62_61_34_4_v79_38_v117_107_v129_128_125_117_115_107_104_94_92_91_86_83_70_66_65_64_56_37_19_7_6_1_v73_14_1_v45_9_2_v77_68_3_v46_11_4_vv119_82_72_42_37_35_17_v137_96_94_93_88_82_11_vv35_v94_v140_139_128_127_126_118_102_88_75_53_19_18_17_11_9_7_v149_vv115_50_v135_vv69_v58_v9_v125_27_v21_v136_29_v72_51_v63_v142_141_108_74_43_12_v141_115_114_112_107_78_51_30_28_19_18_v93_37_v153_142_132_65_47_35_31_28_vv154_v138_v120_36_34_v85_75_16_v9_v164_109_100_99_93_v152_75_43_v78_v28_v146_42_12_v47_v101_50_vv109_vv22_v181_178_134_132_119_101_80_79_v177_133_v165_23_13_vv90_89_50_24_v91_v141_127_26_v85_84_v163_89_v184_162_v179_v163_143_116_v188_140_v142_141_59_54_vv192_v177_172_162_143_126_95_82_66_64_55_48_v193_152_149_103_85_v137_v167_131_102_72_65_63_25_v154_152_106_40_v23_v197_175_v129_78_28_v131_110_107_96_77_v161_78_71_47_v143_111_88_61_v182_v152_48_12_v212_207_206_205_204_203_201_200_199_198_197_196_192_191_190_189_186_184_182_167_166_164_163_161_160_159_158_155_152_148_147_145_141_139_131_127_126_125_124_121_120_119_116_114_109_108_107_100_96_94_87_83_81_80_76_74_73_72_69_64_61_60_59_58_57_56_55_54_53_52_51_50_49_48_46_40_37_27_25_24_23_16_10_9_8_6_5_4_3_1_v162_55_50_14_v81_51_1_v28_16_v132_69_v124_110_92_v206_188_155_146_100_55_v131_v215_193_181_162_161_123_103_41_37_8_v59_v60_v221_218_196_186_165_164_159_141_126_120_119_24_3_v174_145_119_v176_v14_v178_126_v150_108_v17_3_v210_v133_130_101_94_v72_v73_48_v186_172_v196_184_177_52_v229_v186_v172_140_29_v229_210_97_43_39_v142_121_v239_236_214_192_190_177_159_138_137_42_21_6_v191_174_171_99_48_14_v227_146_136_111_57_54_31_8_v169_166_124_32_16_v169_148_145_132_115_102_99_82_58_46_33_2_v235_217_211_181_7_v4_v236_223_218_211_203_194_188_184_181_177_161_156_155_154_153_78_76_52_39_37_28_24_8_v152_37_v242_220_78_v103_90_v156_v182_v252_249_227_217_203_190_172_157_151_150_137_55_34_31_v234_233_182_43_v251_198_36_2_v60_45_v253_232_231_221_210_200_161_141_75_35_17_4_v254_201_177_24_v162_v164_149_61_58_v240_234_189_35_v245_244_222_212_208_193_184_158_157_120_73_v,264,test,67
vvvvvvvvvv1_vvvvvvv11_vvvvvvvv19_vv23_vv20_v12_v2_vvv25_16_vvv11_10_v17_v16_v12_v5_v24_vvvvvv25_vv44_42_4_v49_28_1_v8_vvvvvv31_7_v55_20_1_v29_vvv56_52_41_33_30_v60_5_v56_30_vv45_16_v43_8_v43_30_v70_28_v70_68_30_29_v61_42_39_v66_52_51_43_28_10_6_vv16_v42_26_vvv77_v62_29_v63_39_30_vv44_v57_v11_v38_vv78_8_v79_14_9_1_v10_v81_49_3_2_v56_21_vvvv46_v89_51_vv51_9_v81_57_46_v90_74_71_67_52_50_37_16_8_2_v30_11_1_v96_81_73_54_29_v76_v101_78_68_47_46_21_4_v79_69_67_48_22_5_v44_v83_vv93_40_3_vv97_vv65_63_13_vv106_28_27_25_vv112_63_v112_108_99_89_86_29_v94_93_83_15_14_v110_88_58_49_2_v68_22_v44_vv97_v55_vvv68_vvvv126_125_123_112_111_110_105_103_87_82_79_70_66_60_48_45_44_12_1_v84_37_1_vv119_64_63_34_3_v103_86_81_v82_37_v121_110_v133_132_129_120_118_110_107_97_95_94_89_86_73_69_68_67_58_38_19_7_6_1_v76_14_1_v46_9_2_v80_71_3_v47_11_4_vv122_85_75_43_38_36_17_v141_99_97_96_91_85_10_vv36_v97_v144_143_131_130_129_121_105_91_78_54_19_18_17_11_9_7_v152_vv118_51_v139_vv70_v126_25_v58_v137_27_v11_v22_v63_v74_53_v154_142_132_63_44_32_29_25_v146_145_112_76_44_13_v145_119_118_116_111_80_53_30_29_20_19_v97_38_vv140_v159_v123_35_34_v86_76_16_v8_v168_112_103_102_95_v155_76_43_v79_v28_v3_v150_44_12_v48_v104_51_vv113_vv22_v183_138_136_123_103_82_81_v182_137_v169_23_14_vv91_90_51_24_v91_v145_131_26_v166_90_v88_87_v189_166_v166_146_118_v185_v193_144_v146_145_60_55_vv180_175_165_146_129_96_82_65_64_55_48_v198_v198_156_153_103_86_v141_v172_135_104_73_66_64_25_v158_156_106_40_v23_v202_179_v132_79_28_v135_110_109_98_78_v165_79_72_49_v147_113_89_62_v186_v157_48_13_v216_212_211_210_209_208_206_205_204_203_202_201_196_195_194_193_190_188_186_171_170_168_167_165_164_163_162_159_156_152_151_149_145_143_134_129_128_127_126_123_122_121_118_116_111_110_109_102_97_95_88_84_82_81_77_75_74_73_70_65_62_61_60_59_58_57_56_55_54_53_52_50_49_48_47_41_38_27_25_24_23_16_10_9_8_6_5_4_3_1_v166_55_50_15_v81_51_1_v28_17_v125_111_92_v210_191_158_149_100_54_v132_v219_196_184_165_164_122_103_40_36_7_v58_v59_v222_199_189_168_167_162_142_125_121_120_24_3_v177_147_120_v179_v13_v181_127_v152_108_v16_3_v213_v134_131_119_101_94_v71_v72_47_v189_175_v199_187_179_51_v233_v189_v175_141_28_v233_213_97_42_38_v143_121_v240_217_195_193_180_160_139_138_42_21_6_v194_177_174_99_48_14_v231_145_137_111_56_53_30_8_v170_168_124_31_16_v172_147_146_131_115_102_99_81_57_46_32_2_v239_220_215_184_7_v4_v240_226_221_214_206_197_191_187_184_180_162_157_156_155_154_78_76_51_38_36_28_24_8_v151_36_v246_223_78_v103_91_v157_v185_v253_230_220_206_193_173_156_152_151_137_55_34_31_v237_236_185_42_v255_233_232_222_211_200_158_139_72_33_15_2_v59_44_v257_235_234_213_202_160_74_35_17_4_v258_203_39_5_v241_235_190_33_v260_205_180_26_v164_151_61_58_v249_248_224_215_211_196_186_159_158_120_71_v,267,test,68
vvvvv3_vvvvvv1_vvvvvvv11_vvvvvvv18_v24_v25_22_vv19_v11_vv3_vvv25_16_vvv12_11_v18_v17_v4_v23_v15_vvvvvv47_26_vv44_42_4_v49_29_1_v8_vvvvvv57_54_19_v33_8_1_v29_vvv56_52_42_34_28_v60_6_v56_32_vv46_16_v44_8_v44_30_v40_v71_68_31_30_v61_43_37_v74_32_v67_54_53_45_29_11_7_v17_vv43_27_vv77_v62_29_v63_40_30_vv57_v36_vv76_6_v77_12_7_1_v8_v79_48_3_2_v54_19_vvvv44_v87_49_vv49_9_v55_44_v98_88_73_70_65_50_48_35_8_2_v28_11_1_v94_80_72_52_v75_v99_77_66_45_44_20_4_v78_67_65_45_21_5_v42_v82_vv91_35_3_vv95_vv63_61_13_vv104_28_27_25_v109_60_v109_105_97_87_81_28_v92_91_80_14_13_v107_83_55_46_2_v65_21_v41_vv95_v52_vvv65_vvvv123_122_120_110_109_108_103_101_84_79_76_67_63_56_44_43_12_1_v81_36_1_vv63_v100_83_78_v118_63_61_35_5_v80_37_v119_109_v131_130_127_119_117_109_103_95_93_92_87_84_71_67_66_64_56_38_20_8_7_1_v74_15_1_v46_10_2_v78_69_3_v47_12_4_vv121_83_73_43_38_36_18_v139_97_95_94_89_83_11_vv36_v95_v142_141_130_129_128_120_103_89_75_54_20_19_18_11_9_7_v151_vv116_51_v137_vv70_v57_v125_27_v10_v71_50_v22_v63_v140_32_v144_143_109_75_44_12_v143_116_115_113_108_79_52_30_28_19_18_v94_38_v155_144_131_66_48_36_31_28_vv156_v140_v121_36_34_v86_76_16_v9_v166_110_101_99_93_v154_76_44_v79_v28_v148_42_12_v48_v101_51_vv110_vv24_v183_180_135_133_120_101_81_80_v155_v180_135_v168_24_14_vv91_90_51_25_v91_v143_129_27_v87_86_v166_91_v187_165_v182_v165_145_117_v191_142_v144_143_60_55_vv195_v180_175_164_145_127_97_84_67_65_56_49_v196_154_151_103_87_v139_v170_133_104_74_66_64_26_v156_154_106_41_v126_v25_v201_179_v131_81_30_v133_111_110_99_80_v164_81_73_50_v146_114_91_63_v186_v155_50_13_v216_211_210_209_208_207_205_204_203_202_201_200_196_195_194_193_190_188_186_170_169_167_166_164_163_162_161_158_155_151_150_148_144_141_133_130_129_128_127_124_123_122_119_117_112_111_110_103_99_97_90_86_84_83_78_76_75_74_71_66_63_62_61_60_59_58_57_56_55_54_53_52_51_50_48_42_39_28_26_25_24_17_11_10_8_6_5_4_3_1_v165_56_52_15_v83_53_1_v29_17_v131_v209_191_157_148_102_56_v128_114_96_v218_196_183_164_163_123_105_42_38_7_v60_v61_v224_221_199_188_167_166_161_142_126_122_121_24_3_v176_146_121_v178_v13_v180_128_v151_110_v16_3_v213_v135_132_103_95_v164_v165_76_50_v77_49_v189_175_v199_187_180_54_v233_v189_v175_143_29_v233_214_99_44_40_v145_124_v243_240_218_195_193_180_161_141_140_43_22_6_v194_177_174_101_49_15_v231_147_139_114_58_55_31_8_v171_168_127_32_17_v171_149_148_135_118_104_101_84_59_47_33_2_v239_221_215_184_7_v4_v240_227_222_214_206_197_191_187_184_180_164_159_158_157_156_80_78_53_39_37_29_25_8_v153_37_v246_224_80_v105_93_v159_v185_v256_253_231_220_206_193_174_158_154_153_140_56_35_32_v238_237_184_43_v255_201_37_2_v61_45_v257_236_235_224_213_203_162_144_77_36_17_4_v258_204_179_24_v165_v194_v166_153_63_60_v245_239_192_37_v250_249_226_216_212_194_187_162_161_123_75_v,269,test,69
vvvvv3_vvvvvvv1_vvvvvvv12_vvvvvvvvvv22_v28_v29_26_vv22_v13_v2_vvvv28_18_vv11_10_v18_vv17_v5_v25_v15_vvvvvvv52_27_vv49_46_5_v54_30_1_v9_vvvvvvvv64_61_22_v36_10_1_v33_vvv63_58_46_37_34_v67_6_v62_35_vv50_18_v47_8_v47_33_v78_32_v78_75_34_33_v67_46_43_v73_57_56_47_31_10_6_v16_vv45_28_vv83_v66_30_v67_42_31_vv59_vv38_v73_v82_7_v83_13_8_1_v9_v85_51_3_2_v58_19_vvvv46_v93_83_52_vv51_9_v84_58_46_v105_94_76_73_68_52_50_35_16_8_2_v28_11_1_vv102_101_85_76_55_v79_v107_81_71_46_45_22_5_v82_72_69_46_23_6_vv44_v87_vv99_40_3_vv103_vv67_65_15_vv112_30_29_27_v118_64_v118_113_103_92_89_30_v97_96_86_15_14_v115_91_57_48_2_v69_23_v44_vv100_v54_vvv67_vvvv132_130_128_116_115_113_108_106_89_83_80_69_65_59_49_46_45_12_1_v85_38_1_vv124_63_62_35_3_v105_87_82_v83_38_v125_113_v139_137_134_124_122_113_110_99_97_96_90_87_72_68_67_66_58_39_19_7_6_1_v75_14_1_v47_9_2_v79_70_3_v48_11_4_vv125_84_74_43_37_35_17_v147_100_98_97_92_84_10_vv35_v98_v150_148_135_134_133_124_107_90_77_55_19_18_17_11_9_7_vv160_v121_51_v144_vv144_71_v58_v130_26_v10_v21_v146_145_109_73_40_10_v64_v144_31_v76_53_v148_119_118_116_111_80_51_29_28_19_18_v95_37_v162_148_138_67_47_35_32_28_vv163_v144_v115_10_v116_1_v126_37_36_v174_111_102_101_95_v159_77_43_v80_v28_v3_v153_44_13_v48_v104_51_vv112_vv21_v192_189_139_137_122_104_82_81_v188_138_v173_27_14_vv92_91_51_25_v92_v146_130_27_v86_85_v170_91_v195_169_v189_v170_148_119_v199_145_v147_146_60_55_vv184_178_168_156_147_128_96_82_65_64_55_48_v204_v204_157_154_104_86_v140_v174_134_105_73_66_64_25_v159_157_107_41_v128_v24_v209_183_v133_80_29_v135_112_111_98_79_v168_80_73_50_v147_115_90_63_v190_v156_50_14_v224_219_218_217_216_214_212_211_210_209_208_207_201_200_199_197_194_192_190_174_173_170_169_167_166_165_164_159_156_152_151_149_145_143_135_131_130_129_128_125_124_123_120_118_112_111_109_102_98_96_89_85_83_82_78_76_75_74_71_66_63_62_61_60_59_58_57_56_55_54_53_52_51_50_48_42_39_28_26_25_24_17_11_10_8_6_5_4_3_1_v168_57_52_16_v82_53_1_v29_18_v132_v216_195_158_149_101_56_v129_113_95_v62_v63_v228_202_189_167_166_126_106_43_39_9_v232_229_203_193_168_167_162_144_127_122_121_25_1_v179_148_120_v181_v13_v183_128_v153_109_v16_3_v218_215_198_v136_132_102_95_v71_v72_48_v191_175_v202_189_180_52_v240_v191_v223_8_v176_144_29_v240_218_99_44_40_v146_123_v251_248_222_198_196_181_163_141_140_44_20_7_v197_178_175_101_49_15_v238_148_138_113_58_55_31_9_v173_170_126_32_17_v173_150_149_134_117_104_101_84_59_48_33_2_v246_225_219_185_7_v4_v251_247_240_231_226_219_210_207_200_197_192_188_185_181_165_160_159_158_157_151_146_78_53_39_37_27_25_8_v154_37_v254_228_80_v105_93_v160_v186_v264_261_235_225_209_194_176_159_154_153_139_57_33_32_v243_242_186_43_v263_202_35_2_v61_45_v265_240_239_229_216_204_163_143_76_36_17_4_v266_205_181_25_v247_240_191_34_v166_151_62_59_v255_253_228_217_213_196_187_159_158_121_73_v,275,test,70
vvvvvvvvvvvvvvv1_vvvvvvvvvv23_vvvvvvv18_vvvvvv13_v38_vvvvv5_vvv29_vvvvvvv35_vv48_vv41_25_23_11_v34_v52_23_vvvv42_vv62_v15_vvv43_32_vvv72_29_v73_35_1_vvvv36_vv63_22_vvv46_vv83_69_67_64_61_26_18_12_10_2_v53_28_vvv60_v22_v35_v36_vvvv2_v91_72_41_12_v73_v60_55_25_14_v53_42_11_v90_28_19_v65_v47_v93_73_68_40_vv95_82_48_24_17_vv50_vv54_25_vv110_53_15_14_v112_44_39_28_v101_vv15_v109_101_93_61_58_20_5_vvvvv105_64_53_v104_81_26_18_v80_50_25_23_vv121_109_107_31_vvv24_23_vv94_48_vvv126_123_110_78_74_64_63_43_37_31_28_22_17_16_v79_1_v111_98_19_2_vv132_v91_81_16_13_v120_79_vv28_v14_v142_133_106_46_10_8_v92_40_vv110_v51_v91_v62_v58_vv125_104_v153_152_151_150_146_143_138_134_130_124_120_117_115_98_95_93_91_90_87_84_83_81_78_66_64_63_62_57_51_50_49_48_47_44_41_40_37_33_30_25_19_16_15_13_7_1_v8_v150_34_5_4_vv82_4_v101_v123_37_26_vv161_123_89_80_66_57_56_49_38_v137_134_9_v12_v11_v79_58_v111_v167_129_124_95_94_74_69_62_55_44_v161_52_15_v44_v162_54_v167_166_153_122_94_77_66_57_52_50_33_16_15_11_8_2_v118_19_vv52_v120_117_64_59_53_42_28_22_v92_54_v24_v139_25_v122_14_v131_88_55_45_29_9_v181_143_138_109_108_83_58_20_14_v118_51_49_29_12_v178_157_42_v168_156_127_77_v181_180_30_14_v80_v121_58_16_v35_v142_51_v174_150_133_98_81_72_35_v99_77_70_66_35_20_v23_vv157_152_100_9_v194_162_160_158_157_133_126_123_122_99_91_90_83_78_72_67_53_49_31_28_14_12_v132_14_v113_v145_60_27_vv45_37_20_9_v132_vv202_112_107_106_50_28_v203_180_107_93_71_61_51_1_v177_43_vv54_v153_75_55_v121_v57_v154_132_v191_109_107_104_v12_v61_v179_145_62_49_v128_vv134_98_v66_vv221_183_149_140_117_116_109_98_v164_142_131_69_v130_128_62_v218_182_153_v216_209_197_172_168_126_120_99_33_16_9_v39_v66_6_v157_4_v93_59_v198_184_173_142_19_5_v80_60_v129_127_103_96_90_37_v196_100_80_50_v130_129_92_81_39_vv83_v141_62_v56_v217_203_195_184_155_86_v156_87_vv241_218_166_146_131_38_18_vv216_191_187_82_39_v90_82_v195_180_105_14_v184_166_123_102_94_69_52_37_v1_v223_212_116_111_103_96_54_47_36_2_v192_173_154_75_v251_179_84_v252_209_179_154_149_91_85_71_57_31_v253_172_v254_181_151_93_87_73_59_33_v100_92_v148_135_106_105_76_65_56_11_1_v208_86_v129_105_78_46_32_26_v146_76_13_v218_127_119_107_66_1_v238_206_150_145_139_128_108_93_91_v181_v125_v248_180_74_66_6_v222_167_150_112_13_11_v129_125_20_7_v214_158_42_1_v223_222_215_169_43_38_v147_v263_v231_153_81_v90_v203_v248_200_184_172_169_140_62_16_v239_209_191_145_142_122_v238_204_203_183_171_153_95_49_36_14_v277_239_205_204_196_177_165_26_25_24_23_15_1_v11_2_v3_v155_109_108_95_v282_267_250_236_224_197_143_128_116_108_96_61_48_v5_v166_161_107_v279_226_210_179_113_49_v280_245_199_193_186_180_167_106_100_55_14_v248_213_163_125_119_105_65_33_v246_116_37_v246_155_135_94_28_4_v247_205_156_136_95_29_7_5_1_v255_137_87_49_6_v239_196_130_36_v208_139_v209_140_v210_20_v211_v241_212_206_194_162_78_v214_144_v261_67_v174_128_v226_189_175_147_129_v244_33_v245_34_v198_195_159_120_91_v196_160_109_v304_290_282_281_276_268_250_239_235_215_214_209_208_204_203_200_189_172_171_168_162_159_146_130_101_91_72_44_30_24_v193_153_100_1_v252_174_154_74_13_2_v284_197_155_3_v254_176_13_4_v297_188_157_v158_94_v192_159_94_v160_118_v303_181_161_v176_162_v306_183_163_v256_239_237_164_118_27_v311_262_227_188_165_96_75_43_28_v269_256_216_215_214_211_199_191_173_166_107_85_79_77_70_58_16_15_v188_167_39_v319_v226_v5_v27_v229_190_5_v193_93_v300_279_175_v256_v258_101_93_v225_72_v160_133_31_v315_289_259_234_224_222_216_209_178_171_165_151_139_120_92_83_71_29_28_22_v197_163_v212_164_1_v230_121_16_3_v209_33_17_1_v213_130_44_v20_v235_v236_218_170_v85_v251_v322_240_v86_v218_v219_v242_v326_312_109_v125_v126_v315_v,353,test,71
vvvvv2_vvvvvvv1_vvvvvvv12_vvvv21_3_vvvvvvvv24_v29_v30_28_vv24_v12_v2_vvvv30_17_vvvv13_12_v19_v43_5_v19_v6_v26_25_v17_vvvvv7_v26_13_v34_33_21_16_8_vvv58_32_vv56_53_8_v60_35_1_v12_v22_vvvvvvv70_68_25_v41_10_1_v38_vvv70_65_50_42_39_v74_6_v69_40_vv54_18_v52_26_8_v52_36_v85_35_v85_84_37_36_v74_51_48_v80_61_60_52_34_10_6_v16_vv50_28_vv89_49_v70_30_v75_71_48_45_31_vv64_v37_v77_v88_6_v89_12_7_1_v8_v82_60_17_v92_54_4_3_vvvvv46_v100_88_55_vv109_99_79_76_71_50_48_33_6_v61_45_v53_12_2_v28_11_3_v13_v109_108_89_81_55_vv85_v115_87_75_47_46_23_8_v88_76_73_47_24_9_vv45_v93_vv107_60_v108_102_70_42_4_vv112_vv69_67_19_vv121_33_32_29_v92_v93_v129_67_v129_124_111_101_98_35_v106_105_93_18_17_v126_100_61_52_2_v72_27_v48_vv109_v102_58_vvvv72_vvv109_104_91_v5_v145_143_141_126_125_124_119_117_98_89_85_75_71_65_53_52_14_3_v91_44_1_vv137_69_68_41_3_v116_93_87_v88_46_v135_124_v152_150_147_134_132_124_121_108_106_105_96_92_78_74_73_72_64_45_21_7_6_1_v81_16_1_v53_9_2_v85_76_3_v54_11_4_vv136_90_80_49_42_39_18_v160_106_104_103_97_90_10_vvv40_v104_v164_162_146_145_144_136_117_97_84_62_22_19_18_12_10_8_v173_vv132_58_v158_vv156_79_v67_v142_27_v10_v153_29_v70_v24_v99_38_v84_58_v161_160_119_85_47_13_v160_127_126_124_118_89_57_31_30_21_20_v169_145_142_132_125_123_106_103_84_71_55_54_38_23_20_vv178_162_152_76_52_38_35_31_v178_v157_v132_37_36_v8_v188_118_109_108_102_v170_84_44_v87_v28_v164_44_15_v48_v110_53_vv118_vv20_v204_202_145_143_128_110_87_86_v201_144_v183_22_13_vv99_98_51_23_v100_v152_136_25_v91_90_v181_96_v208_180_v202_v181_176_171_161_154_125_29_v212_150_v31_v153_152_61_56_v218_180_127_117_71_53_33_4_vv218_v197_192_180_165_155_137_104_87_68_67_58_50_v219_165_162_114_90_v148_v187_142_113_75_68_66_27_v167_165_117_41_v25_v223_195_v140_83_30_v142_121_118_103_80_v175_81_74_51_v154_122_93_63_v202_v163_49_12_v238_233_232_231_230_228_226_225_224_223_222_221_212_211_210_209_206_204_202_184_183_177_176_174_173_171_170_166_163_159_158_156_152_150_142_139_138_137_136_132_131_130_127_125_118_117_115_107_101_99_92_88_84_83_79_77_76_75_72_66_63_62_61_60_59_58_57_56_55_54_53_52_51_50_48_42_39_29_27_26_25_17_10_9_8_6_5_4_3_1_v175_55_51_14_v83_52_1_v30_16_v218_192_159_116_v135_118_97_v231_208_166_157_105_56_v143_v241_213_198_173_172_134_108_43_39_8_v60_v61_v246_244_216_204_176_175_170_152_137_129_128_24_3_vv188_157_128_v190_v15_v192_137_v162_114_66_vv19_4_v106_69_v233_v147_143_107_100_v75_v205_93_73_v77_54_v203_187_v217_201_192_58_v259_v203_v187_155_33_v258_234_104_48_43_v213_81_43_28_v158_131_v269_267_239_210_208_193_175_152_151_47_26_7_v256_161_148_118_63_60_35_8_v184_181_133_36_19_v184_163_160_143_122_109_105_87_64_50_37_2_v264_241_235_196_7_v4_v269_265_256_247_242_233_224_218_210_207_203_199_196_192_177_171_170_169_168_156_82_57_43_41_32_27_22_7_v167_41_v260_214_194_154_30_v109_98_v274_246_86_v172_v281_279_251_239_220_205_187_172_164_163_146_59_38_35_v180_96_v259_258_198_48_v282_214_41_3_v65_50_v284_257_256_244_228_216_177_151_82_40_17_5_v285_217_193_25_v178_v197_12_v181_162_67_64_v266_260_206_40_v276_271_270_245_231_226_210_201_172_171_129_81_53_25_v,296,test,72
vv1_vvvvv7_vvv9_v3_vv12_11_vv14_v16_13_5_vv15_2_v9_v17_2_v19_5_v20_1_vvvvvv20_17_12_v2_v27_10_v28_23_17_15_v31_30_11_vv16_v19_17_15_4_v3_v14_v33_16_v36_27_23_19_9_4_v9_v41_v24_v27_10_7_v41_40_38_36_35_32_28_27_26_24_20_19_18_17_15_10_9_4_1_v44_v8_v34_v4_v15_6_5_v32_v45_37_7_3_v51_50_42_31_29_20_v42_v54_47_28_13_v,55,test,73
vvvvvvvvvvvvvvvvvvvvv6_vv8_vvvvvv28_vv17_8_vv29_20_19_15_14_2_vvv30_v31_1_vvvvvv17_v43_vvv25_24_v44_41_36_30_10_v42_1_vvvvvv25_vvv26_v55_54_47_46_45_41_39_31_26_8_7_3_vvvv28_vvvv29_vv54_v27_v59_58_45_33_v58_51_50_49_37_25_v41_v66_vv72_43_vv66_7_2_v36_7_vv60_9_v56_v51_27_v62_61_12_vvvv18_v46_30_v18_v91_90_89_88_87_86_85_84_83_82_81_80_79_78_77_76_75_74_73_72_71_70_69_68_67_66_65_64_63_62_61_60_59_58_57_56_55_54_53_52_51_50_49_48_47_46_45_44_43_42_41_40_39_38_37_36_35_34_33_32_31_30_29_28_27_26_25_24_23_22_21_20_19_18_16_15_14_13_12_11_10_9_8_7_6_5_4_3_2_1_v91_1_v2_v3_1_v84_42_14_4_v5_v39_25_18_6_2_v7_v86_85_66_8_v9_v,101,test,74
vvvvvvvvvvvvvvvvvvvv16_vv20_vvv10_vv12_vv8_7_v15_vv17_2_vvv29_vvv19_vv21_vvvvvvv42_37_29_22_21_v46_vv32_10_v41_26_25_v22_v48_36_35_28_20_6_3_v48_19_v40_15_v41_26_16_vvv5_vv52_6_v53_7_1_v8_vvvv52_9_v61_34_vv60_48_45_43_31_30_22_11_v39_v2_v22_3_v43_31_v74_70_69_57_50_47_38_36_21_vv39_14_7_v76_56_49_8_vv58_51_10_v34_v24_7_v44_43_13_v79_74_68_59_58_21_v75_59_38_34_1_vvv83_81_79_71_70_69_65_63_54_48_45_41_38_35_29_27_26_3_1_v21_1_vv40_38_18_3_v22_v87_39_v79_v90_88_85_79_77_70_69_64_62_61_55_52_45_44_43_42_38_22_10_7_6_1_v47_1_v31_9_2_v51_47_3_v31_11_4_v48_25_v96_94_85_84_83_76_67_55_48_33_14_13_12_6_4_2_v27_vv9_vv46_v37_v20_vv36_v92_23_v52_44_6_v103_94_87_40_28_25_22_18_v51_v99_98_72_52_v98_78_77_76_56_33_24_vv93_v67_v115_73_69_67_65_v104_47_33_vv98_32_4_v36_v109_10_5_v56_52_31_10_v57_v90_12_vv125_122_105_v88_36_vv115_111_104_97_80_53_41_31_v59_v131_97_95_65_v109_84_63_48_41_39_12_v98_97_67_21_vv134_114_vv71_68_53_v54_47_32_v69_42_v28_11_v145_143_142_141_140_138_136_135_134_133_132_131_129_128_127_126_124_122_120_112_111_107_106_105_104_103_102_100_99_97_96_95_93_92_88_85_84_83_82_81_80_73_71_69_67_65_64_62_61_60_59_58_56_55_51_49_48_47_45_44_43_42_41_40_39_38_37_36_35_34_31_30_29_28_26_25_23_20_19_18_17_14_9_8_7_5_4_3_2_1_v131_116_v137_122_100_96_62_31_18_v146_126_78_3_v147_127_120_101_79_71_69_16_1_v95_69_v6_v113_77_v6_v9_3_v88_73_v82_81_68_61_v133_113_86_v84_v145_89_69_31_14_v15_v91_88_73_61_45_35_28_16_2_v156_152_142_137_133_129_126_119_118_116_114_112_110_100_98_97_96_94_93_83_50_42_31_19_18_14_12_4_v93_18_v159_140_139_129_106_93_71_44_32_9_7_v64_55_v164_144_137_126_118_96_88_86_33_18_17_v150_149_114_22_v166_147_146_139_130_98_19_2_v24_v168_149_148_132_100_21_4_v153_148_118_37_19_v102_89_37_35_v158_143_136_133_118_115_92_73_27_18_v,174,test,75
vvvvvvvvv8_v2_v3_v4_vvvv8_v9_vvvvvvv24_vv11_6_vv7_v8_1_vvv17_12_vvv15_12_3_vvv7_vv8_vv22_8_vvv38_vvvvv28_vv9_v32_24_12_v46_vvv24_vv22_vv46_41_35_v30_v51_49_vvvv59_36_v60_vvvv38_30_v7_2_vvv39_38_17_vv2_vv3_v67_38_29_v68_39_30_v41_v71_64_vvv80_42_14_v57_21_12_v36_v10_v26_v40_vvvv27_10_1_v44_v22_vvv81_78_66_26_v82_vvvvv50_vv19_v13_v71_v28_v83_48_34_26_v108_99_94_91_79_74_72_57_37_31_24_13_10_v77_52_12_v102_v96_89_64_v44_5_v111_vvvvvv1_v99_57_40_31_30_16_v16_v37_v128_126_125_124_121_116_111_107_105_104_99_90_88_77_76_74_71_65_56_53_50_47_45_42_35_26_25_24_17_13_12_11_9_7_5_3_1_v4_v10_7_v28_3_v4_v34_5_v115_112_103_34_21_vv79_28_v81_v15_v86_37_1_v81_7_v111_106_79_43_29_27_13_v141_136_98_97_79_73_70_58_56_35_30_22_14_7_v30_v16_v110_v116_84_32_v75_v124_20_v136_112_86_v37_28_v138_121_95_85_37_10_5_v60_47_39_v40_31_v41_v42_1_v100_v29_v136_24_v49_v32_v33_v63_37_v95_38_34_v112_v83_65_52_v129_38_20_v117_22_v149_146_134_34_25_10_v97_v16_v114_43_v55_vv46_1_v175_v76_v176_171_159_134_133_131_130_129_122_118_116_113_108_101_88_70_67_64_51_42_35_32_18_v128_50_33_11_v,180,test,76
vvvvvvvvvvvvvvvvvvv6_vvv7_vv9_vvvvvvv30_vv19_9_vv31_22_21_17_15_2_v12_vvv33_3_v34_4_1_v5_vvvvv24_5_v20_v47_vvv28_27_v48_45_40_34_11_v46_1_v27_7_vvv53_52_51_44_43_42_40_39_36_33_30_24_22_18_17_4_1_v1_vvv57_56_54_49_47_43_41_40_37_34_28_27_26_24_8_4_3_1_v30_1_v6_2_v3_v31_v62_61_54_53_52_48_45_36_31_10_9_8_5_3_vvvvv33_vv16_vv14_v64_63_49_35_22_9_v30_v63_21_v38_v66_58_57_56_42_29_v47_vv55_7_v56_1_v81_50_49_v73_39_29_vv76_12_3_v42_28_9_vv69_11_v65_31_v59_36_32_30_v71_70_14_vvv40_v41_37_21_v52_33_v20_v101_100_99_98_97_96_95_94_93_92_91_90_89_88_87_86_85_84_83_81_80_79_78_77_76_75_74_72_71_70_69_68_67_66_64_63_62_61_60_59_58_57_56_54_53_52_51_50_49_48_46_45_43_42_41_39_38_37_36_35_33_32_31_30_29_28_27_26_25_24_23_22_21_20_19_16_14_13_12_11_10_9_8_7_6_5_4_3_2_1_v61_v27_v28_v104_4_v5_v6_1_v96_v30_21_v63_56_v100_52_20_10_v11_v56_48_33_24_12_2_v107_96_94_87_84_83_81_80_74_71_70_29_22_15_14_9_4_v14_v103_102_81_15_v16_v,118,test,77
vvvvvvv7_vvvv11_1_vvv14_vv5_vvv19_15_8_v20_14_3_1_v10_v2_v12_v4_v14_v16_15_4_v27_v23_17_15_vv29_25_22_19_11_v12_11_8_v20_v14_v14_v16_v26_v16_v21_v30_v21_5_v31_v40_31_27_19_13_10_3_v40_32_5_v24_v16_v46_35_26_16_15_11_6_v18_v37_5_v38_31_29_v40_v44_30_1_v,52,test,78
vvvvvvvvvvvvvvvvvvvvv6_vv8_vvvvvv28_vv17_8_vv29_20_19_15_14_2_vvv30_v31_1_vvvvvv17_v43_vvv25_24_v44_41_36_30_10_v42_1_vvvvvv25_vvv26_v55_54_47_46_45_41_39_31_26_8_7_3_vvvv28_vvvvv53_v31_v27_v59_58_45_33_v58_51_50_49_37_25_v41_vv71_42_v34_vv66_7_3_v36_7_vv60_9_v56_v51_27_v62_61_12_vvvv18_v46_30_v18_v91_90_89_88_87_86_85_84_83_82_81_80_79_78_77_76_75_74_73_72_71_70_69_68_67_66_65_64_63_62_61_60_59_58_57_56_55_54_53_52_51_50_49_48_47_46_45_44_43_42_41_40_39_38_37_36_35_34_33_32_31_30_29_28_27_26_25_24_23_22_21_20_19_18_17_16_14_13_12_11_10_9_8_7_6_5_4_3_2_1_v91_1_v2_v3_1_v84_42_14_4_v54_v39_25_18_6_2_v7_v8_v87_86_67_9_v10_v,102,test,79
vvvv4_3_vvvvv1_vvvvvv8_v4_v12_v16_14_10_7_v9_1_v17_v21_17_v18_1_vv18_6_v8_v22_5_v10_v8_v21_20_15_v12_3_2_vv15_5_1_v21_17_6_1_v3_1_v5_v30_12_v8_v7_5_vv11_v28_13_v40_v10_v40_v28_v13_v43_26_21_v37_25_20_12_8_v43_25_13_v46_v36_v35_v21_v37_29_2_v35_31_26_25_14_7_v32_8_v39_18_v38_28_17_3_2_v39_29_18_11_4_v27_v41_31_20_13_6_2_v42_32_21_14_7_1_v56_48_28_12_v31_v,65,test,80
vvvvvvvvvvvvvvvvvv18_11_vvvvv5_vv18_vv22_vvv11_vv13_vv8_7_v16_vvv19_3_vvv32_v24_vvv21_vv23_vvvvvvv46_41_32_24_23_v50_vv35_10_v45_28_27_v57_56_24_23_v52_39_38_30_21_6_3_v52_20_v43_15_v44_40_28_16_vvv5_vv56_6_v57_7_1_v8_v59_36_3_2_v13_vvvv57_11_v67_37_vv66_52_49_47_33_32_24_13_v42_v2_v24_11_3_v46_33_v80_76_75_62_54_51_40_38_23_vv41_16_7_v82_60_53_8_vv62_55_10_v36_v9_v74_v75_49_3_v94_76_v30_11_v50_49_17_v89_84_77_67_66_27_v85_67_44_40_1_v40_vvvv2_v96_94_92_83_82_80_76_74_64_57_54_50_47_44_38_36_35_6_2_v28_1_vv89_v90_50_48_26_4_v30_v101_49_v92_v104_102_99_92_90_82_81_75_73_72_65_62_55_54_53_52_48_30_14_8_7_1_v57_1_v39_10_2_v61_57_3_v39_12_4_v58_33_24_v110_108_98_97_96_88_78_65_58_41_16_14_13_6_4_2_v101_27_v36_vv10_vv57_v46_v22_vv45_v105_25_v71_29_v118_107_100_49_33_27_23_19_v65_55_8_v63_v114_113_84_64_vv106_v115_92_91_90_70_41_28_v130_84_80_78_76_v118_56_35_vv111_33_11_v38_v84_v124_10_6_v66_62_33_8_v67_v102_10_vv141_138_119_v100_38_vv130_125_118_109_92_63_43_32_v69_v147_109_107_75_v123_96_73_51_43_41_13_v110_109_77_19_v157_139_vv151_129_vv82_79_57_v58_50_34_v80_45_v27_12_v164_160_159_158_157_155_153_152_151_150_149_148_145_144_143_141_139_137_135_126_125_120_119_118_117_116_115_113_112_110_109_108_106_105_101_98_97_96_95_92_91_84_82_80_78_76_75_69_68_67_65_63_60_59_54_52_51_50_48_47_45_44_43_42_41_40_39_38_37_36_35_32_31_30_28_27_25_21_20_19_18_15_10_9_7_5_4_3_2_1_v147_131_124_74_72_47_9_v154_137_113_109_69_30_19_v163_141_89_3_v164_142_135_114_90_82_80_17_1_v108_80_v6_v126_88_v6_v9_3_v99_80_v93_92_72_64_v148_126_97_v95_v132_120_62_v163_101_74_33_15_v16_v103_100_78_65_45_37_30_17_2_v174_170_158_153_149_144_140_133_132_130_128_126_124_114_110_109_108_106_105_95_51_45_33_20_19_15_13_5_v105_19_v177_156_155_144_120_105_75_47_34_10_8_v68_58_v128_95_v183_161_154_141_133_109_101_99_36_20_19_v168_167_129_24_v185_164_163_156_145_111_21_2_v26_v187_166_165_147_113_23_4_v171_165_133_40_21_v115_98_40_38_v177_176_160_151_148_133_130_105_88_78_29_20_v,196,test,81
vvvvvvvvvvv1_vvvvvv10_vvvvvvvv7_vvv18_10_v9_v8_v7_vv15_vvvvv16_v32_30_3_vv39_19_2_vvvv4_vvv40_36_27_23_21_v44_v40_v30_10_v49_48_20_19_v41_28_26_v46_34_33_29_19_6_3_vvv29_18_v40_17_v41_26_18_vv6_v61_v52_5_v53_8_6_1_v54_32_2_1_v8_v15_vvv31_vv63_36_vv62_49_46_34_33_25_13_6_v41_31_v23_11_2_v69_56_52_37_22_v54_v3_v75_35_6_v51_36_7_v34_vv44_43_10_vv75_23_22_21_vv80_76_69_63_61_22_v77_62_41_36_1_v46_15_v67_v40_vvv87_86_84_75_74_73_71_70_59_54_51_47_44_41_34_32_31_6_1_v57_24_1_vv81_45_44_22_3_v71_58_v82_v93_92_89_82_80_76_74_67_66_65_60_57_50_49_48_47_41_25_12_6_5_1_v52_1_v33_8_2_v56_51_3_v33_10_4_v54_29_v100_69_68_66_8_v25_v101_100_90_89_88_84_73_62_55_37_15_14_13_8_6_4_v33_vv11_v38_v88_19_v104_87_65_v94_21_v76_65_11_v99_98_74_52_28_v98_81_79_78_57_35_20_12_vv109_99_94_45_32_26_23_20_v48_vv58_vv101_v75_v120_80_75_74_70_v109_54_34_v1_vv107_34_5_v38_v82_v130_95_94_86_55_54_v129_95_v118_19_9_v64_63_37_19_v65_v102_21_v117_63_v134_117_v102_26_v100_43_v124_91_64_46_38_35_v139_108_105_72_v119_95_71_52_46_44_14_v108_107_74_29_vv142_125_vv95_78_76_69_57_v116_58_52_40_v79_45_v131_v111_37_11_v157_156_152_151_150_149_148_146_145_144_143_142_141_138_137_136_135_134_133_132_122_121_119_117_116_115_114_113_111_110_108_107_106_105_103_97_95_94_93_91_89_88_86_84_82_77_76_75_73_69_68_64_63_61_60_57_55_54_53_51_48_47_46_45_44_43_41_39_38_37_35_34_33_32_30_29_26_20_19_18_17_13_10_9_8_6_5_4_3_1_v117_46_39_13_v147_134_111_106_70_40_v155_130_115_86_25_3_v4_v5_1_v88_86_78_68_62_v134_123_29_v124_v161_126_125_117_86_85_21_6_2_v151_93_70_27_10_3_v11_v112_95_93_82_74_63_61_50_31_24_12_2_v158_145_135_126_123_121_119_118_106_101_100_99_98_42_26_16_14_10_v97_14_v164_147_44_v64_60_v122_v170_134_126_101_95_94_30_15_v156_155_122_19_v20_v157_154_124_v162_161_146_138_121_97_73_v,180,test,82
vvvvvvvvvvvvvvvvvvvv3_vvvvvvvvvvvvvv1_v1_v3_1_v11_v20_vvv6_vvv26_v21_vv23_vvvvvvv50_5_vvvv40_vvv56_vvv42_17_v32_vv59_46_45_35_25_3_v68_66_45_43_29_5_v28_v66_21_vv34_24_vvv64_v65_1_vv44_43_vvvvv83_15_vv32_vvv83_vvv47_23_1_vv93_68_25_vv91_60_v50_49_vv90_86_79_66_21_v87_1_v65_vvvvvvv45_vvv47_42_vv46_21_v96_93_39_27_vv107_105_96_94_93_83_72_56_48_12_11_7_v46_vvvv47_vv81_vv84_67_vvv42_v104_v52_v111_109_77_53_v109_86_85_84_58_35_vv67_vv127_68_vv134_120_108_68_58_35_v135_121_110_86_v26_v114_v115_62_vv136_110_108_94_74_51_46_27_21_6_v111_v126_15_10_v61_15_v121_10_6_vv104_18_v12_v128_83_v9_v150_v101_v135_v90_48_v87_20_19_v112_111_27_v122_43_19_v125_vvv134_v95_62_27_v31_vv40_v83_53_v38_v169_165_164_162_161_160_159_158_157_156_155_154_151_149_148_146_143_139_138_128_127_125_124_123_120_119_117_114_111_109_108_106_104_103_99_97_95_94_93_90_89_88_86_85_82_81_80_74_72_71_69_67_66_65_64_63_62_61_58_55_53_52_51_50_49_47_45_44_43_42_41_40_39_38_37_35_34_25_24_22_21_16_14_12_8_6_4_3_2_1_vvv155_116_v105_72_60_v88_59_37_25_18_v38_v117_v158_3_v144_v175_10_v174_121_39_38_20_4_v114_v148_4_v14_v15_1_v157_107_49_23_12_vv7_1_v185_140_119_32_v170_77_v162_161_36_5_v169_124_v173_v171_126_v154_103_52_23_14_9_8_v8_1_v160_81_57_2_v161_58_57_1_v170_88_46_25_13_v145_78_57_29_v58_v186_97_53_32_v33_v92_73_58_34_2_v187_137_133_111_81_68_40_v36_v110_v65_27_v188_187_142_39_v40_v141_22_v168_165_149_144_140_129_122_100_30_v,213,test,83
vvvvvvvvvvvvvvvvvvv16_vv20_vv7_vvv6_5_v10_vvvv14_vv16_vvvvv22_20_17_5_v38_21_12_1_v2_v3_vvv43_5_vv31_13_v27_20_vv45_35_34_25_21_3_v11_v24_vv32_vvv49_v50_7_1_vv36_vvvvvv59_36_v58_45_42_41_34_33_22_12_6_v31_vv38_11_3_v4_v70_50_45_33_32_18_5_v51_46_45_34_19_6_vvv36_v44_43_10_v73_69_64_53_19_v58_57_52_7_6_v71_2_vvv17_vv18_vv41_v24_vv41_v86_84_77_76_75_66_61_47_41_25_9_8_3_vvvv39_v29_vvvv32_v83_v46_36_7_v44_v90_89_67_45_v89_73_72_71_49_28_20_v57_vv41_31_v104_59_vvv110_79_78_67_58_40_39_v99_9_4_v97_90_v48_47_10_v49_v85_12_v79_6_v82_v104_98_93_89_70_47_41_35_28_v117_89_87_54_13_v96_73_51_34_v90_89_56_18_15_vvv59_55_v27_v60_37_v90_24_9_v129_128_127_126_125_123_122_121_120_119_118_117_116_115_114_112_109_107_105_101_100_98_97_96_95_94_93_87_86_85_84_83_81_80_77_74_73_72_71_69_68_67_62_61_58_57_55_53_52_50_49_48_47_46_44_43_42_41_40_39_38_37_36_35_34_33_32_31_30_29_27_26_25_24_23_21_20_17_15_14_13_11_8_7_6_5_4_3_2_1_v129_109_103_92_91_64_52_20_19_1_v130_110_105_93_92_87_78_65_60_59_12_1_v58_v4_v5_1_v117_108_102_96_24_v69_v136_116_114_105_104_93_84_78_66_65_24_20_18_7_2_v126_72_55_22_9_3_v10_v74_70_51_36_26_21_11_2_v136_133_122_117_115_113_111_105_104_98_97_95_93_84_80_79_78_77_76_68_40_33_23_14_13_11_9_5_v76_13_v142_127_122_117_110_99_90_77_72_71_65_24_13_12_v143_105_14_1_v144_125_124_119_114_106_79_67_34_14_8_2_v145_107_93_11_v146_127_126_116_108_81_36_16_10_4_v19_v135_134_100_20_v,150,test,84
vvvvvvvvvvvvvvvvvv18_1_vvvvvv6_vvvvvv24_v10_vv12_vvvvvvvvv40_vv24_11_vv41_27_26_19_18_2_v41_17_8_v26_13_vvvv44_v45_1_vvvvv10_vvv43_37_v1_v45_39_2_v3_v28_v18_v43_v66_vvv8_v24_v25_vv43_42_v68_24_23_v72_68_61_50_23_v69_1_vv32_vvvv84_67_60_23_21_vv80_39_vv45_vvv46_v87_85_76_73_72_65_63_51_46_10_9_3_vvvv45_vvvvv36_v81_v49_v88_85_67_50_v85_74_73_72_54_30_v61_vv103_62_vv100_92_84_26_v1_v2_v65_v98_10_6_v50_10_vv102_41_v87_13_v71_v10_3_v63_v85_v99_v79_35_v93_92_20_vv17_vv55_v29_v66_39_v22_15_12_v132_131_130_129_128_126_125_124_122_121_120_119_117_114_113_112_110_108_106_105_104_102_101_100_99_97_96_93_92_91_90_89_88_87_84_82_81_80_79_78_77_76_73_68_65_64_63_58_56_55_52_51_50_48_46_45_44_43_42_41_40_39_38_37_36_35_34_33_32_31_30_29_28_27_26_25_24_19_18_17_15_11_9_8_6_5_4_3_2_v29_1_v109_105_96_85_61_49_9_v88_26_v128_110_59_32_20_v136_5_v6_v7_1_v6_v116_104_83_63_7_v129_58_25_10_v11_v28_v29_v56_42_32_14_4_v15_v144_123_122_119_99_90_63_41_28_8_7_v120_100_91_71_64_9_8_v145_125_104_65_16_v133_132_106_19_v20_v,154,test,85
vvvvvvvvvvvvvvvv16_12_vvvvvvvv8_vvvv24_1_vv25_vvv10_v16_vvv19_vvv11_10_vv39_4_v18_v27_26_vvv20_19_8_vv33_vv26_v48_44_4_vv51_29_2_vv17_vvvv60_v38_35_31_7_v57_36_19_1_v28_2_v3_vv31_vv61_58_47_34_32_v64_7_vvv51_18_v49_45_32_26_7_v73_30_v31_v66_42_40_v70_57_56_43_31_9_5_v78_54_7_v42_27_vv78_42_v64_28_v68_65_59_42_41_39_29_vv55_vvv47_15_5_vvv82_9_v83_10_1_v11_vv62_vvvv47_vv101_54_23_v92_72_68_65_49_48_33_15_6_v58_45_vv29_3_v55_13_4_v102_77_67_46_45_22_5_v78_68_65_47_23_6_vv42_v83_v96_56_v97_96_82_66_63_39_35_4_3_vv115_99_37_v75_43_33_v64_63_15_v80_v81_v116_61_v114_111_102_87_85_28_v93_92_82_15_14_v113_87_55_47_2_v86_82_vvv120_119_118_107_106_102_95_93_79_73_69_59_55_50_40_36_35_4_1_v125_v77_2_vv129_115_v95_78_72_vv118_58_57_29_7_v75_33_v118_v130_129_127_118_116_103_101_92_91_89_83_79_65_62_61_60_53_32_14_10_8_1_v68_1_v40_12_2_vv73_65_4_v15_5_v68_32_30_v140_93_92_90_84_77_12_vv111_108_96_35_v140_139_128_127_126_113_99_81_70_21_20_18_10_8_5_v132_36_vvv14_vv150_v64_v140_116_113_108_101_99_82_80_61_55_54_37_36_31_15_12_v131_29_v55_40_v137_107_105_104_98_68_41_26_23_14_13_v57_v150_135_124_55_37_33_26_23_v34_vv70_vv146_145_107_72_v91_v114_35_32_v161_100_92_91_86_v149_66_42_vv44_v167_119_118_103_87_65_64_v169_119_v155_9_6_v65_64_v74_73_39_18_v75_v127_111_20_v156_146_v158_145_142_138_133_126_100_99_66_52_34_27_25_v177_122_v121_10_v28_v126_125_47_v182_147_102_91_61_45_30_5_v165_156_146_126_109_78_64_54_51_42_37_vv184_137_134_86_68_55_31_v152_114_84_62_52_50_18_v137_136_88_33_32_v191_175_4_v110_vvv116_93_90_68_v69_59_v94_50_v137_40_12_v198_195_194_193_192_191_190_189_188_187_186_185_180_179_178_174_170_167_165_153_151_148_146_145_144_142_141_134_133_130_129_127_124_122_115_109_108_107_106_103_102_101_96_95_92_91_89_82_78_76_74_73_70_69_63_61_60_58_56_52_50_49_48_47_45_43_41_40_38_37_36_35_34_33_31_29_25_23_22_21_15_10_9_6_5_4_3_2_1_v146_49_42_14_v69_43_1_v184_158_153_129_101_90_87_54_11_v193_169_135_127_80_45_v199_174_161_143_142_102_82_32_5_v200_175_165_144_143_136_120_103_98_97_19_1_v154_124_96_v129_v127_62_53_v10_v11_1_v56_vv110_86_76_vv168_75_60_v190_173_162_154_44_v213_v164_v35_31_v117_24_21_v216_191_188_168_167_152_136_126_114_113_42_39_35_17_5_v208_120_92_44_23_6_v142_24_15_v145_122_119_97_81_66_48_38_25_2_v110_77_34_v216_198_192_186_180_168_160_157_154_151_134_129_128_127_58_42_29_28_22_20_v125_28_v134_73_v146_v225_207_200_190_176_161_145_128_123_122_108_44_26_25_v211_210_154_32_v227_203_202_192_181_170_130_110_60_27_11_2_v228_171_148_17_v229_205_204_183_172_132_62_29_13_4_v36_v156_123_v232_175_33_7_v236_222_221_220_207_194_188_184_179_167_164_160_156_152_149_137_129_128_127_107_95_63_51_36_31_26_24_13_2_v,239,test,86
v1_vv1_vvvvv5_3_vv8_vvv8_3_vvv2_v10_5_3_v16_15_vvv13_vv4_vv17_11_vvv9_v12_v13_v25_9_v15_v27_24_23_11_5_2_v33_31_17_1_vvv20_5_v33_17_4_v22_10_v23_v35_19_8_v9_v9_v27_v20_8_v41_35_33_vv44_33_32_31_28_25_23_14_11_3_1_v48_38_36_25_22_15_14_12_11_5_3_v42_25_2_v44_39_34_v35_v20_12_11_v28_20_18_v30_18_7_v56_54_31_8_v31_3_v55_v42_v41_26_17_v,61,test,87
vvvvvvvvvvvvvvvvvvv18_13_vvvvvv6_vvvv25_v24_1_vvvvv14_vv17_vv18_v7_v16_5_vv39_v28_23_v43_v30_25_10_6_5_2_vv19_18_vv25_v22_8_vv34_v34_v29_v50_45_7_v55_12_v55_32_2_vv60_vvvvvvv6_vvvv13_vv37_vv66_62_51_40_37_v68_vvvv56_22_vv57_52_34_9_v76_39_v40_v53_v77_63_62_51_39_11_6_v86_82_62_59_44_9_vvv69_32_v70_66_47_33_vv51_29_v30_1_v2_v3_1_vv61_39_vv3_v89_11_v90_12_1_v91_71_59_2_1_v14_vvvvvv89_17_v111_110_107_63_60_51_30_24_22_14_11_vv100_78_74_55_51_37_6_v46_v106_91_80_61_53_v27_v48_vv111_48_6_vv46_v92_6_v52_10_v79_v106_75_v110_107_94_78_72_43_39_6_5_v126_108_99_40_v64_35_34_13_v71_67_16_v124_63_v122_118_109_96_93_27_v119_94_57_1_vv60_v19_vv128_126_125_114_113_111_103_102_88_79_69_62_57_51_36_35_5_1_v82_1_vv138_121_83_16_v102_83_v64_v124_57_6_v123_v136_134_132_123_121_110_107_98_96_87_77_65_61_59_53_13_8_7_1_v69_1_v10_2_v70_61_v74_4_v123_76_66_35_28_24_16_v145_96_95_93_10_v120_49_v121_1_v121_118_114_100_88_75_49_48_32_v146_144_133_132_131_120_106_82_69_19_18_17_10_8_v137_106_31_v42_vvv61_v48_v25_v115_105_81_79_52_13_vv20_v142_111_108_104_67_37_25_15_v53_v142_31_v65_v148_147_102_66_v87_vv173_62_vv166_100_89_85_v56_vv170_120_116_102_59_55_v173_121_v158_10_5_v60_59_v69_68_37_16_v70_v129_18_v149_145_137_127_97_31_22_v180_119_v162_100_98_v109_34_v189_129_78_v123_122_45_v139_122_74_73_v186_137_134_79_62_v117_82_v155_110_57_49_47_v195_84_v195_171_40_v139_135_84_31_v197_179_81_7_v109_vvv89_65_v66_58_36_v90_49_v89_83_v200_199_198_197_196_195_194_193_192_191_189_188_184_183_182_180_175_172_171_159_157_151_148_144_143_141_138_134_133_130_129_126_122_120_114_107_105_104_102_99_98_97_94_92_87_85_83_77_75_74_73_70_68_67_62_60_59_57_56_51_49_48_47_46_45_44_42_41_40_39_38_37_36_35_34_31_29_26_24_23_22_16_12_9_6_5_4_3_2_v149_42_41_v137_42_2_v116_v189_169_166_160_157_128_99_85_83_54_36_14_12_v118_v199_177_137_80_46_v205_142_100_35_7_v60_26_v145_128_v160_126_95_v63_54_v12_v108_v14_2_v58_16_v180_158_128_127_126_112_94_13_11_v162_156_v167_v224_100_15_v201_139_v169_49_v122_74_v171_v205_143_v185_77_v224_174_170_156_113_109_19_5_v113_v217_121_95_50_28_7_v29_18_v123_99_86_70_54_30_2_v217_150_139_v111_82_64_49_40_13_v226_209_204_192_171_166_163_159_155_137_131_130_64_49_35_31_26_23_v127_34_v232_206_148_66_52_19_v149_20_v80_38_v236_186_168_131_125_121_31_v222_221_159_39_v158_120_v41_v38_10_v75_39_11_v249_125_40_12_v249_235_232_230_219_207_197_193_184_173_168_164_161_158_153_140_131_130_129_111_101_70_60_41_36_29_27_13_5_v,252,test,88
vvvvv3_vvv1_vvvvvvvv16_13_4_vv7_vv12_4_2_v19_17_16_15_vvvvvvv12_v24_13_3_v19_12_v24_12_11_vv32_vvv27_21_7_v37_4_v17_v3_v19_vv6_vvv44_37_13_2_1_v14_3_v47_40_28_27_20_18_16_10_6_3_2_v1_v2_v3_v4_v4_v43_v25_vv48_39_37_v55_52_36_v42_41_11_v6_vv28_27_22_13_1_vv37_9_v25_3_v61_60_59_55_52_51_45_44_43_41_40_30_29_27_25_23_12_10_8_6_4_3_v57_51_37_27_24_1_v44_30_19_v,68,test,89
vvvvvvv1_vvvv11_vvvv8_4_2_v13_12_11_vvv17_vvvvv20_13_2_v6_v20_12_11_vv27_vv28_11_vv8_v33_5_v18_v16_10_v4_v21_vv20_v8_vvvv43_37_17_3_1_vv1_v47_41_33_32_24_23_21_14_9_4_3_1_v1_v2_v3_v43_vv34_v52_35_v31_v49_44_42_v53_41_v47_46_11_v42_17_v9_v59_42_31_22_7_v33_v35_34_27_17_4_vv46_v30_3_v64_63_62_59_58_57_52_51_49_47_46_36_35_33_30_27_16_15_10_7_4_3_v44_32_28_1_v50_36_23_v,70,test,90
vvvvvvvvvvvvvvvvvv11_vv15_6_v19_17_15_14_11_9_8_5_4_v18_15_14_11_10_7_6_5_v1_vvv4_v11_6_5_v28_26_25_16_15_12_9_6_4_vv2_v28_9_3_v10_vvv16_v8_v19_9_v9_v38_34_6_vv20_v26_v30_25_15_1_v23_v24_23_17_13_11_10_7_2_v41_1_v42_38_35_31_26_25_22_14_12_7_4_2_v45_5_v35_6_v22_v6_v41_31_19_v32_v,54,test,91
vvvvvvvv3_vvv4_v4_vvvvvvvvvv3_vvvvv8_vvvvvv14_vvvvvvvv36_29_25_3_v7_vvv26_vv23_vv17_v13_v43_41_33_6_v33_vvv50_36_vvvv40_v19_3_v10_vvv32_31_15_v1_vv57_24_vvv60_27_v62_v10_v54_18_9_v32_v46_v66_vvvv74_67_17_v18_17_vvv53_v11_9_2_vvvvvv44_vvvv44_v80_58_v26_v97_75_69_44_32_29_26_23_v14_v81_75_72_67_49_44_42_v54_13_v2_v78_77_70_52_46_26_16_3_vv95_v64_v74_67_v10_v104_97_48_v91_v11_vvvvvvv118_116_115_114_113_109_104_103_98_97_95_84_83_76_75_72_70_65_56_54_52_48_47_46_40_31_30_29_21_13_12_10_6_5_2_1_v100_87_70_v2_v33_3_v4_v115_44_v6_v74_2_v66_24_23_v80_v34_12_v113_99_91_88_47_42_39_36_35_33_15_14_1_v86_79_v112_100_80_51_33_28_13_v113_99_81_v26_v81_72_62_36_16_v17_v105_v119_118_86_34_v99_87_34_v132_129_128_122_106_103_86_80_71_47_v121_115_v15_8_v122_24_v133_125_124_96_93_88_87_64_58_57_43_40_18_12_6_5_v128_107_106_103_52_29_6_v98_v28_v119_v30_v31_v89_41_v118_33_14_v13_v105_35_v36_v65_26_v52_42_27_v106_100_78_v107_v115_29_v42_24_v,161,test,92
vvvv2_vvvvvvvvvv13_vvv13_v14_v5_vvvv19_6_v1_vvvv12_v10_vvvv29_vvv21_vv26_22_v35_v28_24_11_2_v18_17_11_v23_v35_v26_21_11_5_v31_vvv48_v45_5_vv31_vv23_vvvv56_vvv53_32_vvv44_39_22_vv27_v28_v39_v63_48_v26_v62_27_v70_68_52_50_38_9_v65_44_12_v48_21_v58_24_v70_20_v44_22_v23_1_vv3_vvvv7_4_v9_6_vv4_v71_11_v88_87_84_47_44_40_24_17_15_13_4_v49_vv69_57_56_32_v17_v65_43_32_v87_86_66_47_24_v84_v23_vvv39_v76_4_v28_v88_60_49_v91_89_77_62_56_38_32_5_4_v31_v104_91_84_34_v52_30_29_12_v32_v103_33_4_vvv106_36_33_19_3_v105_84_vv41_6_vv79_v42_v111_90_68_58_46_v113_105_v112_51_50_v114_93_71_55_54_49_3_vv61_52_v58_30_24_21_v118_97_53_7_4_v112_84_24_v114_97_90_86_77_74_64_61_42_39_37_18_17_11_5_3_v108_97_v78_v102_v131_120_43_36_16_vv126_73_66_61_59_v106_v76_v45_v6_v111_v66_31_v7_v42_41_v47_11_v100_v137_116_v108_104_95_18_v55_v145_143_130_103_vv130_78_76_v23_19_13_v151_131_103_63_3_v67_36_30_25_7_v56_v150_110_v94_67_v156_68_v156_138_31_v157_144_61_15_5_v68_v153_132_v154_133_111_100_95_89_62_49_37_36_28_21_v135_119_86_42_v147_134_125_121_118_100_75_61_58_37_31_6_5_v91_26_v122_95_89_45_v138_106_99_v96_v41_v81_v149_65_v170_v45_v141_119_96_94_90_86_67_11_8_v173_165_164_72_11_v170_100_64_v172_132_vv137_56_51_v160_108_v65_49_vv136_v164_112_v157_126_95_71_22_v11_v71_55_49_31_6_v167_96_52_36_v17_v118_108_v85_64_58_39_32_16_v183_167_163_133_130_125_58_v185_165_164_149_116_103_72_59_41_19_8_v150_117_104_80_73_20_9_v109_67_v187_168_125_75_33_v93_v151_117_34_15_9_7_v183_162_66_35_8_v198_117_113_97_36_18_9_v196_156_v195_189_187_185_175_163_154_151_145_139_136_130_127_125_120_113_103_102_101_82_77_60_48_38_34_28_24_11_5_v,202,test,93
vvvvvvvv7_v2_v3_v4_vvv7_v8_vvvvvv21_vv5_v6_4_1_vvvvvv4_vvvv28_vv17_vv5_v21_15_7_v33_vvv14_v33_31_vvv40_21_v41_vvvv28_v7_2_vv32_v27_26_13_v1_vv46_26_21_v47_27_22_v49_44_vvv58_30_11_v39_18_9_v27_vv30_vvv22_8_1_v33_v17_vvv10_vvvvv9_v64_v22_v57_26_20_v68_7_v56_42_9_v74_v70_65_49_v35_5_v83_vvvvvv1_v72_48_34_27_26_16_v1_v32_v99_97_96_95_93_88_84_81_79_78_73_69_68_62_61_59_58_55_47_44_42_40_39_36_31_23_22_21_17_13_12_11_9_7_5_3_1_v9_6_v24_2_v3_v29_4_vv64_v12_v68_31_1_v5_v84_82_66_36_26_24_10_v109_105_77_76_66_61_58_49_47_31_27_19_11_6_v12_v60_v88_70_28_v87_v94_16_v104_87_72_v105_92_71_42_32_8_4_v19_v65_v21_v22_v48_26_v75_27_26_v86_31_v96_26_12_v90_12_v75_v87_29_v41_vv32_1_v132_v132_128_100_84_54_49_29_23_19_v98_35_20_8_v,136,test,94
vvvvvvvvv8_v2_v3_v4_vvv7_v8_vvvvv21_vvv5_v6_1_vvvvvv5_vvvvv8_4_v30_vv19_vv6_v23_17_8_v35_vvv16_vv46_v21_13_v39_36_vvv21_vv47_29_v48_vvvv6_1_vv32_31_16_v1_vv51_30_24_vv1_v54_33_27_v56_51_v23_17_vvv66_36_13_v48_19_12_v33_v48_40_27_v75_29_24_v37_v47_3_vvvv26_11_1_v42_v23_vvvvvvv90_v9_v25_v93_68_67_42_31_28_22_19_v78_7_v66_47_9_v51_v85_v72_v82_77_59_v41_7_v95_vvvvv1_v86_52_37_27_26_16_v1_v34_v111_109_108_107_104_99_95_92_91_90_85_79_78_71_70_68_67_60_52_50_48_44_43_39_32_24_23_22_18_13_11_10_8_6_5_3_1_v8_6_v25_2_v3_v105_69_65_55_35_18_v30_5_vv110_3_v70_4_v119_76_29_v15_v80_35_1_v7_v99_96_75_39_30_28_13_v120_119_89_88_74_68_66_55_53_35_31_21_14_8_v15_v68_v103_79_32_v101_v109_19_v118_101_80_v119_107_78_52_36_13_8_4_v22_v23_v24_v50_28_v81_29_28_v97_v109_28_11_v101_11_v82_v98_31_v42_vv34_1_v146_v142_141_111_95_90_57_52_30_22_18_v109_37_19_8_v,150,test,95
vvvvvvvvvvv1_vvvvvv17_12_vvvvvvvvvvvvvvv27_vv30_vv10_v18_vv29_20_vvvv10_9_v21_v43_5_v19_v6_vvvvvv26_vv50_46_5_v54_29_1_v21_vvvvv62_vv38_36_30_8_v61_37_19_1_v2_v3_vvv39_vv65_60_47_35_34_v69_8_v64_vv51_20_v44_31_v31_v67_42_41_v73_57_55_43_31_8_4_v16_vv44_28_v84_v77_v67_30_v41_vv70_44_33_v56_v6_v39_vvv59_v85_10_v86_16_11_1_v80_12_v88_3_2_v59_22_v81_65_19_6_vvv49_vv97_56_vv96_74_71_69_54_52_35_17_1_v56_11_1_v110_26_v32_12_3_v64_52_v110_106_105_88_76_71_61_59_28_vv4_v82_73_70_52_26_8_v113_83_74_53_52_27_9_vv47_v88_vv105_70_38_3_v22_v59_v125_108_41_v13_vvvv76_74_22_v126_v125_120_110_95_94_34_v100_99_90_17_16_v122_96_62_55_2_v109_v96_91_85_vv63_vv133_131_129_117_115_113_105_103_90_84_80_68_64_60_49_44_43_6_1_v86_35_1_vv107_v108_vv107_90_84_v85_39_v131_69_68_37_8_v130_v143_141_138_128_125_113_112_102_101_100_94_90_74_72_71_70_62_39_16_10_9_1_vv48_12_2_v81_74_3_v48_14_4_v81_5_v127_81_78_43_36_34_18_v152_104_102_101_95_86_11_v57_v32_v153_151_138_137_135_123_110_91_80_54_21_20_19_10_8_6_v120_48_vv13_v56_vv73_v122_111_89_57_31_11_v60_38_v147_146_109_71_v145_117_116_114_108_77_40_24_23_19_13_v78_65_5_v160_145_134_61_38_32_24_22_v33_vv148_35_vv140_v100_v125_33_32_21_v173_108_101_100_94_v158_69_41_vv147_v147_36_6_v45_vv183_133_131_114_97_71_70_v183_132_v167_20_9_v164_154_v83_79_41_21_v56_v85_v141_123_24_vv189_159_v157_152_141_30_vv194_v136_55_13_vv142_52_v201_163_114_67_36_6_v179_170_161_153_142_134_124_110_88_71_58_57_47_43_vv93_1_v202_154_151_99_76_39_v135_98_v170_131_98_69_59_57_24_v210_v157_155_103_43_41_vv213_196_vv208_178_vv134_109_106_90_77_v78_68_v107_59_v156_50_16_v220_217_216_215_214_212_210_209_208_207_206_205_203_199_198_196_194_188_186_184_172_171_168_167_165_163_162_161_153_152_148_147_145_143_141_133_128_125_124_123_119_118_114_109_107_105_104_102_91_89_87_84_82_80_79_72_69_68_66_65_61_60_59_58_57_56_55_52_51_48_47_46_45_43_41_39_32_30_28_27_19_12_10_7_5_4_3_2_1_v166_59_52_18_v95_77_53_1_v33_20_v189_124_v214_189_154_147_92_56_v223_193_181_163_162_119_94_41_40_6_v224_194_185_164_163_155_138_120_112_111_24_1_v174_143_110_v176_v10_v178_119_v12_2_v234_v134_v124_123_96_86_v237_v185_167_v211_193_183_174_52_v235_v51_v186_v131_v132_26_23_v241_211_209_191_189_172_155_144_129_128_55_45_41_18_6_v152_51_v226_217_207_196_186_35_v232_140_127_106_54_50_27_9_v28_v167_142_139_121_110_94_91_80_59_46_29_2_v3_v241_213_178_v245_241_221_216_210_204_202_193_190_184_180_177_175_156_151_150_149_148_147_135_82_73_51_34_33_26_24_10_v146_33_v248_218_75_v96_12_v253_231_223_214_201_184_167_149_141_140_124_53_30_29_v235_233_178_37_v255_226_225_216_206_194_151_126_72_31_14_2_v256_195_33_3_v257_228_227_208_196_153_74_33_16_4_v258_197_172_23_v239_238_228_183_62_58_57_31_v174_v265_170_164_v45_v250_248_215_211_183_181_157_148_147_111_v,268,test,96
vvvv1_vv6_2_v7_1_vv9_vv11_7_v12_6_1_v9_v14_10_8_7_5_3_2_v7_vv17_13_3_vv19_15_12_8_7_5_v20_16_14_8_6_3_1_v17_vv19_4_v24_12_v7_v22_20_19_12_v27_26_23_v28_24_21_16_14_8_v7_1_v28_24_22_17_15_14_11_9_6_2_vv5_v3_v29_v4_vv10_v11_6_v35_27_25_v10_v31_v38_19_v13_v40_28_21_15_14_v45_41_34_33_22_16_v43_v33_28_26_v38_v19_18_15_1_v47_40_28_21_14_8_5_4_v47_37_34_32_v25_v39_37_35_34_26_12_5_4_v,54,test,97
vvvvvvvvvvvv6_vvv2_v15_v6_vv15_v4_v16_vvvvv23_17_14_v18_v16_vv27_23_21_18_12_4_3_v27_12_7_v16_v10_v11_1_v4_v28_v25_15_2_vv39_36_35_30_27_26_18_17_8_v29_vv21_10_v20_10_9_4_v22_7_vv44_v44_35_v37_v24_v47_43_41_39_38_24_23_20_15_v23_21_1_vv49_22_v51_45_42_36_27_26_25_24_4_v45_30_26_16_14_13_6_v35_15_v54_50_48_45_27_7_3_v44_19_v30_4_v51_38_16_v49_v40_v60_37_35_33_v52_13_v43_v55_26_v64_55_v16_v60_39_11_v18_v32_1_v72_v36_21_v52_37_14_v72_63_v65_v74_70_68_66_65_59_55_50_48_47_39_33_30_22_20_19_17_14_3_v59_47_45_25_v67_53_51_19_v58_v59_42_v59_48_39_4_v45_44_38_33_29_v53_v69_14_v84_15_v65_18_v51_38_33_28_19_11_v85_77_71_62_60_26_v87_78_71_57_37_27_8_v84_82_61_14_v88_61_39_v85_84_82_63_25_23_22_12_v88_73_62_61_53_39_12_v,95,test,98
vvvvvv5_vvvvvvvv10_vvvvvvvvv19_vvvvvv9_vvvvvvvvvvvv4_2_vvvv7_vvv20_v40_vv50_v48_29_11_v35_vvvvvvv15_vv13_v55_46_45_27_17_16_11_10_v20_10_7_vv37_v4_vv29_v30_vvv1_vv6_3_vv77_75_74_72_70_68_66_64_62_61_60_58_57_49_48_47_45_42_36_34_31_29_28_25_22_21_20_19_15_12_11_10_9_6_5_3_1_v64_17_v22_2_v3_vv5_v38_v12_v29_26_1_v23_9_v86_83_64_63_52_49_46_37_35_27_24_18_10_4_v11_vv49_v75_14_v57_v16_v80_33_v18_v19_v20_v57_v16_v68_23_v24_v92_80_62_60_43_21_17_v102_99_91_82_80_78_77_76_72_70_69_67_65_59_49_43_42_39_25_20_16_14_9_v27_15_v,105,test,99
vvvv2_vvvvvv9_v5_3_1_v1_v9_v10_v5_vv13_4_v1_vv9_v6_vv19_vv17_14_13_v22_v10_9_5_v13_v15_12_6_3_v20_v20_v32_v29_4_v23_vv14_vv27_v38_vv30_v27_24_15_vv33_19_v20_v45_43_35_31_23_5_v28_12_v37_36_14_v44_12_v39_vv41_v4_2_vv55_54_51_44_28_26_23_12_9_8_6_2_vv8_v51_v12_v49_v50_v51_44_3_v16_v54_36_28_v57_55_45_38_34_21_19_5_4_v19_v66_57_21_v19_v64_20_3_vvv67_23_21_15_3_v26_4_v50_vv27_v71_67_66_vv38_33_v69_35_18_15_v71_53_17_v73_60_58_55_48_46_40_37_28_27_26_12_11_8_4_2_v83_76_28_25_8_vv2_v39_17_v76_26_25_v30_5_v65_62_55_7_v88_86_77_61_vv77_46_45_v11_10_8_v94_78_62_39_3_v41_21_17_13_6_v85_v93_68_v58_43_v99_44_v99_85_19_v100_91_5_v91_90_81_77_74_72_60_47_38_35_21_18_2_1_v56_v93_58_v23_v51_v106_v26_v98_v99_v106_62_39_v108_83_v112_49_11_v87_36_32_v100_69_v41_33_v102_71_v43_35_33_20_2_v103_25_v74_68_v110_54_40_37_27_20_8_v72_28_13_v69_41_v113_59_v23_4_v42_24_5_v126_63_25_6_v124_99_v83_62_v,130,test,100
vvvvvvvv7_v2_v3_v4_vvv7_v8_vvvvvv21_vvv6_v7_1_vvvvvv5_vvvvv30_vvv20_vv7_v24_17_9_v36_23_5_vvv16_v36_34_vvv43_24_v44_vvvvv7_2_vv28_27_12_v1_vv48_27_20_v49_28_21_v51_46_vvv60_30_10_v41_17_9_v26_vv29_vvv21_8_1_v32_v17_vvvvvvvvvvv4_v13_v68_50_23_v26_v63_30_24_v74_11_v61_45_13_v80_vv77_71_53_v39_6_v90_vv44_vvvvv1_v82_53_40_33_32_18_v7_3_v38_v107_105_104_103_101_96_92_89_87_86_81_76_75_67_66_64_63_60_52_50_48_46_45_42_37_29_28_27_19_15_13_12_10_8_5_3_1_v4_v30_2_v3_v34_4_vv69_v80_29_21_12_v96_88_78_73_39_37_33_31_30_28_15_14_1_v5_v92_89_71_42_28_26_10_v117_113_83_82_71_66_63_55_53_35_29_20_11_6_v12_v65_v96_75_30_v94_v102_16_v112_94_77_v113_100_76_34_8_4_v19_v20_v21_v52_25_v79_26_22_v90_v102_25_11_v94_11_v79_v91_28_v41_vv31_1_v39_24_v86_58_25_v141_v141_137_107_90_59_52_30_24_20_v104_36_21_10_v,145,test,101
vvvvvvvvvvvvvvv15_vv1_vvvv15_vvvvvv10_vv4_vvv31_v12_vvvv21_20_vv33_18_v40_vv40_v27_v26_vv30_v45_vvvvvv32_vv52_v40_v1_v5_2_v59_58_57_56_55_54_53_52_51_50_49_48_47_46_45_44_41_40_39_38_37_36_35_34_33_32_31_30_29_28_27_26_25_24_23_21_20_19_18_17_15_14_12_11_10_9_8_7_5_4_3_v,60,test,102
vvvvvvvvvvv3_vvvvvvv18_vv1_vvvv23_17_16_14_13_vvvvvvv11_v8_v4_vvvv35_v14_vvvvv19_v25_24_vv38_22_vv48_vv47_v43_28_27_12_v33_v32_vv36_v48_45_32_v54_v7_vvv37_v11_v39_18_v19_vvv47_22_v63_v50_42_v63_60_59_46_32_27_14_v8_2_v72_70_69_68_67_66_64_63_60_59_58_57_56_55_54_51_50_49_48_47_46_44_43_42_41_40_39_38_37_36_35_33_32_31_30_26_25_24_23_22_19_18_15_14_13_12_10_7_6_4_3_v,73,test,103
vvvv3_vvvv7_1_vvvvv2_vv2_v14_11_v10_9_3_vvvv7_vvvvvv19_10_v12_v13_v5_v22_11_v27_13_vvvvvvvv23_10_9_v23_v11_vv36_2_vv15_v45_43_37_30_29_19_17_4_2_v17_v36_v37_v20_v39_37_v29_vv13_v2_v57_53_v23_20_vv54_36_31_19_16_13_7_v50_49_48_43_39_35_25_24_17_v59_48_47_45_43_41_35_33_24_23_22_13_12_10_3_2_v32_v20_19_v53_52_50_48_46_4_3_v36_35_v41_6_v6_v56_34_31_17_10_7_4_vv36_33_2_v30_28_v72_54_44_28_13_v69_58_47_34_v44_v15_9_v47_v17_16_v23_17_7_vvv65_23_20_v47_22_v23_v25_12_vv79_58_v53_50_26_16_v42_v90_88_86_85_80_74_72_71_67_65_62_60_58_57_56_50_47_46_45_33_30_26_20_16_13_10_9_4_1_v,91,test,104
vvvvvvvvvvvvvvvvv17_13_vvvvvvv7_vvvvv24_vvv9_v15_vvv18_vvvv12_11_vv39_5_v18_v28_26_vvv9_vvvv26_v48_44_4_vv51_29_2_vv18_vvvv60_v38_35_32_7_v57_36_19_1_v29_2_v3_vv32_v40_vv62_59_48_36_34_v65_8_vvv52_19_v50_33_27_8_v74_31_v32_v67_44_42_v71_58_57_45_32_9_5_v79_55_7_v44_28_vv79_44_v65_29_v69_66_60_43_42_40_30_vv57_vvv48_15_5_v39_vvvv85_11_v86_12_1_v13_vv66_vvvv50_vv104_57_25_v95_76_72_69_52_51_35_17_6_v61_48_vv31_3_v58_13_4_v103_89_77_60_57_v82_71_68_50_25_6_v107_83_72_51_50_26_7_vv45_vvv76_43_33_vv66_65_14_vv84_v85_v119_64_v117_114_105_91_89_28_v97_96_85_14_13_v116_91_57_49_2_v90_85_78_vvv123_122_121_110_109_105_99_97_82_76_72_61_57_52_42_36_35_4_1_v128_v80_2_vv132_117_v99_81_75_v76_31_vv121_61_60_30_8_v121_v133_132_130_121_119_107_105_95_94_92_86_82_67_64_63_62_55_32_14_10_8_1_vv71_2_vv42_14_4_v76_68_5_v70_36_31_v143_96_95_93_87_79_12_v18_8_v115_112_99_34_vv144_143_132_131_130_118_103_85_73_22_21_19_11_7_3_v113_42_vv14_vv153_v65_v143_120_116_111_104_102_84_82_61_55_54_37_36_31_15_12_v134_29_v55_41_v140_110_108_107_101_69_42_26_25_20_14_v57_v153_138_128_55_37_33_25_23_v34_vv70_vv149_148_110_72_v93_v117_35_34_v79_14_v165_103_95_94_89_v153_67_43_vv45_v171_123_122_106_90_65_64_v173_123_v159_10_6_v65_64_v75_74_40_19_v76_v131_114_21_v160_151_vv163_151_148_143_138_131_104_103_69_54_36_29_27_v125_10_v29_v130_129_48_v186_152_105_92_62_46_31_4_v169_161_150_141_130_123_112_97_79_65_55_54_43_38_vv188_141_138_87_69_55_32_v157_117_85_63_53_49_18_v141_140_89_34_33_v112_vvv118_93_90_68_v69_59_v94_49_v140_40_11_v201_198_197_196_195_194_193_192_191_190_189_188_183_182_181_177_174_171_169_156_154_151_149_148_147_145_144_137_136_132_131_129_126_124_117_110_108_107_106_103_102_101_96_95_91_90_88_83_78_76_74_73_70_69_63_60_58_57_56_51_50_49_48_47_45_43_41_40_38_37_36_35_34_33_30_28_24_22_21_20_14_9_8_6_5_4_3_2_1_v149_49_42_13_v86_69_43_1_v25_15_v188_162_132_102_v197_174_138_130_81_46_23_v203_179_165_147_146_103_83_32_6_v204_180_169_148_147_139_123_104_98_97_19_1_v158_127_96_v132_v130_63_54_v11_v161_v162_105_v9_v15_4_v60_vv114_110_90_80_vv175_79_64_v172_155_v198_181_170_162_48_v107_v108_v173_v40_36_v123_30_27_v225_201_198_177_176_160_144_132_119_118_47_44_40_22_6_v138_v195_183_v219_128_100_51_31_9_v152_32_22_v155_130_127_115_105_89_85_74_55_45_33_2_vv227_204_197_191_188_179_171_167_164_161_142_137_136_135_66_65_49_37_36_29_27_v133_36_v142_81_v156_v236_218_212_201_187_171_155_136_130_129_116_51_33_32_v222_221_164_40_v238_215_214_203_192_181_138_118_67_34_13_2_v239_182_158_20_v240_217_216_194_183_140_69_36_15_4_v44_v166_v243_186_40_7_v228_218_171_34_v248_234_233_232_220_206_200_196_191_178_175_171_167_163_159_146_137_136_135_116_104_71_59_44_39_31_29_14_3_v,251,test,105
vvvvvvvvv1_vvvvvvvvvvvv17_vv8_v16_9_v5_4_vvvv10_vv28_24_4_v30_13_1_vvvv36_v16_5_vvvvv36_32_24_19_v39_v36_v27_13_vv37_24_v42_31_30_25_22_6_3_v25_18_v35_18_v36_19_vv24_vvv47_6_v48_7_1_v8_vvvvv53_42_40_39_33_31_20_4_v35_6_1_v30_v19_3_v61_49_44_37_v47_43_31_5_v65_48_44_32_6_v28_vv42_40_9_vv68_64_58_51_16_v55_54_50_7_6_v66_34_29_2_vvv73_72_70_62_61_60_57_56_52_47_44_37_34_31_23_22_3_1_v49_1_vv58_50_46_v47_20_v69_v79_78_75_69_67_62_59_58_53_50_40_39_38_37_33_19_9_6_5_1_vv43_2_v9_3_v47_42_4_v44_23_v88_62_60_59_55_50_9_vvv88_87_78_77_76_71_67_55_46_16_15_14_9_6_v28_vv12_v89_74_54_v45_vv69_55_11_v39_30_v40_v86_75_74_72_68_50_32_22_21_18_13_v51_6_v27_vv89_29_v51_vv95_94_76_53_v66_v83_31_30_21_v108_72_67_66_64_vv112_86_84_73_48_47_v114_85_v102_7_4_v56_54_34_15_v57_v92_80_17_vv91_22_v89_39_v107_104_100_97_89_85_77_70_57_50_43_42_34_30_v123_97_94_63_24_v103_81_61_48_42_39_v98_96_65_26_24_vvv82_68_65_52_v53_47_v68_39_v97_30_9_v134_132_131_130_129_128_126_125_124_123_122_121_119_118_117_116_115_113_112_109_108_106_105_103_102_101_100_97_96_92_91_90_89_87_83_81_79_78_77_76_75_74_73_70_67_66_65_63_61_59_58_57_55_54_51_48_47_46_45_41_40_39_38_36_35_32_31_29_28_27_26_25_24_23_21_20_17_16_15_14_11_8_7_6_5_4_3_2_1_v104_39_32_11_v66_55_33_1_v19_13_v129_116_97_92_63_35_17_v136_119_103_77_65_24_5_v137_120_116_104_98_78_73_72_16_1_v112_v113_76_v9_v6_v11_2_v118_106_v116_32_v78_v79_v119_v87_20_17_v149_132_123_121_110_85_84_28_13_5_v140_91_73_33_19_6_v20_v107_93_90_83_77_66_63_52_37_31_21_2_v147_134_132_131_129_122_118_114_112_111_100_97_96_52_43_33_24_23_17_v95_23_v155_138_134_127_116_96_91_90_84_34_19_18_v143_142_112_25_v157_141_140_136_132_98_86_45_20_8_2_v27_v159_143_142_134_100_47_22_10_4_v146_142_116_21_v150_133_115_95_75_v,166,test,106
vvvvvvvvv7_v2_v3_v4_vvvv8_v9_vvvvvv16_v23_vvv6_v7_1_vvvvvv5_v21_vvvv16_v33_vvv21_vv7_v25_18_9_v39_vvvv18_v34_v41_38_vvv48_27_v49_v14_vvvv7_1_vv31_30_13_v1_vv52_29_22_v53_30_23_v56_49_vvv65_32_10_v44_17_9_v28_v23_vv32_vvv21_9_1_v35_v18_vv43_vv34_vvvvv91_65_7_v11_v24_v64_28_22_v72_51_43_37_9_v76_8_v63_44_10_v83_v78_72_53_v37_6_v6_v94_vvvvv1_v82_49_37_29_28_16_v1_v34_v109_107_106_105_103_98_92_89_87_86_81_75_74_66_65_62_61_57_49_47_45_43_42_39_33_24_23_22_18_13_12_11_8_6_5_3_1_v8_6_v90_v26_3_v4_v32_5_vv68_v13_v106_97_76_68_35_19_4_v74_34_2_v21_v94_91_70_40_29_26_12_v121_117_84_82_70_64_62_54_52_34_30_20_13_7_v14_v64_v98_74_30_v96_v104_18_v115_112_96_76_v108_v117_103_76_35_9_5_v22_v111_v24_v105_52_45_28_v26_v2_v3_v81_32_31_v95_v108_31_15_v95_15_v82_v95_34_v46_vv37_1_v147_v147_143_110_98_90_60_54_37_33_26_22_16_v103_40_23_8_v,152,test,107
vvvvvv5_vvvvvvvvvvvv14_vvvvv12_7_vv9_6_2_vvvv6_vv15_vv1_v30_vvvvvv10_vvv30_1_vvv34_v24_vv22_vvvvv4_2_vvv6_vv3_vv22_v31_v26_v54_48_v16_vv66_v64_34_14_v23_v46_vv13_v65_24_vvv40_v61_58_52_v32_vvvv25_v75_11_v55_v21_v78_64_62_37_28_26_18_16_v69_41_9_v51_1_v80_78_73_70_64_60_58_45_33_27_17_12_9_vv51_v6_v56_vv42_vvv55_vv82_29_26_16_v28_v102_100_99_97_95_92_88_85_82_81_80_74_72_63_62_61_57_54_48_47_44_41_38_34_27_23_22_21_17_12_11_10_8_6_5_3_1_v8_6_v20_v25_3_v4_v5_v92_89_85_31_19_v52_v92_64_3_v85_25_9_v111_108_78_77_64_61_58_46_44_30_26_17_10_3_v24_v12_v89_v62_v96_15_v106_70_v30_v31_v32_v33_v34_1_v87_v88_v24_v109_56_53_43_v26_v92_66_29_2_v28_v69_54_42_v30_v18_v80_v26_v91_34_v35_v54_5_v138_135_124_107_105_103_102_101_96_93_92_90_88_83_67_57_55_50_39_30_27_24_12_v38_25_7_v,141,test,108
vvvvvv2_vv5_v2_v4_3_1_v11_v10_v9_1_vvvvv16_6_vv6_vv16_1_v9_v15_14_v20_vv17_vv29_28_22_18_15_9_6_v14_v30_27_26_24_12_v28_v17_v31_26_23_21_17_8_6_5_v27_21_1_vv24_21_7_4_2_v1_v9_6_2_v11_v22_v8_7_v39_12_v10_v11_v29_12_v46_v16_12_v15_v21_v39_33_17_v31_30_v43_31_1_v46_20_v51_43_37_26_24_v43_41_26_23_v26_5_v46_40_v59_30_v,60,test,109
vvvvvvvvvvvvvvvvv14_vvvv3_vvvv9_vv11_vvvvvvv33_vv21_9_vv34_24_23_18_16_2_vvv34_v35_1_vvvvvvvv42_30_24_23_16_6_v21_v46_29_v52_32_3_v33_4_vvvv32_31_8_v55_51_46_39_16_v52_1_vvv11_vvv31_v20_vv32_v66_64_57_56_55_50_47_37_32_18_8_7_3_vvvv34_v25_vvvv28_v64_v38_v69_68_52_39_v68_58_57_56_43_25_v47_v45_33_11_vv83_49_vv76_7_2_vv41_40_8_v42_v68_10_v64_v58_28_v70_69_46_13_vvv49_v21_v50_31_v19_v103_102_101_100_99_97_96_95_94_93_92_91_90_89_88_87_85_84_83_81_80_78_77_76_75_74_73_71_70_69_68_67_66_65_64_63_62_61_60_59_58_57_54_52_50_49_46_45_44_43_42_41_40_39_38_37_36_35_34_33_32_31_30_29_28_27_26_25_24_23_22_21_20_19_17_16_15_14_12_11_10_9_8_7_6_5_4_3_2_1_v59_48_43_v104_55_2_v49_v4_v5_1_v82_v59_v99_61_55_47_21_18_8_2_v1_v63_44_30_22_10_2_v11_v110_107_98_95_94_93_91_85_84_82_81_79_78_73_70_69_68_67_63_60_30_28_21_14_13_10_9_5_v66_13_v103_102_79_14_v15_v,119,test,110
vvvvvvvvvvvvvvvv10_v11_v18_vv4_vvv10_v7_vv20_9_v10_vvvvv6_vv5_vvv36_v15_vvv15_v25_v37_28_27_vv26_vv34_24_v48_vv48_v45_38_32_29_28_12_9_6_v37_15_v33_vv38_v54_v6_vvv9_vv47_vv13_v62_vv52_44_25_15_vv43_37_v70_69_68_67_66_65_63_62_61_60_59_58_57_56_52_50_49_48_47_45_43_42_41_40_39_37_36_35_34_33_32_31_30_26_24_23_22_21_20_17_16_14_13_12_11_10_9_7_5_4_2_v,71,test,111
vvvvvvvvvvvvvvvvvvv6_vvv7_vv9_vvvvvvv30_vv19_9_vv31_22_21_17_15_2_v12_vvv33_3_v34_4_1_v5_vvvvv24_5_v20_v47_vvv28_27_v48_45_40_34_11_v46_1_v27_7_vvv53_52_51_44_43_42_40_39_36_33_30_24_22_18_17_4_1_v1_vvv57_56_54_49_47_43_41_40_37_34_28_27_26_24_8_4_3_1_v30_1_v6_2_v3_v31_v62_61_54_53_52_48_45_36_31_10_9_8_5_3_vvvvv33_vv16_vv14_v64_63_49_35_22_9_v30_v63_21_v38_v66_58_57_56_42_29_v47_vv55_7_v56_1_v81_50_49_v73_39_29_vv76_12_3_v42_28_9_vv69_11_v65_31_v59_36_32_30_v71_70_14_vvv40_v41_37_21_v52_33_v20_v101_100_99_98_97_96_95_94_93_92_91_90_89_88_87_86_85_84_83_81_80_79_78_77_76_75_74_72_71_70_69_68_67_66_64_63_62_61_60_59_58_57_56_54_53_52_51_50_49_48_46_45_43_42_41_39_38_37_36_35_33_32_31_30_29_28_27_26_25_24_23_22_21_20_19_16_14_13_12_11_10_9_8_7_6_5_4_3_2_1_v61_v27_v28_v104_4_v5_v6_1_v96_v30_21_v63_56_v100_52_20_10_v11_v56_48_33_24_12_2_v107_96_94_87_84_83_81_80_74_71_70_29_22_15_14_9_4_v14_v103_102_81_15_v16_v,118,test,112
vvvvvvvvvv3_vvvv10_vvvvv10_2_vvvvv10_v21_vvv4_vvvvv11_vvvv27_vvvvv11_vvvv26_vvvvv19_v10_v45_v50_29_9_v18_9_8_vvvvv34_vv25_vvvvv7_vv16_v56_50_39_33_31_28_26_24_8_v42_19_1_v2_v3_v4_v26_18_11_vv7_v45_vvvvv69_27_25_15_vv85_83_82_80_79_77_74_72_70_69_67_64_63_53_52_51_49_45_40_37_35_34_32_31_26_22_21_20_16_9_7_6_5_4_3_1_v1_v23_2_v3_v29_4_vv36_29_21_v83_78_61_55_31_15_3_v46_16_v47_32_24_v94_91_70_55_52_50_41_29_10_5_v11_v12_vv85_71_v93_90_60_v85_16_v73_60_v18_v90_48_46_36_v20_v77_23_2_v47_40_23_v23_v24_v91_v75_26_v27_v112_109_101_90_88_86_84_83_78_76_75_72_70_64_56_47_45_38_30_23_18_15_9_v29_16_v,115,test,113
vvvvvvvvvvvvvvvvvvv17_vvvvvvvvv11_vv13_vvvvvvv35_vv23_9_vv36_26_25_19_16_2_v36_vv25_v3_vv39_v40_1_vv29_vvvvv46_36_33_32_26_25_18_10_4_v23_v29_8_2_v3_v58_54_53_43_37_35_32_30_17_v58_41_16_5_v42_17_6_vv4_v35_34_9_v60_56_51_43_16_v57_1_vvvvv48_41_37_v38_17_vv36_vvvv38_19_v75_51_49_45_8_v30_v76_74_67_66_65_59_55_45_40_13_12_6_v23_vvv39_v31_vvv34_25_vv75_63_62_61_57_45_27_20_19_14_12_v36_v76_v45_v81_80_62_46_v56_vv69_27_26_18_v94_58_vv99_72_71_64_57_41_40_v88_7_3_v82_v49_48_13_v50_v78_15_v6_v75_v93_90_75_68_48_38_37_30_27_v51_v107_83_81_56_22_v89_72_54_37_v84_83_58_24_22_vvv61_58_v25_v62_37_v28_10_v120_118_117_116_115_113_112_111_110_109_108_107_106_105_104_103_102_100_98_95_94_92_91_90_89_88_87_85_84_83_82_81_80_79_77_74_73_72_71_69_68_67_66_64_60_59_58_56_55_54_53_52_51_50_47_46_45_44_42_39_38_37_36_35_34_33_32_30_29_28_27_26_25_24_23_21_20_18_16_15_14_12_8_7_6_5_4_3_2_1_v91_31_30_12_v51_31_1_v114_101_57_32_v122_105_69_23_4_v123_106_88_81_70_65_64_16_1_v97_v98_68_v8_v9_1_v74_71_v101_30_v130_113_111_103_102_95_88_82_72_71_29_25_23_8_1_v120_78_63_27_13_2_v14_v80_77_57_44_31_26_15_2_v81_16_v135_118_107_100_93_82_77_76_28_13_12_v123_122_97_18_v137_121_120_111_84_38_14_7_2_v20_v139_123_122_113_86_40_16_9_4_v126_122_101_32_15_v,143,test,114
vvvvvvvvvvvvvvvvvvvvvvv21_vvv11_v12_vvv2_v7_vvv28_v21_v16_vv18_vvvvvvvvvv43_39_29_22_v47_vv32_13_vv44_27_v49_37_35_28_22_6_3_v49_21_11_vv34_v18_v4_v20_2_vv54_v55_1_vv47_v41_vvvvv62_48_45_44_34_33_22_12_4_v30_v37_9_2_v21_3_v74_70_69_56_49_47_40_38_20_v52_v75_54_20_6_v55_21_7_v31_vv46_2_v42_24_22_7_v46_45_12_vv80_76_69_59_21_v77_38_33_1_v63_vv42_vv86_84_83_74_72_71_67_65_58_53_49_43_40_37_32_29_28_5_1_v1_vv67_56_51_v52_24_v43_42_22_5_vv92_43_v84_v95_93_91_84_81_74_68_67_62_58_49_48_47_46_44_26_14_9_8_1_v51_1_v11_2_v55_50_3_vv84_58_53_30_25_24_16_v102_70_68_63_12_v41_v73_28_v104_102_93_92_90_83_76_63_55_19_18_17_9_7_v81_35_vvv52_v43_v24_vv46_34_v18_v100_83_82_81_76_58_36_25_24_15_13_v48_v101_30_v58_v107_106_81_59_v72_vv100_v90_33_32_20_v123_80_75_74_vv104_34_6_v129_94_93_82_74_54_53_v116_9_4_v108_v63_62_34_15_v64_v100_17_v113_61_v133_112_v8_v43_v99_41_v123_119_99_88_64_48_47_36_32_v46_v69_1_v141_109_107_74_48_28_v145_v120_95_73_56_47_45_v111_110_77_31_29_vv145_124_vv81_78_61_v62_53_33_v82_45_v131_v37_14_v157_155_154_153_152_150_149_148_147_146_145_144_141_140_138_137_135_133_131_125_124_121_120_119_118_116_115_112_111_108_107_106_105_103_101_96_95_94_93_90_89_88_87_85_80_79_78_74_72_71_69_67_65_64_58_56_55_54_52_48_47_46_45_44_43_42_41_39_38_37_36_35_34_33_32_29_28_25_23_22_21_16_10_9_8_6_5_4_3_1_v120_40_39_16_v65_40_1_v126_105_102_62_v152_135_113_108_75_42_v160_139_91_31_5_v161_140_114_106_92_86_85_21_1_v127_v128_90_v9_v10_1_v128_108_86_8_v97_94_85_78_69_v115_v133_40_v28_v29_v172_151_149_137_136_125_117_108_97_96_41_35_32_12_3_v137_123_70_v163_105_83_40_19_5_v20_v107_104_87_73_59_44_36_21_2_v173_170_153_147_137_133_130_128_127_116_111_110_51_38_25_23_17_v109_23_v176_155_147_123_83_53_13_v180_159_144_133_125_111_105_104_40_20_19_v166_164_129_26_v182_162_161_148_113_53_21_10_2_v28_v184_164_163_150_115_55_23_12_4_v181_132_89_v170_169_164_134_48_45_44_23_v174_154_151_131_110_109_84_21_v,190,test,115
vvvvvvvvvvv9_v3_v4_vvv7_v8_v9_v7_6_3_2_1_vvvvvvvvvvv29_vv4_vvvv12_v13_1_vvvv13_vvvvv18_vvvvvv9_5_v45_vvv25_vv33_vv9_v37_24_11_v53_43_vv36_vv28_vv23_v14_v67_vv29_20_v61_58_46_9_v46_vv29_vv69_50_vv71_vvvvv59_57_1_v2_vv26_6_v16_v13_4_vv92_71_59_57_43_35_21_v48_47_25_v1_vv81_45_36_vv1_v84_48_39_v86_77_v25_vvv96_51_14_v77_27_12_v45_v64_55_35_v88_v106_39_33_v50_v64_4_v97_vvvvv36_14_1_v57_v109_99_27_v28_27_vvv79_v18_12_3_vvvvv63_vv128_v14_v101_v61_v35_v133_102_93_60_41_38_32_29_v13_v110_99_96_92_65_59_55_v116_73_12_v2_v102_101_95_68_59_27_15_3_v33_v128_v101_v121_109_84_v55_10_v101_v139_129_59_v121_16_v12_vvvvv1_v125_75_53_40_39_24_v1_v49_v131_114_91_v158_156_155_154_151_146_138_135_131_130_126_112_110_100_99_95_93_85_70_67_65_61_60_56_47_34_33_32_25_17_15_14_9_7_6_4_2_v9_7_v35_2_v3_v152_73_49_v43_5_vv94_3_v80_28_27_v166_102_38_v104_v114_86_v18_v111_47_1_v111_101_v10_v148_132_103_57_40_35_16_v149_131_104_v171_170_125_124_103_91_88_76_74_48_42_26_18_12_v19_v136_v154_153_108_40_v126_109_40_v93_v155_24_v157_146_v171_140_111_101_v19_v173_161_160_122_119_110_109_73_64_63_50_47_21_12_7_6_v134_127_7_v124_v31_v32_v33_v72_38_v103_1_v115_40_39_v136_v180_109_50_v153_39_18_v141_20_v111_v110_v136_43_v58_vv46_1_v134_125_92_v135_v207_v203_202_157_134_123_80_71_44_32_30_v148_37_v153_52_32_12_v,213,test,116
vv2_vv3_v3_vvvvv1_vvv4_vvvv8_vvvvv13_vv8_vv24_23_18_4_v18_vv29_20_vvvvv28_25_3_v9_v20_19_12_v1_v35_vv37_v32_12_5_v39_vvvv10_v5_vvvv41_v26_vv45_43_40_37_28_24_22_v1_v45_44_39_30_23_13_7_2_vv55_v42_39_v60_55_25_v52_10_v8_v63_35_27_23_14_5_v55_48_40_v63_21_v40_1_v12_11_v34_v48_43_v61_55_44_25_17_14_7_v62_54_45_v13_v65_64_47_17_v55_48_17_v74_72_71_68_58_57_47_41_36_25_v67_65_v74_69_68_54_52_48_47_33_30_29_23_21_11_7_4_3_v28_4_v44_19_v63_17_7_v6_v56_49_38_v57_v63_15_v,85,test,117
vvvvvvvv7_vvvvvvvvvv14_vvvvvv14_8_v9_6_1_vvvv5_vv15_vv1_v30_vvvvvvv11_vvvv32_2_vvv36_v25_vvv25_vvvvv4_vv3_v20_v30_v25_v54_47_v12_vv65_v63_33_13_v20_vv11_v19_vvv38_vv50_v61_58_52_v30_vvvv25_v13_v55_v22_v63_34_28_19_v69_39_9_v51_1_v83_79_73_70_64_60_58_43_33_28_19_12_9_v40_11_vv51_v7_v57_vvvvvv55_vv84_33_30_18_v32_v104_102_101_99_97_95_90_87_84_83_81_76_74_64_63_62_57_53_50_49_46_44_41_37_31_25_24_23_19_13_12_11_9_7_5_3_1_v21_v26_2_v3_v4_v93_90_85_32_20_v53_v93_63_3_v90_86_62_37_26_22_8_v112_109_79_78_62_60_59_48_46_31_27_17_9_3_v25_v76_v12_v91_v97_14_v30_v98_74_30_8_v32_v33_v34_v35_1_v88_v89_v23_v110_59_56_44_v25_v93_68_28_2_v27_v71_55_43_vv95_17_v31_v97_v27_v91_34_v35_v129_101_96_56_42_7_6_v140_137_126_109_107_105_104_103_96_93_92_89_88_85_71_59_57_52_39_31_28_24_13_v103_38_25_8_v,143,test,118
vvvvvvvvv9_4_v10_vv3_vv6_vvv14_vv2_vv12_v21_vv24_vvv27_25_15_14_10_2_vvvv21_v3_v23_2_v34_33_31_16_15_12_8_7_6_5_2_vv27_26_v28_19_10_vv39_30_26_12_vvv33_v19_v20_v36_vv22_20_v43_24_5_v40_13_v32_16_v27_8_7_3_v51_18_vv42_27_26_v54_33_21_v32_13_12_8_v22_v24_v58_25_v60_48_11_v61_52_26_8_4_v52_41_28_26_23_13_2_1_v36_v30_v52_26_v66_v67_61_60_31_5_v56_41_v59_v50_v59_44_v5_vv8_v48_v66_37_27_21_15_9_v57_47_15_7_3_1_v74_70_67_64_63_62_58_55_40_38_37_32_5_4_v1_v2_v3_v73_57_55_48_40_25_20_19_6_v,83,test,119
vvvvvvvvvvvvvvvvvvvvvvvvvv10_vv12_vvvvvvv34_vv22_9_v31_19_18_vv36_27_25_21_16_3_vvv37_v38_1_vvvvv44_24_vv28_20_v14_v52_vvv29_28_vv54_51_46_39_38_13_v52_39_21_1_v29_9_vvv59_58_57_50_48_47_45_44_38_35_32_26_23_20_19_4_1_v15_1_vvv63_62_60_55_52_48_47_44_43_42_39_36_30_29_28_27_26_15_8_4_3_1_v32_1_v6_2_v32_3_v22_8_4_v33_v69_68_61_60_58_54_48_39_33_24_11_10_9_6_4_2_vvv62_55_44_v10_vvv38_vv19_v71_70_52_38_23_9_vv34_v79_70_66_34_27_23_19_v71_24_v43_v74_63_62_61_47_33_vv52_v9_v89_55_53_vv83_12_2_v45_29_7_vv72_9_v68_32_v61_48_37_33_31_v74_73_12_v70_vvv53_42_v43_39_21_v56_34_v76_v109_108_107_106_105_104_103_102_101_100_99_98_97_96_94_93_92_91_90_85_84_83_82_81_80_79_78_76_75_74_73_72_70_69_68_67_66_65_64_63_62_61_59_58_56_55_54_53_51_50_48_47_45_44_43_41_40_39_37_36_34_32_31_30_29_28_27_26_25_24_22_21_20_19_18_16_15_14_13_12_11_10_9_8_6_5_4_3_2_v21_1_v110_2_v29_v30_v92_57_v6_v7_1_v105_103_95_41_v97_96_4_v68_56_52_v32_25_v110_56_23_12_v13_v71_60_51_34_27_14_2_v15_v52_40_v113_111_86_17_v18_v,128,test,120
vvvvvvv1_vv3_v4_v5_vvv8_vvv9_vvvvvvvvvvvvvv4_vvvvv9_vvv19_16_vvv15_v21_vvvvv28_vvv8_v24_v4_v8_v49_33_4_v29_vv25_vv19_vv12_v54_51_37_7_v37_vvvv62_41_vv64_vvvv50_47_1_v20_4_v13_vvvv39_38_20_vvv71_34_30_vvv74_37_33_v39_v72_68_v12_vv64_23_11_v38_v55_vv94_28_v84_vvvv85_82_21_vvv63_v84_81_65_v13_9_3_vvvvvv53_10_vv82_v51_v27_v64_v116_85_79_50_35_32_28_24_v13_v92_85_82_77_56_50_47_v115_107_100_97_81_75_72_62_39_33_26_16_12_v2_v88_87_80_59_51_25_15_3_v28_v112_v64_v72_v85_v50_11_v123_53_v103_17_v12_vvvvv108_v137_135_134_133_131_121_118_116_108_107_105_93_91_84_83_80_78_71_60_57_55_51_49_48_39_30_29_28_22_13_11_9_5_4_2_1_v111_97_78_v44_2_v32_3_v4_v133_81_77_64_43_17_v6_v124_121_40_24_v3_v83_4_v72_26_25_v90_v75_v128_99_95_43_16_v88_v103_69_v126_113_90_53_36_31_16_v127_112_91_v35_v90_79_67_39_19_v20_v118_v133_132_96_37_v108_97_37_v153_149_144_136_119_114_95_87_77_49_v135_128_v43_v17_v136_28_v154_140_139_108_104_98_97_67_61_60_47_44_20_13_7_6_v47_v146_125_118_117_113_78_58_56_34_8_v49_v50_v113_v52_2_v36_v137_v38_v39_v90_73_57_v136_41_19_v11_v19_v122_44_v45_v60_33_v121_113_85_v122_v119_105_92_66_30_28_v50_29_v,188,test,121
vvvvvvvvvvvv3_vvvv13_11_9_vv7_vvvv22_20_18_4_vv20_2_v21_1_v13_vvv1_v18_v19_v31_vv30_9_v9_vv26_19_15_v22_v27_v36_29_21_18_v29_v34_v27_vv31_9_v22_v25_23_22_7_v4_v45_32_27_24_15_2_v10_5_v27_v30_8_4_vv26_v51_49_47_44_43_38_33_32_31_30_29_28_27_26_23_9_8_5_3_v51_40_v2_vv51_2_v37_33_vv16_10_7_v39_v61_59_57_56_54_50_49_48_45_44_43_31_28_26_21_19_11_9_8_7_6_3_v1_v66_65_50_34_v,67,test,122
vvvvvvvvvvvv3_vvvv13_11_9_vv7_vvvv22_20_18_4_vv20_2_v21_1_v13_vvv1_v18_v19_v31_vv30_9_vv10_v26_19_15_v22_v27_v36_29_21_18_v29_v34_v27_vv31_10_v22_v25_23_22_7_v4_v45_32_27_24_15_2_v10_5_v27_v30_8_4_vv26_v51_49_47_44_43_38_33_32_31_30_29_28_27_26_23_9_8_5_3_v51_40_v2_vv51_2_v37_33_vv16_10_7_v39_v61_59_57_56_54_50_49_48_45_44_43_31_29_26_21_19_11_9_8_7_6_3_v1_v66_65_50_34_v,67,test,123
vvvvvvvvvvvv3_vvvv13_11_9_vv7_vvvv22_20_18_4_vv20_2_v21_1_v13_vvv1_v18_v19_v31_vv30_9_vv10_v26_19_15_v22_v27_v36_29_21_18_v29_v34_v27_vv31_10_v22_v25_23_22_7_v4_v45_32_27_24_15_2_v10_5_v27_v30_8_4_v25_vv51_49_47_44_43_38_33_32_31_30_29_28_27_26_23_9_8_5_3_v51_40_v2_vv51_2_v37_33_vv16_10_7_v39_v61_59_57_56_54_50_49_48_45_44_43_31_29_26_21_19_10_9_8_7_6_3_v1_v66_65_50_34_v,67,test,124
vvvvvvvvvvvv3_vvvv13_11_9_vv7_vvvv22_20_18_4_vv20_2_v21_1_v13_vvv1_v18_v19_v31_vv30_9_vv10_v26_19_15_v22_v27_v36_29_21_18_v29_v34_v27_vv31_10_v22_v25_23_22_7_v4_v45_32_27_24_15_2_v10_5_v27_v30_8_4_v25_vv51_49_47_44_43_38_33_32_31_30_29_28_27_26_23_9_8_5_3_v51_40_v2_vv51_2_v37_33_vv16_10_7_v39_v61_59_57_56_54_50_49_48_45_44_43_31_29_26_21_19_10_9_8_7_6_3_v1_v66_65_50_34_v,67,test,125
vvvvvv1_vvvv10_v5_1_v10_9_8_vvvvvvvv17_10_v16_10_7_vv22_vvv6_v27_4_v16_v3_v18_vv6_vvvv35_30_14_3_1_v37_32_26_23_18_17_16_10_6_2_1_vv2_1_vv4_v35_v6_v7_v42_33_v36_9_v34_13_v6_v25_v27_26_21_11_3_vv23_2_v51_50_49_46_45_44_42_41_38_37_35_28_27_25_23_21_13_11_8_5_3_2_v34_25_22_1_v38_28_16_v,56,test,126
vvvvvvvvvvvvvvvvv15_vvv4_3_v6_vvv9_v24_20_2_vv12_2_vvvvvv31_12_vvv34_3_vv24_11_vv36_27_26_21_18_2_vv18_vv38_v39_1_vvvvvv27_5_v45_35_33_26_25_16_5_1_v23_v52_37_34_21_2_v38_35_34_3_vv31_30_5_v57_v55_52_47_40_13_v44_43_40_6_5_v54_2_vvv60_59_58_51_50_49_46_45_41_37_34_26_24_20_19_3_1_v40_1_vv40_36_vv38_17_vv34_v8_vvv36_v75_52_51_49_45_41_9_v73_72_65_64_63_58_54_43_37_14_13_12_5_vvvv38_v30_v19_v69_20_v33_28_vv73_63_61_60_56_44_30_20_18_13_11_vv82_74_28_25_v37_v45_v80_79_62_46_vv55_v91_55_vv95_71_70_61_43_42_v86_6_3_v47_46_12_v48_v77_66_14_v72_v89_86_83_72_63_48_43_36_34_27_25_v103_80_77_52_46_36_19_v66_41_33_v80_79_54_21_19_vvv57_45_v46_20_v58_34_v25_9_v113_112_111_110_109_108_107_106_105_104_103_102_101_100_99_98_97_95_94_91_90_89_87_86_85_84_83_81_79_77_76_75_74_73_72_70_69_68_67_66_65_64_63_60_59_58_57_56_54_52_51_50_48_47_43_42_41_40_38_36_35_34_33_32_31_30_29_27_26_25_23_22_21_20_19_18_17_15_14_13_12_11_8_7_6_5_4_3_2_1_v87_27_26_11_v48_28_1_v109_97_55_29_v115_100_96_84_65_57_20_4_v116_101_98_85_82_66_64_63_15_1_v6_v7_1_v97_86_v20_18_v121_106_97_96_87_69_68_20_6_v113_72_58_23_11_v12_v74_62_51_39_27_23_13_2_v75_14_v126_111_108_101_92_76_74_73_68_25_11_10_v116_115_89_16_v128_114_113_110_106_97_78_70_33_12_7_2_v18_v130_116_115_108_99_80_35_14_9_4_v,133,test,127
vvvvvvvvvvvvv13_11_vvvv4_vvv18_1_vvvvvv7_6_v14_v10_v27_23_4_vv13_2_vvvvv36_vvvv37_vv26_11_v26_23_17_5_vv40_30_29_22_21_3_v17_vvv42_v43_1_vvvvv26_vv49_34_27_26_17_5_v24_v56_2_v3_vv42_v50_v51_38_3_v65_52_v36_35_9_v65_32_v63_60_54_45_17_v61_1_vvv43_vv61_v62_30_v45_40_vvv38_v25_vv38_20_18_v81_55_54_52_47_44_7_v79_78_70_69_68_61_59_46_39_13_12_4_v72_22_vvvv41_v33_vvvv36_v77_v45_v83_82_63_46_v82_70_68_67_62_50_32_22_15_v55_v43_34_vv97_57_vv102_73_v91_8_3_v49_48_8_v50_v80_69_10_v107_74_v76_75_v95_75_66_51_35_28_25_v110_84_81_55_45_35_12_v69_33_v84_83_57_16_14_v115_102_vvv72_61_v25_v62_36_v23_10_v121_120_119_118_117_116_115_114_113_112_111_110_108_107_106_104_101_100_99_98_97_94_92_91_90_89_88_85_84_82_81_80_78_77_75_74_73_72_71_70_69_68_66_64_63_62_61_56_54_53_52_51_50_49_44_43_42_41_40_38_36_35_34_33_32_31_30_29_28_27_26_25_24_23_21_20_19_17_16_15_14_12_9_8_6_5_4_3_2_1_v120_66_1_v95_63_v3_v4_1_v125_v18_16_v117_72_56_21_7_v8_v85_74_49_33_25_20_9_2_v124_112_109_108_98_94_92_90_88_82_79_78_77_30_22_12_11_9_8_v76_11_v119_118_89_12_v13_v123_105_101_75_74_62_54_v,137,test,128
vvvvvvvvvvvvvvvv13_vvvvvvv7_vvvv23_vvv8_v14_vvv17_vvv11_10_vv37_4_v16_v26_24_vvv8_vvv23_v45_41_3_vv48_26_2_vv16_vvvvv35_32_30_7_v54_33_18_1_v27_2_v3_vv30_vv58_55_44_33_31_v61_7_vvv48_18_v46_31_25_7_v70_29_v30_v63_41_39_v67_54_53_42_30_9_5_v51_7_v41_27_vv75_41_v61_28_v65_62_56_41_40_38_29_vv54_vvv46_15_5_vvv79_9_v80_10_1_v11_vv61_vvvv47_vv53_23_v89_71_67_64_49_48_33_15_6_v57_45_vv29_3_v55_13_4_v99_76_66_46_45_22_5_v77_67_64_47_23_6_vv42_vvv71_40_30_v61_60_12_v76_v77_v110_58_v108_105_96_83_81_25_v89_88_78_12_11_v107_83_52_44_2_v82_78_vvv114_113_112_101_100_96_91_89_75_70_66_56_52_47_37_33_32_4_1_v119_v74_2_vv123_108_v91_75_69_vv111_55_54_26_7_v72_30_v112_v124_123_121_112_110_99_97_88_87_85_80_76_62_59_58_57_50_29_14_10_8_1_v65_1_v37_12_2_vv70_62_4_v15_5_v65_29_v134_90_89_87_81_74_12_vv107_104_93_32_v134_133_122_121_120_109_95_78_67_21_20_18_10_8_5_vvv13_vv143_v60_v133_111_108_103_97_95_78_76_57_51_50_36_35_30_14_11_v124_28_v51_39_v130_103_101_100_94_64_40_25_22_13_12_v53_v143_128_119_51_36_32_25_22_v33_vv66_vv139_138_103_68_v87_v110_34_31_v154_96_88_87_82_v142_62_41_vv43_v160_115_114_99_83_61_60_v162_115_v148_9_6_v61_60_v70_69_38_18_v71_v123_107_20_v149_141_v151_140_137_133_128_122_96_95_64_51_33_27_25_v116_9_v27_v121_120_45_v174_141_97_86_59_43_29_4_v157_150_140_121_104_73_62_52_49_40_36_vv176_132_129_81_66_53_30_v146_109_79_60_50_48_17_v132_131_83_32_31_v104_vvv110_87_84_65_v66_56_v88_47_v131_38_11_v189_186_185_184_183_182_181_180_179_178_177_176_171_170_169_165_163_160_158_146_144_142_140_139_138_136_135_128_127_124_123_121_118_116_109_103_102_101_100_97_96_95_90_89_86_85_83_79_75_73_71_70_67_66_60_58_57_55_53_49_48_47_46_45_43_41_39_38_36_35_34_33_32_31_29_27_23_21_20_19_14_9_8_6_5_4_3_2_1_v140_47_40_13_v66_41_1_v175_151_123_95_v184_162_129_121_77_43_v190_167_154_137_136_96_79_30_5_v191_168_158_138_137_130_114_97_92_91_18_1_v148_118_90_v123_v121_59_51_v10_v11_1_v54_vv104_83_73_vv161_72_58_v181_166_156_148_42_v157_v33_29_v110_23_20_v206_183_180_161_160_145_129_119_107_106_39_37_33_16_4_v198_113_88_41_22_5_v135_23_14_v138_115_112_93_77_63_45_36_24_2_vv206_184_178_172_161_153_150_147_144_127_122_121_120_55_40_28_27_21_19_v118_27_v127_70_v139_v215_197_192_182_169_154_138_121_116_115_104_42_25_24_v201_200_147_31_v217_195_194_184_174_163_123_106_57_26_11_2_v218_164_141_16_v219_197_196_176_165_125_59_28_13_4_v35_v149_v222_168_32_7_v226_212_211_210_199_186_181_177_172_160_157_153_149_145_142_130_122_121_120_103_91_60_49_35_30_25_23_13_2_v,228,test,129
vvvvvvvvvvvvvvvvv14_vvvv3_vvvvv10_vv12_vvvvvvv34_vvv23_10_vv36_26_25_20_17_2_vvv36_v37_1_vvvvvv44_26_vv44_32_25_24_17_6_v31_22_vv51_50_40_35_28_v55_35_4_v36_5_vvv33_32_8_vv58_54_49_42_17_v55_1_v33_11_vvvv64_62_61_54_53_52_49_48_44_40_37_30_28_25_24_5_1_v19_1_vvv68_66_64_59_57_52_50_49_48_44_41_34_33_32_31_9_4_3_1_v37_1_v25_6_2_v3_v26_8_4_v38_22_v74_72_65_64_63_58_54_44_38_28_11_10_9_6_4_2_v24_vvv29_v41_v32_v17_vv15_v72_20_v44_v77_76_59_45_26_v76_65_64_63_49_31_v53_v51_43_10_vv91_55_v82_43_28_vv2_v86_9_4_v48_47_28_9_v49_v76_11_v72_31_v65_36_32_30_v78_77_53_14_vvv56_40_v41_37_27_v73_57_45_32_v20_v112_111_110_109_108_106_105_104_103_102_101_100_99_98_97_96_94_93_92_89_88_86_85_84_83_82_81_79_78_77_76_74_73_72_71_70_69_68_67_66_65_64_61_59_56_55_53_52_50_49_46_45_43_42_41_39_38_37_35_34_33_32_31_30_29_28_27_26_25_24_23_22_21_20_18_17_15_13_12_11_10_9_8_7_6_5_4_3_2_1_v13_v113_62_2_v56_v4_v5_1_v65_63_57_50_46_v82_66_9_v67_56_v99_v110_70_52_20_10_v11_v72_56_47_33_24_12_2_v120_117_108_105_104_102_100_94_93_91_90_87_86_81_78_77_76_75_71_67_32_30_22_15_14_11_10_5_v74_14_v49_45_v114_113_88_16_v17_v77_v,131,test,130
vvvvvvvv7_v2_v3_v4_vvv7_v8_vv1_vvvvvvv24_vvvv8_v9_1_vv5_vvv8_vvvv12_vvvvv37_vvv25_vv6_v29_20_9_v43_v25_vvvv18_vv46_44_34_6_v32_vvv54_35_v55_vvvvvv42_vv13_v11_4_vv36_35_18_v1_vv63_34_28_vv65_36_30_v67_60_vvv76_39_11_v57_22_10_v35_vv38_vvvvv27_10_1_v43_v20_vvv12_vvvvvvv11_v47_v26_v76_31_24_v81_75_72_69_50_44_38_v89_55_9_v2_v78_77_72_53_45_22_12_3_v98_v92_84_63_v41_7_v76_69_v108_45_v90_v10_vvvvv1_v96_59_42_33_32_20_v1_v40_v125_123_122_121_119_114_108_105_102_101_96_87_86_78_77_74_72_67_55_53_51_48_47_44_39_28_27_26_21_15_14_13_8_6_5_3_1_v8_6_v102_91_73_v30_3_v4_v36_5_vv76_v25_24_v81_v15_v87_39_1_v7_v82_v114_104_83_46_34_30_14_v139_135_98_97_82_75_70_61_59_40_35_22_15_9_v116_104_85_v29_v18_v129_74_v123_120_89_36_v111_v91_v124_23_v137_134_133_128_112_109_91_82_73_48_v125_119_v139_129_126_99_96_91_89_63_56_55_45_42_19_12_6_4_v27_v28_v29_v61_33_v93_34_33_v109_v121_33_13_v113_13_v90_v12_v109_37_v51_vv40_1_v110_102_78_v111_v168_v168_164_127_125_104_69_62_38_29_23_v124_45_24_11_v,172,test,131
vvvvvvvv4_vvvv9_8_4_vv5_v2_v16_10_vv11_1_v13_vv19_6_vv11_1_vv8_v5_vv9_v10_v19_v4_1_v23_18_5_1_v3_1_v34_33_24_18_15_6_5_vv24_v7_v35_26_22_20_18_8_6_4_v34_27_20_17_1_v17_1_v23_2_v8_v27_23_11_4_v6_5_v13_v14_v27_9_v10_v11_v35_26_15_vv2_v15_v20_v38_30_17_4_v3_v45_19_v26_v52_42_34_25_v42_v11_v41_15_12_v51_v64_58_30_v52_18_v,66,test,132
vvvvvvvvvvvvvv14_vvvv12_vvvvvvvv4_vvvv29_vvv15_vvv30_18_vvv39_v38_v26_vv6_v16_1_v2_v44_vvvv13_vvv50_vvv56_55_54_53_52_51_50_49_48_47_46_45_44_43_42_41_40_39_38_37_36_35_34_33_32_31_30_29_27_26_25_24_23_22_21_20_18_17_16_15_14_11_10_9_8_7_5_4_3_2_1_v,57,test,133
vvvvvvvv7_v2_v3_v4_vvv7_v8_vvvvv20_vvv5_v6_1_vvvvv4_vvvv27_vvv17_vv6_v21_15_8_v33_vvv15_v33_31_vvvv41_23_v42_vvvv7_1_vv27_26_12_v1_vv45_26_20_v46_27_21_v48_43_vvv57_30_10_v39_16_9_v26_vv29_vvv20_8_1_v32_v17_vvvvvvv8_v20_v46_v56_25_19_v66_7_v55_40_9_v72_v68_63_47_v33_5_v81_vvvvv1_v72_44_32_25_24_15_v1_v30_v96_94_93_92_90_85_81_78_77_76_71_67_66_59_58_56_55_52_44_42_40_38_37_34_29_22_21_20_17_12_11_10_8_6_5_3_1_v8_6_v23_2_v3_v27_4_vv61_v12_v65_30_1_v5_v82_80_63_34_25_23_10_v106_102_75_74_63_57_55_47_45_30_26_18_11_6_v12_v57_v86_67_27_v85_v92_16_v101_85_69_v102_90_67_31_8_4_v19_v20_v21_v45_25_v70_26_25_v82_v93_25_11_v86_11_v71_v83_28_v39_v46_v81_1_v32_2_v129_v129_125_98_80_53_48_29_23_19_v95_35_20_9_v,133,test,134
vvvvvvvv7_vvv4_vv13_11_9_3_v13_2_vv15_v4_vv5_v7_vv15_11_v12_v13_vv25_21_12_v6_v7_v28_8_3_v16_v20_v3_v19_v20_v23_21_3_v35_v31_23_22_vv37_33_30_25_13_v14_11_7_vv16_v17_v32_v18_17_15_v35_25_v33_v22_5_v37_vv38_v48_38_6_5_v52_39_24_14_13_10_5_v54_41_v42_4_v35_v54_43_39_24_19_16_7_v44_33_29_v47_v52_36_30_1_v,61,test,135
vvvvvvvvvvvvvvvvvvvvvv7_vv9_vvvvvv29_vvv19_9_vv31_22_21_17_15_2_vvv32_v33_1_vvvvvv38_27_22_21_15_4_v27_19_v43_33_29_24_v47_3_v4_vv28_27_6_vv49_46_41_35_13_v47_1_v28_9_vvvv55_54_53_46_45_44_42_41_38_35_32_26_24_21_20_5_1_v1_vvv59_58_56_51_49_45_44_43_42_39_36_30_29_28_27_9_4_3_1_v33_1_v6_2_v3_v33_20_v64_63_56_55_54_50_47_39_33_10_9_8_5_3_v22_vvv26_v36_v29_v16_vv14_v63_19_v39_v68_67_53_40_25_v67_59_58_57_44_30_v48_vv80_49_v72_39_26_vv2_v76_8_4_v44_43_26_8_v45_v69_10_v65_29_v59_34_30_28_v71_70_49_13_vvv52_38_v39_35_26_v67_53_43_31_v19_v101_100_99_98_97_96_95_94_93_92_91_90_89_88_87_86_85_84_83_81_80_79_78_77_76_75_74_73_72_71_70_68_67_66_65_64_63_62_61_60_59_58_57_55_53_52_51_50_48_47_44_43_41_40_39_37_36_35_34_33_32_31_30_29_28_27_26_25_24_23_22_21_20_19_18_17_15_13_12_11_10_9_8_7_6_5_4_3_2_1_v13_v102_58_2_v3_v4_1_v60_59_54_47_43_v75_61_8_v62_53_v90_v99_65_49_19_9_v10_v67_53_45_31_23_11_2_v106_95_93_86_84_83_80_79_74_71_70_29_21_14_13_10_5_v69_13_v47_43_v103_102_81_15_v16_v72_v,119,test,136
vvvvvvvv1_vvvvv2_v12_vv6_vvvv19_v21_vvv16_v5_v6_vvvv28_16_vv21_vvv19_v28_vv33_1_vv1_v21_v26_25_22_15_v5_v16_13_v23_v38_17_10_vv40_27_v33_vv29_6_vv12_11_v46_v41_36_v36_3_v37_4_v39_v45_v54_18_v49_v58_53_51_47_40_39_38_29_23_22_17_15_11_v60_52_51_45_32_29_21_20_17_15_13_11_8_v2_1_v2_v3_v56_4_v,68,test,137
vvvvvvvv3_vvvvvvv13_vvvv18_15_8_4_vvv19_5_v22_19_12_4_v2_v3_vvvvvvv10_v28_v24_vv33_v36_18_vv1_v1_vv3_v31_30_25_15_v25_vv5_v46_31_28_v18_v42_v19_v48_22_15_v49_31_v3_vv54_39_36_8_vv14_v49_13_v58_40_25_22_v59_41_1_v18_v56_v61_58_56_44_43_41_29_25_24_16_13_8_v25_v65_60_59_51_39_35_30_22_19_14_13_11_9_7_v3_1_v2_v41_5_v64_4_v,70,test,138
vvvv2_vvv3_vvv7_v8_v4_v11_2_v12_v14_13_11_10_9_8_vv7_1_v4_v16_9_vv13_5_v8_2_v9_3_v5_v23_10_v26_16_v8_v14_5_v27_v15_v28_22_20_v17_v6_v26_13_v21_v24_10_v35_33_22_vv36_35_31_25_24_13_10_5_v31_v27_19_18_v32_22_v9_v36_23_10_8_v41_38_30_vv45_9_8_1_v46_35_v7_v35_v49_12_v43_v38_vv16_1_v51_50_49_47_41_30_26_24_16_11_v38_33_v56_48_v,59,test,139
vvvvvvvv7_v2_v3_v4_vvv7_v8_vvvvv20_vvv5_v6_1_vvvvv4_vvvv27_vv16_vv5_v20_14_7_v32_vvv14_v32_30_vvv39_21_v40_vvvv6_1_vv25_24_11_v1_vv43_24_19_v44_25_20_v46_41_vvv55_28_10_v37_16_9_v25_vv28_vvv20_8_1_v31_v17_vvvvvvv8_v20_v53_24_18_v63_6_v52_38_8_v69_v65_60_45_v32_5_v78_vvvvv1_v69_43_31_24_23_14_v1_v29_v93_91_90_89_87_82_78_75_74_73_68_64_63_57_56_54_53_50_43_41_39_37_36_33_28_21_20_19_16_12_11_10_8_6_5_3_1_v8_6_v22_2_v3_v26_4_vv59_v12_v63_29_1_v5_v79_77_61_33_25_23_10_v103_99_72_71_61_56_54_46_44_29_26_18_11_6_v12_v56_v83_65_27_v82_v89_16_v98_82_67_v99_87_66_31_8_4_v19_v20_v21_v44_25_v69_26_25_v80_v90_25_11_v84_11_v70_v81_28_v39_vv31_1_v125_v125_121_94_78_51_47_28_22_18_v92_34_19_8_v,129,test,140
vvvvvvvv7_v2_v3_v4_vvv7_v8_vvvvv20_vvv5_v6_1_vvvvv4_vvvv27_vv16_vv5_v20_14_7_v32_vvv14_v32_30_vvv39_21_v40_vvvv6_1_vv25_24_11_v1_vv43_24_19_v44_25_20_v46_41_vvv55_28_10_v37_16_9_v25_vv28_vvv20_8_1_v31_v17_vvvvvvv8_v20_v53_24_18_v63_6_v52_38_8_v69_v65_60_45_v32_5_v78_vvvvv1_v69_43_31_24_23_14_v1_v29_v93_91_90_89_87_82_78_75_74_73_68_64_63_57_56_54_53_50_43_41_39_37_36_33_28_21_20_19_16_12_11_10_8_6_5_3_1_v8_6_v22_2_v3_v26_4_vv59_v12_v63_29_1_v5_v79_77_61_33_25_23_10_v103_99_72_71_61_56_54_46_44_29_26_18_11_6_v12_v56_v83_65_27_v82_v89_16_v98_82_67_v99_87_66_31_8_4_v19_v20_v21_v44_25_v69_26_25_v80_v90_25_11_v84_11_v70_v81_28_v39_vv31_1_v125_v125_121_94_78_51_47_28_22_18_v92_34_19_8_v,129,test,141
vvvvvvvv7_v2_v3_v4_vvv7_v8_vvvvv20_vvv5_v6_1_vvvvv4_vvvv27_vv16_vv5_v20_14_7_v32_vvv14_v32_30_vvv39_21_v40_vvvv6_1_vv25_24_11_v1_vv43_24_19_v44_25_20_v46_41_vvv55_28_10_v37_16_9_v25_vv28_vvv20_8_1_v31_v17_vvvvvvv8_v20_v53_24_18_v63_6_v52_38_8_v69_v65_60_45_v32_5_v78_vvvvv1_v69_43_31_24_23_14_v1_v29_v93_91_90_89_87_82_78_75_74_73_68_64_63_57_56_54_53_50_43_41_39_37_36_33_28_21_20_19_16_12_11_10_8_6_5_3_1_v8_6_v22_2_v3_v26_4_vv59_v12_v63_29_1_v5_v79_77_61_33_25_23_10_v103_99_72_71_61_56_54_46_44_29_26_18_11_6_v12_v56_v83_65_27_v82_v89_16_v98_82_67_v99_87_66_31_8_4_v19_v20_v21_v44_25_v69_26_25_v80_v90_25_11_v84_11_v70_v81_28_v39_vv31_1_v125_v125_121_94_78_51_47_28_22_18_v92_34_19_8_v,129,test,142
vvvvvvv1_vvvvv9_vvvv14_11_6_4_vvv15_8_v18_15_10_4_v21_9_v12_1_v4_vv6_vvv2_vv11_v25_v23_v31_17_vv1_v15_vv3_v4_v39_28_27_26_25_14_13_11_3_v25_v40_26_24_v35_v4_v17_v20_1_v35_v46_32_30_6_v2_v48_34_18_17_v49_35_29_1_v12_v50_47_45_37_36_34_21_19_18_11_8_5_v19_v49_v3_1_v33_4_v52_3_v,59,test,143
vvvvv3_vv1_vvvv9_vvv7_4_vv9_v14_vv6_v4_v19_15_7_4_vvv19_13_v23_19_11_4_v10_vv14_1_v4_v29_13_2_v3_v7_v31_v20_v25_23_v22_10_vv9_v37_24_18_15_vv1_v42_1_v38_32_19_13_vv29_24_1_v30_10_v30_27_v46_30_27_v20_v25_12_1_vv35_v51_35_32_5_v52_33_17_15_v55_42_41_29_9_v49_42_31_22_v55_53_36_29_3_v42_38_23_13_v24_v25_v55_v59_54_53_41_40_39_25_22_21_14_11_9_v50_v2_v3_v,66,test,144
vvvvvvv1_vvvv1_v3_v2_vv15_3_vv6_5_4_v12_11_4_v5_4_vvv11_v23_19_2_v10_vv23_15_v4_vv18_12_2_v19_vv25_14_2_v10_vv27_v36_22_v14_v37_23_15_vvvvvv26_vv23_v40_v30_28_v14_vv28_5_v40_v41_v42_2_v19_v44_22_v45_42_v54_35_25_v59_54_31_20_v37_v38_28_27_3_vv29_16_15_v43_41_4_v56_54_53_45_40_34_24_23_18_v61_38_7_v67_64_v67_54_53_50_45_44_36_34_25_24_23_16_15_11_6_5_v46_18_9_5_v47_v48_v61_46_v71_62_61_58_55_50_38_37_23_14_8_6_5_v43_9_v7_v17_10_v42_18_v78_66_62_59_40_38_35_21_16_10_5_v56_33_v57_34_11_v65_41_38_3_v78_59_52_49_48_31_19_13_2_v60_14_v19_10_v66_49_30_20_17_v18_v28_21_11_v70_26_20_v66_19_v49_25_v68_v75_27_v70_4_v82_v59_40_13_10_v61_v57_54_29_v75_52_v64_51_v80_77_63_56_53_37_1_v,101,test,145
vvvvvvvvvvvvvvvvvv9_5_vv11_7_vvvv11_9_4_v4_vv7_vv16_6_vv25_vvvv10_vv9_v28_v29_1_vvv20_vv35_31_26_9_vv26_vvvv27_21_vvv32_vvvv2_v23_v30_v24_v53_48_v56_31_11_v6_v11_vvv54_52_43_14_v55_29_vv31_18_2_vvvvv33_vv14_v51_v18_v45_v76_72_68_66_57_54_52_39_26_22_18_14_9_vv46_vvvvvvv12_vv92_90_89_88_85_84_81_78_76_75_73_66_64_56_55_52_49_45_41_38_36_32_31_30_26_23_20_19_13_10_9_8_7_6_4_3_1_v21_1_v2_v3_v83_81_76_29_15_vv56_v61_v8_v100_95_70_54_52_50_39_25_9_4_v21_v11_vv88_13_v25_19_v65_7_v43_34_27_v28_22_v29_v30_1_v70_v98_17_v22_v37_v24_v25_v80_79_50_v60_52_38_v28_v108_106_97_25_19_8_v12_v80_31_v32_v58_v125_120_114_96_95_94_93_92_85_81_80_78_77_71_63_50_48_45_36_29_25_22_11_v89_88_59_56_28_9_v36_24_v,129,test,146
vvvvvvvvvvvvvvvvv7_vv4_vvvvvvv5_vvvvv13_vv27_v8_v14_13_8_v8_vvv18_13_4_1_v21_vv26_vv12_vvv47_37_5_v8_7_v14_v17_v34_vvv3_v36_vvvvv50_34_25_22_21_12_v1_vv62_61_60_59_58_57_56_55_54_52_51_49_48_45_44_43_40_38_35_34_33_32_30_27_26_20_18_17_13_10_8_7_6_5_4_3_1_v19_1_v2_v24_3_v19_v44_5_v44_41_33_6_v7_v54_47_19_v61_9_v5_2_v3_v12_v13_v64_35_30_17_v15_v2_v59_54_48_36_20_19_v4_v19_v35_v61_21_v22_v23_v,87,test,147
vvvvvvvvvv8_vvvvv15_vvvv13_v18_vvvvv23_vvvvv6_vv30_7_4_v8_1_vvvvvv20_vv12_9_v40_v42_vv20_v46_vv42_29_v47_v19_17_v35_vv51_28_20_vvvvvvv57_vvv63_62_61_60_59_58_57_56_55_54_52_51_50_49_48_47_46_45_44_42_41_40_39_37_36_33_29_28_27_26_25_24_23_20_19_17_16_15_14_12_11_10_9_8_7_6_5_4_3_2_1_v,64,test,148
vvvvvvvvv9_vvv2_vvvv11_vv17_14_13_8_7_4_3_v15_14_12_11_9_6_5_4_v1_vv3_vv10_6_5_v25_24_23_15_14_11_8_6_4_vv2_v26_25_9_3_v10_vv14_vv8_v28_18_11_9_4_vv10_9_v27_v38_29_v28_23_14_v26_1_v31_v24_23_17_13_11_10_7_3_v1_v34_30_26_25_13_5_2_v43_36_7_6_v7_v22_11_v6_v46_39_9_4_v,50,test,149
vvvvvvvvvvvvvvvvvvvv16_vvv7_vv9_vvvvvv26_23_16_12_v31_vv19_9_vv31_22_21_17_15_5_2_vvvv33_v34_1_vvvvvv19_v47_vv19_v27_26_v47_44_39_33_10_v45_22_1_vvv51_50_49_42_41_40_38_37_34_31_28_25_22_20_18_16_15_3_1_v1_vv23_3_vv56_55_53_48_46_42_40_39_36_33_27_26_25_24_8_5_4_1_v29_1_v7_2_v33_3_v9_4_v31_v62_61_54_53_52_48_45_37_31_12_11_10_6_4_2_vvvv32_v52_16_vv58_18_vv15_v30_v36_v71_63_26_23_20_18_v67_66_52_38_v66_58_57_56_42_30_v47_vv79_53_48_v71_38_29_vv31_v84_v76_9_5_v43_29_9_vv69_11_v65_32_v59_38_33_31_7_v71_70_14_vvv42_v43_38_22_v53_33_v20_v102_101_100_99_97_96_95_94_93_92_91_90_89_88_87_86_85_84_83_81_80_79_78_77_76_75_74_73_72_70_69_68_67_66_65_63_62_61_60_59_58_57_56_55_54_53_52_51_50_49_48_47_45_44_42_40_39_38_36_35_34_33_32_31_30_29_28_27_26_25_24_22_21_20_19_18_16_13_12_11_10_9_8_7_6_5_4_3_2_1_v102_1_v100_84_v3_v4_1_v60_51_46_v96_50_16_6_v7_v54_44_29_20_8_2_v9_v98_97_76_10_v11_v,114,test,150
vvvvvvvvvvvvvvvvvvvvvvvv20_vvvvv6_5_v3_v15_1_vvvvvv15_vv17_vvvvv13_vvvv44_vv29_11_v50_49_21_19_v45_32_31_26_19_2_v45_vvvv39_30_6_v47_v48_1_vvvvv54_7_vv24_v64_60_59_46_41_39_31_29_14_v64_44_39_v45_40_vv4_v34_33_v66_61_54_47_13_v51_50_45_6_5_v63_2_v25_vvvvv42_38_v39_vv77_75_72_65_63_58_51_50_45_42_34_33_32_30_9_5_1_v36_1_v2_v3_v37_21_v83_52_50_46_8_v83_81_71_70_69_64_56_44_38_12_11_6_4_v64_24_vvv39_vvv58_46_9_vv15_v34_v50_v80_v43_v85_84_62_44_v84_68_67_66_62_50_33_24_23_16_vv100_55_vv58_v91_6_3_v45_27_6_vv76_8_v72_30_v94_91_86_80_72_68_63_59_46_41_34_33_26_24_v49_v66_33_31_v80_79_13_vvvv38_22_v57_33_v19_9_v125_121_120_119_118_116_114_113_112_111_110_108_106_105_104_103_102_100_99_92_91_88_87_86_85_84_83_80_79_77_76_75_74_73_71_70_67_66_65_64_63_62_60_59_57_56_55_53_52_50_48_47_46_45_42_40_39_38_37_35_34_33_32_31_30_29_27_26_25_24_23_22_21_20_19_18_17_15_14_13_12_11_8_7_6_5_4_3_2_1_v87_27_21_11_v16_12_v124_104_54_3_v125_105_100_81_61_60_14_1_v92_63_v6_v7_1_v67_66_49_v130_110_96_95_86_66_65_19_6_v117_v119_56_23_11_v12_v50_33_27_23_13_2_v131_127_113_110_106_104_97_93_91_89_88_80_77_76_32_25_16_15_11_v15_v90_v138_118_113_103_94_74_73_68_27_14_13_v123_122_91_18_v19_v,145,test,151
