snack,n_node,split,split_index
v1_v2_1_v3_2_1_v1_v2_1_v2_1_v2_1_v2_1_v2_1_v3_1_v2_1_v3_2_1_vv1_v2_1_v3_2_1_v2_1_v1_v2_1_v2_1_v1_v2_1_v3_2_1_v23_v13_12_11_v15_14_1_v26_25_3_v26_25_4_2_1_v25_24_5_4_3_2_1_v10_9_vv1_v10_3_1_v4_3_2_1_v14_13_5_2_1_v5_4_3_2_v,37,val,20
v1_v2_1_v2_1_v2_1_v2_1_v2_1_v2_1_v2_1_v2_1_v1_v1_v2_1_v2_1_v3_2_1_v15_14_v7_6_v9_8_1_v17_16_3_v17_16_4_1_v16_15_14_13_1_v10_9_8_v10_9_1_v,23,train,338
v1_vv1_v1_v1_v1_v2_1_v2_1_v2_1_v3_2_1_v1_vv1_v2_1_v3_2_1_v1_v2_1_v3_2_1_v19_18_v9_8_v11_10_1_v22_21_20_3_v21_20_19_1_v20_19_18_17_v,25,train,170
v1_v1_vv1_v1_v2_1_v2_1_v2_1_v2_1_v2_1_v1_v1_vv1_v2_1_v3_2_1_v3_2_1_v18_17_v8_7_6_v10_9_8_1_v21_20_19_3_v20_19_1_v20_19_18_17_v,24,train,75
vv1_vv1_v3_v4_1_v6_5_2_1_v7_1_v9_2_1_v10_1_v11_1_v12_2_1_v2_1_v2_1_v12_11_3_2_1_v13_12_1_v13_v1_v2_1_v3_2_1_v2_1_v3_2_1_v,23,train,272
v1_v2_1_v1_v2_1_v1_v1_v2_1_v1_v2_1_v2_1_v3_2_1_v1_vv1_v2_1_v3_2_1_v2_1_v3_2_1_v15_14_13_12_v18_17_v21_20_19_1_v11_10_v12_11_10_1_v,24,train,69
v1_v2_1_v3_2_1_v2_1_v3_2_1_v1_v1_v2_1_v2_1_v2_1_v3_2_1_vv1_v2_1_v2_1_v2_1_v2_1_v17_16_v8_7_v11_10_8_1_v20_19_3_v19_18_4_1_v18_17_3_1_v12_11_10_5_v11_10_9_8_1_v,26,train,144
vvv1_vvv3_v5_1_vvv3_v5_1_vvv7_v9_8_1_v13_9_v1_v1_vv2_1_v19_v22_18_14_v1_v23_v2_1_v26_4_v26_22_18_14_vv2_v2_1_v12_v4_v12_1_v27_v1_v16_1_vv20_2_1_v33_v36_14_v16_v37_1_v20_2_v22_4_1_v44_40_32_vv2_v2_1_v12_v18_4_v12_1_v41_v1_v34_1_vv38_20_2_1_v47_v50_32_v34_v51_1_v38_20_2_v40_22_4_1_v62_54_50_vv2_v2_1_v12_v18_4_v12_1_v55_v1_v52_1_vv56_38_2_1_v61_v64_50_v52_v65_1_v56_38_2_v58_40_4_1_v68_vv2_v2_1_v12_v54_18_4_v54_36_18_12_1_v,88,train,85
v1_vv1_v1_vv1_v2_1_v2_1_v2_1_v2_1_v1_vv1_v2_1_v2_1_v3_2_1_v17_16_v7_6_v9_8_1_v20_19_18_3_v19_18_17_v18_17_16_15_v,23,train,302
vv1_v1_vv1_vv1_v1_v1_vv1_v2_1_v2_1_v2_1_v1_v1_v2_1_v2_1_v3_2_1_v12_11_10_9_v14_13_12_v22_v23_22_1_v22_21_v25_3_2_v25_24_3_v23_22_v25_4_v25_2_1_v25_24_v25_24_1_v,32,val,7
vv1_v3_1_v4_1_v4_3_v5_4_3_v5_4_3_1_v8_5_4_1_vv5_v6_2_1_v3_2_1_v4_2_1_v,14,train,151
vvv1_v1_v1_vv1_v1_v1_v2_1_vv1_vv1_v15_v15_1_v16_1_v17_1_v1_v1_v2_1_v2_1_v2_1_v2_1_v2_1_v3_2_1_v23_22_v26_25_24_v27_26_1_v18_17_16_v31_18_17_v26_v28_6_1_v26_25_v25_24_v29_4_2_v31_5_4_1_v31_4_2_1_v28_4_v29_28_5_1_v41_26_25_10_v,42,val,22
v1_v1_v1_vv1_v1_v1_v2_1_vv1_vv1_vv1_v1_v1_v1_v1_v2_1_v2_1_v2_1_v2_1_v2_1_v3_2_1_v23_22_v26_25_24_v27_26_1_v18_17_16_v18_17_16_v26_v28_6_1_v26_25_v25_24_v29_4_2_v31_5_4_1_v31_4_2_1_v28_4_v29_28_5_1_v26_25_10_v26_25_24_v,41,train,252
v1_vvv1_v2_1_v3_2_1_v2_1_vvv1_v1_v1_v1_vv1_v1_v2_1_v18_17_v16_v18_v20_19_1_v22_21_4_2_1_v21_4_3_v21_5_1_vv18_1_v19_2_1_v21_3_2_1_v21_20_3_v22_21_1_v16_15_14_v18_v20_19_1_v22_21_2_1_v25_24_23_v,36,train,354
vvvvvvv1_v1_v2_1_vv1_v1_v1_v2_1_v1_v1_v1_vv13_11_1_v13_2_1_v21_14_2_1_v21_14_12_v1_v20_19_14_1_v23_v14_1_v12_2_1_v15_14_12_1_v14_12_1_v14_13_1_vvv1_v32_22_vv32_31_25_v32_27_v31_7_v30_7_v30_7_v39_7_v7_1_v39_8_7_v39_33_8_7_1_v32_11_4_v32_12_5_1_v29_v48_26_v48_26_v48_47_16_9_v48_v48_9_1_v48_30_9_v35_7_v,55,train,307
v1_v2_1_v3_2_1_v2_1_v3_2_1_v1_v1_v1_v2_1_v2_1_v2_1_v2_1_v2_1_v3_2_1_vv15_1_v16_2_1_v13_v13_1_v12_v14_v3_1_v17_4_2_1_v22_9_8_7_v20_7_1_v22_9_8_2_1_v20_7_6_5_v8_7_1_v21_9_1_v20_v22_21_1_v23_12_3_1_v22_3_2_v23_4_1_v23_5_2_1_v24_23_1_v24_23_1_v2_1_v25_3_2_1_v,40,train,12
v1_v2_1_v3_2_1_v2_1_v3_2_1_v1_v1_v1_v2_1_v2_1_v2_1_v2_1_v2_1_v3_2_1_vv15_1_v16_2_1_v13_v13_1_v12_v14_1_v3_1_v17_4_2_1_v22_9_8_7_v20_7_1_v22_9_8_2_1_v20_7_6_5_v8_7_1_v20_19_v22_21_10_2_1_v21_20_2_v21_3_1_v21_2_1_v22_21_1_v22_21_1_v2_1_v23_3_2_1_v,38,train,72
v1_v1_v2_1_v2_1_v2_1_v3_2_1_vv1_v2_1_v3_2_1_v2_v1_v2_1_v2_1_v2_1_v2_1_v1_v1_v2_1_v2_1_v2_1_v1_v1_v2_1_v3_2_1_v26_25_v27_26_1_v25_24_v23_1_v23_22_1_v3_2_1_v25_4_3_2_1_v25_24_3_1_v24_23_4_1_v,35,train,49
v1_v2_1_v2_1_v2_1_v1_v2_1_v2_1_vv1_vv1_v2_1_vv1_v1_v16_1_v17_1_v17_2_1_v18_17_2_1_v17_16_15_2_1_v14_v10_v1_v2_1_v15_v16_15_14_4_3_2_1_v18_v7_v4_v5_1_v23_10_4_3_v24_23_11_5_4_1_v24_6_4_3_v5_4_1_v22_21_v23_22_1_v23_1_v24_23_2_1_v24_2_1_v25_2_1_v41_25_2_1_v,42,val,34
v1_v1_v2_1_v2_1_v2_1_v2_1_v1_v1_v2_1_v2_1_v2_1_v1_v2_1_v2_1_vv1_vv1_v2_1_v3_2_1_v21_20_v22_21_20_19_1_v20_19_18_1_v18_17_1_v18_1_v18_2_1_v19_18_2_1_v18_17_16_2_1_v13_v1_v2_1_v18_17_v17_4_3_v17_3_v20_3_2_v21_20_4_3_1_v18_17_3_v21_20_7_4_1_v19_2_v20_3_1_v,41,train,15
v1_v1_v1_v2_1_v2_1_v1_v1_v2_1_v2_1_v2_1_v1_v2_1_v2_1_vvv16_15_v17_16_15_1_v16_15_2_1_v16_15_2_1_v15_14_1_v15_1_v15_2_1_v16_15_2_1_v15_14_2_1_v12_v11_v12_1_v2_1_vv15_4_3_2_1_v6_v18_v4_1_v9_3_v21_3_v7_6_4_3_v12_6_3_2_v24_4_3_1_v,39,train,402
v1_vv1_vv1_v2_1_v3_2_1_vv1_v1_v1_v1_v2_1_v2_1_v2_1_v15_v10_v1_v2_1_v16_15_v15_14_4_3_2_1_v19_v7_v20_4_v5_3_1_v23_4_2_1_v25_11_5_4_v26_25_12_6_5_1_v21_20_v22_21_1_v22_1_v23_22_2_1_v23_2_1_v24_2_1_v24_2_1_v25_24_1_v24_23_1_v24_2_1_v24_2_1_v40_25_2_1_v41_40_26_1_v,42,train,380
v1_v1_v1_v2_1_v2_1_v1_v1_v2_1_v2_1_v2_1_v1_v2_1_v2_1_vv1_vv1_v2_1_v3_2_1_v20_19_v21_20_19_1_v20_19_18_1_v18_17_1_v18_1_v18_2_1_v19_18_2_1_v18_17_16_2_1_v15_v10_v15_v3_v16_v3_1_v19_4_2_1_v21_7_5_4_v22_21_8_6_5_1_v19_18_8_v22_21_6_5_1_v10_2_v11_3_1_v,41,train,37
v1_v1_v2_1_v2_1_v2_1_v2_1_v1_v1_v2_1_v2_1_v2_1_v1_v2_1_v2_1_vvv1_v2_1_v19_18_v20_19_18_17_1_v18_17_16_1_v16_15_1_v16_1_v16_2_1_v17_16_2_1_v16_15_14_2_1_v13_12_v13_v14_2_1_v15_3_2_1_v3_v1_v17_16_15_v18_1_v2_v3_1_v19_4_2_1_v7_6_4_v8_7_5_1_v,40,train,185
v1_v2_1_v2_1_v2_1_v2_1_v2_1_v2_1_v3_2_1_vv1_v2_1_v3_2_1_v2_1_v3_2_1_vv16_1_v2_1_v3_2_1_vv1_v12_2_1_v13_12_3_2_1_v13_2_1_v12_3_2_1_v14_11_2_1_v13_12_1_v14_1_v2_1_v2_1_v2_1_v2_1_v15_1_v16_15_1_v19_16_2_1_v20_2_1_v36_20_2_1_v,37,train,48
v1_v2_1_v3_2_1_v1_v1_v2_1_v2_1_v2_1_v1_v3_2_v4_3_1_v1_v1_v2_1_v2_1_v2_1_v3_2_1_v18_17_16_v18_17_1_v17_16_15_11_1_v13_12_11_v13_11_10_1_v,23,train,25
v1_v2_1_v3_2_1_v1_v1_v2_1_v2_1_v2_1_v2_1_v3_2_1_v1_v1_v2_1_v2_1_v2_1_v3_2_1_v17_16_15_v17_16_1_v16_15_14_1_v13_12_11_v11_10_9_1_v,22,train,84
v1_v1_v1_vvv1_v2_1_v3_2_1_v2_1_v2_1_v3_2_1_vv1_vv1_v1_v1_v18_17_v16_15_v16_1_v9_8_v10_9_1_v2_1_v20_19_4_v14_3_2_v26_25_8_v25_24_8_1_v27_26_10_2_1_v15_14_v17_16_9_1_v16_15_2_v16_15_1_v16_2_1_v,34,train,290
v1_v2_1_v1_v1_v2_1_vv1_vv1_v2_1_v3_2_1_v2_1_v6_2_1_v2_1_v2_1_v2_1_v13_1_v15_1_v2_1_v2_1_v19_3_2_1_v21_20_2_1_v23_1_v1_v2_1_v3_2_1_v17_v22_21_16_v23_22_1_v19_3_v4_1_v5_2_1_v18_v18_1_v19_2_1_v33_32_31_19_3_2_1_v37_36_35_13_12_v,38,train,254
v1_v2_1_v3_2_1_v2_1_v1_v2_1_v2_1_v2_1_v1_v1_v2_1_v2_1_v3_2_1_v3_2_1_v1_v1_v2_1_v3_2_1_v17_v16_v1_v19_3_v4_1_v5_2_1_v18_v18_1_v19_2_1_v19_3_2_1_v13_12_v15_1_v2_1_v18_3_2_1_v23_5_1_v25_6_1_v7_2_1_v16_15_v32_17_16_1_v,38,train,81
v1_v2_1_v2_1_v1_v1_v2_1_v2_1_v1_v1_v1_v1_v2_1_v3_2_1_v2_1_v2_1_v2_1_v1_v2_1_v3_2_1_v20_19_18_vv1_v20_3_v4_1_v23_5_2_1_v19_v19_1_v20_2_1_v20_3_2_1_v13_12_v15_1_v17_2_1_v19_18_2_1_v24_5_1_v26_6_1_v7_2_1_v33_16_15_v33_31_17_16_1_v,39,val,28
vv1_vvv1_v1_v1_v1_v2_1_v10_9_v10_1_v12_2_1_v13_3_1_v13_12_3_v13_12_1_v13_v13_1_v15_2_1_v14_13_v16_15_3_2_1_v15_14_2_v16_15_14_13_1_v,23,train,53
vv1_v2_1_vv1_v2_1_v3_2_1_v1_v2_1_vvv1_vvv1_v1_vv8_v19_8_1_v2_v21_9_2_v21_11_1_v17_16_v20_9_v11_1_v23_1_v26_25_v18_8_v29_18_10_8_1_v20_10_v20_12_2_v20_15_10_v17_16_7_6_v32_18_17_8_7_1_v21_v1_v30_24_2_1_v25_15_2_v32_30_26_16_1_v32_2_1_v31_21_11_v,42,train,285
vvvv1_vv1_v2_1_v2_v1_v2_1_v11_vvv10_1_v2_1_vv1_v2_1_v12_3_2_1_v10_1_v12_2_1_v22_11_v22_v22_1_v18_17_16_v21_v1_v25_24_1_v27_26_25_v8_v30_19_8_1_v32_21_2_v21_9_2_v32_21_11_1_v27_26_17_16_v20_9_v11_1_v35_34_23_1_v36_35_26_25_v18_8_v40_29_18_10_8_1_v,42,val,2
vv1_vvvv1_vv1_vvv1_v1_vv1_vv1_vv1_v10_vv1_vv1_v1_v20_v23_v27_23_v,28,train,344
vvv1_vv1_vv1_v2_1_v3_2_1_v10_v11_1_v12_2_1_v2_1_v13_2_1_v14_v15_1_v16_15_2_1_v16_15_v17_16_1_v17_16_15_v17_16_15_v17_16_1_v17_2_1_v,24,train,253
vv1_v1_v1_v2_1_v2_1_v1_v2_1_v3_2_1_v10_v11_1_v12_2_1_v3_2_1_v13_2_1_v14_1_v2_1_v15_2_1_v16_1_v17_16_2_1_v17_16_2_1_v16_1_v2_1_v17_3_2_1_v,24,train,134
v1_vvvv3_1_vv1_v8_v8_1_v10_9_1_vv7_1_vv1_v2_1_v2_1_v1_v2_1_v2_1_v1_vv1_v2_1_v3_2_1_v23_20_13_v22_21_1_v23_1_v1_v26_2_1_v27_2_1_v14_1_v26_15_12_1_v27_26_14_1_v27_v1_v2_1_v29_13_3_2_1_v33_27_v24_23_v35_28_27_v39_37_29_3_1_v35_23_22_v37_36_23_22_1_v41_28_27_5_v42_15_14_6_1_v46_37_22_v,47,train,186
v1_v1_v1_v2_1_v2_1_v1_v1_v1_vv1_v2_1_v1_vv14_v13_1_v1_v1_v13_11_v13_11_1_v13_12_1_vv11_1_v14_13_11_2_1_v13_12_1_v12_v22_21_10_9_v26_25_11_v27_14_3_1_v22_21_v22_21_9_1_v26_25_14_5_v15_14_6_1_v21_v1_v1_v23_8_v21_20_6_5_v24_23_22_10_v26_25_14_3_v21_20_10_v21_20_12_11_1_v18_9_8_v10_8_1_v10_9_1_v,45,train,155
v1_v1_v1_v2_1_v2_1_v1_v1_v1_vv1_v2_1_v1_vv14_v13_v1_vv13_11_v13_11_1_v13_1_vv11_1_v14_13_11_2_1_v13_12_1_v12_v22_21_10_9_v26_25_12_11_v27_14_3_1_v22_21_v22_21_9_1_v26_25_14_5_v15_14_6_1_v21_v1_v1_v23_8_v21_20_6_5_v24_23_22_10_v26_25_14_3_v21_20_10_v21_20_12_11_1_v18_9_8_v10_8_1_v10_9_1_v,45,val,35
v1_vv1_vv1_vv1_v1_v8_v6_5_v10_v3_v10_v12_11_1_v9_8_v10_8_1_v10_9_1_vv19_18_1_v20_1_v1_v2_1_v19_2_1_v20_1_v23_1_v24_23_1_v24_v1_v2_1_v24_1_v22_19_v31_21_20_14_v33_22_13_v34_24_23_1_v31_30_25_v31_13_11_v24_13_11_1_v25_24_13_1_v36_25_v11_1_v14_13_11_2_1_v27_13_12_1_v42_31_12_v40_39_22_21_10_9_v,45,train,309
v1_v1_v1_v2_1_v2_1_v1_v1_v1_vv1_v2_1_v1_vv14_v13_v1_v2_1_v2_v14_12_v14_12_1_v14_1_vv12_1_v15_14_12_2_1_v14_13_1_v13_v23_22_10_9_v27_26_11_v28_15_3_1_v23_22_v23_22_9_1_v27_26_14_5_v15_14_6_1_v22_v1_v1_v24_8_v21_20_6_5_v25_24_22_10_v27_26_14_3_v21_20_10_v21_20_12_11_1_v18_9_8_v10_8_1_v10_9_1_v,46,train,266
vv1_v1_v1_vv1_v1_vv1_v2_1_v1_v11_v12_1_v12_1_v2_1_v11_1_v11_1_v13_11_1_v13_1_v10_v11_1_v14_13_11_2_1_v13_12_1_v24_v22_21_v25_24_v27_26_3_1_v22_21_v22_21_1_v26_25_5_v15_14_6_1_v21_v1_v1_v35_23_8_v33_32_21_20_6_5_v24_23_10_v37_26_25_14_12_3_1_v21_20_10_v21_20_12_11_1_v18_8_v10_8_1_v10_9_1_v,44,train,29
v1_vv1_v2_1_vv1_v2_vv1_vv1_v2_1_v13_1_v14_13_v15_14_1_v15_1_vv1_v16_15_v12_11_1_v15_13_12_v17_16_1_v18_16_v19_17_1_v23_22_7_v9_8_1_v10_1_v18_17_16_15_v13_12_2_v,30,train,330
v1_v2_1_v1_vv1_v1_vv1_v1_vv1_vv1_vv1_v12_11_10_v13_12_1_v15_14_2_1_v13_12_v20_19_18_17_v14_13_2_v15_14_13_v14_1_v1_v15_2_1_v16_2_1_v16_15_v17_16_1_v15_14_v18_17_2_v18_17_16_2_1_v,32,train,244
v1_v2_1_v3_2_1_v2_1_vv1_v1_vv1_v1_vv1_v1_v1_vv1_v12_11_10_v13_12_1_v15_14_2_1_v13_12_v20_19_18_17_v14_13_2_v15_14_13_v14_1_v2_1_v15_2_1_v16_3_2_1_v16_15_v16_1_v15_14_v18_17_3_2_v18_17_16_2_1_v,33,train,71
vv1_v2_1_v2_1_vvv1_v2_1_v3_2_1_vv1_v1_v2_1_v3_2_1_v14_v1_v1_v18_13_1_v18_13_3_v5_1_v3_1_v22_17_5_1_v12_7_v9_1_v7_1_v26_16_9_8_4_1_v,27,train,39
v1_v2_1_vv1_v2_1_v3_2_1_v3_2_1_v2_1_v3_2_1_vv1_v12_v3_2_1_v4_3_2_1_v15_14_3_2_1_v15_4_1_v15_5_2_1_v15_v1_v2_1_v17_3_2_1_vv1_v2_1_v3_2_1_v3_2_1_v2_1_v1_v1_v2_1_v21_2_1_v22_2_1_v22_1_v23_1_v2_1_v2_1_v37_2_1_v38_37_36_24_3_2_1_v,39,train,284
v1_v1_v2_v4_3_2_1_v4_3_1_v6_v7_6_4_1_v6_3_v1_v1_v4_v9_6_1_v8_v6_4_1_v6_5_2_1_v,16,train,376
vv1_v1_v2_1_vvv6_4_3_1_v2_1_v6_2_1_v10_5_v1_v1_v12_7_1_v14_9_3_v5_1_v3_1_v11_5_4_1_v,18,train,341
v1_v2_1_v3_2_1_vv4_3_v4_1_v5_1_v6_2_1_v5_v1_v1_v12_11_1_v9_4_3_v5_4_1_v5_4_1_v11_5_4_1_v13_8_4_v,18,train,369
vv1_v1_v2_1_v3_2_1_v6_v7_1_v8_7_2_1_v8_7_2_1_v,10,train,261
vv1_v1_v1_v5_v5_4_v6_5_4_1_v5_4_2_1_v9_4_v1_v1_v11_1_v13_8_4_3_v5_4_1_v4_3_v13_12_8_v12_8_7_4_3_v8_7_4_3_1_v8_7_4_1_v14_9_8_1_v,21,train,350
v1_vvv1_v1_v1_v4_v7_4_1_v6_1_v4_1_v6_5_1_v10_v13_1_v13_1_v15_14_12_1_v14_9_4_3_v17_15_5_1_v,18,train,336
vv1_v1_v2_1_v3_2_1_v6_v7_1_v8_7_2_1_v8_7_2_1_v,10,train,367
vvv1_vvvvvv1_vv1_v12_v13_v13_v14_13_12_v6_v6_v7_6_1_v16_15_v15_14_v17_v17_1_v16_v18_1_v19_5_1_v19_3_v19_18_1_v28_15_v29_17_16_1_v18_12_v19_13_1_v21_15_14_v32_23_19_17_v33_24_20_18_1_v33_32_31_16_v31_15_14_v31_13_12_v31_30_29_12_11_v,39,val,0
v1_vvv1_vv1_v1_vv1_vv1_vv1_v10_9_8_v12_11_v16_15_v17_16_15_1_vv16_4_v18_3_2_v19_3_1_v4_1_v20_4_1_v19_18_17_v17_16_v19_2_v19_2_1_v16_15_v18_17_16_1_v21_5_v22_21_1_v22_21_1_v,33,train,18
v1_vvv1_vv1_v1_vv1_vvv1_v13_12_11_v14_13_1_v12_11_v12_11_10_v15_4_v16_5_1_v16_4_1_v15_14_13_v13_12_v15_2_v15_2_1_v13_12_v15_14_13_1_v17_5_v18_17_1_v18_3_1_v,29,train,44
vvv1_vv1_vv1_v2_v9_v9_v11_10_v11_2_1_v9_8_v11_10_9_1_v13_5_v14_1_v15_14_1_v12_11_v13_12_11_1_v12_1_v12_1_v13_1_v23_14_1_v,24,train,375
v1_v1_v1_v1_v1_v1_vvv1_vv1_v12_11_v13_12_1_v13_12_2_v13_12_11_v12_11_10_v10_v13_12_11_v12_2_1_v10_9_v12_11_10_1_v15_5_v15_6_1_v16_15_1_v,25,train,140
vv1_v2_1_vvv1_vv1_vv1_v2_1_v10_9_v12_11_v14_3_v15_4_1_v11_10_v12_1_v15_14_6_v13_v1_v14_13_1_v18_5_v19_6_1_v15_14_13_v25_12_11_10_v25_24_13_v10_5_4_v21_9_8_7_v22_21_8_v,30,train,77
vv1_v1_v1_vv1_v2_1_v8_v8_6_v9_8_6_v8_7_1_v6_5_v8_7_6_1_vv15_7_1_vv2_1_v2_vv1_v20_19_v21_4_1_v19_4_v19_4_v11_10_v11_1_v27_19_13_1_v11_10_v21_13_1_v14_8_2_v11_8_v13_12_8_1_v29_23_12_v25_12_1_v26_17_5_v25_17_5_v25_17_13_5_v,38,train,283
vvv3_v4_1_v4_vv2_1_v2_1_v3_1_v4_1_vv10_1_v2_1_v2_1_v10_8_v7_6_v17_8_7_1_v15_v16_1_vv1_v2_1_v22_21_18_9_v22_13_4_3_2_v23_14_4_3_1_v25_21_11_3_v27_24_23_9_8_v,28,train,298
v1_v1_v2_1_vvv1_vv1_vv1_v2_1_v10_9_v13_4_3_2_v14_4_3_1_v14_13_1_v9_8_v1_v6_v14_v16_8_2_v16_15_2_v3_1_v19_11_5_3_v18_8_7_v18_17_9_8_1_v22_7_4_v8_6_5_1_v,28,val,58
v1_v2_1_v3_2_1_vv2_v1_v2_1_v3_2_1_v1_v2_1_v2_1_v1_v1_v2_1_v2_1_v3_2_1_v16_v17_1_v2_1_v18_3_2_1_v19_18_17_4_1_vv19_1_v19_2_1_v22_21_4_2_v21_20_4_2_v20_19_1_v20_1_v2_1_v2_1_v22_3_2_1_v22_1_v22_1_v19_18_v24_23_3_2_1_v24_23_3_2_1_v24_23_3_2_1_v,38,train,305
v1_v1_vv1_v1_vv1_vv1_vvv1_v1_vvv1_v1_v1_v1_v19_18_v21_20_1_v22_21_1_v21_20_3_v21_20_v15_v18_17_16_1_v20_19_18_v24_23_4_v23_22_2_v25_24_1_v21_6_v21_20_7_1_v22_21_2_1_v18_17_16_15_v20_19_18_v22_21_1_v19_18_3_v25_24_v26_25_1_v,40,train,246
v1_v2_1_vv1_v1_v2_1_v2_1_v2_1_vv1_v2_1_v3_2_v4_1_vv1_v1_v4_v2_1_v3_2_1_v6_5_v21_7_1_v22_21_2_1_v17_16_v20_19_18_1_v22_21_1_v19_18_3_v24_2_v26_3_1_v18_v21_20_1_v22_19_2_1_v20_19_2_1_v20_16_2_1_v17_15_1_v17_16_1_v20_18_1_v21_2_1_v23_2_1_v25_24_2_1_v,40,train,50
v1_v2_1_v2_1_v2_1_v1_v1_v1_v2_1_v2_1_v2_1_v3_2_1_vv1_v2_1_vv1_v1_v2_1_v2_1_v2_1_v2_1_v21_20_v22_1_v24_2_1_v23_22_3_2_v23_22_4_1_v22_21_v22_21_1_v25_24_3_2_1_v23_22_3_2_v21_20_1_v21_1_v2_1_v22_2_1_v23_22_2_1_v22_v22_1_v19_18_17_v24_23_3_2_v24_23_22_1_v23_22_21_3_1_v,42,train,192
vv1_v1_v1_vv1_vv1_v2_1_v3_2_1_v5_4_v7_6_1_v13_v11_10_9_v15_2_v16_15_3_1_v16_15_14_13_v17_3_2_v18_4_3_1_v,20,train,184
vv1_v1_v1_vv1_vv1_v2_1_v4_3_2_1_v6_5_1_v12_v10_9_8_v14_2_v15_14_3_1_v15_14_13_12_v16_3_2_v17_4_3_1_v,19,train,173
vv1_v1_v1_vv1_v1_v2_1_v3_2_1_v5_4_1_v11_v9_8_7_v13_12_2_v14_13_3_1_v14_13_12_11_v,16,val,9
v1_v1_vv1_vv1_v2_1_v4_3_2_1_v6_5_1_vv10_9_8_v2_v3_1_v14_13_12_v5_3_2_v16_4_3_2_v,17,train,404
vv1_v1_v2_1_v1_v1_v1_v1_v2_1_v3_2_1_v5_4_1_v7_6_1_v13_v10_9_2_v15_2_v16_3_1_v16_15_14_3_v17_3_2_v18_4_3_2_1_v,20,val,47
vvv1_vv1_v1_v7_v8_7_1_v8_1_v9_8_7_v8_7_v8_7_v8_7_v9_8_1_v15_8_7_6_v14_13_5_v13_6_5_1_v,18,val,1
v1_v2_1_v3_2_1_v2_1_v2_1_v2_1_v2_1_v1_vv1_v2_1_v2_1_v2_1_v1_v1_v14_13_v1_v17_2_1_v18_17_3_2_1_v14_13_4_v13_v15_14_2_v15_3_2_1_v3_v4_1_v16_v16_1_v4_3_2_v20_5_3_2_1_v17_3_v17_16_1_v19_17_2_1_v,33,train,120
v1_v2_1_vv1_vvv2_v8_7_6_5_v7_6_1_v7_6_1_v7_1_v8_7_1_v7_v7_1_v8_2_1_v11_9_3_2_1_v11_v12_1_vv3_2_1_v4_3_2_1_v3_2_1_v,23,val,27
v1_v2_1_v3_2_1_vv1_v2_1_vv1_vvv1_v8_7_6_5_v7_6_1_v7_6_1_v7_1_v8_7_1_v7_v1_v10_2_1_v11_3_2_1_v20_19_10_v21_12_11_1_v,23,val,24
v1_v1_v2_1_v2_1_v2_1_v2_1_v1_v2_1_v2_1_v1_v1_v2_1_v2_1_v1_v1_v2_1_v1_v1_v2_1_v2_1_v3_2_1_v7_6_v11_10_v24_v15_14_13_2_v26_2_v26_25_v25_24_1_v5_3_2_v29_4_3_2_1_v18_17_8_v18_17_10_1_v17_16_11_1_v17_16_13_12_1_v,35,val,19
vv1_v2_1_v2_1_v1_v2_1_v2_1_v1_v1_v2_1_v2_1_v1_v1_v2_1_v1_v1_v2_1_v2_1_v3_2_1_v7_6_v11_10_v22_v15_14_13_2_v24_2_v24_v24_23_1_v27_5_3_2_v4_3_2_1_v18_17_8_v18_17_10_1_v17_16_11_1_v17_16_13_12_1_v,33,val,10
vv1_v1_v1_v1_v1_v2_1_v2_1_v1_v1_v1_v1_vvvvvv1_v11_10_9_v17_16_v20_19_1_v22_v14_13_4_v24_2_v14_13_12_v12_11_v10_9_v11_10_1_v29_8_7_5_v29_9_8_1_v19_18_6_v19_18_6_v17_16_v19_8_v21_9_3_v20_3_v22_11_3_v22_5_4_2_1_v,39,val,56
vvvvvv4_v2_vvv9_v10_1_v8_7_5_v9_8_1_v11_10_1_v12_v8_v8_v9_1_v19_10_v20_19_1_v21_12_2_v22_21_12_11_2_v18_16_11_v20_11_v11_1_v2_1_v24_2_1_v25_13_v14_1_v1_v2_1_v30_2_1_v31_27_v32_28_1_v27_1_v28_20_1_v29_21_20_v29_21_20_v30_20_18_v,40,train,342
v1_v2_1_v3_2_1_v1_v1_v2_1_v3_2_1_v1_v1_v2_1_v2_1_v2_1_v1_v2_1_v2_1_v2_1_v3_2_1_v11_10_v16_15_v19_18_1_vv14_13_4_v2_v13_6_2_v12_11_v9_v1_v9_8_7_5_v28_10_9_8_6_1_v18_12_8_6_v19_7_6_1_v17_6_5_v8_2_1_v21_9_4_3_1_v19_9_8_3_2_v22_11_3_v22_5_4_2_1_v,38,train,154
v1_v2_1_v3_2_1_v2_1_v1_v1_v2_1_v2_1_v1_v1_v2_1_v2_1_v2_1_v1_v2_1_v2_1_v3_2_1_v10_9_v16_v19_1_vv13_12_4_v2_v12_6_2_v11_10_v9_v1_v8_7_5_v28_9_8_6_1_v28_11_10_1_v27_12_11_1_v19_14_10_8_v20_9_8_1_v17_8_7_v20_10_2_1_v22_11_4_3_1_v21_11_10_3_2_v13_3_v23_5_4_2_1_v,40,train,5
vv1_vv4_vvvvv2_v2_v10_v9_v13_10_9_1_v14_10_1_v11_1_v1_v2_1_v2_1_v2_1_v1_v1_v1_v18_1_v19_18_v19_v19_17_1_v19_18_17_v20_18_v21_1_v2_1_v3_2_1_v26_25_7_6_v28_11_10_9_v33_23_v15_14_13_v35_34_25_2_v36_35_34_25_v,38,train,115
vv1_v1_v1_v1_v2_1_v2_1_v1_v1_v2_1_v2_1_v1_v1_v2_1_v1_v2_1_v3_2_1_vv2_1_v7_6_v11_10_v22_v16_15_14_2_v24_2_v24_v24_23_v27_5_3_2_v6_4_3_1_v28_4_3_1_v27_4_1_v21_19_10_v20_19_12_1_v19_13_1_v19_18_16_15_v20_15_2_1_v21_18_17_3_2_1_v,37,train,54
vv1_v2_1_v1_v1_v2_1_v2_1_v1_v2_1_v2_1_v1_v2_1_v1_v1_v2_1_v1_v2_1_v3_2_1_vv2_1_v7_6_v11_10_v23_v17_16_15_14_2_v25_2_v25_v25_24_1_v28_5_3_2_v6_4_3_1_v19_17_8_v18_17_10_1_v17_11_1_v17_16_14_13_v18_13_2_1_v19_16_15_3_2_1_v,36,train,248
vv1_v1_v1_v1_v2_1_v2_1_v1_v2_1_v1_v1_v1_vvv1_vv1_v1_v2_1_v3_2_1_v7_6_v11_10_9_v23_v16_15_14_v25_2_v25_v26_25_24_v28_5_3_2_v4_3_1_v18_17_8_v18_17_10_v17_16_11_v17_16_15_v,34,train,52
v1_v1_v1_v1_v1_v1_vv1_v1_vv1_v5_v3_1_v3_v1_v15_14_v17_16_1_v18_3_1_v5_4_2_1_v17_16_v18_17_16_1_v17_16_1_v18_17_1_v16_15_v18_17_16_1_v19_14_1_v17_15_14_1_v18_17_v18_1_v2_1_v17_2_1_v17_2_1_v33_14_2_1_v,34,train,397
v1_v1_v1_vv1_v2_1_v2_1_v2_1_v2_1_v1_v1_v1_v1_v1_v1_v2_1_v16_15_v18_17_1_v19_18_1_v17_16_v17_16_1_v20_19_5_v20_6_3_1_v17_3_v17_1_v15_14_v17_16_1_v18_3_1_v20_19_5_4_1_v17_16_v18_17_16_15_1_v,32,train,356
v1_v2_1_v3_2_1_v1_v1_v2_1_v2_1_v2_1_v3_2_1_vv1_v2_1_v3_2_1_v1_v2_1_v16_2_1_v17_16_1_v,18,train,165
v1_v2_1_v3_2_1_v1_v2_1_v1_v1_v2_1_v2_1_v2_1_v2_1_v3_2_1_vv1_v2_1_v1_v1_v2_1_v2_1_v1_v1_v2_1_v3_2_1_v21_20_v23_22_21_1_v25_24_2_1_v23_22_21_3_v12_11_v14_13_1_v17_16_15_2_1_v13_12_3_v,32,val,48
v1_v2_1_v2_1_vv1_v1_v3_v3_1_v5_3_1_v5_1_v7_4_3_vv7_1_v9_8_1_v11_10_v12_1_v10_1_v11_v1_v1_v1_v2_1_v2_1_v22_21_1_v12_v16_14_12_1_v18_17_12_1_v20_19_12_v21_14_12_1_v19_14_1_v20_12_v14_13_12_1_v33_1_v,34,train,347
v1_v1_vv1_v1_v1_v1_v1_v1_v2_1_v2_1_v11_v13_11_1_v11_1_v11_v13_11_1_v13_1_v11_1_v13_11_1_v1_v1_v11_2_1_v13_2_1_v23_22_v23_22_1_v23_22_1_v14_13_2_v14_13_4_2_1_v14_13_4_3_1_v,30,train,171
v1_v1_vvv1_vv1_vv1_vv1_vv1_v1_vv14_1_v16_1_vv14_13_v16_15_1_v15_1_v13_v15_1_vv1_v2_1_v1_v1_v29_28_14_13_v18_17_16_4_3_2_v20_19_5_v23_22_21_8_v26_25_24_v29_28_27_14_v32_31_17_v34_33_19_v37_22_21_v25_24_12_11_10_v28_27_14_13_v31_30_29_17_16_v34_32_20_19_v37_22_21_v40_25_24_v42_27_26_8_v,45,val,17
vvvvvvv1_v3_1_v5_v7_6_v9_8_vv12_11_1_v13_v15_14_1_v16_v1_v1_vv12_1_v16_14_1_v18_17_v20_19_v22_21_12_1_v23_12_v25_14_1_v26_v28_1_v29_2_1_v1_v1_v26_25_13_12_v17_16_15_3_2_v19_18_5_v22_21_20_8_v25_24_23_v27_26_14_v29_28_16_15_v34_31_30_18_v34_21_20_v24_23_12_11_10_v,42,train,59
v1_v1_vv1_vv1_vvv1_v1_v10_v12_10_v12_2_1_v10_v12_1_v1_v12_10_v1_vv12_10_1_v12_2_1_vv23_1_v2_1_v21_v1_v21_1_v23_1_v1_vv1_v2_1_v25_2_1_v33_v33_32_1_v33_32_v33_32_1_v33_32_v33_32_1_v33_32_7_v32_8_v23_1_v32_31_8_v31_30_v31_30_8_v31_30_10_v31_30_8_v31_30_10_v31_30_16_v30_17_9_8_v29_28_27_16_7_v28_27_1_v28_27_16_v28_27_18_v28_27_16_v28_27_18_v28_27_24_v28_27_25_17_16_v,59,train,260
v1_vv1_vv5_4_1_v4_v4_1_v6_5_2_1_vv1_vv11_v11_vv11_5_v12_6_2_1_v6_v6_1_v8_6_v19_6_v11_v18_13_7_6_1_v6_4_v23_19_6_v19_6_v22_12_6_v21_20_14_2_v23_14_8_2_v18_16_10_6_4_v18_12_6_v20_14_8_1_v,32,train,177
vvv1_vv1_vv5_4_1_v4_v4_1_v6_5_2_1_vv1_v12_v14_11_v14_vv11_5_v12_6_2_1_v15_4_v17_4_v20_8_6_v22_8_v10_1_v12_v19_14_8_7_1_v25_5_3_v27_20_5_v27_20_9_7_v23_13_9_v27_23_16_14_10_3_1_v23_22_16_12_3_v32_19_9_6_v,33,train,182
vv1_v2_1_vv1_vvv7_2_v9_2_v10_6_5_v11_7_6_2_1_v6_v6_1_v8_6_2_v8_6_2_v15_14_13_8_2_v,17,train,280
vvv1_v2_1_v3_2_1_v5_v6_1_v8_2_1_vvv1_v3_2_1_vv1_vvv15_8_v17_v19_13_v6_1_v7_2_1_v21_3_2_1_v15_5_v15_7_v9_v11_v14_13_7_6_v15_14_1_v14_3_v14_5_1_v16_14_7_5_v16_14_9_7_v31_30_24_23_22_16_9_v19_8_v19_10_1_v21_19_12_10_v21_19_14_12_v36_29_28_21_14_5_v,39,train,395
v1_v2_1_vvv1_vv1_v7_1_vv1_v2_1_vv1_vvv13_7_v15_9_v18_12_11_v6_1_v7_2_1_v20_15_3_2_1_v20_14_5_v14_7_v9_v11_v14_13_7_6_v15_14_1_v14_3_v14_5_1_v16_14_7_5_v16_14_9_7_v29_28_27_23_22_21_16_v19_8_v19_10_1_v21_19_12_10_v21_19_14_12_v34_33_32_28_27_21_5_v,38,train,275
vvvvv1_v2_1_v4_v6_v7_4_v1_v5_2_1_vv1_v14_vv16_14_8_v16_v15_11_v6_1_v7_2_1_v18_14_4_3_2_1_v21_15_5_v23_15_7_v23_9_v25_11_v14_13_7_6_v15_14_1_v14_3_v14_5_1_v16_14_7_5_v16_14_9_v30_28_24_23_22_16_v19_8_v19_10_1_v,35,val,32
vv1_vv1_vvv6_5_2_v8_2_v9_6_5_v10_7_6_2_1_v6_v6_1_v8_6_2_v8_6_2_v14_13_10_8_2_v,16,train,409
v1_v1_v1_v2_1_v1_v1_vv1_vvv1_v11_10_v13_12_v14_13_1_v13_12_11_3_v12_11_10_v11_v10_9_v13_12_2_v12_2_v14_13_4_2_1_v13_12_11_v14_5_1_v16_4_3_v15_14_3_2_v,26,train,153
vvvv1_vv1_vvvvv1_vv11_1_v11_1_v12_1_v10_v12_1_v10_v1_v1_v1_v12_11_1_v22_21_v24_23_v25_13_1_v24_23_3_v23_22_v22_v21_20_v23_2_v23_v25_v24_v25_5_v27_4_3_v26_25_3_v36_35_24_23_v38_37_26_25_v39_27_15_v38_26_25_17_v37_36_26_25_v25_12_v24_9_v26_16_2_v37_26_10_v39_28_11_v27_11_v39_28_19_5_v18_17_4_3_v40_39_29_17_14_3_v,51,train,66
vvvv4_3_v3_vvvvvvv9_v2_v10_v11_v11_v5_v18_17_4_3_v17_14_3_v13_12_v15_14_v16_13_vv14_1_v15_v1_v26_12_v28_24_14_v27_26_12_v25_11_v26_12_1_v25_24_v27_26_11_1_v28_25_12_11_1_v26_12_11_v26_13_1_v27_11_v27_13_1_v26_24_11_v28_26_1_v25_24_1_v23_1_v13_12_1_v35_23_22_v37_25_24_v26_14_1_v25_24_3_v24_23_v36_23_v47_33_22_21_v40_24_2_v,52,train,335
v1_v1_v1_v2_1_v1_v1_vvvvv2_1_v11_10_v13_12_1_v14_2_1_v13_12_11_3_v12_11_10_1_v11_10_v10_9_v12_2_v12_2_v14_2_1_v13_12_11_v15_5_3_2_v15_14_6_2_v,25,train,405
v1_v2_1_v2_1_vv2_1_v2_1_v1_v1_vvvvv2_1_v12_11_v15_14_1_v16_2_1_v14_13_12_3_v13_12_11_10_v11_10_v10_9_v12_2_v12_2_v14_2_1_v13_12_11_v15_5_3_2_v15_14_6_2_v,27,train,239
vvvv1_vvvvvv1_v4_3_vvv12_11_10_v15_v15_v15_v6_v12_v14_v13_12_v22_7_v23_8_1_v24_8_1_v24_9_1_v25_9_v25_10_1_v26_25_14_1_v25_16_v17_1_v18_2_1_v27_19_2_1_v28_2_1_v29_22_16_v29_23_17_1_v30_16_v30_18_17_1_v31_27_19_v31_18_v31_30_19_1_v32_31_1_v,42,train,87
vv1_vv1_vvvvv1_v4_3_vv10_9_vvv1_v16_3_v12_6_v12_8_v14_1_v13_12_10_v15_14_3_v18_5_v21_20_v24_23_8_v10_v12_v27_14_3_v23_17_6_v23_19_10_8_v25_12_1_v24_23_22_21_11_v18_v33_18_17_1_v33_21_18_1_v33_22_v35_24_1_v33_25_v35_27_1_v33_22_20_v30_22_1_v31_21_1_v22_1_v35_2_1_v30_29_19_18_v30_29_19_18_v,46,train,108
v1_vv1_v1_v1_vv1_vvv1_vv1_v1_v1_vv1_vv17_v1_v17_v1_v17_1_v19_1_v17_v1_vvv1_vv19_1_v17_1_v19_1_vv19_1_vvv1_v35_v1_v17_1_v19_1_vv1_vvv1_v17_v1_v35_1_v37_1_vv36_27_18_9_1_v52_34_16_v54_1_v55_v39_1_v56_55_v52_v54_1_v50_23_v52_1_v53_v55_1_v54_53_v50_v52_1_v48_v50_1_v51_v53_1_v52_51_v48_v50_1_v46_v48_1_v49_v51_1_v50_49_v46_v48_1_v44_v46_1_v47_v49_1_v48_47_v44_v46_1_v42_v44_1_v45_v47_1_v46_45_v42_v44_35_28_21_1_v,95,train,78
v1_vv1_v2_1_v5_4_v6_5_1_v5_4_3_v6_1_v7_2_1_v9_2_v10_3_1_v,12,train,141
v1_vv3_vv3_v1_v2_vvv5_4_v11_10_5_v10_7_5_2_v8_7_3_v14_11_8_6_3_v12_7_1_v13_12_7_v12_10_7_4_v12_8_7_1_v18_3_v19_12_4_1_v17_13_12_5_v,22,train,216
vv1_vv2_v4_3_1_vv1_v1_v1_v1_v1_v2_1_v6_v6_1_v6_2_1_v8_1_v1_v8_6_1_v8_7_2_1_v18_vv22_19_1_v22_21_19_18_3_vv24_21_2_1_v2_v27_24_5_1_v23_5_v7_v30_27_9_1_v27_26_6_v7_v29_10_9_2_1_v7_2_v32_9_8_1_v15_14_7_v17_14_9_vv33_1_v1_v35_28_3_2_1_v,42,val,30
vv1_v1_v4_v1_v5_3_v2_1_v7_6_5_2_1_v9_v10_1_v11_2_1_v12_8_7_3_2_1_v13_9_8_2_v,14,train,91
vvvvv5_1_vv1_vv2_v4_1_vvv1_vvv1_v13_vv16_vvv19_vvv12_9_1_v25_v1_v26_10_7_v2_1_v28_27_11_8_v30_14_11_v1_v30_v29_v1_v30_v2_1_v32_31_v38_34_22_19_v36_1_v34_8_v34_v1_v35_v2_1_v37_36_v39_16_8_v48_1_v39_16_v39_v1_v40_v2_1_v42_41_v44_24_16_v56_1_v44_24_v44_v1_v45_v2_1_v47_46_v49_16_v1_v49_32_v49_v1_v50_v2_1_v52_51_v54_40_32_v72_1_v54_32_24_v54_v1_v55_v2_1_v57_56_v59_32_v1_v59_48_v59_v1_v60_v2_1_v62_61_v64_56_48_v1_v64_56_48_40_v,90,train,230
v1_v2_1_vv1_v2_1_v6_5_v6_1_v5_3_v3_2_1_v7_6_5_2_1_v11_5_4_v12_6_1_v13_12_11_2_1_v,14,train,70
vv1_v1_vv1_v5_3_v4_3_2_1_v7_6_5_2_1_v5_4_v6_5_1_v11_2_1_v12_8_3_1_v13_12_11_9_8_2_1_v,14,val,45
v1_vvvvvv5_v5_v5_v5_v5_vvvv5_vv5_v5_v5_v15_5_v20_15_10_5_v15_12_v18_17_1_v24_13_v25_22_1_v26_18_17_2_v10_7_4_v13_12_6_1_v28_v29_12_6_1_v30_18_17_5_2_v,32,train,90
vv1_v3_v1_v4_1_v3_2_1_v6_5_2_1_v8_5_4_v9_6_5_1_v8_5_4_3_v,11,train,124
vvvvvv5_2_v5_v5_v5_4_v5_vvvv5_3_vv5_v17_5_v18_5_v15_5_4_v15_10_5_vv22_20_12_1_v23_16_15_1_v9_4_2_v25_13_5_4_2_1_v,26,train,231
v1_v2_1_v1_vv1_v2_1_v6_5_4_v8_7_4_3_2_v6_2_v7_3_1_v,11,train,400
vv1_vv1_v2_1_v3_2_1_v7_6_vv8_7_v9_8_3_1_v3_v12_5_4_1_v13_6_5_2_1_v,14,train,188
v1_vv1_v2_1_v5_v6_5_1_v5_4_v6_1_v7_2_1_v2_v10_1_v9_5_v13_8_7_v9_8_1_v14_5_4_v6_5_1_v14_13_5_v,18,train,175
vvv1_v3_v1_v5_2_v5_v6_5_v5_v10_5_v10_7_5_2_v8_7_3_2_1_v13_11_6_3_v14_12_7_1_v13_12_8_7_v,16,val,49
v1_vv3_v1_v3_vv5_2_v8_5_4_v6_5_1_v5_v10_5_v10_7_5_2_v8_7_3_1_v8_3_1_v15_14_4_v16_15_13_8_1_v,17,train,201
vvvvvvvv5_v5_v5_v5_v11_5_vv14_v15_v5_vv5_v5_v5_v15_5_v20_15_10_5_v17_15_12_7_v22_18_17_v24_21_13_v26_25_22_1_v27_18_17_1_v26_10_7_4_v13_12_6_1_v30_28_v31_29_12_4_1_v,32,train,41
vv1_v3_v1_v4_v3_2_1_v6_5_2_1_v8_5_4_v9_6_5_1_v3_v9_6_4_1_v5_2_1_v,13,train,236
vv1_vv1_v2_1_v2_1_v2_1_v2_1_v1_v2_1_v3_2_1_v12_v1_v13_1_v3_2_1_v15_14_2_1_v17_5_v18_6_1_v16_3_v18_4_1_v5_2_1_v,22,train,300
vv1_v2_1_v3_2_1_v3_2_1_v6_v1_v7_1_v3_2_1_v9_8_2_1_v11_5_4_v12_6_5_1_v10_3_v12_6_4_1_v5_2_1_v,16,train,206
v1_vvv1_vv1_v4_3_v6_v1_vv11_10_1_v10_9_4_vv12_2_1_v2_v1_vv8_7_v1_v20_15_10_2_v14_13_7_v8_v16_11_10_2_1_v8_2_v10_1_vv17_9_8_v28_27_23_17_10_v29_28_13_v15_14_1_v29_18_17_8_v29_28_15_v27_23_22_14_13_v29_28_9_v20_19_11_10_1_v34_29_22_14_13_v29_28_20_11_5_v,38,train,392
vv2_v2_v3_1_v5_3_v4_1_v5_2_1_v7_2_1_v8_6_5_1_v10_v11_5_3_1_v12_7_5_2_1_v,13,train,32
v1_vv3_2_v3_1_v3_v1_v5_2_v7_5_4_v6_5_1_v8_5_4_3_v11_8_6_5_3_v,12,val,55
v1_vv3_vv2_1_v2_1_v7_6_3_2_1_v6_v9_8_6_3_v10_9_1_v9_8_3_v10_9_8_1_v11_5_2_v,14,train,242
v1_v2_1_vv4_3_1_v5_2_vv1_vvv9_8_3_2_vvv8_v5_2_v13_8_7_5_v14_5_v5_4_v17_12_5_vv17_13_12_vv5_v18_v5_2_v21_5_v22_5_v15_5_4_v25_22_5_vv23_vv15_3_v28_v5_v27_5_v28_5_v25_15_5_4_v33_32_20_10_v,39,train,362
vv1_v2_1_v1_vv1_v7_v8_1_v6_5_v6_5_4_v3_v11_1_v13_6_5_v7_6_1_v12_11_6_v11_10_6_v9_6_5_v17_16_15_6_v,19,train,299
v1_vv1_vv4_1_v4_3_vv6_2_1_v2_v1_vv8_7_v10_7_2_v8_3_1_v15_14_11_10_3_v16_15_7_6_v8_7_1_v16_11_10_9_v16_8_6_5_v,20,train,226
vv1_vvv1_v6_v7_1_v5_1_v1_v6_1_v7_1_v10_8_2_1_v10_6_v11_1_v15_6_2_1_v8_1_v16_1_v17_1_v17_14_7_2_1_vv19_vv17_3_1_v23_22_3_vv25_2_1_v7_2_v8_1_v26_9_2_1_v3_2_1_v27_6_5_v7_6_2_1_v29_28_12_9_7_2_v31_28_12_11_v13_1_v31_15_12_3_v15_2_v32_16_15_4_3_1_v,39,train,31
v1_v1_v1_v1_v2_1_v6_v1_v6_2_1_v8_1_v1_v1_v7_2_1_vv1_vv2_1_v2_v5_v1_v3_v7_v9_1_v7_6_v9_2_1_v10_5_2_vv1_v11_8_3_v10_2_v12_11_4_1_v12_4_v26_14_13_6_2_1_v33_25_v24_23_19_17_v30_23_18_15_1_v35_30_29_15_10_v34_33_32_14_12_v26_13_10_1_v39_21_13_9_6_v,40,train,297
vv1_vvv1_v1_v7_v8_1_v6_1_v1_v7_1_v8_1_v11_9_8_2_1_v11_6_v12_1_v16_6_2_1_v8_1_v17_1_v18_1_v18_14_7_2_1_vv1_v22_v2_1_v24_23_2_v19_5_v1_v26_3_v26_7_v9_1_v27_7_6_v9_2_1_v29_28_10_5_2_v31_27_7_v1_v30_11_8_3_v10_2_v31_12_11_4_3_1_v,39,train,135
vv1_vvv1_v6_v7_1_v5_1_v1_v6_1_v7_1_v8_7_2_1_v11_1_v11_7_v12_1_v16_7_2_1_v9_1_v17_1_v18_1_v19_18_8_7_2_1_vv1_v22_v2_1_v24_23_2_v20_5_v1_v26_3_v26_21_7_v9_1_v27_7_6_v9_2_1_v29_28_10_5_2_v31_28_7_v1_v31_11_8_3_v10_2_v32_12_11_4_3_1_v,39,val,39
vvvvv1_v6_v7_6_v6_v6_v9_6_v6_v1_v11_v14_8_v13_4_v13_8_3_1_v3_vv6_3_v7_v11_3_v11_v9_6_v6_1_v12_6_v6_v23_6_5_v17_16_13_9_6_v,29,train,101
vv1_vv2_v4_3_1_vv1_v7_4_v2_1_v9_8_5_2_v11_8_5_v1_v11_3_v11_7_v9_1_v12_7_v9_2_1_v14_13_10_v19_16_7_v9_1_v16_11_8_v,22,train,256
v1_v2_1_v3_2_1_vv1_v2_1_v5_4_v7_4_3_2_1_v2_1_v7_3_2_1_v,11,train,178
v1_vv1_vv1_v2_1_v3_2_1_v8_7_6_v9_8_v8_7_v9_8_3_1_v12_11_3_v,13,train,187
v1_vv1_vv5_4_2_1_vv7_6_5_3_1_vv8_1_v3_v9_1_v3_v10_5_4_1_v7_3_v11_1_v8_7_4_v12_9_8_4_1_v,18,train,110
v1_v1_v3_2_1_vv5_4_3_1_vv6_1_v3_v9_7_5_1_v4_3_v8_5_4_1_v,12,train,166
vvvvv1_vvv6_v1_v6_v6_v6_v6_v6_3_v12_6_vv1_v1_v16_v17_1_v2_1_v3_2_1_v23_22_2_1_v7_v9_7_1_v16_9_8_1_v18_12_v13_1_v2_1_v18_3_2_1_v25_18_8_2_1_vvv34_12_v34_v34_22_3_v35_34_28_22_18_v20_6_v7_6_v,40,train,169
v1_v2_1_vv1_v2_1_v6_5_4_v1_v4_3_v4_1_v7_4_3_2_v8_7_5_4_3_2_1_v,12,train,0
vv1_vv2_v4_3_1_vv1_v7_v2_1_v9_8_2_v11_8_5_v1_v11_3_v9_4_1_v4_3_v16_13_5_4_1_v13_12_7_4_3_v10_9_v15_11_10_9_2_1_v14_13_2_v18_15_14_1_v,22,train,391
vv1_vv2_v4_3_1_vv1_v7_v2_1_v9_8_2_v11_8_5_v1_v11_3_v11_7_v9_1_v12_7_6_v9_2_1_v14_13_10_5_2_v19_16_7_v9_1_v16_11_8_3_v,22,train,148
v1_vv1_v1_vv6_5_1_v5_4_3_v6_1_v7_2_1_v2_v1_v9_v8_7_v14_9_8_1_v14_5_4_v6_5_1_v14_13_5_v,18,train,393
vvv2_1_vv5_1_v6_2_1_v5_4_3_2_v7_6_5_v8_1_v9_2_1_v11_6_5_v,12,train,112
v1_vv1_v2_1_v1_v6_5_v7_6_1_v6_5_3_v7_1_v8_2_1_v10_2_v11_1_v12_7_6_v14_13_3_2_v4_3_1_v14_13_12_11_v,17,train,13
v1_vv1_v2_1_v1_v5_1_v7_6_1_v8_1_v1_v2_1_v3_2_1_v11_9_8_7_6_v11_10_9_v,14,val,42
v1_vv1_v1_v1_v1_v1_v1_v1_v1_v1_v1_v2_1_v3_2_1_v15_14_v16_15_1_v16_15_1_v16_15_14_v15_14_13_v13_12_11_v11_10_7_v,22,train,28
v1_v2_1_v2_1_v2_1_v2_1_v1_v2_1_v2_1_v2_1_v2_1_v1_v2_1_v3_2_1_vv1_v1_v2_1_v2_1_v2_1_v2_1_v1_v2_1_v2_1_v2_1_v1_v2_1_v3_2_1_v18_17_16_v29_v29_1_v30_29_2_1_v30_29_28_2_1_v29_28_1_v27_26_6_1_v25_24_7_1_v22_21_v23_22_1_v13_12_v23_22_3_v22_21_1_v20_19_1_v18_17_16_4_1_v,43,train,308
vvv1_v1_vv1_v1_vv2_1_vv1_v2_1_v12_v1_v12_v14_12_1_v14_1_v12_v14_1_v14_12_1_v14_12_v14_1_v1_v1_v1_v15_2_1_v17_16_15_v28_v28_15_1_v29_28_1_v29_28_16_v28_27_1_v26_25_v25_24_7_v35_22_7_v36_35_23_22_8_1_v36_23_22_8_v36_23_22_6_v22_21_8_1_v33_32_20_19_v31_18_17_14_7_v,42,val,16
v1_v1_vv1_v1_v1_v2_1_v2_1_v3_2_1_vv1_v1_v1_v1_v1_vv1_v8_v1_v8_v21_10_8_1_v22_21_10_8_1_v21_20_10_8_1_v20_19_10_1_v19_18_8_v19_18_10_1_v17_9_8_vv18_1_v18_2_1_v30_19_18_v32_30_19_1_v32_30_19_1_v30_20_1_v32_20_1_v21_1_v21_1_v22_21_2_1_v31_22_1_v32_2_1_v21_14_v22_12_1_v22_14_2_1_v,44,train,147
v1_v2_1_vv1_v2_1_vv1_v2_1_v1_v1_v1_v1_v1_v2_1_v15_v15_14_1_v15_14_1_v15_14_13_1_v14_13_12_v12_11_10_v10_9_v10_9_1_v23_8_7_v,24,train,251
vv2_1_vvv1_vv1_v1_vv1_v1_v1_v1_v2_1_vv14_1_v16_1_v14_v16_14_1_v16_1_vv1_v1_v2_1_v2_1_v1_v1_v2_1_v2_1_v30_15_v30_15_v30_29_1_v30_29_28_v29_28_27_13_v27_26_25_12_11_v25_24_v25_24_23_9_1_v38_23_8_7_v9_1_v39_25_24_8_v24_23_10_1_v38_37_24_23_v38_37_23_22_v36_35_21_20_v34_19_18_8_v33_19_18_10_9_1_v32_17_9_8_v,48,train,382
v1_v2_1_v1_v1_v2_1_v1_v1_v2_1_v2_1_v2_1_v1_v1_v1_v1_v2_1_v16_v16_1_v16_15_1_v16_15_14_1_v15_14_13_v13_12_11_10_v10_9_v10_9_1_v24_8_7_v,25,train,329
v1_v1_v1_v2_1_vv2_1_v1_v2_1_v2_1_v2_1_vv1_v2_1_v13_v15_13_1_v15_1_v13_1_v15_2_1_vv2_1_v1_v2_1_v2_1_v3_2_1_vv1_v27_1_v28_27_1_v27_26_1_v26_25_11_v24_23_v24_23_22_1_v8_v23_1_v24_23_8_v23_22_10_8_1_v23_22_10_8_1_v22_21_10_1_v34_21_20_v19_18_8_v19_18_10_1_v17_9_8_vv31_18_1_v33_18_2_1_v,46,train,295
vv2_1_vvv1_vv1_v1_vv1_v1_v1_v1_v2_1_vv14_v16_1_v14_v16_14_1_v16_1_vv1_v1_v2_1_v2_1_v1_v1_v2_1_v2_1_v30_15_v30_15_v30_29_1_v30_29_28_v29_28_27_13_v27_26_25_12_11_v25_24_v25_24_23_9_1_v38_23_8_7_v24_1_v39_25_24_8_v24_23_10_1_v39_38_37_24_23_v38_37_23_22_v36_35_21_20_v34_19_18_8_v33_19_18_10_1_v32_17_9_8_v,48,train,167
vv1_vv1_v1_vv1_v2_1_v2_1_v2_v2_1_v1_v1_v1_v2_1_v16_v17_16_15_1_v17_16_15_1_v16_15_14_v16_15_14_v13_12_11_v10_9_8_v10_9_1_v24_8_7_v,25,train,225
v1_v1_vv1_v2_1_vv1_v1_vv1_v1_v2_1_v2_1_v3_1_v1_v2_1_v3_2_1_vvv1_vvvv24_v25_24_23_1_v8_7_v1_v25_24_9_8_v24_23_10_8_1_v24_23_1_v23_22_v21_20_v33_19_18_v34_32_19_18_10_v32_17_9_8_v32_v32_18_1_v34_18_2_1_v32_19_18_v34_32_19_10_1_v34_32_19_1_v20_11_v34_21_12_1_v32_21_12_1_v22_13_v23_14_1_v23_14_1_v,48,train,117
v1_vv1_v1_vv1_v1_v1_v1_v1_v1_v2_1_v2_1_v13_v15_1_v13_v15_13_1_v15_13_1_v13_v15_1_v15_13_12_2_1_v15_1_v2_1_v1_v1_v2_1_v15_2_1_v17_16_15_vv29_1_v30_29_1_v30_29_1_v29_28_1_v27_26_1_v25_24_7_v11_10_1_v23_7_v24_23_9_7_1_v24_23_9_7_1_v24_23_9_7_1_v23_22_9_7_1_v21_20_9_1_v19_18_15_8_7_v,44,train,359
v1_vv1_v1_v1_v2_1_vv1_v2_1_v1_v2_1_v11_v13_1_v11_v13_11_1_v13_1_v1_v2_1_v1_v1_v2_1_v11_2_1_v13_2_1_vv24_v25_24_1_v25_24_1_v24_23_1_v23_22_1_v22_21_v22_21_1_v8_7_v1_v22_21_8_v22_21_10_8_1_v22_21_10_8_1_v21_20_10_8_1_v20_19_10_1_v19_18_8_v19_18_10_1_v29_17_9_8_v,42,train,157
v1_v1_v2_1_v2_1_vv1_v1_v1_v1_vv1_vv1_v1_v1_v11_vv1_v11_v20_10_9_v10_9_v20_9_v19_9_1_v8_v1_v8_v10_1_v20_v19_18_v19_18_v8_v10_1_v17_9_8_v28_v28_1_v28_v30_28_1_v30_19_18_10_9_1_v39_28_1_v,40,train,97
v1_vv1_v1_v1_v1_v1_v1_v2_1_v2_1_vv12_1_v12_10_1_v12_10_1_v12_1_vv12_1_vv1_v1_v1_v11_v1_v1_v21_11_v22_20_10_9_v10_9_v20_9_v19_9_1_v7_v9_7_1_v9_1_v29_19_v30_18_17_v18_17_v7_v16_9_8_1_v,38,train,374
v1_vv1_v1_v1_v1_v1_v1_v2_1_v2_1_vv12_1_v12_10_1_v12_10_1_v12_1_vv12_1_vv1_v1_v1_v11_v22_1_v23_22_1_v23_22_21_11_v22_21_20_10_9_v21_20_10_9_v20_19_9_v20_19_9_1_v8_v20_1_v21_20_8_v21_20_10_1_v30_21_20_v31_20_19_18_v19_18_v18_17_8_v18_17_10_1_v17_9_8_v,40,train,255
v1_v1_v2_1_v1_v2_1_v2_1_v1_v1_v2_1_vvv1_v1_v1_vvv10_9_7_v7_6_v8_6_1_v8_1_v21_8_v21_20_v20_19_7_v18_17_14_7_vv14_13_1_v27_14_13_v27_14_1_v29_15_14_8_7_1_v15_v16_9_1_v16_9_2_1_v29_17_10_v10_1_v25_18_11_1_v27_26_1_v29_2_1_v20_19_12_v20_19_14_1_v40_20_19_12_v,41,train,279
v1_v1_v1_v1_v1_v2_1_v1_v1_v2_1_v2_1_v3_2_1_v11_v13_1_v11_1_v13_11_1_v13_1_v11_1_v13_2_1_v1_v1_v2_1_v2_1_v3_2_1_vv24_v25_24_1_v25_24_1_v24_23_1_v23_22_1_v22_21_v22_21_1_v8_7_v1_v22_21_8_v22_21_10_8_1_v22_21_10_8_1_v21_20_10_8_1_v20_19_10_1_v19_18_8_v19_18_10_1_v29_17_9_8_v,42,train,68
v1_vv1_v1_v1_v2_1_v1_v1_v2_1_v2_1_v10_v12_1_v11_10_1_v12_10_1_v12_1_v10_1_v12_2_1_v1_v1_v2_1_v12_11_1_vv22_v23_22_1_v23_22_1_v22_21_1_v21_20_1_v20_19_9_v20_19_1_v8_v20_1_v21_20_8_v21_20_10_8_1_v21_20_10_8_1_v20_19_10_8_1_v19_18_10_9_1_v18_17_8_v18_17_10_1_v17_16_9_8_v,40,val,43
v1_v2_1_v2_1_v2_1_vv1_v1_v1_v1_v1_vv1_v8_v1_v8_v10_8_1_v10_8_1_v10_1_v19_10_9_v19_18_8_v19_18_10_1_v17_9_8_vv18_17_1_v18_17_v18_1_v18_1_v19_1_v1_v20_2_1_v21_1_v21_2_1_v22_21_2_1_v30_22_1_v32_2_1_v22_21_12_v22_21_14_1_v22_21_12_1_v22_14_12_1_v22_14_1_v23_12_1_v14_1_v43_33_24_2_1_v,44,train,370
v1_v1_v1_v1_v1_v2_1_v1_v1_v2_1_v2_1_v3_2_1_v11_v13_1_v11_1_v13_11_1_v13_11_1_v13_1_v2_1_v1_v1_v2_1_v2_1_v3_2_1_v,24,train,4
v1_vv1_v1_v1_v1_v2_1_v2_1_v2_1_v2_1_v1_v1_v2_1_v13_v15_1_v13_v15_13_1_v15_1_v1_v1_v1_v2_1_v2_1_v1_v1_v13_2_1_v15_2_1_v17_16_vv29_1_v30_29_1_v30_29_1_v29_28_1_v27_26_1_v25_24_7_v11_10_1_v23_7_v24_23_9_7_1_v24_23_9_7_1_v24_23_9_7_1_v23_22_9_7_1_v21_20_9_1_v19_18_15_8_7_v,44,train,45
v1_v1_v1_v2_1_v2_1_v1_v1_vv9_v9_1_v10_9_1_v10_9_8_1_v10_9_2_1_v9_8_1_v9_8_1_v9_1_v17_8_7_v10_2_v11_3_1_v,20,train,149
v1_v1_vv1_vv1_v1_v1_v9_v9_1_v8_7_v10_2_v1_v3_v12_4_v10_v12_10_1_v12_10_1_v12_1_v20_10_v21_20_9_v19_8_v22_13_10_2_v22_12_11_1_v22_14_v22_21_v22_21_1_v22_21_1_v22_21_1_v22_1_v22_2_1_v23_22_2_1_v31_23_21_1_v32_21_1_v32_24_20_13_v21_20_9_v21_20_11_1_v21_20_1_v21_20_1_v40_31_21_1_v41_21_2_1_v,42,train,265
v1_v2_1_v1_v2_1_vv1_v1_v1_v1_v2_1_v2_1_vv1_v1_v1_v1_v3_2_1_v2_1_v4_2_1_v8_7_v21_20_19_v20_19_18_v19_18_17_v19_18_17_v17_16_15_14_v16_15_14_6_1_v,27,train,217
v1_v2_1_v2_1_v1_v1_v1_v1_v1_v1_v1_v1_v2_1_v2_1_v2_1_vv16_1_v2_1_v2_1_v1_v1_v14_1_v16_14_1_v16_1_vv1_v1_v1_v2_1_v15_3_2_1_vv30_16_v30_29_1_v29_28_v29_28_1_v29_28_1_v28_27_1_v28_27_13_12_v8_7_v24_1_v25_24_8_v24_23_10_1_v23_22_8_v23_22_10_8_1_v23_22_10_8_1_v22_21_10_1_v22_21_v17_9_8_v,48,val,29
vv2_vv1_v2_1_v2_1_v2_1_v1_v1_v9_1_v10_1_v10_2_v11_1_v2_1_v15_3_2_1_v16_2_1_v1_v1_v2_1_v2_1_v3_2_1_v2_1_v4_2_1_v24_22_11_10_v24_23_14_1_v25_17_15_v20_19_18_v23_22_21_1_v26_25_24_1_v30_14_13_v,31,train,51
v1_v2_1_v2_1_v2_1_v2_1_v1_vvv1_v2_1_v3_2_1_v1_v1_v1_v1_v2_1_v3_2_1_v2_1_v4_2_1_v12_11_10_v14_13_1_v16_15_v19_18_17_v22_21_1_v25_24_1_v14_13_v16_15_7_1_v21_7_6_v21_20_9_8_v,30,train,191
v1_v2_1_v2_1_v1_v1_v1_v1_v1_vv1_v2_1_v2_1_v1_v8_1_v10_8_1_v10_8_1_v10_9_1_v15_14_v17_16_1_v19_18_1_v17_3_v17_16_vv1_v4_v21_4_1_v4_v21_v21_1_v24_23_8_v23_4_v20_19_13_11_v22_21_15_13_1_v24_23_15_1_v22_17_10_3_v22_21_10_6_v13_10_v15_1_v13_4_v26_18_15_4_1_v10_4_v26_13_v26_15_1_v29_28_22_8_v28_18_14_4_v,46,train,189
v1_v2_1_v3_2_1_v2_1_v1_vv1_v1_vvv1_v2_1_v1_v1_v11_vvv11_v10_v17_16_7_6_v20_19_11_10_9_v17_7_v17_16_7_6_vv1_v4_v21_11_4_1_v4_v21_v21_11_1_v24_23_14_13_v23_4_v28_19_18_13_11_v21_20_1_v24_23_v21_10_3_v21_20_10_v13_10_v15_1_v13_4_v35_25_15_1_v10_4_v25_13_v35_25_15_1_v37_28_27_v27_18_14_4_v,47,train,150
vvv1_vv1_v5_1_v5_v6_v7_1_v8_1_vv12_1_v6_vv13_7_v13_1_v1_vvv6_v21_1_v20_14_7_6_v20_7_6_1_vv1_v7_v9_3_1_v28_v28_27_v30_29_v27_26_12_v28_14_7_v28_27_v27_26_v29_28_5_v11_v13_1_v27_26_19_v28_21_3_v28_27_v27_26_v29_28_7_v25_24_v26_7_v26_25_v25_24_v27_26_17_12_5_v36_v49_23_21_1_v,50,train,122
vvvvv1_v6_1_v1_vvv7_vv8_7_1_v2_v13_vv1_v3_v5_v18_11_1_v5_v19_v19_12_1_v21_14_6_v21_4_v25_19_18_14_12_v21_20_15_14_1_v23_22_16_15_1_v28_21_10_3_v21_12_v14_v16_1_v18_3_v20_15_14_5_v33_26_16_6_1_v11_5_v27_14_v34_27_16_1_v36_29_21_6_v29_19_15_4_v,40,train,250
vvvvvvvvvvvvvv10_vvvvvv1_v20_vv21_v7_vv1_v27_26_v28_26_v27_25_v27_26_v28_5_1_v1_v28_27_v29_27_1_v28_26_5_1_v28_27_7_5_v29_1_v19_1_v29_28_v30_28_v29_27_1_v29_28_1_v30_1_v18_2_1_v29_v31_25_1_v31_30_24_v30_29_23_v35_32_31_25_v29_28_v36_30_v30_29_v34_29_28_v40_36_31_30_v,55,train,373
v1_v2_1_v1_vv1_vvv8_6_v8_6_1_v8_1_v6_v8_1_v7_vv8_vvv2_v2_v1_v15_1_v21_8_v8_v8_6_v8_v10_2_1_v20_12_4_v14_6_1_v27_vv28_vv30_4_v28_21_4_v30_23_3_v32_25_5_v7_5_vvvv16_v26_18_2_v23_2_v25_23_1_v32_25_1_v38_8_v8_v8_v32_8_v34_26_2_1_v44_36_28_12_v45_38_30_14_v44_20_v20_17_v45_19_v21_19_v47_28_4_v52_45_28_4_v47_27_3_v49_29_5_v31_29_24_7_5_v,62,train,403
v1_v1_v3_2_1_v4_2_1_v3_2_1_v1_v2_1_v2_1_v2_1_v1_v1_v2_1_vv1_v2_1_v3_2_1_v2_1_v1_v2_1_v2_1_v1_v1_v2_1_v23_22_21_v5_4_3_2_v7_6_1_v11_10_1_v11_10_2_1_v23_21_20_v25_24_1_v22_21_2_v21_20_1_v22_21_20_1_v,34,train,371
vvv1_v4_v5_1_v1_vv1_vv7_v9_8_1_v8_7_6_v7_6_v5_v1_v15_v8_3_v11_10_v13_6_v19_5_4_v21_17_16_v21_6_2_v21_20_12_v23_21_14_13_v16_11_8_v19_18_17_8_v21_14_8_v13_12_8_v,29,train,332
v1_vvvvv1_v4_v6_1_v9_8_7_v7_6_v11_v8_2_v7_v9_8_v12_8_7_v9_8_1_v16_15_8_v14_8_6_v19_8_v16_8_v15_8_v16_9_1_v23_22_12_4_v19_12_10_4_v,25,train,384
v1_v2_1_v1_v1_vv1_v1_vv1_v2_1_v1_v1_v1_v1_v2_1_vv14_6_1_vv18_v17_vv17_vv18_17_10_v9_7_v23_9_v25_9_v9_v25_9_v9_v27_9_v9_v26_10_1_v34_26_13_6_4_v30_29_vvv28_20_11_v38_31_30_20_11_v36_29_28_vv29_v11_v38_37_30_29_v9_8_v35_9_v29_20_11_9_v39_29_20_9_v45_37_9_v9_v39_9_v29_9_v38_30_21_1_v54_46_33_24_4_v50_42_41_31_20_11_v,56,train,82
vvv1_vvvvvvvv9_v9_v9_2_v9_v9_v9_v9_v9_v1_v13_v20_11_v22_2_v18_1_v2_1_v1_v20_11_1_v26_6_v27_18_1_v19_1_v30_16_10_v26_1_v2_1_v29_3_2_1_v28_22_v29_20_18_1_v28_15_1_v27_16_1_v28_19_2_1_vv37_28_15_6_1_v37_28_v37_28_19_v18_v44_24_v18_v28_27_v26_19_18_10_v9_7_v46_37_24_9_v46_37_26_9_v51_46_37_9_v26_9_v53_33_9_v28_9_v46_36_9_v27_10_1_v,57,train,65
v1_v1_vv1_v1_v5_v7_5_1_v7_1_v1_v7_6_5_1_v6_v1_v9_8_v13_v12_11_2_v15_14_2_v15_1_v15_3_1_v10_9_4_1_v14_6_4_v11_8_6_2_v11_10_v12_11_2_1_v17_16_10_7_4_v17_9_7_1_v17_9_8_1_v,27,train,164
v1_v1_v1_v1_v2_1_vv1_v4_vv10_1_v6_5_3_v7_6_5_1_v7_6_1_v6_3_v6_5_v13_8_2_v17_16_8_7_2_v17_1_v17_1_v18_4_2_1_v5_2_1_v,22,train,129
vvvvv1_v4_v6_1_v8_7_v7_6_v10_v8_2_v7_v9_8_v12_8_7_v9_8_1_v16_15_8_v14_8_6_v18_8_v16_8_v15_8_v16_9_1_v22_12_6_4_v19_12_10_4_v,24,val,52
v1_v1_v2_1_v1_v2_v4_1_v7_6_1_v5_4_3_v9_v2_vv1_v8_7_5_v12_9_8_7_1_v15_9_8_1_v12_11_8_3_v17_8_v14_10_8_v8_7_v9_8_1_v21_12_6_4_v12_10_4_v,23,train,227
v1_v1_v1_v1_v1_v2_1_vv6_vvvvvvv10_v9_8_v9_v11_9_v9_v9_v9_v9_v9_v10_1_v13_6_4_vvvv28_20_11_v30_20_11_v29_28_vv29_v11_v30_29_v9_8_v35_9_v29_20_11_9_v39_29_20_9_v37_9_v9_v39_9_v29_9_v38_30_21_1_v33_24_4_v42_41_31_20_11_v22_2_v38_1_v2_1_v41_2_1_v43_40_34_1_v32_30_21_12_1_v40_27_7_v39_28_19_1_v40_31_20_1_v56_55_31_26_11_v,57,train,160
v1_v2_1_v3_2_1_vvv2_v4_1_v7_1_v5_4_3_v10_v6_2_vv1_v10_8_7_v9_8_7_1_v9_8_1_v12_11_8_6_v18_8_v14_10_8_v8_7_v9_8_1_v22_14_12_6_4_v12_10_4_v,24,train,57
v1_v1_v1_v1_v2_1_vv5_1_v8_7_1_v5_4_3_v10_v2_vv1_v11_8_7_5_v13_9_8_7_1_v9_8_1_v12_11_8_3_v18_8_v14_10_8_v8_7_v9_8_1_v22_12_6_4_v12_10_4_v,24,train,288
v1_v2_1_v2_1_v1_v2_v4_1_v6_1_v5_4_v2_v2_vv1_v8_7_v9_8_7_1_v9_8_1_v12_8_6_v10_8_v14_10_8_2_v8_7_v9_8_1_v21_14_12_6_4_v12_10_4_v,23,train,328
vvv2_v2_v1_v1_v7_v8_1_v6_2_v6_v10_8_2_v10_8_7_2_v9_7_1_v9_8_1_vv14_12_1_v13_12_2_1_v15_12_v18_16_1_v10_8_5_3_v9_8_5_1_v11_8_3_1_v14_12_5_4_1_v24_23_16_v,25,train,190
v1_vvvv1_v3_v4_1_vv1_v7_2_v11_v10_9_5_2_v13_12_9_8_2_v13_12_1_v6_v8_1_v10_5_2_v18_14_v17_16_13_12_9_7_2_v20_19_16_15_9_6_2_v16_8_7_1_v20_16_8_1_v,23,train,19
vvvvvvv4_v6_v1_v9_1_v8_v2_v2_vv1_v10_7_v9_7_1_v13_9_8_6_1_v12_11_6_3_v10_2_v10_2_v7_v9_8_1_v12_v21_1_v26_25_22_21_16_1_v26_22_18_v26_20_19_1_v27_22_1_v28_23_19_1_v28_v29_19_1_v20_v19_1_v21_20_2_1_v16_11_v37_33_13_1_v34_33_20_v34_22_1_v34_24_23_1_v35_1_v36_23_13_1_v36_13_11_v37_23_14_1_v24_11_v23_11_1_v25_24_12_2_1_v,48,train,131
vvvv2_vv6_5_v4_v8_v6_vvv12_4_v13_5_1_v14_13_8_1_v14_10_v11_1_v13_12_1_v16_14_1_v17_16_12_v17_13_11_v18_12_1_v13_11_v12_1_v14_13_2_1_v15_1_v16_2_1_v,27,train,343
v1_v2_1_v2_1_v1_v2_1_v2_1_v1_v2_1_v5_4_2_1_v10_9_v8_7_2_v11_10_2_v11_3_2_1_v11_5_3_2_1_v,15,train,268
v1_v1_v1_v1_v1_v2_1_vv1_v1_v1_v1_vvv13_v11_10_v13_11_1_v14_13_11_1_v13_2_1_v11_v13_11_1_v1_v12_11_v12_1_v24_12_v15_14_3_2_v25_24_13_12_v26_15_14_3_1_v26_25_14_2_v22_21_v24_23_1_v23_22_2_v23_22_11_v21_6_v12_11_v22_21_v24_23_10_v23_22_11_v19_18_8_7_v21_20_10_1_v20_19_11_2_v20_9_v10_1_v21_18_11_9_2_1_v,44,train,318
v1_v1_v2_1_v2_1_v1_v2_1_v2_1_v3_2_1_vv9_v11_10_1_v12_2_1_v11_10_3_v11_10_1_v11_2_1_v11_10_2_1_v7_6_4_v16_8_5_4_1_vv1_v12_v1_v2_1_v4_2_1_v17_6_5_v7_6_2_1_v18_6_5_v19_7_6_1_v,29,val,25
v1_v2_1_v1_v1_v1_v1_v1_vvv10_9_8_v2_v4_3_1_v5_4_2_1_v8_7_v8_1_v9_8_2_1_v9_4_2_1_v16_15_v18_17_9_1_v17_16_15_2_v,21,train,106
v1_vv1_vv1_vv1_vv1_v1_v1_v11_v13_1_vv11_1_vv13_1_v11_v13_1_vv1_v11_1_v13_12_1_v16_15_4_3_v24_23_12_11_v23_22_21_11_10_9_v21_20_19_v23_22_21_10_v21_20_9_v28_17_16_v28_16_15_14_v26_25_13_12_v27_26_16_15_5_v,34,val,6
v1_v1_v2_v1_vv1_v1_v1_v1_v1_v10_v12_10_1_v10_9_1_v12_1_v13_10_1_v12_v10_1_v12_1_v1_v10_1_v12_11_1_v20_19_v19_18_1_v16_15_v18_17_1_v13_12_3_v12_11_5_1_v9_8_3_v11_10_5_4_1_v,30,train,137
v1_v2_1_v3_2_1_v1_v2_1_v2_1_v1_v2_1_v2_1_v2_1_v1_v1_v2_1_v2_1_v3_2_1_v1_v1_v2_1_v2_1_v1_v1_v1_v1_v2_1_v2_1_v2_v2_1_v2_1_v2_1_v3_2_1_v21_20_v20_19_1_v18_17_16_1_v16_15_1_v16_15_1_v15_14_v14_13_1_v13_12_11_2_1_v28_8_7_v,40,train,319
v1_v2_1_v1_v1_v2_1_v2_1_v1_v1_v2_1_v2_1_v1_v11_v1_v2_1_v1_v1_v2_1_v2_1_v1_v1_v2_1_v13_2_1_v1_vv25_13_1_v2_1_v1_v1_v2_1_v2_1_v13_1_v1_v2_1_v2_1_v24_12_1_v35_34_v36_1_v36_35_v36_35_1_v35_34_1_v33_32_21_v29_28_5_v31_7_v30_29_5_v30_29_5_v29_28_7_v27_26_v23_22_11_v25_13_v24_23_11_v24_23_11_v23_22_13_v33_21_20_12_6_v,54,train,278
v1_v2_1_v2_1_v1_v1_v1_v2_1_v8_7_6_v1_v1_v9_8_7_3_v7_6_v8_7_6_1_v4_v5_1_v7_2_1_v17_16_8_1_v,18,train,399
v1_v2_1_v2_1_v1_v2_1_v3_2_1_v1_v2_1_v2_1_v1_v2_1_vv13_1_v1_vv1_v11_2_1_v3_2_1_v1_v2_1_v2_1_v11_v1_v20_19_v23_22_11_10_v25_14_13_12_v21_20_3_v19_18_7_v19_18_7_1_v14_13_3_v17_16_v20_19_18_v15_14_9_3_v13_12_5_v13_12_6_v,36,train,282
v1_v2_1_v1_v1_v1_v2_1_v2_1_v2_1_v1_v2_1_v10_v12_1_v12_2_1_vv12_1_v12_2_1_v2_1_v2_1_v2_1_v1_v11_2_1_vv1_v15_14_4_v17_16_1_v20_19_v26_5_4_v26_25_v25_24_3_1_v19_8_3_v11_10_6_v13_12_8_1_v16_15_4_v23_22_11_4_v22_21_6_v21_20_10_8_7_3_1_v,37,train,312
v1_v2_1_v1_v1_v2_1_v2_1_v1_v1_v8_v10_1_v10_2_1_v8_v10_9_1_v2_1_v9_1_v1_v9_1_v10_2_1_vv1_v14_13_4_v16_15_1_v18_17_v23_5_4_v23_22_v22_21_3_1_v18_8_3_v11_10_6_v13_12_8_1_v16_15_4_v22_21_11_4_v21_20_6_v20_19_10_8_7_3_1_v,34,train,331
vv1_vv3_2_v4_3_1_v5_4_3_v4_v5_1_v6_2_1_vv1_v3_2_1_v6_5_4_1_v4_3_v15_5_4_1_v13_10_v5_4_1_v6_1_v8_2_1_v20_10_6_2_1_v21_7_1_v22_2_1_v,23,val,54
vv1_v2_1_v3_2_1_v1_v2_1_v2_1_v1_v1_v1_v2_1_v2_1_vv1_v14_v1_v17_1_v18_5_4_1_v18_4_3_v18_5_4_1_v5_4_v6_5_1_v23_10_9_5_v12_v14_13_1_v20_19_v23_22_1_v25_24_13_8_1_v22_21_3_v22_21_1_v22_21_7_6_1_v,32,train,205
v1_v1_v2_1_v2_1_v2_1_v2_1_v2_1_v1_v1_v2_1_v2_1_v2_1_v3_2_1_v1_v1_v2_1_v2_1_v2_1_v3_2_1_v20_v21_20_1_v21_2_1_v20_1_v17_16_v14_13_1_v13_12_1_v13_12_1_v13_12_2_1_v27_9_8_7_6_v26_7_1_v26_25_8_7_1_v26_25_8_2_1_v,33,train,9
v1_v1_v2_1_v2_1_v2_1_v2_1_v1_v1_v2_1_v2_1_v3_2_1_v1_v1_v2_1_v2_1_v2_1_v3_2_1_v18_v19_18_1_v19_18_2_1_v19_18_1_v16_15_v14_13_1_v13_12_1_v13_12_1_v13_12_2_1_v23_22_6_5_v23_22_7_6_1_v,29,train,259
v1_v1_vv1_v1_vv1_v1_v1_v2_1_vv1_v13_12_v12_11_10_v10_8_vvv18_17_v17_16_v15_14_13_5_v9_4_v11_1_v1_v11_2_1_v12_2_1_v12_7_1_v13_1_v25_24_13_1_v22_14_v24_1_v24_22_21_1_v25_1_v26_2_1_v23_22_18_17_13_v24_19_v1_v37_1_v38_2_1_v,39,train,130
v1_v2_1_v1_v1_v1_v1_v1_v1_v1_v1_v1_v11_10_v13_11_1_v13_1_v13_11_1_v13_1_v1_v13_11_1_v11_1_v13_12_11_1_v13_1_v2_1_v13_12_1_v23_v1_v22_21_20_v21_20_8_v19_18_17_v17_16_4_v18_6_1_v27_25_15_14_v26_14_13_v24_23_12_11_5_v,34,train,203
v1_v1_vv1_vv1_vv1_vv1_v1_v1_v12_v14_1_v12_1_v14_v12_1_v14_12_v14_1_vv1_vv1_v12_1_v14_13_1_v20_19_18_6_5_v19_18_6_v24_23_11_10_v27_26_14_13_v21_20_8_7_v22_21_9_8_1_v30_17_16_3_v29_28_16_15_5_v26_13_12_7_v28_27_16_15_14_9_v,36,train,233
v1_v2_1_v2_1_v3_2_1_vvv1_v2_1_vv10_1_vv7_1_v8_1_v4_v6_1_v4_v12_6_5_4_1_v12_5_v12_6_1_v12_7_2_1_v,21,train,163
v1_v2_1_v3_2_1_vv5_4_v2_v2_1_v2_v9_8_2_v6_3_2_v5_4_1_v8_4_v9_7_3_1_v9_7_1_v10_1_v11_2_1_v2_1_v3_2_1_v15_11_v14_10_1_v21_20_16_12_10_v,22,train,276
vv1_v1_vv3_1_v1_v5_4_2_1_v8_4_v9_1_v8_7_v10_3_v11_10_2_1_v13_9_4_v6_1_v9_8_3_v15_12_11_4_v16_15_12_11_7_5_2_v,18,train,98
v1_vv3_1_v3_1_v5_4_2_1_v4_v1_v8_7_v3_v10_2_1_v9_4_v6_1_v9_8_3_v12_11_4_v15_12_11_7_5_2_v10_9_5_v17_8_7_3_2_v,18,train,162
v1_v1_v1_v2_1_v2_1_v2_1_v2_1_v1_v1_v2_1_v3_2_1_v2_1_v1_v1_v2_1_v2_1_v2_1_v1_v1_v2_1_v2_1_v22_v23_22_1_v6_v8_1_v25_24_4_3_v23_20_19_18_vv9_8_1_v6_5_v13_7_6_1_v11_4_3_v5_4_1_v,34,val,5
v1_v1_v1_v2_1_v2_1_v3_2_1_vv1_v2_1_v3_2_1_v2_1_v1_v2_1_v2_1_v2_1_v1_v1_v2_1_v2_1_v20_v21_20_1_v6_v8_1_v23_22_4_3_v21_19_18_17_vv9_8_1_v6_5_v13_7_6_1_v11_4_3_v5_4_1_v,32,train,292
v1_v2_1_v1_v1_v2_1_v2_1_vv1_v6_v8_1_v4_3_vvv9_8_1_v6_5_v13_7_6_1_v11_4_3_v5_4_1_v12_11_v12_9_1_v10_1_v1_v11_2_1_v2_1_v13_3_2_1_v14_v15_1_v2_1_v3_2_1_v2_1_v31_1_v32_31_1_v,33,train,7
v1_v2_1_v3_2_1_v2_1_v3_2_1_v1_v1_v2_1_v2_1_v3_2_1_v2_1_v2_1_v2_1_v9_vv10_v2_v3_1_v5_v19_5_3_2_v7_5_2_v16_8_6_3_1_v13_12_v16_15_8_1_v18_9_3_2_1_v14_13_3_2_v14_4_1_v,28,train,229
v1_v2_1_v2_1_v3_2_1_vv1_v2_1_v3_2_1_vv1_v2_1_v1_v1_v2_1_v2_1_v2_1_v3_2_1_v18_vv1_v12_11_v3_2_v23_5_v24_23_6_1_v21_6_5_3_v21_7_6_4_v18_6_v19_7_1_v23_22_7_3_v23_22_1_v23_1_v5_4_1_v6_5_2_1_v4_3_2_1_v24_14_v24_1_v22_1_v24_2_1_v26_25_4_3_2_1_v,40,train,223
vv1_v1_v2_1_v2_1_vv1_v1_vvv1_v1_v1_v14_v15_1_v16_1_vv1_v2_1_v19_vv1_v2_1_v13_12_11_v4_3_v25_6_v26_25_24_7_1_v23_7_6_5_v23_22_8_4_v20_19_v21_20_1_v26_25_24_v25_24_1_v25_v5_4_v2_1_v28_3_1_v25_24_23_v25_24_1_v24_23_22_21_v41_25_24_1_v,42,train,67
v1_vvvv1_vv4_v1_v8_v6_vv5_4_v1_vv1_vv5_4_v6_5_1_v15_5_v19_18_14_4_v20_16_11_2_v20_v20_1_v20_10_v20_19_9_v22_21_v21_v21_1_v20_15_v20_19_v22_21_v21_v21_1_v20_v20_19_v22_21_v21_v21_15_10_5_1_v,39,train,378
v1_v1_v1_v1_v1_v1_v1_v2_1_v1_v1_v1_v1_v1_v13_v15_13_1_v15_1_v13_1_v15_13_1_v15_1_v13_1_v13_1_v16_15_2_1_v13_1_v15_1_v15_13_1_v15_13_1_v15_14_1_v,28,train,317
v1_v1_vvv2_1_v5_v7_5_1_v7_6_1_v6_4_v7_5_1_vv10_1_v9_v3_v1_v13_12_3_v14_v1_v4_1_v8_6_v13_10_1_v18_13_6_v12_8_3_v10_5_1_v12_3_v8_1_v10_1_v13_9_4_1_v,29,train,143
v1_v1_v1_v1_vvv1_v1_v1_v6_2_1_v2_1_v2_1_v3_2_1_v10_9_v12_11_4_v16_10_9_v16_15_v18_17_2_1_v14_5_v18_v18_6_1_v11_3_v19_13_12_2_v24_18_17_6_v23_17_16_7_v19_18_10_2_v22_15_13_5_v19_7_v19_14_9_8_6_1_v,30,val,31
vv1_vv1_v3_2_1_v5_4_vv8_1_v2_1_v7_6_5_v11_10_5_3_v12_11_10_6_1_v6_5_4_v,14,train,107
v1_v1_v2_1_v1_v2_1_v2_1_v1_v2_1_v2_1_v2_1_v2_1_v3_2_1_v1_v2_1_v2_1_v2_1_v3_2_1_v18_v18_17_1_v19_18_1_v21_3_2_v2_v1_v2_1_v3_2_1_v2_1_v2_1_v1_v2_1_v2_1_v3_2_1_v,32,train,262
vv1_v1_v1_v1_v1_v1_v2_1_v2_1_v1_v1_v3_2_1_v2_1_v3_2_1_vv16_14_1_v17_16_14_2_1_v2_1_v1_v14_1_v16_15_1_v1_v1_v2_1_v2_1_v15_2_1_v2_1_v14_2_1_v29_28_26_v16_v18_1_v32_29_17_16_v5_2_v7_4_3_1_v,35,train,353
v1_v1_v3_1_v3_v3_2_1_vv6_v7_v3_2_vv3_1_v3_v11_4_v11_3_v8_3_2_v5_v9_3_1_v9_v15_10_v15_9_v14_3_2_v11_v15_12_6_3_1_v,24,train,249
vv1_vv4_v4_2_vv3_1_v5_v8_7_v9_8_5_1_v8_6_1_v12_4_v13_5_1_v14_10_7_1_v9_8_v10_9_1_v,17,train,366
vvv1_v1_v4_v5_1_v1_v1_v9_v10_1_v10_6_5_4_3_v10_9_v11_10_1_v13_11_10_v15_8_7_v13_12_4_2_v17_8_7_v,18,train,64
vv1_vv4_v4_2_vv3_1_v8_5_v8_7_v9_8_5_1_v8_6_1_v12_4_v13_9_5_1_v10_8_7_v9_8_1_v,16,train,88
v1_v2_1_v3_2_1_v1_v2_1_v3_2_1_v3_2_1_v1_v1_v2_1_v2_1_v1_vv1_v2_1_v3_2_1_v6_5_4_v6_5_4_3_1_v,19,train,193
v1_v2_1_v3_2_1_v1_v2_1_v3_2_1_v3_2_1_v1_v1_v2_1_v2_1_v1_vv1_v2_1_v3_2_1_v6_5_4_v6_5_4_1_v,19,val,23
v1_vv1_v2_1_v1_v1_v2_1_v3_2_1_vv1_v2_1_v4_2_v5_3_1_v14_13_v15_14_1_v14_13_12_v16_15_2_v10_9_6_5_v11_10_9_6_1_v11_10_9_v,21,val,41
v1_v2_1_v3_2_1_v2_1_v2_1_v1_v1_v2_1_v3_2_1_v2_1_v1_v1_v2_1_v3_2_1_v3_2_1_v14_13_12_11_v12_11_1_v10_9_1_v10_9_2_1_v10_2_1_v2_1_v11_3_2_1_v,23,train,83
vv1_v2_1_v2_1_v2_1_vv1_v2_1_v3_2_1_v1_v2_1_v2_1_v4_3_1_v3_2_1_v1_v1_v2_1_v17_2_1_v18_17_2_1_v18_17_2_1_v16_1_v22_1_v23_2_1_v24_19_3_2_1_v,25,train,104
v1_v2_1_v3_2_1_v1_v2_1_v2_1_v4_3_1_v3_2_1_v1_v1_v2_1_v2_1_v2_1_v2_1_v1_v1_v2_1_v3_2_1_v3_2_1_v20_19_18_v3_2_v10_9_v10_9_1_v10_3_2_1_v4_3_2_1_v11_5_3_2_1_v,27,train,322
v1_v2_1_v3_2_1_v1_v2_1_v2_1_v4_3_1_v3_2_1_v1_v1_v2_1_v2_1_v2_1_v2_1_v1_v2_1_v2_1_v3_2_1_v19_18_17_v3_2_v7_1_v2_1_v8_3_2_1_v,24,train,379
v1_v2_1_v2_1_v1_v2_1_vv1_v2_1_v2_1_v2_1_v1_v1_v2_1_v2_1_v15_14_13_v3_2_v15_14_13_12_v13_12_11_v11_10_v11_10_1_v11_2_1_v2_1_v12_11_10_7_2_1_v,24,train,133
vvv1_v2_1_v2_1_v2_1_v2_1_v3_2_1_v1_v1_v1_vv1_v2_1_v3_2_1_v1_v1_v2_1_v3_2_1_v20_19_v20_1_v1_v21_1_v17_16_v17_16_15_1_v16_15_v16_15_14_1_v28_27_7_v28_8_7_v9_8_7_1_v31_11_10_3_v,32,train,270
v1_v2_1_v3_2_1_vv1_v1_v1_vv1_vv1_v8_7_v8_7_v9_8_7_1_v11_10_3_v12_4_1_v13_12_4_v11_v12_1_v2_1_v1_v14_2_1_v15_14_3_2_1_v15_1_v16_15_1_v16_15_1_v16_v17_1_v2_1_v30_3_2_1_v,31,train,194
v1_v1_v2_1_v2_1_v3_2_1_v2_1_v2_1_v3_2_1_v2_1_v2_1_v2_1_v1_v1_v2_1_v2_1_v2_1_v1_v1_v2_1_v3_2_1_v3_2_1_v22_v22_1_v1_v23_2_1_v22_21_18_v22_18_1_v18_17_2_1_v18_17_16_1_v30_29_7_v9_8_7_6_v10_9_2_v,33,train,273
v1_v1_v2_1_v2_1_v3_2_1_v2_1_v2_1_v3_2_1_v2_1_v2_1_v2_1_v1_v1_v2_1_v2_1_v3_2_1_v2_1_v1_v1_v2_1_v3_2_1_v3_2_1_v23_v1_v1_v24_2_1_v23_22_19_v23_19_1_v19_18_2_1_v19_18_1_v31_30_7_v31_9_8_7_6_v10_9_2_v,34,train,389
vvv1_v2_1_v2_1_v2_1_v2_1_v3_2_1_v1_v1_v1_vv1_v1_v2_1_v1_v1_v2_1_v3_2_1_v20_19_v21_20_1_v20_1_v21_20_1_v16_v16_15_1_v16_15_1_v16_15_1_v28_27_8_7_v5_4_v6_5_1_v19_18_17_16_4_v,32,train,228
v1_v1_v1_v2_1_v2_1_v3_2_1_v3_2_1_v8_vv1_v2_1_vv1_v2_1_v3_2_1_v16_8_v9_7_1_v9_8_7_1_v5_4_v6_5_1_v9_1_v10_2_1_v2_1_v3_2_1_v2_1_v2_1_v16_3_2_1_v10_2_1_v12_2_1_v14_13_2_1_v31_30_23_15_1_v,32,train,334
v1_vv1_v1_vv1_vv1_v1_v1_v2_1_v3_2_1_v12_v14_1_vv1_v1_vv1_v12_v14_1_v1_v1_v2_1_v3_2_1_v25_12_vv1_v27_26_14_13_1_v26_13_v26_13_1_v26_13_v26_13_1_v33_20_8_7_v34_21_1_v8_1_v10_8_1_v36_23_10_1_v35_22_8_v35_22_10_1_v35_22_v35_22_1_v29_17_9_8_v,44,train,293
v1_v1_v1_v1_v1_vv1_vvv1_v1_v12_11_v13_12_1_vvv9_v1_v1_v10_1_v5_v6_1_v22_21_10_9_v23_22_10_1_v23_22_21_v22_21_20_v22_21_12_v23_22_21_13_1_v22_21_14_v22_21_13_12_v22_14_13_1_v23_22_13_12_1_v23_14_13_1_v24_23_22_v23_v24_20_1_v21_16_2_1_v22_17_16_1_v2_1_v18_3_2_1_v,40,train,142
v1_v2_1_v2_1_v2_1_v3_2_1_vv1_v2_1_v3_2_1_v3_2_1_vvv11_10_v9_8_2_vv1_v1_v1_v1_v1_v1_v1_v12_2_1_v13_11_2_1_v14_12_1_v15_13_1_v15_13_2_1_v16_14_v1_v1_v2_1_v3_2_1_v17_v19_1_v17_1_v19_17_1_v19_17_1_v19_1_v39_38_1_v,40,train,56
v1_vv1_v2_1_v2_1_v1_v1_v1_v1_v2_1_v2_1_v1_v2_1_v2_1_v2_1_v1_v1_v2_1_v18_v20_1_vv1_v2_1_v18_2_1_v18_2_1_v20_1_v1_v1_v2_1_v2_1_v1_v2_1_v2_1_v2_1_v20_18_17_1_v20_1_v21_2_1_v,38,train,345
v1_v1_v1_v1_v1_v1_v1_v2_1_v1_v1_v2_1_v1_v12_v14_1_v12_1_v14_1_v12_1_v14_12_1_v14_1_v1_v2_1_v12_1_v14_1_v12_2_1_v14_13_1_v20_19_18_v19_18_1_v21_20_9_8_v21_8_7_3_2_v,30,train,352
v1_v1_v1_v1_v1_v1_v1_v2_1_vv1_v2_1_v2_1_vv1_v2_1_v3_2_1_v16_v18_1_v16_1_v18_16_1_v18_16_1_v18_1_v1_v1_v2_1_v2_1_v2_1_v2_1_v3_2_1_v1_v1_v2_1_v3_2_1_v27_26_25_24_23_v23_22_v28_27_26_11_10_v25_24_8_7_2_v,38,train,200
v1_v1_v1_v2_1_v2_1_vv1_v1_vv1_v2_1_v2_1_v2_1_v1_v12_1_v11_2_1_v2_1_v13_2_1_vvv2_1_vv1_v23_22_v22_21_1_vv8_1_v7_1_v23_22_8_v24_11_10_2_1_v24_23_8_v24_23_10_1_v19_18_8_v18_17_10_1_v8_v17_10_9_8_1_v30_v32_30_18_16_1_v32_17_16_1_v17_v1_v42_2_1_v43_2_1_v,44,train,138
v1_v1_vv1_v1_v1_v1_v1_v1_v1_vv1_v12_1_v10_v12_1_v10_1_v10_1_v1_v1_v12_1_v12_2_1_vv1_v23_1_v10_v1_v1_v23_1_v2_1_v1_v21_1_v23_22_2_1_vv1_v1_v35_v2_1_v37_36_v37_36_1_v33_32_22_v33_32_1_v8_v8_1_v10_1_v34_33_8_v35_11_2_v35_34_8_v35_34_10_v31_30_8_v31_30_10_v17_v17_1_v19_1_v32_31_17_v33_20_2_v33_32_17_v33_32_19_v29_28_17_v29_28_19_18_9_v,60,train,286
v1_v2_1_v3_2_1_v2_1_v2_1_v1_vv1_v2_1_v2_1_v2_1_v2_1_v2_1_v1_v1_v1_v1_v2_1_v2_1_v1_v1_v16_15_v17_16_15_1_v10_9_8_v10_9_1_v7_6_5_v8_7_6_1_v,28,train,174
v1_v2_1_v3_2_1_v1_v1_v2_1_v2_1_v1_v2_1_v3_2_1_v6_5_4_v7_5_1_v13_v14_1_v15_14_13_2_1_v,16,train,327
v1_v1_v1_v2_1_v2_1_v1_v1_vv1_v1_v1_v1_v1_v1_v1_v1_v16_v18_16_1_v16_15_1_v16_1_v1_v16_1_v18_16_1_v18_1_v16_v18_1_vvv18_1_v18_1_v1_v18_16_1_v19_17_1_vv34_1_v29_28_11_v23_22_6_5_v29_12_v29_12_1_v30_v30_13_1_v7_v26_9_1_v36_20_19_v14_13_v20_7_v20_9_1_v21_7_v21_9_8_1_v,50,train,406
v1_v1_v1_v1_vv1_v6_v8_1_v6_1_v8_6_1_v8_1_v6_v8_7_1_v10_vv2_vv1_vv1_v1_v6_v6_v6_v19_v20_5_v11_5_3_v11_5_v11_5_v15_5_v26_19_8_3_v27_13_v22_17_v4_v21_13_8_2_v13_8_v13_8_1_v18_6_v20_1_v1_v6_v6_v14_6_v31_14_v32_5_v5_v5_v24_5_2_v34_24_15_5_v38_27_22_3_v39_32_19_13_v,52,train,22
vvv2_vv1_vv1_v1_v6_v6_v6_vv5_v11_5_v11_5_v11_7_5_v15_5_v15_v2_v19_11_6_2_v11_6_v11_6_1_v16_v18_1_v1_v6_v6_v12_v29_12_v30_5_v5_3_v5_v22_11_5_v32_22_17_15_5_vv1_v1_v1_v38_1_v40_34_25_v41_29_28_1_v6_v8_1_v6_1_v8_6_1_v28_8_1_v47_37_24_15_6_v,48,train,211
v1_v1_v1_v1_vv1_v6_v8_1_v6_1_v8_6_1_v8_1_v6_v8_7_1_v10_vv2_vv1_vv1_v1_v6_v6_v6_v19_v20_5_v11_5_3_v11_5_v11_5_v15_5_v26_19_8_3_v27_13_12_v22_17_v4_v21_13_8_2_v13_8_v13_8_1_v26_18_6_v20_1_v1_v6_v11_6_v14_v31_14_v32_5_v5_3_v35_5_v24_11_5_v34_24_19_15_5_v,50,train,358
v1_vv1_v2_1_v3_2_1_vv1_v2_1_v1_vv1_v2_1_v3_2_1_vvv1_v15_2_v15_1_v14_1_v1_v21_20_5_v20_7_5_4_v23_22_8_7_2_v5_4_v6_5_1_v19_18_17_v21_20_1_vvv21_4_v17_3_v20_19_18_4_1_v23_22_v24_1_v5_v7_1_v8_1_v29_12_8_3_v25_11_8_7_v11_6_4_3_v12_8_7_1_v,42,train,159
vv1_v2_1_vv1_v2_1_v1_vv1_v2_1_v3_2_1_vvv1_vv15_14_1_v14_v1_v19_5_v7_v21_8_7_2_v5_4_v10_8_7_3_v9_8_4_1_v8_7_3_v22_21_20_19_v23_22_1_vvv23_4_v19_3_v22_21_20_4_1_v25_24_v26_1_v5_v7_1_v8_1_v31_12_8_3_v27_11_8_7_v11_6_4_3_v12_8_7_1_v42_23_21_v,43,train,213
v1_vv1_v2_1_vv1_v2_1_v1_vv1_v2_1_v3_2_1_vvv1_v2_v15_14_1_v14_1_v1_v20_19_5_v7_5_4_v22_21_8_7_2_v5_4_v6_5_1_v20_19_18_17_v21_20_1_vvv21_4_v17_3_v20_19_18_4_1_v23_22_v24_1_v5_v7_1_v8_1_v29_12_8_3_v25_11_8_7_v11_6_4_3_v12_8_7_1_v,41,train,383
v1_v2_1_v2_1_vv1_v2_1_v3_2_1_v2_1_v1_vv6_v6_vvv2_v13_2_v14_1_v9_v19_9_v8_v20_11_2_v22_21_12_3_1_v21_2_1_v13_12_4_v14_5_1_v12_10_9_v25_11_10_6_4_v20_10_v1_v21_12_2_v2_v25_20_1_v29_22_18_v21_20_v22_21_9_1_v23_21_3_2_v8_6_5_v30_20_10_8_v,39,val,51
v1_vv1_v1_v2_1_v3_2_1_v2_1_v1_v1_v2_1_v3_2_1_v1_v2_1_v3_2_1_vvv2_1_v3_2_1_v3_2_vv2_1_v6_3_2_1_v3_v1_v25_24_v26_25_1_v26_25_1_v27_26_2_1_v27_2_1_v25_24_23_v25_23_1_v17_15_14_v13_12_10_v10_v11_1_v2_1_v37_12_2_1_v,38,train,161
vvvv1_vv1_vvvvv1_vv1_v14_7_v1_v1_v17_10_3_v17_10_2_vv1_v20_13_1_v17_10_v21_vvv24_17_7_v24_17_v6_v1_v26_19_1_v26_19_9_v9_8_v9_8_v9_7_v33_26_9_v33_26_9_v31_15_6_v31_23_21_v25_1_v22_1_v41_34_27_3_v41_34_26_2_v23_v25_23_1_v37_25_1_vv38_vvv48_41_7_v41_15_v23_6_v25_23_1_v50_43_25_1_v43_9_v9_8_v9_8_v9_7_v50_9_v50_33_9_v55_48_39_30_24_v,62,train,313
vvv1_v1_v3_v2_vv1_v1_vvvvv7_v15_2_vv1_v1_v9_3_v9_v10_9_v10_9_v9_v9_v24_v21_v21_v14_v29_v12_1_v30_6_v30_27_v27_24_v20_14_11_v35_20_11_v18_1_v27_12_v35_33_12_6_v37_1_v34_1_v39_15_9_3_v38_15_9_2_v35_v37_35_1_v37_18_12_1_v45_21_15_9_vv1_vv22_16_7_v51_27_22_16_v35_v37_35_1_v37_24_18_1_v54_30_9_3_v28_9_v9_8_v58_9_v31_25_9_v,60,train,126
vvvv1_vv1_vv1_vvv1_vv1_vvvv13_v15_1_v14_13_v15_1_v21_14_7_v1_vv13_v15_1_v13_v15_14_1_vv1_v1_v3_v31_2_vv1_v34_1_v32_v1_v1_v36_v38_7_v2_v1_v41_1_v39_6_v38_v1_v1_v41_v41_2_vv1_v44_1_v42_v1_v1_v46_v48_7_v2_v1_v51_1_v49_6_v48_v1_v1_v51_v51_2_vv1_v54_1_v52_v1_v1_v56_v58_7_v2_v1_v61_1_v59_6_v58_v1_v1_v61_v61_2_vv1_v64_1_v62_v1_v1_v66_v68_7_v2_v1_v71_1_v69_51_34_17_6_v,96,train,198
v1_vv1_vvv1_v7_v1_v8_1_vv1_v1_v11_3_v11_2_vv1_v1_vv1_v1_vv18_7_v2_v1_v3_1_v19_6_v27_19_v27_1_v27_18_16_v20_1_v17_1_v30_22_3_v30_21_2_v18_v20_19_18_1_v33_20_1_v31_18_v20_18_1_v20_13_1_v35_17_v37_16_7_v21_2_v18_1_v40_22_20_3_1_v38_25_6_v38_18_v38_20_19_1_v46_45_v47_35_32_1_v45_28_25_v45_30_1_v47_34_1_v53_52_27_v,54,train,269
vvvvv5_vvvvv10_5_vvvvv10_5_vvv15_10_5_vv1_vvv20_v22_2_v23_v1_v24_v28_27_v9_v1_v1_v32_vvv9_v5_3_v36_v6_4_v6_v6_1_v6_4_v21_v21_1_v23_21_vv1_vvv41_v43_2_v49_44_v1_v45_v49_48_v9_v52_1_v53_v53_vvv9_v5_3_v57_26_v6_4_v6_v6_1_v6_4_v21_v21_1_v23_21_vv1_vvv62_v64_2_v75_65_v1_v66_v70_69_v9_v73_1_v74_v74_vvv9_v5_3_v78_52_v52_26_6_4_v6_v6_1_v6_4_v21_v21_1_v23_21_vv1_vvv83_v85_2_v86_v1_v87_v91_90_v9_v94_1_v95_v95_vvv9_v5_3_v99_52_26_v26_6_4_v6_v6_1_v6_4_v21_v21_1_v78_52_26_23_21_v,123,train,247
vv1_vvvvvv1_vvvvv11_v13_1_vvvvv11_v13_1_vv18_12_6_vvvv22_v24_2_v25_v1_v26_v31_30_v9_v1_v1_v35_vvv9_v5_3_v38_v6_4_v6_v6_1_v6_4_v21_v21_1_v23_21_v25_v1_vvv42_v44_2_v51_45_v1_v46_v51_50_v9_v54_1_v55_v55_vvv9_v5_3_v58_v6_4_v6_v6_1_v6_4_v21_v21_1_v26_23_21_vvvv61_v63_2_v76_64_v1_v65_v70_69_v9_v73_1_v74_v74_vvv9_v5_3_v77_51_25_v6_4_v6_v6_1_v6_4_v21_v21_1_v25_23_21_v76_50_v1_vvv81_v83_2_v84_v1_v85_v90_89_v9_v93_1_v94_v94_vvv9_v5_3_v97_26_v6_4_v6_v6_1_v6_4_v21_v21_1_v77_51_26_23_21_v,125,val,40
vvvv4_vv6_1_v6_4_vv1_vvvvvv2_vv1_vvv9_v1_vvvvv9_v5_3_vv6_4_v6_v6_1_v6_4_v21_v21_1_v25_23_21_vv1_vvvv5_v1_vvvv10_9_5_v44_1_vvv29_28_v32_28_v49_33_24_v38_37_v40_36_15_10_5_vvvv19_v21_2_v22_7_v1_v23_8_v27_26_12_v9_v15_1_v1_v31_vvv9_v5_3_v35_20_v6_4_v6_v6_1_v6_4_v21_v21_1_v69_44_23_21_v25_v1_vvv40_v42_2_v48_43_33_v1_v44_34_v48_47_38_v9_v51_41_1_v52_v52_vvv9_v5_3_v56_46_v6_4_v6_v6_1_v6_4_v21_v21_1_v95_70_23_21_v51_25_v1_v100_98_v100_v100_61_v63_2_v64_v112_1_v65_v69_68_64_v9_v72_67_1_v116_73_v115_73_v118_115_v,121,train,237
v1_v2_1_v2_1_v2_1_v2_1_vv1_v2_1_v9_3_2_1_v9_4_3_2_v8_v10_2_1_v12_11_3_2_1_vv11_v1_v2_1_v15_14_7_3_2_v14_3_2_v6_v7_1_v17_3_2_1_v9_3_2_v,24,train,195
v1_vv1_v1_v1_vvv1_v1_v1_v1_v1_vvvvv1_v9_8_7_v11_10_9_v14_13_v14_13_2_1_v22_21_v23_22_1_v22_21_v24_23_2_1_v23_22_v23_22_1_v16_v16_1_v17_16_1_v18_17_1_v18_17_2_1_v19_18_1_v18_17_v20_19_18_1_v21_20_3_1_v32_31_v32_18_1_v28_27_v28_12_1_v,41,train,60
vvvv3_v2_1_vv1_v1_v9_vv11_v2_v1_v5_v13_5_v7_5_v13_v3_v14_v19_3_v18_17_16_2_1_vv1_vv23_1_v24_2_1_v25_1_v27_2_1_v26_v1_v24_23_8_v24_19_10_1_v18_8_v32_16_8_1_v17_11_10_2_v19_11_10_7_1_v34_18_7_v24_9_8_1_v32_v34_32_1_v34_18_1_v42_28_26_v28_v44_28_v32_2_v34_23_1_v38_17_9_5_v46_38_30_24_5_v,49,train,294
v1_v2_1_v2_1_vv1_v1_v1_v1_v1_v1_v1_v2_1_v1_v1_v14_v16_1_v2_1_v16_15_1_v1_v15_14_1_v1_v18_17_15_1_v17_1_v1_v17_1_v15_1_v16_1_v2_1_v19_18_16_15_1_v18_1_v19_17_1_v20_19_v27_26_vv32_31_2_v35_2_v7_6_5_v2_v20_19_6_v25_24_6_4_v26_7_5_3_1_v20_19_9_7_3_v31_14_13_11_6_v,44,train,183
v1_v2_1_v2_1_vv1_v1_v1_v1_v1_v1_v1_v2_1_v1_v1_v14_v16_1_v2_1_v2_1_v14_13_v16_14_1_v16_14_1_v16_1_v1_v1_v14_1_v1_v17_16_14_13_2_1_v16_1_v17_15_1_v18_17_v25_24_vv30_29_2_v33_2_v7_6_5_v2_v19_18_6_v23_22_6_4_v24_7_5_3_1_v19_18_9_7_3_v29_14_13_11_6_v,42,train,42
v1_v1_v1_v1_v1_v1_v2_1_v2_1_v1_v1_v1_vvv2_v2_v8_7_6_5_v16_15_3_v3_v7_2_v7_5_2_vv7_1_v2_1_v10_2_1_v25_24_11_v25_1_v27_25_15_1_v27_16_1_v25_1_v1_v25_1_v27_26_1_v24_23_22_17_2_1_v26_23_1_v26_25_1_v18_16_14_v17_16_1_v2_1_v20_15_2_1_v40_21_14_13_v,41,train,168
v1_v2_1_v2_1_vv1_v1_v1_v1_v1_v1_v1_v2_1_v3_2_1_v1_v1_v15_v17_1_v2_1_v2_1_v15_14_v17_15_1_v17_15_1_v17_1_v1_v17_1_v14_1_v15_1_v2_1_v17_15_1_v18_17_15_v18_16_1_v19_18_1_v27_26_vv32_31_2_v35_2_v24_8_7_6_v16_15_3_v23_3_v21_20_7_2_v25_24_7_5_2_v,42,train,281
v1_v2_1_v2_1_vv1_v1_v1_v1_v1_v1_v1_v2_1_v3_2_1_v1_v1_v15_v17_1_v2_1_v2_1_v15_14_v17_15_1_v17_15_1_v17_1_v1_v17_1_v14_1_v15_1_v2_1_v17_15_14_1_v18_17_v18_16_1_v18_17_vv31_30_v34_v3_1_v31_30_3_v25_24_6_v9_8_1_v4_v22_21_4_v26_25_7_6_v27_10_8_7_3_1_v22_21_10_3_v16_15_13_7_6_v,46,train,386
v1_v1_vv1_v1_v1_v1_v1_v1_v2_1_v2_1_v2_1_vv1_v2_1_vvvvvv5_v5_v5_v8_3_v6_v14_v21_v5_v26_4_v30_v18_5_v27_5_v15_5_v20_19_18_13_v33_16_10_6_v18_v17_14_1_v18_8_2_1_v37_19_9_1_v39_15_1_v22_v39_37_1_v40_39_37_26_2_1_v37_27_22_v1_v37_1_v1_v36_1_v36_33_2_1_v38_29_v36_27_1_v38_37_28_2_1_v53_52_20_v54_53_24_1_v,55,train,111
v1_v1_vv1_v1_v1_v1_v1_v1_v2_1_v1_v2_1_vv1_v2_1_v16_v1_v16_2_1_v18_2_1_v16_15_v18_16_1_v19_18_16_1_v18_1_v1_v18_16_1_v1_v16_1_v1_v18_16_1_v18_1_v17_16_1_v20_v27_vv33_32_2_v35_2_v24_5_v33_5_3_v5_3_v26_25_8_3_v12_v19_v4_v25_24_11_6_v29_28_11_6_v16_5_v25_5_v32_14_5_v19_18_17_12_9_v,50,train,320
v1_v2_1_v2_1_vv1_v1_v1_v1_v1_v1_v1_v2_1_v3_2_1_v1_v1_v15_v17_1_v2_1_v2_1_v15_14_v17_15_1_v17_15_1_v17_1_v1_v17_1_v14_1_v15_1_v2_1_v17_15_1_v18_17_15_v18_16_1_v19_18_1_v27_26_vv32_31_2_v35_2_v24_8_7_6_v16_15_3_v23_3_v21_20_7_2_v25_24_7_5_2_v,42,train,1
v1_v1_v2_1_v2_1_v3_2_1_vv1_v2_1_v1_v1_vv12_1_v1_v1_v1_v2_1_v10_v12_10_1_v2_1_v1_v12_11_1_v13_2_1_vv13_11_10_1_v13_1_v11_1_vvv1_v1_v1_v2_1_v32_9_8_v29_28_8_v12_2_v30_29_9_8_7_2_v28_27_7_6_v27_26_14_v23_22_3_v29_17_v24_23_14_13_7_v22_21_12_v20_19_v18_17_8_v22_v19_18_12_v17_16_10_5_v,48,val,46
vv1_v1_v1_v1_vvv1_v1_vv1_vv1_v1_v1_v1_v1_vv1_v1_v1_vv1_v11_v13_11_1_v13_11_1_v25_13_1_v24_23_11_1_v13_1_v11_v25_23_13_1_v25_23_1_v25_13_1_v13_11_1_v13_12_1_v36_35_v32_31_v38_2_v33_32_8_2_v31_30_29_v41_40_29_28_5_v25_24_5_3_v43_31_v37_26_25_13_v35_34_24_23_v46_22_21_5_v18_17_8_5_v48_24_v42_19_18_v40_17_16_10_5_v,51,train,23
v1_v1_v2_1_v1_v1_vv7_5_v8_v5_1_v7_5_1_v7_6_1_v1_v7_v12_11_5_v11_10_v15_8_2_v12_5_2_v12_6_1_v11_10_3_v10_9_3_v14_13_7_v11_10_7_2_v17_11_10_5_v,24,train,79
v1_v1_v2_1_vv1_v1_v1_v1_v8_1_v7_1_v7_v1_v1_v1_v1_v7_1_v1_v9_8_1_v8_7_v6_1_v8_1_v1_v1_v2_1_v7_2_1_vv27_vv29_28_v28_27_20_v27_26_v26_25_v29_v27_26_v26_25_v24_23_v23_22_v27_26_v24_23_v23_22_v22_21_v21_20_v24_v22_21_v21_20_15_10_5_v42_v43_19_1_v44_22_20_2_1_v43_23_1_v50_45_23_1_v,51,train,306
v1_v1_v1_v1_v1_v2_1_v2_1_v7_v9_1_v9_7_1_v9_1_vvv9_1_vvvvv1_vvv1_vvv9_1_v7_1_v9_1_v1_v1_v1_v1_v31_30_v30_29_21_13_v33_18_17_10_v31_30_22_21_14_13_6_5_v30_29_21_13_v28_27_v27_26_18_v31_30_23_22_15_v28_27_26_19_18_v27_26_18_v25_24_v31_24_23_v28_27_v25_24_v31_24_23_v22_21_v21_20_v25_24_v22_21_v21_20_15_10_5_v,52,val,38
vv1_v1_vvv3_1_v5_4_2_1_vv9_5_1_vv1_v8_3_1_v12_3_v6_v1_v16_12_4_v7_4_v8_6_1_v15_8_1_v19_15_10_3_v13_7_6_5_v,22,train,2
v1_v1_v1_vv1_v1_vv1_v2_1_v3_2_1_v3_2_1_v11_v13_1_v11_1_v13_12_1_v11_v1_v1_v13_3_v1_vv1_v1_v24_1_v23_22_v21_9_7_v23_11_9_1_v24_11_1_v24_23_13_9_3_v24_23_11_1_v22_21_9_v21_9_v11_10_9_1_v22_11_1_v33_32_20_10_v31_v33_21_18_1_v33_19_18_1_v19_v1_v20_2_1_v21_11_3_2_1_v21_3_2_1_v,44,train,325
v1_v1_vv1_v2_1_v3_2_1_vv1_v1_v1_v10_v12_10_1_v11_1_vv1_v2_1_v3_2_1_v10_v12_1_v10_1_v12_11_1_v21_10_v1_v1_v24_23_12_3_v24_23_v23_22_v22_v1_v23_1_v22_21_v20_9_7_v22_11_9_1_v23_11_1_v23_22_13_3_v23_v22_21_v21_9_v11_10_9_1_v22_11_1_v32_31_20_10_v16_15_6_5_v40_29_17_16_7_6_1_v,44,train,6
v1_v1_v2_1_v1_v1_v2_1_v2_1_v1_v1_v2_1_v2_1_v2_1_v1_v9_v2_vv17_1_v15_14_4_v2_v19_18_3_1_v15_7_3_v9_7_v7_6_v24_8_7_5_4_1_v18_11_4_v12_1_v16_12_v16_13_6_1_v21_15_4_3_v18_15_8_3_2_v,31,train,36
v1_vv3_2_1_vv1_vv1_v4_3_v3_2_v7_v10_1_v1_v2_1_v2_1_v1_v12_1_v13_12_9_2_1_v10_1_v2_1_v2_1_v2_1_v16_2_1_v16_14_1_v22_21_14_v25_24_23_22_15_1_v26_25_13_12_v,27,train,363
v1_vv1_vv1_vvv1_v2_1_v2_1_v1_v1_v2_1_v3_2_1_v15_v16_15_1_v16_15_2_1_v17_16_15_2_1_v15_14_v17_16_1_v16_15_v16_1_v17_2_1_v18_17_16_2_1_v,25,train,38
vvv2_vvvvv4_vvv10_v8_v8_v8_7_v14_8_v7_3_v7_5_v17_15_8_7_v10_3_v20_18_12_1_v9_vvv9_v5_vvv25_10_v25_8_4_v8_v8_7_v29_25_8_v7_3_v13_7_v24_8_7_v34_27_20_10_v37_35_29_17_12_v,38,train,390
v1_v2_1_v2_1_v3_2_1_vv1_v2_1_v3_2_1_v2_1_v3_2_1_v11_10_9_vv1_v13_2_1_v12_1_v14_4_3_2_1_v13_2_v1_v2_1_v15_3_2_1_v,21,train,333
v1_v2_1_v1_v1_v2_1_v2_1_v1_v1_v2_1_v2_1_v1_v2_1_v2_1_v2_1_v2_1_v2_1_v1_v2_1_v3_2_1_v20_19_18_v19_18_1_v19_2_1_v19_1_v21_2_1_v20_19_2_v19_1_v21_2_1_v3_2_1_v,29,train,220
v1_v2_1_v1_v2_1_v2_1_v3_2_1_vv1_v2_1_vv2_1_v2_1_vv1_v8_7_6_4_v6_5_4_v5_4_3_1_v5_4_1_v19_18_5_1_v,20,train,21
vv1_v1_v1_v1_v2_1_v2_1_v1_v1_v2_1_v2_1_v3_2_1_v13_v14_1_v15_2_1_v15_v17_16_2_1_v17_16_2_1_v16_15_v17_16_1_v,21,train,17
v1_v1_vv1_v2_1_vv1_v2_1_v3_2_1_v9_8_v10_9_1_v12_v13_1_v10_9_1_v12_1_v13_2_1_v11_v1_v10_2_1_vvv19_1_v20_19_1_vv1_v6_v26_7_1_v26_7_v24_4_vv1_v26_8_v27_2_v27_16_4_v9_v14_8_v23_16_14_1_v24_23_16_1_v14_7_v16_11_1_v30_21_6_v30_22_16_7_v30_22_7_v28_19_4_v14_11_v16_13_1_v30_23_8_v31_17_2_v31_19_15_4_v,50,train,381
vvv3_vv1_v1_v1_v1_v2_1_vv1_v2_1_v8_7_v10_9_1_v7_6_1_v9_1_v16_10_2_1_v16_8_v16_1_v9_8_2_1_v20_v17_v17_v2_v2_v19_1_v20_19_1_v7_v20_8_1_v20_2_v31_29_v32_29_1_v23_2_v34_31_23_15_2_v34_6_v23_14_v14_v23_12_11_1_v24_23_13_1_v19_12_11_10_5_v40_20_12_6_v28_18_6_v29_20_18_6_v26_16_4_v45_43_13_12_v,46,train,63
v1_v1_v2_1_v1_v1_v1_v1_v1_v2_1_v2_1_v1_v1_v1_v2_1_v14_v16_1_v1_v16_2_1_v14_2_1_v16_14_1_v1_v1_v1_v2_1_v2_1_v16_15_1_v1_v2_1_v17_15_2_1_v17_2_1_v30_v1_v31_1_v30_v32_1_v31_30_v30_v32_2_v2_1_v24_9_8_v10_9_8_1_v25_10_1_v24_8_v26_10_1_v25_24_7_v24_7_v26_11_8_2_v11_10_9_2_1_v,49,train,355
v1_vv1_vv1_vvv1_v2_1_v2_1_v1_v1_v2_1_v3_2_1_v2_1_v16_15_v17_16_15_1_v16_15_2_1_v15_14_v17_16_1_v16_15_vv17_2_1_v18_3_2_1_v18_17_16_3_1_v13_12_11_v,27,train,80
v1_v1_v3_2_1_v1_vv1_v5_2_1_v8_5_4_v6_5_1_v5_4_v6_5_4_1_v,12,train,235
v1_v1_v1_v1_v5_v1_v5_1_v7_5_1_v7_6_5_1_v7_1_v8_7_2_1_v9_3_1_v13_7_v,14,train,127
v1_v1_v2_1_v2_1_v2_1_vv1_v2_1_v2_1_v1_v2_1_v2_1_v3_2_1_v14_13_12_v15_13_1_v14_2_1_v14_13_12_1_v16_15_2_1_v9_8_6_v15_14_v15_1_v16_2_1_v,23,train,365
v1_v2_1_v2_1_v2_1_vv1_v2_1_v3_2_1_v1_v1_v2_1_v2_1_v3_2_1_v14_13_v14_1_v15_14_2_1_v15_14_13_1_v16_2_1_v8_7_6_v16_14_v15_1_v17_16_2_1_v23_9_8_v,24,train,215
vv1_v1_v1_v1_v2_1_v2_1_v1_v2_1_v2_1_v1_v1_v2_1_v3_2_1_v1_v1_v2_1_v3_2_1_v4_3_1_vv1_v22_2_1_v23_2_1_v23_22_v25_2_1_v6_5_v7_6_1_v27_26_4_3_v26_v1_v29_28_2_1_v28_3_2_1_v,33,train,34
v1_v1_v1_v1_v1_v1_v2_1_v2_1_v1_v1_v2_1_v2_1_v3_2_1_vv1_v16_1_v15_v18_17_3_2_v5_4_v6_5_4_1_v6_5_3_1_v5_v22_6_1_v22_21_7_2_1_v21_20_v22_21_1_v,27,train,258
v1_v2_1_v3_2_1_v2_1_v2_1_v1_v2_1_v2_1_v2_1_v1_v1_v2_1_v3_2_1_v14_13_v15_14_1_vv1_v17_2_1_v16_1_v18_4_3_2_1_v17_16_2_v16_1_v18_2_1_v3_2_1_v,25,train,55
v1_v2_1_v3_2_1_v3_2_1_vv2_1_v2_1_v3_1_v2_1_v7_6_4_v4_1_v1_v5_2_1_v5_2_1_v2_1_v2_1_v2_1_v1_v1_v2_1_v2_1_v1_v1_v2_1_v2_1_v3_1_v4_2_1_v,28,train,62
v1_vv1_v2_1_v1_v2_1_v2_1_v3_2_1_v1_v1_v2_1_v2_1_v1_v2_1_v2_1_v3_2_1_v3_2_1_v3_2_1_vv1_v21_2_1_v22_21_3_2_1_v22_2_1_v22_21_v24_2_1_v23_22_v23_22_1_v,28,train,146
vv2_vv3_1_v2_v6_4_v4_3_2_v7_5_4_1_v6_4_v10_9_8_4_v8_6_2_v,12,train,303
v1_v1_v1_vv1_v2_1_v1_v1_v2_1_v2_1_v1_v1_v2_1_v2_1_v3_2_1_v16_15_v17_16_1_v18_17_1_v17_16_2_1_v17_16_15_v18_2_1_v17_16_v16_1_v18_2_1_v3_2_1_v,26,train,287
v1_v2_1_v3_2_1_v3_2_1_v2_1_v1_v1_vv1_v2_1_v2_1_vv1_v2_1_v3_2_1_v3_2_1_v14_13_1_v11_1_v13_1_vv1_v2_1_v12_2_1_v17_v17_1_v7_1_v7_3_2_1_v,28,train,360
v1_vv1_v4_v4_v5_4_1_v5_4_1_v5_1_v2_1_v2_1_v3_2_1_v1_v1_v2_1_v2_1_v1_v2_1_v2_1_v3_2_1_v3_2_1_v3_2_1_vv1_v2_1_v21_3_2_1_v26_22_2_1_v27_26_22_21_v,28,train,181
v1_v2_1_v3_2_1_v1_v1_v1_v1_v1_v2_1_v2_1_v1_v1_v2_1_v2_1_v3_2_1_v3_2_1_v16_v17_1_v17_2_1_v16_1_v18_17_2_1_v17_16_v16_1_v18_2_1_v3_2_1_v,26,train,398
vv1_vv1_v2_1_vv1_v2_1_v2_1_v1_v1_v2_1_v2_1_v3_2_1_v3_2_1_v16_v17_16_1_v18_17_2_1_v18_17_2_1_v18_17_16_v20_19_1_v17_15_v18_17_16_1_v,24,val,44
v1_vv1_vv1_v1_vv1_v2_1_v2_1_v1_v1_v2_1_v3_2_1_v15_14_v13_12_v13_12_1_v16_15_v18_17_16_1_v20_19_5_2_1_v16_15_v16_15_1_v,23,train,123
v1_v1_v2_1_v2_1_v3_2_1_v1_v1_v2_1_v2_1_v2_1_v3_2_1_v3_2_1_vv13_1_v15_2_v3_1_vv17_5_4_3_v17_6_5_1_v20_7_5_4_2_v16_15_v16_1_v12_6_v12_7_1_v19_4_3_v14_9_3_2_v,27,train,128
v1_v2_1_v2_1_v2_1_vv1_vvvvv1_v1_v1_v2_1_vv1_v2_1_v1_v16_15_14_v15_14_v15_14_1_v16_15_1_v16_15_1_v17_16_1_v17_16_v17_1_v18_1_v18_1_v19_18_1_v19_18_1_v19_18_17_1_v17_16_15_v16_15_1_v16_v1_v2_1_v2_1_v38_2_1_v,39,train,212
v1_vv1_vv1_v1_vv1_v2_1_v1_v1_vv11_1_v2_1_v13_1_v1_v12_1_v2_1_v11_1_v1_v2_1_v2_1_v12_2_1_v23_22_v25_24_1_v24_23_2_v24_23_v24_23_v23_v1_v24_23_1_v22_21_v32_31_20_19_7_v34_33_22_21_10_v32_21_20_11_2_v33_32_21_20_v33_32_21_20_v32_20_8_v10_8_1_v33_21_10_9_1_v31_30_18_9_v,42,train,118
v1_vv1_vv1_v1_vv1_v2_1_v1_v1_vv1_v2_1_v13_2_1_v1_v1_v2_1_v11_1_v1_v2_1_v2_1_v12_2_1_v23_22_v25_24_1_v24_23_2_v24_23_v24_23_v23_v1_v24_23_1_v22_21_v32_31_20_19_7_v34_33_22_21_10_v32_21_20_11_2_v33_32_21_20_v33_32_21_20_v32_20_8_v10_8_1_v33_21_10_1_v31_30_18_9_v,42,train,74
vv1_vv1_v1_v1_v1_vv1_v2_v11_v11_v11_v1_v1_vv7_v10_v11_v20_v20_v20_8_v9_1_v10_1_vv16_v19_v20_v29_v30_29_v29_17_v18_8_1_v30_19_1_v27_18_9_vv28_27_1_v29_27_v28_27_1_v38_28_27_v39_28_1_v40_28_1_v27_v40_1_v2_1_v1_v40_39_30_1_v29_v31_30_13_v32_30_13_1_v31_30_1_v31_30_1_v51_31_1_v31_1_v50_30_1_v52_50_13_1_v52_1_v50_1_v52_51_33_1_v12_v33_1_v35_34_14_12_2_1_v36_34_12_v53_44_35_34_1_v,64,train,316
v1_v2_1_v1_vv1_v1_vv1_v2_1_v1_v6_v1_v8_2_1_vv13_1_v15_13_2_1_v14_7_1_v14_13_v1_v16_1_v17_2_1_v14_v23_14_1_v16_2_1_v15_1_v15_v15_1_v22_1_v23_2_1_v27_20_5_v27_20_5_4_1_v22_7_v22_1_v24_17_v17_1_v11_v11_6_4_2_1_v,38,train,222
v1_v1_v1_v1_v1_v1_v1_v2_1_v8_v10_8_1_v10_8_1_v10_9_1_v8_6_v9_8_1_v9_7_1_v13_12_v12_v14_2_1_v7_1_v7_2_v5_4_3_2_1_v,22,train,348
v1_vv1_vv1_v2_1_v7_v7_1_v8_1_v8_vv6_1_vvv1_v12_2_1_v12_11_6_5_4_v15_8_4_v17_16_9_1_v9_8_3_v11_7_6_3_2_v17_9_5_v19_10_7_1_v24_23_17_v25_24_17_16_v,26,train,224
v1_v1_v1_v2_1_vv6_5_v1_v2_1_v5_1_v6_1_v10_6_v7_1_v12_11_6_2_v12_11_5_1_v10_9_2_v11_5_v10_9_6_3_2_v10_9_8_5_4_1_v,19,train,109
vv1_vv1_vvvvv1_v1_vv1_vvvvv15_1_v17_1_v15_v17_1_v17_vvvv17_15_v17_1_v15_14_v17_15_1_vvv16_v30_29_5_v32_8_v30_29_13_5_v35_19_11_2_v31_v31_30_v2_v33_25_17_9_1_v37_30_29_v33_32_v37_30_29_13_v43_35_v31_v31_8_v39_31_23_15_1_v3_v42_34_1_v31_30_v34_33_v31_30_v52_36_v32_v32_31_9_v17_8_2_v50_42_34_26_1_v31_30_v34_33_v31_30_v36_v32_v32_25_8_v56_48_40_32_18_1_v9_3_v35_26_17_9_1_v,66,train,243
v1_vv1_v2_1_vv1_v2_1_v2_1_v9_vv7_1_vvv1_v13_2_1_v13_12_6_5_4_v16_8_4_v18_17_9_1_v9_8_3_v11_7_6_3_2_v18_9_5_v20_10_7_1_v18_17_v18_17_1_v19_17_1_v20_19_3_2_1_v,27,train,388
v1_vv1_v3_vv1_vv1_v5_v5_v11_v1_v9_1_v11_v13_1_v15_7_3_v11_7_v13_1_v12_11_vv1_v20_8_v20_13_8_v19_7_v17_4_v17_6_1_v25_16_13_v25_18_13_v24_19_12_5_v23_11_9_5_v27_22_15_10_v27_15_9_8_v33_21_11_6_v,34,train,377
vv1_v2_1_vv1_vv1_vv8_v1_v10_1_v2_1_v7_1_v8_1_v8_1_v10_1_v9_1_v18_17_16_v16_15_14_v20_2_v17_16_15_6_v15_14_v23_22_14_13_v20_19_12_11_v25_16_7_v22_21_20_12_11_v20_19_11_10_5_v,28,train,351
v1_v1_vv1_vv1_v1_vv7_1_v9_1_v7_6_v9_7_1_vv7_1_v8_v15_8_v15_14_v18_10_2_v15_14_6_2_v14_13_v20_13_12_v12_11_3_v23_15_v12_11_7_2_v18_11_10_5_v,26,train,76
v1_v2_1_vv1_v1_v1_v1_v7_v9_7_1_v9_8_1_v6_v7_1_v10_9_8_7_v9_7_1_v9_8_1_v15_v15_14_v2_v15_14_7_2_v14_13_6_v13_12_3_v12_11_3_v15_7_2_v12_11_7_2_v11_10_5_v,26,train,176
v1_v1_v2_1_v1_v1_v2_v2_1_v3_2_1_v1_v9_v11_9_1_v11_9_1_v8_v1_v2_1_v9_7_2_1_v9_8_1_v17_v16_15_v2_v16_15_2_v14_13_1_v13_12_3_v12_11_3_v15_7_2_v12_11_7_2_v18_11_10_6_5_v,28,train,407
v1_v2_1_v3_2_1_v2_1_v2_1_v1_v2_1_v3_2_1_v1_v1_v2_1_v2_1_v3_2_1_v13_12_v10_9_7_1_v15_14_2_v9_8_2_v7_6_5_1_v,19,train,240
v1_v1_vv1_v2_1_v3_2_1_v2_1_v1_v2_1_v2_1_v11_10_9_v10_9_1_v13_12_11_2_v12_11_10_2_v7_6_v9_8_1_v12_11_10_3_1_v9_8_3_2_v9_4_1_v,20,train,326
v1_v1_v3_2_v3_1_v2_1_v3_2_1_v2_1_v1_v2_1_v2_1_v10_9_v10_9_1_v13_11_2_1_v12_11_10_2_v7_6_v9_8_1_v11_10_5_3_1_v9_8_3_2_v10_9_4_1_v,20,train,263
vv1_vv1_v1_v1_v2_1_vv1_v2_1_vv10_v12_1_v10_v12_1_v11_1_v12_1_v2_1_vv12_10_1_v11_2_1_v22_11_v23_12_1_v23_12_1_vv24_1_v24_2_vv1_v23_12_2_v23_12_2_v32_21_9_v11_9_1_v22_11_1_v9_8_v23_11_1_v23_12_2_v9_8_v11_8_1_v22_12_2_v22_12_10_2_v,42,val,8
vv1_v2_v2_vv1_v1_v8_v1_v2_v10_9_8_v11_8_1_v12_2_v12_10_2_v10_vv1_v18_v1_v1_v1_v19_2_1_v19_v1_v2_1_v2_1_v22_v21_11_v20_13_1_v20_11_v13_11_1_v12_1_v32_30_20_1_v30_20_v12_1_v10_2_1_v31_22_10_v33_31_23_11_1_v33_23_11_1_v40_31_30_v33_24_1_v,42,train,218
v1_vv3_v2_v5_4_2_v1_v1_v1_v7_1_v7_4_v6_4_1_v6_1_v4_1_v12_10_6_5_1_v,15,train,105
vv2_v2_v1_v5_1_v5_2_v4_2_1_v8_6_4_3_1_v8_6_v7_1_v,11,train,210
vvv2_v4_2_v1_v5_1_v7_5_2_v4_2_1_v8_6_4_3_1_v,10,train,179
v1_v2_1_vv1_v1_v6_4_1_v7_6_1_v4_v6_4_1_v6_4_1_v10_9_6_5_4_1_v,12,train,264
vv1_vv1_v1_v1_v1_v7_v7_1_v9_1_v7_v9_1_v1_v9_7_1_v9_8_1_v16_15_v16_1_v18_2_v1_v1_v19_v19_1_v15_6_v23_15_8_1_v25_17_7_6_v6_1_v8_1_v26_18_6_v18_8_7_1_v,30,train,96
vv1_v3_v4_1_v3_vv1_v6_1_v6_3_2_1_v4_2_v6_5_3_1_v10_v12_8_7_1_v14_10_7_v,15,train,394
vvv2_v3_1_v1_v6_4_1_v7_5_2_1_v4_3_2_1_v8_6_5_4_1_v,10,train,136
vv1_v1_v4_1_v5_1_vv1_vv2_1_v5_4_v4_3_2_1_v10_v12_10_1_v12_1_v15_11_10_1_v10_9_7_v17_11_10_8_7_1_v,18,train,132
vv1_vv3_v5_3_v5_1_v4_vv1_v1_v1_v9_5_v11_1_v14_13_10_3_v6_v8_6_1_v8_1_v14_7_4_1_v16_12_6_v14_8_1_v21_17_16_10_7_3_v,22,train,10
vv2_v1_v1_v1_v6_3_v7_5_3_1_v5_3_1_v8_5_4_1_v8_4_v10_6_2_v,12,train,368
v1_v1_vvv5_1_v6_2_1_vvv2_1_vv9_1_v4_v12_5_1_v7_6_5_2_v13_5_4_2_v15_5_3_1_v7_vv2_1_vv18_1_v4_3_v20_5_3_2_1_v7_6_5_2_v22_5_4_2_vv1_v2_1_v23_22_20_v4_3_2_v1_v28_v28_4_1_v4_3_2_1_v31_4_3_2_1_v,36,train,14
vv1_vv1_v1_v1_v1_v7_v7_1_v9_1_v7_v9_1_v1_v9_7_1_v9_8_1_v16_15_v16_1_v18_2_v1_v1_v19_v19_1_v15_6_v23_15_8_1_v25_17_6_v6_1_v8_1_v26_18_6_v18_8_7_1_v,30,train,202
vv1_vv1_vv6_1_v1_v6_v8_7_1_v5_v7_v11_4_1_v11_v1_v1_v1_v1_v15_13_7_v15_7_1_v12_9_1_v12_7_v9_1_v1_v9_7_1_v9_8_1_v22_16_15_v24_16_1_v23_18_2_v29_24_22_1_v,30,train,346
vv1_v3_vvv6_5_4_3_vv7_1_vv1_v4_2_v2_v13_12_11_10_v7_6_v12_8_1_v5_v7_5_1_vvv16_15_1_vv1_v5_2_v20_19_v3_1_v17_12_10_v17_15_10_v5_v10_9_v26_25_11_10_1_v9_v11_1_v15_5_2_v29_9_v11_10_3_1_v,36,train,93
v1_v1_vv1_vvv1_v2_1_v1_v1_vv1_v2_1_v1_v1_v2_1_v3_2_1_vv1_v20_19_18_v21_3_2_v22_4_3_2_1_v21_v22_21_1_v22_2_1_v21_20_v21_20_19_1_v24_23_v25_24_1_v26_2_1_v22_21_v23_22_21_20_1_v,33,train,291
v1_v2_1_vv1_v1_v2_1_v2_1_v2_1_v2_1_v2_1_v1_v1_v1_v1_v2_1_v16_v16_1_v1_v16_1_v2_1_v2_1_v1_v15_13_1_v16_2_1_v13_1_v15_13_1_v16_1_v15_13_1_v18_2_1_v30_v30_1_v31_30_1_v30_v32_1_v30_29_v30_29_1_v30_v30_1_v23_8_v10_8_1_v24_10_9_1_v24_8_v26_10_1_v24_23_8_v24_10_1_v8_1_v25_10_9_1_v,48,train,61
v1_v1_v1_v1_v1_v1_v2_1_v2_1_v1_v1_v2_1_v2_1_v3_2_1_v14_v15_v16_1_v16_2_1_v16_1_v18_17_2_1_v17_16_v1_v18_2_1_v3_2_1_v19_3_2_1_v25_11_v26_25_12_11_1_v,27,train,103
v1_v2_1_v1_v1_v1_v1_v1_v2_1_v2_1_v1_v1_v2_1_v3_2_1_v12_11_v12_1_v14_2_1_v16_1_v18_17_2_1_v14_v1_v17_16_2_1_v3_2_1_v3_1_v17_16_2_1_v19_3_2_1_v26_25_8_v,27,train,43
v1_vv1_v1_v3_v4_1_v3_v8_1_v9_8_1_v10_1_v8_6_5_v10_8_1_v10_9_6_1_v10_1_v15_6_1_v,16,train,396
v1_v1_v2_1_v2_1_v5_v1_v2_1_v7_5_4_1_v7_2_1_v1_v5_v1_v2_1_v5_4_1_v6_5_1_v,16,train,199
vv1_v2_1_v1_vv1_v2_1_v1_v1_v1_v2_1_v12_11_v12_10_v13_12_10_1_v12_11_1_v11_v11_1_v1_v1_v1_v11_10_2_1_vv1_vv25_13_2_1_v25_2_1_v23_v23_1_v7_6_v18_8_7_1_v18_6_5_v32_20_8_7_1_v18_5_v18_7_6_1_v,35,train,267
vv1_v1_v1_v1_v2_1_v2_1_v1_v1_v2_1_v2_1_v2_1_v3_2_1_vv15_1_v16_2_1_v16_15_v18_17_2_1_v17_16_v1_v18_2_1_v3_2_1_v3_1_v19_18_4_1_v21_5_2_1_v12_11_v13_12_11_1_v,28,train,180
vv1_v1_v1_v1_v2_1_v1_v2_1_v2_1_v2_1_v2_1_v1_v1_v2_1_v3_2_1_vv1_v2_1_v3_2_1_v20_4_3_v20_v21_1_vv1_v25_1_v26_10_6_1_v26_6_5_v7_6_1_v6_5_1_v7_6_5_1_v7_6_5_1_v31_30_11_5_v31_1_v2_1_v32_2_1_v32_31_v34_3_2_1_v33_32_v33_32_30_1_v,40,train,257
v1_vv1_v2_1_v1_vv1_v2_1_v2_1_v1_v2_1_v2_1_v3_2_1_v3_2_1_v15_v16_15_1_v16_2_1_v16_15_v18_17_16_2_1_v16_15_vv17_2_1_v18_3_2_1_v18_3_1_v18_17_4_1_v,26,train,172
v1_vv1_vv1_v1_vv1_v8_v10_1_v8_v10_9_1_v9_v8_vv1_v17_1_v17_16_1_v17_16_1_v17_1_v2_1_v2_1_v1_v1_v1_v2_1_v2_1_v24_v23_15_v22_1_v24_15_v17_1_v24_15_1_v24_23_17_16_14_1_v23_17_v16_1_v2_1_v1_v1_v1_v14_2_1_v16_15_2_1_v38_30_15_v40_39_38_31_16_1_v40_31_16_1_v38_31_v40_33_17_1_v,48,train,116
vv1_vv3_v5_4_1_v6_2_1_v7_2_1_v7_6_4_v6_v7_1_v2_1_v2_1_v11_5_2_1_v11_5_4_v,15,train,156
v1_v2_1_v2_1_v4_v5_4_v4_3_v3_v8_4_1_v7_6_3_v10_6_5_3_2_v,11,train,234
v1_v1_vv1_v1_v1_vv1_v2_1_v1_v1_v1_v1_v1_vv15_1_v2_1_v3_2_1_v15_v17_1_v15_1_v17_1_vv17_15_1_v17_2_1_v1_v2_1_v18_15_2_1_v18_16_15_1_v18_16_1_v18_2_1_v32_v32_1_v33_32_1_v32_v34_1_v32_31_v32_1_v1_v33_1_v41_26_25_8_v26_25_10_9_8_1_v41_26_25_10_1_v25_8_v27_10_1_v25_24_8_v25_10_1_v8_1_v26_10_9_1_v,50,train,311
v1_v2_1_v1_vv1_v4_3_1_v5_4_1_vv1_v6_2_1_v3_v12_1_v13_1_v14_13_2_1_v14_2_1_v11_7_v17_15_13_12_6_1_v,18,train,27
v1_v1_v1_v3_2_1_v3_2_1_vv7_1_v7_5_4_1_v7_1_v2_1_v1_v5_v7_6_1_v4_1_v5_4_2_1_v6_5_2_1_v17_11_v12_6_1_v,19,train,208
vv2_v1_v1_v1_v1_v7_4_v6_4_1_v6_1_v4_1_v10_6_5_1_v10_5_v12_7_2_v,14,train,16
v1_v1_v1_v2_1_v3_2_1_v1_v1_v2_1_v2_1_v2_1_v3_2_1_v12_v13_1_v14_13_2_1_v13_1_v15_3_2_1_v13_12_2_v12_1_v14_2_1_v3_2_1_v,21,train,385
vv1_vv4_2_v5_4_1_vvvv2_v9_7_4_3_2_1_v9_vv1_v11_10_8_7_6_5_v4_v11_1_vv1_v13_12_v9_v14_1_v10_5_v1_v16_15_v14_v17_1_v5_v15_10_5_1_v18_17_v17_v16_14_v14_v13_11_v11_v10_8_v8_6_4_2_v,37,val,36
vvv1_v1_vv6_v1_v1_v2_1_vvv9_8_v9_6_5_4_1_v3_v5_v13_1_v1_v15_2_1_vvv15_1_v16_15_v16_15_v4_v6_v17_v3_2_v4_3_v27_26_6_3_v29_28_8_v30_10_v12_5_1_v28_14_8_5_v24_9_1_v15_3_v21_15_5_1_v22_21_7_v22_21_9_v12_4_v12_6_v23_12_v18_3_2_v29_18_15_4_3_v24_12_2_v34_24_14_1_v35_34_24_16_9_v35_34_24_18_9_v,48,train,357
vv1_v2_1_v2_1_vv1_v1_vv1_v4_v6_4_1_v6_1_v13_5_4_v13_6_5_1_vv11_6_1_v17_10_9_v18_17_10_9_1_v10_5_1_v11_1_v18_17_2_1_v7_6_v13_8_7_1_v24_12_7_6_v,25,train,92
v1_vv1_vv1_v6_5_v7_1_v6_5_v7_6_v2_1_v1_v7_2_1_v8_2_1_v14_v14_1_v15_v1_v16_1_v17_16_v17_16_15_1_v21_15_6_v15_8_7_1_v16_6_v8_6_1_v17_8_1_v18_17_6_v23_18_17_8_7_1_v,28,train,337
vvvv1_vv1_v1_v1_v1_vvv10_v10_vv8_1_v10_1_v10_8_1_v10_9_1_v19_9_v19_9_1_v20_v1_v21_1_v22_21_12_v21_20_11_v26_16_6_v26_16_8_1_v17_6_v8_6_1_v18_8_1_v29_19_18_7_v28_27_19_18_7_v,33,train,271
v1_vvv1_vv1_v1_v1_v1_v9_v11_1_v10_v10_vv8_1_v10_1_v10_8_1_v10_9_1_v18_8_v1_v19_1_v20_19_10_v19_18_9_v23_13_4_v6_4_1_v14_6_1_v25_15_14_5_v24_23_15_14_5_v,29,train,113
vvvv2_vv6_1_v1_v7_4_v7_5_vv8_v12_6_v13_12_5_v12_10_5_v13_6_v1_v1_v1_v1_v17_v18_16_10_v21_15_14_9_v21_14_v7_1_v9_7_1_v9_7_1_v9_8_1_v25_18_17_8_v19_18_9_8_1_v29_28_21_16_v25_20_v32_27_25_20_1_v,33,train,209
v1_v2_1_v3_2_vv1_v1_vv1_v2_1_v10_3_2_v6_v8_6_1_v8_7_1_v12_v1_v12_1_v13_12_1_v12_v16_12_9_v19_18_6_v3_v13_7_2_v9_7_1_v13_9_7_1_v14_13_9_1_v13_5_v20_17_v20_19_14_6_v11_8_3_v,30,train,20
vvvvv1_v1_v2_1_v2_1_vvvvvv1_v1_v8_2_1_v3_2_1_v18_17_9_8_v19_10_1_v19_v1_v20_1_v21_20_12_v21_20_12_11_v25_24_16_7_6_v25_16_8_7_1_v25_24_16_15_4_3_v18_7_v9_7_1_v19_9_1_v29_20_8_4_v29_28_20_19_8_5_v,33,train,47
vvvvv1_v1_v2_1_v2_1_vv1_vvv1_v1_v7_2_1_v3_2_1_v17_16_8_7_v16_15_v18_v1_v19_1_v20_11_4_v20_19_11_5_v24_23_15_14_7_v25_24_15_1_v23_3_v17_7_v9_7_1_v18_9_1_v28_19_12_4_v27_19_13_8_5_v,32,train,204
vv1_v3_v4_1_vv1_v2_1_v3_2_1_v2_1_v2_1_v2_1_v12_9_1_vv1_v2_1_v14_3_2_1_v16_3_2_1_v17_16_1_v6_v17_16_7_1_v21_10_9_v22_11_1_v23_13_2_1_v23_22_6_v11_6_5_v22_7_6_1_v24_23_7_1_v,28,train,238
vvvvvv1_v1_vvvvvvv9_8_1_v8_1_v10_9_1_v14_6_v17_9_v19_11_1_v20_12_2_1_v20_12_3_2_1_v21_v1_v1_v23_22_15_v22_15_14_9_v25_17_3_v24_23_16_15_v20_6_v8_6_1_v8_4_1_v30_22_21_v22_21_16_v24_10_3_v30_23_22_7_v32_24_23_8_1_v,37,train,207
vvvvvv1_v1_v1_vvvvvv1_v10_8_1_v10_8_1_v10_9_1_v17_8_v19_10_1_v20_11_2_1_v20_11_3_2_1_v21_v1_v1_v23_22_14_v23_22_14_13_v25_16_3_2_v24_23_14_v19_6_v8_7_6_1_v8_1_v30_29_21_20_7_v29_21_20_v23_10_9_3_v30_22_21_7_v,36,train,33
v1_vv1_v2_1_v1_v1_v1_v2_1_v3_2_1_v9_v11_1_v8_v11_10_8_1_v10_1_v1_v1_v2_1_v3_2_1_v18_v10_1_v11_2_1_v11_3_2_1_v22_v1_v1_v24_23_v23_22_v26_3_2_v23_2_v25_3_1_v20_7_v9_7_1_v9_5_1_v22_21_6_v22_21_6_5_v24_11_10_3_2_v23_22_10_8_7_v,38,train,152
vvvv1_v1_v2_1_vv1_v2_1_v3_2_1_vv1_v2_1_v14_v13_v16_3_2_v15_14_v7_5_v7_1_v20_19_4_v20_19_v22_9_3_v21_20_6_v22_9_7_3_1_vv19_15_1_v27_13_11_7_v27_14_v14_1_v29_15_13_6_2_1_v14_1_v29_1_v29_27_1_v29_2_1_v27_26_v29_26_18_11_v,37,train,24
v1_v1_v1_v1_v1_v1_v1_v2_1_v8_v10_1_v8_1_v10_1_v8_v10_8_1_v10_8_1_v10_9_8_1_v10_2_1_v18_17_v12_v16_15_v17_1_v19_1_v21_20_1_v23_22_1_v17_6_v26_25_17_v11_2_v15_14_7_v16_9_7_1_v18_9_7_1_v20_19_9_7_1_v22_21_9_1_v16_14_8_6_v,34,train,296
v1_vv1_v1_v4_v6_1_vv6_v5_v9_4_v1_v10_5_4_v10_5_1_v10_5_v13_8_4_v13_12_7_2_v11_6_v8_3_1_v12_6_v12_8_1_v12_5_v15_11_4_v15_14_9_7_2_v,24,train,26
v1_vv1_v1_v4_v6_1_vv6_v5_v9_4_v1_v1_v11_6_5_v11_6_1_v11_6_v14_9_4_v14_13_2_v12_7_v9_7_1_v9_4_1_v14_7_v14_9_8_1_v16_11_3_v16_15_9_7_v,25,train,277
v1_v2_1_v2_1_vv1_v2_1_v2_1_vv1_vv1_v2_1_v3_2_1_v13_v15_14_1_v13_v14_1_v14_2_1_v14_13_1_v15_14_13_1_vv1_v2_1_v3_2_1_v1_v1_v2_1_v20_2_1_v20_1_v22_21_1_v23_22_2_1_v2_1_v1_v2_1_v25_3_2_1_v25_23_v1_v1_v2_1_v40_26_25_2_1_v,41,train,125
v1_vv1_v2_1_v2_1_v5_v7_1_v5_v6_1_v7_5_1_v10_v1_v1_v12_v12_1_v11_v15_4_v14_13_2_v12_7_v9_8_7_1_v9_4_1_v14_7_v14_9_1_v14_6_v17_12_4_v17_16_10_8_2_v,27,train,315
v1_vv1_v1_v4_v6_1_v4_v1_v6_5_1_v9_v1_v1_v11_v11_1_v11_v14_4_v14_13_2_v12_7_v9_7_1_v9_4_1_v14_7_v14_9_1_v14_6_v17_12_4_v21_17_16_10_8_2_v,26,val,33
v1_vv1_v1_v4_v6_1_vv6_v5_v9_4_v1_v10_5_4_v10_5_1_v10_5_v13_8_4_v13_12_7_2_v11_7_6_v7_1_v9_4_1_v13_7_v13_9_1_v13_6_v16_12_4_v16_15_10_8_2_v,25,train,145
v1_v1_v1_vv1_v1_v6_v8_1_v6_1_v8_1_v1_v8_6_1_v8_7_1_v8_2_1_v14_13_7_vv14_v14_1_v15_14_3_1_v14_4_1_v20_14_13_6_v12_4_v12_6_4_1_v13_12_6_1_v12_11_9_6_v19_18_11_5_v,27,val,12
v1_v1_v1_v1_v1_vv1_v8_7_v9_7_1_v9_1_v7_1_v9_7_1_v9_8_1_v8_7_v15_8_1_v10_9_1_v9_3_2_1_v11_v19_11_5_1_v,20,train,314
vvv1_v1_vv1_v4_1_v6_4_1_v6_1_vvv1_v2_1_v2_1_v9_v11_9_1_v1_v2_1_v10_2_1_v20_10_v1_v1_v22_12_3_v23_22_21_v25_20_15_v1_v1_v27_23_22_17_v27_26_23_22_v20_v1_v1_v23_22_v32_23_22_v20_v1_v1_v23_22_v23_22_15_10_5_v,40,train,214
vvv2_v3_1_v3_1_v4_2_1_v7_v1_v1_v9_v1_v11_3_v11_2_v14_11_6_v8_6_1_v8_4_1_v13_6_v8_5_1_v18_15_10_3_v15_9_7_2_v,21,train,119
v1_v2_1_v3_2_1_v1_v2_1_v2_1_v2_1_v3_2_1_vv1_v2_1_v3_2_1_v1_v1_v2_1_v2_1_v2_1_v3_2_1_v,19,val,53
v1_v2_1_v2_1_v2_1_v3_2_1_vv1_v2_1_v3_2_1_v1_v2_1_v2_1_v2_1_v3_2_1_vv1_v2_1_v3_2_1_v1_v2_1_v2_1_v2_1_v3_2_1_vv1_v2_1_v3_2_1_v1_v2_1_v2_1_v2_1_v3_2_1_v33_v34_1_v35_2_1_v,36,train,387
v1_v1_v1_v1_v1_v1_v1_v2_1_v2_1_v1_v1_vv12_v14_1_v12_1_v15_14_1_v12_1_v14_12_1_v1_v1_v12_11_2_1_v12_2_1_v14_1_v1_vv15_2_v15_2_1_v16_1_v18_5_3_2_v4_2_1_v19_6_4_3_1_v,32,train,35
v1_v1_v1_vv1_v1_v1_v1_v8_v8_1_v1_v10_1_vv8_1_v10_8_1_v8_1_v10_9_1_v17_16_15_8_v19_18_10_v1_v18_17_8_v18_17_16_8_v22_13_12_v15_4_v6_5_1_v22_14_13_5_v21_14_13_5_v,28,val,50
vv1_v1_vvvv5_1_vvv9_v1_v5_v7_v9_v9_7_1_v13_12_8_4_v17_8_v1_v1_v19_10_3_v18_17_10_v17_v1_v1_v24_20_19_v22_19_18_15_5_v27_18_v1_v1_v21_20_v27_20_19_5_v19_v1_v1_v22_21_v21_20_15_10_5_v,37,train,339
v1_v1_v2_1_v2_1_v2_1_v2_1_v1_v2_1_v3_2_1_v10_9_v11_10_1_v11_10_2_1_v5_4_v5_1_v2_1_v3_2_1_v3_2_1_v,18,train,139
v1_vv1_vv4_1_v4_3_v5_4_1_v4_3_v5_1_v10_9_6_5_2_v7_3_2_v9_5_v7_1_v1_v2_1_v3_2_1_v17_16_2_1_v18_17_2_1_v,19,val,15
v1_v1_v2_1_v2_1_v2_1_v2_1_v1_v2_1_v3_2_1_v8_v1_v12_1_vv5_1_v5_4_v15_6_5_4_1_v17_16_6_5_1_v5_4_v6_1_v12_11_7_6_2_v8_3_2_v,22,train,232
v1_vv1_v2_1_v2_1_v2_1_v1_v1_v1_v10_v7_v1_v11_2_1_v2_1_v2_1_v1_v2_1_v3_2_1_v17_v19_v21_11_vv14_1_v5_4_v24_5_v25_5_v5_4_v6_v22_21_20_v2_v20_vvv7_v17_13_8_v5_4_v27_5_v28_5_v17_5_4_v10_6_v34_33_32_24_23_v14_12_2_v,43,train,100
v1_v2_1_v2_1_vv1_v2_1_v2_1_v7_v9_7_6_5_1_v7_2_1_v8_5_4_2_1_vv1_v1_v12_1_v3_v5_1_v5_1_v12_5_1_v7_v9_1_v9_1_v12_9_8_4_1_v,24,train,289
v1_v1_v3_2_1_v3_1_v1_v2_1_v7_6_vv8_4_v4_2_1_v3_2_1_v12_11_10_5_v9_8_4_3_2_v8_6_4_3_v,15,train,241
v1_vv1_v2_v3_2_1_v1_v1_v7_1_v9_8_1_v5_v9_8_7_1_v9_5_v13_7_1_v,14,train,274
vv1_v1_vv1_v1_v2_1_vv1_v9_7_1_v9_1_v3_v4_1_v13_12_11_5_4_3_2_1_v13_4_v1_v13_v1_v14_13_12_1_v13_v1_v22_14_v23_22_1_v21_14_1_v22_1_v23_10_1_vv1_v8_1_v27_10_1_v3_v1_v12_1_v27_1_v7_v1_v1_v27_8_4_1_v27_22_v33_26_25_10_6_2_v25_13_12_9_8_5_4_v25_24_v24_23_13_v23_16_3_v28_27_23_v22_21_16_v21_19_6_3_v,48,train,219
vv1_v2_1_vv1_v1_vv1_v8_6_1_v8_2_1_v3_v4_1_v12_11_10_5_4_3_2_1_v12_4_v5_1_v12_11_v12_11_1_vv19_12_v20_19_1_v13_12_1_v19_1_v8_5_1_vv1_v1_v9_1_v25_1_v5_3_v1_v13_1_v26_1_v9_7_v1_v17_1_v26_8_4_1_v26_21_v32_25_24_10_6_2_v24_13_12_9_8_5_4_v24_v35_24_23_13_v24_16_3_v27_24_v23_22_16_v22_19_6_3_v,46,val,4
v1_v1_v2_1_vv1_v2_1_v2_1_v7_v9_7_6_5_1_v7_2_1_v8_5_4_2_1_vv1_v1_v1_v13_1_v4_v6_4_1_v6_1_v6_1_v14_6_5_1_v8_v10_1_v10_1_v14_10_9_4_1_v,26,val,18
v1_vv3_1_v2_1_v4_2_1_vv1_v1_v1_v2_1_v4_3_2_1_v5_4_1_v7_6_1_v13_8_1_v8_7_v9_8_1_v11_10_1_v13_12_5_4_1_v16_v18_1_v18_2_1_v19_18_17_16_2_1_v23_20_v24_23_1_v,25,train,102
vv1_vv1_v1_v2_1_vv1_v7_1_v2_v3_1_v11_10_4_3_2_1_v4_1_v5_1_v12_v12_11_10_1_vv18_11_v19_18_1_v18_12_1_v19_1_v8_5_1_v21_6_v1_v1_v1_v21_10_v1_v5_3_1_v5_4_1_v7_6_2_v8_4_1_v16_10_6_1_v25_1_v25_20_v31_30_24_23_2_v23_14_13_10_9_5_4_v23_v23_22_5_v23_16_3_v26_23_v22_21_8_v21_19_6_3_v,44,train,86
v1_v1_vv1_v1_vv7_5_1_v1_vv1_v1_v1_v1_v4_v4_v4_1_v6_v6_1_v9_v9_v9_1_v11_v11_10_5_1_v24_23_18_17_v23_17_16_v17_v17_1_v17_16_1_v26_25_24_v26_25_16_1_v29_17_6_v30_17_7_6_1_v17_16_1_v31_28_27_v27_26_16_v34_17_11_v17_11_1_v17_16_10_5_1_v,39,val,13
v1_v2_1_vv4_3_vv1_v2_1_vv9_8_4_v9_v1_v11_10_2_1_v10_v1_v1_v13_8_v14_9_v14_9_1_v11_v17_12_4_1_v17_12_3_1_v22_v22_17_1_v22_1_v23_18_1_v1_v23_22_4_v22_4_v22_4_1_v23_6_v6_1_v23_22_9_v22_9_v22_9_1_v23_11_v11_10_5_1_v24_23_22_v24_23_16_1_v,39,train,321
v1_v2_1_v2_1_vv1_v2_1_v1_v7_v9_7_6_5_2_1_v7_3_2_1_v5_4_2_1_v9_v1_v1_v1_v1_v11_4_v4_1_v4_1_v6_1_v6_1_v11_9_v9_1_v9_1_v11_1_v11_10_5_1_v,27,train,324
v1_v2_1_v2_1_vv1_v3_2_1_v2_1_v7_v9_7_6_5_1_v7_2_1_v8_4_2_1_vv1_v1_v1_v13_1_v10_3_2_1_v5_4_1_v6_5_1_v8_7_1_v8_1_v8_3_1_v10_5_1_v10_7_1_v14_10_9_8_1_v,26,train,310
v1_v2_1_v2_1_vv1_v3_2_1_v2_1_v7_v9_7_6_5_1_v7_2_1_v8_4_2_1_v9_v1_v1_v1_v9_3_v3_1_v5_4_1_v4_1_v6_5_1_v8_7_3_1_v9_8_5_1_v11_10_7_1_v13_12_8_1_v,25,train,245
v1_vv1_v1_v2_v1_v4_1_vv5_1_v1_vvv1_v1_v1_vv4_v4_1_v6_1_v6_1_vv22_9_v9_1_v23_11_v11_10_5_1_v24_23_18_17_v23_17_16_v21_17_v17_1_v29_17_16_1_v29_28_26_25_v32_28_25_16_4_3_v33_17_4_v17_1_v35_34_12_v28_27_v27_26_21_16_v38_31_17_6_v,39,val,57
v1_v2_1_v2_1_vv1_v2_1_v2_1_v7_v9_7_6_5_1_v7_2_1_v8_5_4_2_1_vv1_v1_v1_v13_1_v4_v4_1_v6_1_v6_4_1_v14_6_5_1_v11_8_7_2_v10_9_4_1_v11_10_6_1_v13_12_8_1_v,26,train,408
v1_v2_1_v2_1_vv1_v3_2_1_v2_1_v7_v9_7_6_5_1_v7_2_1_v8_4_2_1_v9_v1_v1_v1_v2_1_v4_3_1_v5_4_1_v7_6_1_v13_8_1_v7_6_v9_8_1_v10_9_1_v12_11_1_v14_13_6_5_1_v,26,train,304
v1_v1_vv4_1_v1_vvv1_v1_v1_vv4_v4_1_v6_4_1_v6_5_1_v16_15_14_v16_15_11_v12_7_v13_12_8_7_1_v12_11_6_v18_17_16_v18_17_11_1_v21_12_6_v12_7_1_v12_11_5_2_1_v,26,train,114
v1_v1_v2_1_v4_2_1_vv5_1_vvv7_4_3_v3_2_v3_1_v10_v6_v6_vv4_3_v10_4_v4_3_v4_v15_11_v8_4_v11_v19_17_3_v16_13_3_v17_3_1_v21_vv10_6_v10_v4_3_v10_4_v18_4_3_v18_14_4_v,34,train,94
vv1_v3_vv2_1_vv1_vv8_3_2_1_v9_8_v1_v12_8_7_1_v12_11_10_2_v11_10_2_v11_10_4_3_1_v13_10_9_8_7_v14_7_1_v18_8_7_1_v19_16_8_7_2_v,20,train,89
v1_v1_v1_vv3_1_v5_1_v5_2_1_v8_7_6_4_3_v7_6_v1_v1_v1_v1_v14_12_10_9_v13_12_8_v5_1_v7_5_1_v7_5_1_v7_6_1_v,20,val,26
v1_v2_1_vv2_1_v3_1_v5_4_2_1_v6_4_3_v6_1_v1_v1_v1_v1_v10_9_5_v8_5_v7_5_1_v7_5_1_v7_5_1_v7_6_1_v,19,train,158
v1_v2_1_vv2_1_v4_3_1_v5_3_2_v5_1_v1_v1_v1_v1_v9_8_5_v8_5_v7_5_1_v7_5_1_v7_5_1_v7_6_1_v,18,val,11
vv2_1_vv4_3_2_vv6_5_1_v1_v1_v1_v1_v8_1_vv13_12_1_v13_v1_v1_v1_v15_1_vv19_18_1_v19_v1_v1_v21_1_v22_vv23_1_v24_v1_v1_v1_v21_14_7_1_v,33,train,30
v1_v1_v3_2_1_v3_2_1_vv1_v1_v7_1_v7_6_v4_v6_4_1_v6_4_1_v6_5_1_v11_10_6_5_1_v,15,train,349
v1_v1_v1_v1_v2_1_vv2_1_vv8_1_v10_7_6_v7_1_v8_1_v12_10_1_vv8_v10_1_v17_16_15_v10_9_8_v11_v20_1_v19_18_v18_17_8_1_v18_17_9_v18_17_8_1_v18_1_v18_6_v19_18_8_1_v17_16_6_v16_15_8_1_v16_15_6_v16_15_8_6_1_v16_8_7_1_v33_23_16_14_13_v,34,val,3
v1_vv1_vv1_v1_v1_v1_v8_5_v5_1_v5_v5_v7_5_1_v7_1_v13_11_6_5_v16_15_v17_16_13_1_v14_2_1_v14_1_v15_14_3_1_v15_14_2_1_v20_19_4_3_v21_20_13_5_1_v20_14_2_1_v20_14_1_v15_14_8_7_5_v21_20_15_14_v,28,train,11
vvv1_v2_1_v3_2_1_v1_v2_1_v3_2_1_vv1_v1_v1_v1_v1_v2_1_v16_14_13_v17_14_1_v18_2_1_v19_15_1_v16_2_1_v16_3_1_v17_16_2_1_v17_16_2_1_v17_16_3_2_1_v24_16_15_v25_17_16_1_v26_1_v27_17_1_v18_2_1_v18_3_1_v19_18_2_1_v19_18_2_1_v19_18_1_v,34,train,301
v1_v1_v3_2_1_v3_2_1_vv1_v1_v7_1_v7_6_v4_v6_4_1_v6_5_4_1_v6_5_1_v11_10_6_5_1_v,15,train,58
vv2_1_v3_1_v4_v1_v1_v1_v3_2_1_v5_4_3_1_v6_5_1_v8_7_1_v12_v13_12_10_1_v,14,train,121
v1_vv3_2_1_vv1_v1_v2_v2_v4_3_1_v10_9_8_7_v7_1_v8_7_1_v8_7_2_v8_2_1_v12_11_8_v12_9_1_v10_9_7_6_4_3_v12_10_9_v13_10_2_1_v,20,train,46
vvvv3_vvv3_2_1_vvvv3_2_1_v10_8_v13_8_v11_8_v8_1_v16_15_14_12_3_v16_15_12_5_4_v16_12_6_4_v16_12_5_4_1_v4_v20_17_v22_20_v20_v4_2_v4_v6_4_v4_v4_v4_v7_6_4_v8_4_v4_v8_4_v6_4_v8_4_1_v4_3_v8_4_v6_4_v5_4_1_v4_v33_32_31_4_v4_v4_v4_2_v37_5_4_v4_v4_1_v40_6_4_2_v41_40_4_v40_7_4_v40_8_5_4_v,52,train,364
v1_v1_v2_1_v4_2_1_vv5_4_1_vv1_v7_4_3_v3_1_v3_v1_v9_8_4_v4_v4_1_v11_10_6_3_v10_8_3_1_v10_6_3_v8_7_1_v,20,train,221
v1_vv3_2_v4_1_v5_4_1_v5_4_3_vv1_v7_3_v3_1_v3_v1_v12_11_9_8_4_v4_v4_1_v11_10_6_3_v10_8_7_3_1_v10_6_3_v8_7_1_v,20,train,340
v1_vv2_v4_1_v3_v5_4_2_1_vv1_v7_3_v3_1_v3_v1_v11_9_8_4_v4_v4_1_v11_10_6_3_v10_8_3_1_v10_6_3_v8_7_1_v,20,train,8
vv1_vv3_2_1_vvv6_5_4_3_v3_2_v3_1_v7_v6_1_v12_6_3_v13_1_v4_3_v10_5_4_1_v16_10_4_3_v,17,train,196
v1_v2_1_v2_1_vv1_v1_v4_1_v4_3_v5_4_1_v5_4_3_1_v11_10_9_8_5_4_v,12,val,14
v1_vv1_v3_v5_1_v3_v5_4_1_vvvv8_1_v4_v4_1_v5_4_v14_13_10_vv4_v7_4_v12_9_1_v4_v12_4_1_v12_5_4_v18_17_12_8_4_v,24,train,197
v1_v2_1_v2_1_vv1_v2_1_v3_2_1_vv1_v2_1_v1_vv1_v2_1_v2_1_v16_15_14_vv1_v16_3_v4_3_1_v4_3_vv1_v17_1_v9_6_5_v9_7_6_1_v10_9_6_v6_5_v7_6_5_1_v25_24_7_6_1_v16_v1_vvv24_1_v26_25_1_v22_6_5_v7_6_1_v6_v6_5_v7_6_5_1_v34_33_32_6_v31_30_29_12_11_6_v13_12_11_6_5_v12_6_1_v,46,train,323
v1_vvv4_3_2_v2_v3_1_v2_v6_4_3_1_v9_8_7_5_1_v7_5_3_v8_6_5_v9_6_1_v,13,train,40
v1_vv1_v3_v5_1_v4_3_v5_4_1_v7_vvv2_v9_4_1_v11_5_1_v5_4_3_v5_v6_1_v12_11_5_vv9_4_1_v13_9_8_v12_10_9_7_3_1_v12_6_3_v13_7_1_v,24,train,3
v1_v1_vv1_v2_1_v3_2_1_v2_1_v8_7_v9_8_7_1_v8_7_1_v9_8_4_1_v,12,train,361
v1_vvv4_3_2_v2_v3_1_v5_2_v8_7_6_4_v6_4_3_2_v7_5_4_1_v8_5_1_v,12,train,99
v1_vv1_vv5_4_3_2_vv3_1_v2_v7_6_1_v10_9_8_7_5_v5_4_3_v8_6_5_v9_6_1_v,14,val,37
v1_vv2_v1_v3_2_1_v6_5_4_vv1_v7_3_v3_1_v3_v1_v12_11_9_8_4_v4_v4_1_v11_10_6_3_v10_8_3_1_v10_6_3_v8_7_1_v,20,val,21
v1_v1_vv1_vv1_v1_v2_1_v1_v10_9_5_v8_vv1_v12_7_v4_1_v12_7_4_v4_v1_v19_18_14_13_v17_12_5_v5_v5_1_v21_16_8_v13_10_4_1_v21_16_13_4_v13_8_4_v10_9_1_v,28,train,372
v1_vv1_v3_v5_1_v4_3_v5_4_1_vvvv8_1_v4_v4_1_v5_4_v14_13_10_vv4_v7_4_v12_9_1_v4_v12_4_1_v12_5_4_v18_17_12_8_4_v,24,train,95
v1_vv3_2_1_vv1_v2_v5_4_3_1_v8_7_6_5_1_v5_4_3_2_v6_5_v7_6_1_v,12,train,73
vv1_vvv4_v6_2_v1_v5_v5_4_v5_v10_9_1_vv1_vv8_1_v3_v14_5_1_v10_v12_1_v7_6_3_2_v21_15_v22_21_20_12_11_v23_16_2_v18_9_1_v12_11_8_7_5_v,26,train,401
vv1_v1_vv2_v3_1_v5_4_2_1_v7_v1_v1_v10_9_v10_9_1_v13_9_v14_10_4_1_v14_10_6_v8_6_1_v8_1_v13_12_6_v17_13_12_8_1_v20_16_6_v8_7_4_1_v,22,test,0
v1_v1_v1_vvvv1_v1_v1_vvv5_v5_1_v1_v7_1_v7_vv17_v1_v19_17_1_v19_17_11_1_vv18_12_6_v23_22_vv26_1_v26_1_v25_24_v25_v25_1_v26_v1_v26_25_vv29_1_v30_29_v28_27_v28_v28_1_v29_v1_v29_28_vv32_1_v33_32_v31_30_v31_v31_1_v32_v1_v32_31_vv35_1_v36_35_v34_33_v34_v34_1_v35_v27_18_9_1_v,60,test,1
v1_v1_vv1_vv1_v2_1_v5_3_2_1_v1_v2_1_v2_1_vv1_v1_v1_vv1_v15_2_1_v16_3_2_1_v16_1_v17_2_1_v11_2_1_v23_1_v22_11_v13_1_v11_1_v13_12_1_vv1_v24_1_v20_8_v32_30_1_v32_21_1_v30_27_26_15_v32_31_26_25_1_v7_v9_7_1_v22_9_1_v,39,test,2
v1_vv1_v2_1_v4_v6_1_v4_v6_4_1_v6_5_2_1_vv1_v11_1_v13_12_8_7_v1_v13_1_v6_v15_14_9_v7_2_v9_7_1_v15_9_1_v15_7_v9_7_1_v16_9_1_v14_6_v22_18_17_8_v,26,test,3
v1_v2_1_vv1_v1_vv1_v5_4_v6_5_1_v6_5_1_v7_6_4_1_v6_5_v13_7_6_1_v14_13_12_v,15,test,4
v1_vv1_vv1_v1_v1_v1_v1_v1_v11_v12_11_1_v13_12_11_1_v12_11_v13_12_11_1_v12_11_10_v11_10_9_v10_9_v19_8_7_v10_v1_v2_1_v2_1_v3_2_1_v,25,test,5
v1_v1_v1_vv1_v2_1_v2_1_vv1_vv1_v2_1_v2_1_v2_1_v2_1_v2_1_vv1_v1_v5_4_3_v21_20_v22_21_20_1_v20_v17_16_15_v17_16_15_v23_22_3_v23_22_4_1_v11_10_9_v10_1_vv12_3_2_v2_v4_3_2_1_v4_2_1_v,35,test,6
v1_vv1_vvv1_v2_1_v1_v3_2_1_v3_2_1_v9_7_v12_8_1_vv1_v12_v14_12_5_v5_1_v18_14_6_1_v19_2_1_v20_19_1_v20_2_1_v1_v1_v2_1_v2_1_v2_1_v1_v23_1_v22_20_19_v6_5_4_v5_4_3_1_v19_18_v20_19_18_1_v32_31_19_v,35,test,7
v1_v1_vv1_v2_1_v2_1_v1_v2_1_vv1_v2_1_v2_1_v2_1_v2_1_v2_1_vv1_vv6_5_4_3_v20_19_v21_20_19_1_v21_20_19_v17_16_15_v16_15_1_v9_8_v10_9_1_v9_v3_2_v11_2_v5_4_2_1_v13_4_2_1_vv1_vv3_2_1_v4_3_2_1_v3_2_1_v,38,test,8
v1_v2_1_v1_v1_v2_1_v1_v2_1_v2_1_v1_v2_1_v3_2_1_v1_v2_1_v3_2_1_v1_v3_2_1_v17_16_v17_1_v17_16_1_v15_14_v14_13_1_v14_13_1_v12_11_1_v10_1_v24_8_7_v23_8_7_v24_23_22_7_v4_v14_5_1_v14_2_1_v1_v2_1_vv4_3_2_v2_v4_3_2_1_v4_2_1_v,38,test,9
v1_v1_vv1_v2_1_v3_2_1_v2_1_v2_1_vv1_v2_1_v3_2_1_v2_1_v3_2_1_vv1_vv1_v6_5_4_3_v20_19_v21_20_19_1_v20_19_1_v18_17_16_15_v16_15_1_v17_16_15_1_v11_10_v11_1_v11_10_v3_2_v13_12_2_v5_4_2_1_v15_4_2_1_v,33,test,10
v1_v1_v2_1_v1_v2_1_v2_1_v1_vv9_v1_vv1_v1_v9_8_7_v13_12_11_10_1_v6_v6_v7_2_1_v12_v1_v13_2_1_v14_v15_1_v16_4_3_1_v17_3_2_v14_13_v16_15_14_10_1_v12_10_v19_13_1_v20_1_v31_22_21_2_1_v,32,test,11
v1_v1_vv1_v2_1_v3_1_v1_v2_1_v1_v1_v1_v1_v2_1_v1_v1_v2_1_vv1_v19_v20_19_1_v19_v16_15_v15_14_1_v15_14_13_1_v14_13_12_11_10_v10_v27_8_7_v26_7_v25_24_23_7_v9_2_v28_10_3_1_v15_14_6_v16_15_7_1_v16_v1_v2_1_vv3_2_v2_v4_3_2_1_v4_2_1_v,42,test,12
v1_v1_vv1_v1_v1_v1_v1_vv1_v1_v2_1_v2_1_v2_1_v1_v2_1_v3_2_1_vv1_vv21_v21_1_v22_21_20_v18_17_16_v17_16_v17_16_1_v14_13_12_v11_v29_8_7_v28_27_26_7_v26_25_7_v14_4_v15_14_5_1_v15_2_1_v1_v2_1_v17_v4_3_2_v19_2_v4_3_2_1_v21_4_2_1_v,42,test,13
v1_vvv1_v1_vv1_v8_7_v9_8_v9_8_1_v9_v10_1_v6_v1_v2_1_vvv1_v5_4_2_v4_2_v5_3_1_v6_2_1_v23_15_v24_23_1_v16_15_1_v24_16_1_v16_15_v1_v26_1_v27_26_2_1_v28_27_2_1_v28_27_v28_1_v29_28_1_v29_1_v30_29_1_v30_1_v31_25_2_1_v24_22_20_v24_19_18_v,41,test,14
v1_vv1_vv1_v2_1_v2_1_v2_1_v2_1_v1_v1_vv1_v1_vvv17_16_v17_16_v16_v14_13_v13_12_11_1_v13_12_11_1_v12_11_v12_11_10_1_v25_24_8_v24_8_v25_24_9_1_v25_9_v26_25_10_1_v16_v1_v17_2_1_v17_v19_v1_v21_5_4_2_v21_2_v22_5_3_1_v23_6_1_v,40,test,15
v1_v2_1_v1_v1_v2_1_v3_2_1_v2_1_v2_1_v1_v1_v2_1_v2_1_v2_1_v2_1_v3_2_1_v2_1_v3_2_1_vv1_v2_1_v3_2_1_v3_2_1_v8_v24_v24_1_v24_23_2_1_v22_21_1_v20_19_18_1_v6_v14_7_1_v14_8_2_1_v1_vv3_2_v2_v5_4_3_2_1_v4_2_1_v,38,test,16
v1_v2_1_v3_2_vv3_1_v2_1_v7_4_vv1_v2_1_vv2_1_v2_1_v6_5_4_2_1_v4_3_2_vv1_v1_v14_2_1_v14_2_1_v2_1_v2_1_v2_1_v1_v2_1_v2_1_v1_v1_v2_1_v22_3_2_1_v19_17_3_2_1_v6_5_v10_9_1_v28_12_11_2_1_v29_15_14_2_1_v36_33_29_19_v21_v22_1_v31_30_12_11_7_v3_2_v24_5_4_3_1_v42_41_40_38_37_24_v,43,test,17
vvvvv5_vvvvvv6_4_2_vvvv14_13_11_3_v3_v5_1_v18_15_13_11_v6_1_v20_6_v19_vvv23_22_20_v3_v5_1_v27_24_22_20_v6_1_v26_6_v26_vvv32_29_v3_v5_1_v33_31_29_v6_1_v33_6_v33_vvv36_v3_v5_1_v38_v6_1_v40_6_v40_vvv43_v3_v5_1_v45_v6_1_v47_6_v47_vvv50_v3_v5_1_v52_v6_1_v54_45_36_27_6_v,66,test,18
v1_v2_1_v3_2_1_v2_1_v1_v1_vv1_vv1_v1_vv1_v1_v3_2_1_v15_v7_v6_4_3_v8_v8_6_5_2_v4_v11_5_3_1_v5_4_v6_4_1_v23_9_v23_22_10_1_v23_22_21_1_v23_22_1_v23_1_v23_1_v25_3_2_v25_24_2_v25_24_1_v25_24_17_13_12_v34_19_10_9_v,36,test,19
v1_v1_v1_v1_v1_v1_vv1_vvvv4_vv5_1_vv1_v6_vv1_vv11_1_v14_v16_11_1_v24_10_v15_9_4_v15_9_v27_19_4_v15_14_v20_16_15_5_1_v15_14_v16_15_1_v21_15_6_v15_14_v16_15_1_v15_14_v26_16_15_11_1_v37_v37_29_26_1_v39_37_11_5_1_v39_7_5_1_v38_37_11_v39_10_1_v37_32_v39_38_1_v38_23_v,46,test,20
vvvvv1_v2_1_vvv1_vvv1_v2_1_vvv8_1_vv6_5_v15_13_1_v8_2_1_v21_14_7_v1_vvv21_v4_3_v26_19_12_v5_1_v26_19_12_v6_1_v28_6_v30_23_16_v32_18_1_v32_v11_1_v36_29_22_14_v11_1_v10_v4_v36_29_9_v19_4_3_v41_34_14_v16_1_v41_34_v16_6_1_v36_21_6_v45_38_14_v40_16_1_v40_14_v16_11_1_v51_37_29_v26_1_v25_v19_v37_24_v34_4_3_v42_29_v31_1_v56_42_v31_6_1_v44_36_6_v60_46_29_v48_31_1_v48_29_v31_30_15_11_1_v,66,test,21
v1_v1_v2_1_v2_1_v1_v1_v2_1_v2_1_v1_v1_v2_1_v12_11_v12_11_1_v11_10_1_v11_10_1_v11_10_1_v10_9_1_v10_9_1_v10_9_1_v20_19_8_7_v,21,test,22
v1_v1_v1_v2_1_v2_1_v1_v1_v2_1_vv1_v11_10_1_v11_10_2_1_v11_10_2_1_v10_9_1_v10_9_7_1_v10_9_2_1_v8_7_vv10_2_1_v20_10_2_1_v21_20_11_3_2_1_v,22,test,23
v1_v2_1_v2_1_v2_1_v1_v1_v2_1_v2_1_v1_v1_v2_1_v12_11_v12_11_10_1_v11_10_1_v11_10_1_v11_10_1_v10_9_1_v10_9_8_1_v10_9_2_1_v20_8_7_v,21,test,24
v1_v2_1_v3_2_1_v2_1_v1_v1_v2_1_v2_1_v1_v1_v2_1_v12_11_v12_11_1_v11_10_1_v11_10_2_1_v11_10_2_1_v10_9_1_v10_9_7_1_v10_9_2_1_v20_8_7_v,21,test,25
v1_vv1_v1_vv1_v1_vv1_v2_1_v10_v12_11_1_v11_1_v1_v1_v11_1_v13_11_v13_11_1_v13_1_v11_v13_1_v12_2_1_vv23_1_v24_23_1_v24_23_1_v23_22_1_v22_21_v22_21_1_v22_21_1_v8_7_v1_v22_21_10_8_2_v21_20_10_8_1_v21_20_10_8_1_v20_19_10_1_v19_18_8_v19_18_10_8_1_v19_18_10_1_v29_17_9_8_v,41,test,26
v1_vv1_v2_1_v3_2_1_v3_2_1_v2_1_v1_v1_v2_1_v3_2_1_v1_v1_v2_1_v2_1_v1_v2_1_v2_1_v2_1_v20_2_1_v21_2_1_v21_2_1_v22_3_2_1_v20_18_17_v15_14_13_1_v12_11_1_v27_10_9_1_v28_27_9_8_2_1_v,29,test,27
v1_v2_1_v3_2_1_v2_1_v1_v2_1_v2_1_v3_2_1_v1_v1_v2_1_v2_1_v1_v2_1_v2_1_v2_1_v2_1_v2_1_v2_1_v3_2_1_v18_17_v14_13_v12_11_1_v10_9_1_v9_8_2_1_v9_8_2_1_v8_7_2_1_v24_7_6_v24_8_7_1_v,30,test,28
v1_v2_1_v3_2_1_v2_1_v1_v2_1_v2_1_v3_2_1_v1_v1_v2_1_v2_1_v1_v2_1_v2_1_v2_1_v2_1_v2_1_v2_1_v3_2_1_v18_17_v14_13_v12_11_1_v10_9_1_v9_8_2_1_v9_8_2_1_v8_7_3_2_1_v24_7_6_v24_8_7_1_v,30,test,29
v1_v2_1_v2_1_v1_v1_v2_1_v2_1_v2_1_v1_v1_v1_v1_v2_1_v2_1_v2_1_v2_1_v2_1_v1_v1_v2_1_v2_1_v3_2_1_v23_22_21_v22_21_20_v19_18_v25_v23_2_v25_2_1_v19_18_v21_20_1_v23_22_6_1_v14_13_12_v16_15_14_1_v19_18_1_v24_23_6_1_v23_22_2_1_v13_11_10_9_v15_12_10_1_v15_14_12_11_v15_13_1_v,41,test,30
v1_v1_v2_1_v2_1_v2_1_v3_2_1_v7_vv1_v2_v1_vv1_v2_1_v1_v1_v2_1_v18_11_2_1_v19_18_1_v19_18_1_v19_18_2_1_v19_2_1_v19_2_1_v20_19_2_1_v20_19_1_v20_1_v2_1_v2_1_v3_2_1_v18_17_16_v18_17_16_v24_23_22_1_v25_23_22_18_1_v26_25_21_4_2_v28_25_24_20_19_2_v36_29_19_1_v,37,test,31
v1_v1_v2_1_v2_1_v1_v1_v2_1_v2_1_v2_1_v2_1_v2_1_v1_v1_v2_1_v3_2_1_v16_15_v17_16_1_vv1_v19_1_v20_19_1_v6_4_3_v6_5_4_3_1_v7_5_4_3_v5_4_1_v,26,test,32
v1_vv1_vvvvv1_v1_v1_v1_v2_1_v3_2_1_v14_13_v13_12_v13_1_v14_1_v14_1_v15_2_1_v6_5_v19_6_5_1_v22_21_8_2_v9_3_1_v18_v1_v20_2_v20_2_v22_4_2_v24_3_1_v26_12_11_v26_5_3_2_v2_1_v28_3_2_1_v27_9_7_v27_26_25_v29_9_2_v,37,test,33
v1_vv1_vv1_vv1_v1_vv9_v11_10_1_v9_v11_1_v9_v11_1_v11_v9_1_v2_1_v10_2_1_v9_v1_v1_v21_1_v21_20_vv21_2_1_v20_19_v1_v1_v21_1_v25_6_v23_vv2_1_v25_14_v16_14_1_v16_14_1_v26_16_1_v26_25_13_v14_v26_17_16_2_1_v34_24_14_v16_14_1_v16_14_1_v36_26_16_1_v40_30_21_6_v28_13_v14_v17_16_15_2_1_v,50,test,34
v1_vv1_v2_1_vv1_v2_1_vv1_v2_1_v3_2_1_v4_3_2_v13_12_3_2_v12_v14_2_1_v13_12_v1_v2_1_v14_3_2_1_v18_6_5_v16_15_2_v16_15_1_v17_16_2_1_v24_v25_17_13_1_v26_25_15_2_1_v,27,test,35
v1_v1_v2_1_v2_1_v2_1_v1_v1_v2_1_v2_1_v2_1_v2_1_v2_1_v1_v1_v15_13_v16_14_1_v16_15_2_1_v5_v17_16_15_v11_10_9_v13_12_1_v15_14_2_1_v17_v20_19_5_v20_1_v3_2_1_v21_4_2_1_v6_5_v22_7_6_1_v18_12_v18_13_1_v18_14_1_v19_15_3_2_1_v,34,test,36
v1_v1_v2_1_v2_1_v2_1_v1_v1_v2_1_v2_1_v2_1_v2_1_v2_1_v1_v1_v15_13_v16_14_1_v16_15_2_1_v5_v17_16_15_v11_10_9_v13_12_1_v15_14_2_1_v17_1_v20_19_5_v20_19_2_1_v4_3_1_v20_5_4_1_v16_10_v16_11_1_v16_12_1_v17_13_3_2_1_v,32,test,37
v1_v1_v2_1_v2_1_v2_1_v1_v1_v2_1_v2_1_v2_1_v2_1_v2_1_v1_v1_v15_13_v16_14_1_v16_15_2_1_v5_v17_16_15_v11_10_9_v13_12_1_v15_14_2_1_v17_1_v20_19_5_v20_19_2_1_v4_3_1_v20_5_4_1_v16_v1_v17_12_1_v3_2_v4_3_2_1_v19_15_3_v20_16_4_1_v,35,test,38
v1_v2_1_v1_v1_v2_1_v2_1_v2_1_v2_1_v2_1_v1_v1_vv1_v2_1_v5_v16_15_v11_10_9_v13_12_1_v15_14_2_1_v17_v20_19_5_v20_1_v3_2_1_v21_4_2_1_v6_5_v22_7_6_1_vv1_v19_14_1_v21_3_2_v4_3_2_1_v21_17_3_v22_18_4_1_v22_21_v35_21_1_v36_35_24_23_22_20_1_v,37,test,39
v1_v1_v2_1_v2_1_v3_2_1_vv1_vv1_v1_v1_v2_1_v2_1_v14_v15_1_v2_1_v2_1_v2_1_v2_1_v13_1_v15_1_v13_1_v15_13_1_v15_1_v1_v2_1_v14_2_1_v19_18_v22_21_v24_23_1_v26_v29_28_1_v32_1_v3_v29_5_1_v26_25_8_v26_25_24_1_v15_14_2_v18_17_9_v20_19_11_5_1_v22_9_7_v25_24_11_9_1_v29_28_11_10_1_v13_9_3_v25_15_11_5_1_v22_21_18_9_8_v22_21_11_10_1_v,48,test,40
vv1_v1_vv1_vvvv1_vvvv1_v14_13_v13_12_11_v11_v11_10_v11_10_v11_10_9_v9_v10_9_v21_8_v7_v18_v25_11_v26_25_12_4_1_v24_23_12_v24_23_1_v13_6_5_v24_7_6_1_v25_7_1_v25_15_v26_16_15_1_v25_24_15_v25_15_v26_25_16_1_v26_17_1_v26_25_17_v26_1_v27_2_1_v,41,test,41
v1_v2_1_v2_1_v1_v1_v2_1_v2_1_v2_1_v1_v1_v3_2_1_v3_2_1_vv14_13_1_v13_1_v13_12_v13_12_1_v12_11_1_v12_11_10_1_v12_11_10_2_1_v8_7_v8_7_6_v20_8_7_6_1_vv1_v13_2_1_v27_14_6_3_2_1_v28_27_1_v,29,test,42
v1_v2_1_v1_vvvvv1_vv1_v2_1_vv1_v2_1_v2_1_v1_v1_v12_v12_v1_v1_v2_1_v11_v1_vvv1_v11_10_v21_10_v1_v10_1_v21_v11_1_v31_30_8_v33_32_10_v36_35_12_v28_27_5_4_v34_33_v34_33_21_v34_33_v33_32_v38_27_26_16_v40_29_28_18_v44_32_31_20_v25_24_13_12_v41_30_29_v41_30_29_v42_30_29_v41_40_30_29_v46_25_24_v48_27_26_v52_29_28_v22_21_v49_28_27_v49_28_27_v50_28_27_v49_27_26_16_8_v,58,test,43
vvvvvvvvvv8_vvv2_1_v2_1_v1_v1_vvv17_9_v1_v2_1_v17_vv19_1_v22_21_v23_v27_10_v28_27_1_v28_27_1_v28_v25_v1_v28_21_v29_1_v31_2_1_v33_32_2_1_v34_30_1_v31_30_1_v31_30_1_v31_30_12_v35_31_21_v36_1_v23_2_1_v30_29_19_18_v32_31_20_v35_34_24_23_22_v28_27_26_16_15_v48_40_33_32_v48_42_40_33_32_1_v33_32_1_v41_33_32_21_v27_26_v29_28_v32_31_30_v25_24_23_v30_29_7_v,57,test,44
v1_v2_1_v3_2_1_v1_v1_v2_1_v2_1_v2_1_v2_1_v2_1_v3_2_1_v9_8_v11_10_1_v13_2_1_v6_5_v12_11_4_3_2_v12_5_1_v12_3_2_1_v13_12_4_2_1_v12_11_5_2_1_v,21,test,45
v1_v2_1_v2_1_v2_1_v2_1_v2_1_v2_1_v3_2_1_v7_6_v9_1_v11_10_2_1_v9_8_3_v6_v8_1_v9_2_1_v12_11_4_1_v12_5_4_3_2_1_v,18,test,46
v1_v1_v1_v1_v1_v1_v2_1_v2_1_vv1_vv1_v12_v14_1_v1_v1_v1_v1_v1_v12_2_1_v14_12_2_1_v14_12_v14_1_v12_v14_13_1_v24_23_v26_25_v27_1_v18_17_v20_19_1_v23_22_v26_25_1_v30_29_7_v19_18_1_v21_20_7_v23_22_9_1_v13_12_7_v15_14_9_1_v18_17_7_v21_20_9_1_v25_24_15_8_7_v,42,test,47
vv1_vvv1_v1_v1_v1_v1_v1_v2_1_vv1_vv1_v11_v13_1_v1_v16_11_1_v17_13_1_v19_1_v20_11_1_v22_13_11_2_1_v23_13_11_v25_13_1_v26_11_v13_12_1_v25_22_21_v24_23_v25_14_1_v31_17_16_v19_18_1_v31_22_21_v33_25_24_1_v32_28_27_7_v33_18_17_1_v20_19_7_v22_21_9_1_v39_13_12_7_v,40,test,48
vv1_v1_v1_vvv1_v1_v1_v9_v6_4_3_v4_1_v2_1_v1_v9_v16_13_v14_1_v14_2_1_v15_1_vv21_18_1_v19_1_v2_1_v2_1_vvv1_v16_14_2_1_v16_1_v14_9_v29_21_v31_1_v31_1_v31_1_v9_8_v16_v14_1_v12_11_2_1_v12_10_1_vv40_35_26_16_1_v38_v1_v29_v30_29_20_v27_v1_v43_v44_43_v41_v1_v42_v43_42_v40_v1_v16_12_8_vv38_37_17_13_9_v40_35_v1_v26_v27_26_v24_v1_v40_v41_40_v38_v1_v39_v40_39_29_25_21_v37_v1_v53_33_29_25_16_v,74,test,49
v1_v1_v2_1_vv1_v1_vv1_vv1_v1_vv13_1_v11_v13_1_v13_v11_1_v1_v11_1_v13_1_v11_1_vv12_v15_14_2_v17_16_v20_19_18_v23_22_21_v25_24_v27_14_1_v29_18_17_v21_20_9_8_v31_19_v4_1_v25_13_12_v27_26_15_14_v29_28_18_17_v32_31_21_20_v23_22_9_v25_11_6_1_v28_27_v19_18_v29_9_v14_11_10_4_1_v,44,test,50
vv1_v1_v1_v1_vv1_v1_v2_1_vv11_1_v1_v11_v13_1_v13_1_v1_v13_12_1_v15_14_v17_16_1_v20_19_1_vv1_v1_vv21_20_7_v2_v4_1_v13_12_9_3_v15_14_11_9_1_v18_17_11_1_v21_20_9_v23_22_11_9_1_v25_11_6_1_v28_27_8_v30_19_18_17_7_v29_12_9_2_v14_11_10_4_1_v14_4_v33_15_13_1_v31_17_1_v33_19_2_1_v31_21_20_v43_33_31_22_1_v,44,test,51
v1_v2_1_v1_v1_v1_v1_v1_vv1_v1_vv1_v2_1_v1_v1_v2_1_v2_1_v2_1_v2_1_v1_v2_1_v22_21_v22_21_1_v22_21_1_v22_21_20_1_v21_20_19_v20_19_1_v20_19_18_1_v21_20_19_1_v30_29_8_7_v20_19_v20_19_1_v20_19_1_v20_19_1_v19_18_1_v18_17_1_v18_17_2_1_v18_17_2_1_v27_8_7_v,40,test,52
v1_v2_1_v1_v1_v1_v1_vv1_v1_v1_v2_1_v2_1_v11_v12_1_v15_14_2_1_v1_v12_1_v14_12_1_v14_1_v12_v14_1_v1_v1_v2_1_v13_2_1_v24_v25_24_v25_24_1_v25_24_1_v24_23_v23_22_1_v22_21_v22_21_1_v33_8_v21_1_v21_20_8_v21_20_10_8_1_v21_20_10_1_v20_19_8_v19_18_10_1_v18_17_8_v18_17_10_1_v28_17_9_8_v,44,test,53
vv1_vvv1_vv1_v1_v1_vv11_v1_v1_v2_1_v1_v1_v1_v11_10_v10_v10_1_v21_v22_21_20_9_v21_20_8_v21_20_8_v21_20_v19_18_8_v20_1_v20_19_8_v20_19_10_1_v30_20_19_v30_29_19_18_v30_29_18_17_v30_29_18_17_v30_29_18_17_v27_17_9_8_v18_10_9_v31_19_11_10_v32_20_19_12_1_v20_19_11_1_v29_20_19_11_v41_20_11_v,42,test,54
v1_vv1_vv1_vvv1_vv1_v10_v12_11_10_1_v12_10_v12_10_1_v10_v11_1_v11_v1_v13_11_v13_1_v11_v13_12_1_vv16_15_v18_17_1_v20_19_9_8_v22_21_10_v24_23_12_1_v26_25_14_1_v29_28_7_v8_v31_9_1_v22_2_1_v14_13_9_v16_15_11_1_v19_18_17_v21_20_9_v23_22_9_v25_24_11_1_v28_27_17_v18_8_v30_19_11_10_1_v,43,test,55
v1_v2_1_v3_2_1_v1_v2_1_v2_1_v1_v2_1_v1_v1_v2_1_v2_1_v2_1_v1_v2_1_v2_1_v2_1_v1_v1_v2_1_v2_1_v3_2_1_v1_v2_1_v2_1_v2_1_v3_2_1_v26_25_24_v8_7_v12_11_1_v14_13_2_1_v23_22_v25_1_v27_26_1_v31_30_29_7_v27_4_3_2_v27_26_5_1_v22_21_8_7_v28_27_7_2_v27_26_25_3_1_v,41,test,56
vv1_v1_v1_v2_1_v1_v1_vv1_v1_v2_1_vvvv14_1_v16_14_v16_1_v1_v1_v2_1_v14_1_v16_15_1_v15_v14_v13_v13_v14_v28_14_v29_28_1_v28_27_1_v8_7_v1_v25_24_23_v23_22_v23_22_v23_22_v23_22_8_v23_22_8_v22_21_10_1_v32_17_9_8_v18_v31_18_1_v19_10_1_v35_19_2_1_v20_19_11_v20_19_11_v33_20_19_11_10_v48_21_20_12_1_v,49,test,57
v1_v1_v1_vv1_vv1_v1_v1_v1_vv1_v1_v1_vv1_vv1_v1_v1_v1_vv12_1_vv1_vv21_1_v23_1_v23_1_v21_1_v21_10_1_v1_v10_v34_12_1_v32_v1_vv23_21_12_1_v23_1_v1_v10_1_v12_10_1_v12_11_1_vv1_v1_v3_1_v3_v5_3_v5_v7_6_5_v51_50_17_v41_40_30_v31_30_19_v42_32_21_20_v,56,test,58
v1_v1_v1_v2_1_v2_1_v1_v1_v1_v1_v2_1_vv1_v13_2_1_v13_1_v15_1_v1_v1_v2_1_v2_1_v13_1_v15_1_v15_13_12_1_v15_1_v16_2_1_v21_20_v24_23_1_v26_25_v28_27_1_vv1_v25_24_v27_26_7_1_v15_14_7_1_v18_17_9_1_v20_19_7_v22_21_9_1_v25_24_7_v27_26_9_1_v19_18_7_v21_20_15_9_8_7_1_v29_v31_29_13_12_1_v43_31_29_14_2_1_v,44,test,59
v1_vv1_vv1_v2_1_vvvv2_v4_v4_1_v10_9_v12_vvv1_v11_v11_7_v17_7_v19_7_v7_v7_6_v8_7_1_v18_7_v17_9_2_v12_5_4_v28_27_19_v15_8_v30_29_2_v22_3_v23_6_4_1_v16_9_7_v19_12_7_v20_6_v22_15_7_1_v34_24_17_v33_32_20_13_v28_27_20_v32_30_21_v33_31_1_v,42,test,60
v1_v2_1_vvvv1_v2_1_vvv10_9_8_vv4_v4_1_v9_vvvv15_1_v12_11_v11_7_v7_v7_v7_v7_6_v22_8_7_1_v19_18_7_v25_24_17_9_2_v12_11_5_v13_6_v28_20_3_v15_8_3_2_v17_10_9_v29_18_11_1_v30_20_13_v31_21_14_1_v30_29_17_10_v25_24_17_v29_27_18_v30_28_19_1_v29_2_1_v,41,test,61
vv1_v2_1_vvvvv4_v4_1_v9_vvvv1_v11_v11_7_v7_v7_v7_v7_6_v8_7_1_v18_7_v17_9_2_v12_11_5_v13_6_v20_3_v15_8_3_2_v17_10_9_v29_18_11_1_v30_20_13_v31_21_14_1_v30_29_17_10_v25_24_17_v29_27_18_v30_28_19_1_v29_2_1_v31_v32_1_v33_16_13_2_1_v26_19_17_v,41,test,62
v1_v2_1_vvvv1_v2_1_vvv10_9_8_vv4_v4_v9_vvvv15_1_v12_11_v18_10_v10_v14_10_v14_10_v10_v10_vv10_9_v25_11_10_1_v22_21_10_v27_20_12_10_2_v15_5_4_v16_6_v23_13_3_v18_8_3_2_v20_10_9_v32_21_11_1_v33_23_13_v34_24_14_1_v33_32_20_10_v28_27_18_v32_18_v33_31_21_19_1_v32_22_1_v,44,test,63
v1_v1_v1_v1_v5_v1_v5_1_v7_5_1_v7_5_1_v7_6_1_v6_v8_v2_vv13_12_v3_v3_1_v4_v18_1_v19_1_vv19_7_1_v21_3_v20_12_3_v20_12_v16_14_2_v19_18_5_v22_15_11_v13_1_v16_v24_11_1_v25_13_9_1_v11_9_v25_19_13_7_1_v27_15_3_v26_24_15_12_10_3_v31_26_12_v24_20_9_8_v,39,test,64
vvv1_v4_v2_1_v4_v4_3_2_v8_4_3_1_v9_vvv2_v2_v13_3_1_v4_2_v14_10_v1_v2_1_v10_9_v11_10_8_1_v20_11_9_v21_8_1_v12_10_9_8_v18_8_7_6_v,25,test,65
v1_vv1_vv1_vv7_6_vv5_4_vv1_v4_v2_1_v7_4_v4_3_2_v8_4_3_1_v15_14_9_v16_15_14_1_v13_v17_16_3_2_v15_2_v17_16_13_3_1_v17_4_2_v24_23_17_14_10_v,25,test,66
v1_vv1_vv1_v1_vv8_7_vv5_4_vv1_v4_v2_1_v7_4_v3_2_v8_4_3_1_v16_15_9_v17_16_15_v13_v18_17_2_v15_2_v17_16_13_3_1_v17_4_2_v25_24_17_14_10_v,26,test,67
v1_vv1_vv1_vvvv1_vv1_v2_1_v9_3_2_1_v9_2_1_v8_1_v16_15_8_7_vv13_12_vv1_v4_v2_v4_v2_v4_1_v24_9_v24_23_v21_13_v26_2_v23_2_v25_13_1_v25_4_v17_10_v34_33_26_25_1_v9_v31_30_23_22_5_v17_v19_1_v14_v16_1_v8_4_v20_4_2_v22_8_4_v42_34_27_9_v33_16_v39_31_16_14_v36_20_2_v20_17_2_v35_19_1_v35_22_4_v35_28_18_17_10_v,52,test,68
v1_v2_1_vvv2_vv1_v2_1_vv4_3_2_v2_v8_3_1_v9_v1_v12_10_v3_2_v13_4_3_1_v4_2_v16_14_4_1_v13_12_11_9_vv1_v23_v1_v4_3_vv27_26_4_3_1_v26_2_1_v28_6_5_3_2_1_v9_8_5_v7_1_v8_2_1_v30_v31_1_v23_2_1_v27_2_1_v26_2_1_v18_3_2_1_v32_19_2_1_v34_30_3_2_1_v,41,test,69
v1_vvvv1_v2_1_vvvvv4_v4_v9_vvvv15_1_v11_v10_v10_v14_10_v14_10_v10_v10_v10_v10_9_v25_11_10_1_v21_10_v27_20_12_10_2_v15_5_4_v16_6_v32_31_23_v33_32_24_14_1_v19_9_4_3_v20_10_4_v22_12_1_v34_23_13_v35_25_15_v36_26_16_1_v35_34_22_12_v30_29_20_v34_20_v35_33_23_21_1_v34_24_1_v,45,test,70
v1_v1_v1_vv1_v2_1_v2_1_v1_vv10_9_v11_9_1_v11_9_v11_1_v11_v1_v2_1_v2_1_v2_1_v12_1_v11_2_1_v19_18_v21_20_11_1_v20_19_18_v16_15_v16_1_v14_13_4_v16_15_6_1_v24_23_15_14_v21_10_5_4_v21_10_6_5_1_v,31,test,71
vv2_v3_1_v4_2_v4_1_vvv1_vv1_vv6_1_v7_1_vv14_8_7_v13_v16_12_10_9_2_v4_v13_6_5_v6_2_1_v12_11_10_v8_4_3_2_v13_12_2_v15_14_8_v25_23_22_9_v,26,test,72
v1_vv1_vv1_v1_vv8_7_vv10_9_2_v4_v6_5_v6_2_1_v12_11_10_v8_4_3_2_v13_12_2_v15_14_8_3_1_v9_v1_v12_10_v3_2_v13_4_3_1_v4_2_v14_4_1_v20_19_13_v,26,test,73
v1_v2_1_vvv1_v1_v2_1_vv8_v10_8_1_v2_1_vvvv1_v2_1_v9_v16_15_7_6_vv14_13_5_4_vv1_v4_1_v20_5_v21_12_11_v9_v7_vv26_11_8_v22_2_v24_11_4_v6_5_v29_28_20_8_v26_8_2_v32_24_23_6_v13_12_v22_21_10_6_v16_v18_1_v21_4_1_v28_22_5_v38_29_9_v11_v13_v15_v34_28_11_8_v30_19_2_v32_21_4_v23_6_5_v36_25_8_v43_34_25_19_17_8_v,52,test,74
vv2_v2_v1_vvvvv9_vv1_vv12_8_v8_6_v8_1_v14_v17_1_v2_1_v15_2_1_v19_15_1_v15_14_vv12_11_v16_v1_vv1_v22_20_v4_2_v8_4_v22_9_v30_23_22_16_v30_28_20_13_v34_25_24_2_v34_31_22_2_v33_24_13_1_v24_4_v32_31_17_10_v33_32_25_1_v9_v30_29_23_22_5_v34_27_17_v19_1_v14_v16_1_v40_31_8_v20_4_2_v22_8_4_v33_27_9_v,50,test,75
v1_v2_1_vv1_vvv7_1_v2_1_vvv6_v11_10_vv1_vv1_vv14_8_1_v16_15_10_9_1_v8_v8_1_v8_7_v20_14_7_v19_7_v17_5_v12_v14_5_1_v12_v14_6_1_v6_v21_14_1_v23_22_14_13_v21_12_8_v14_8_1_v21_8_7_v33_27_20_7_v32_26_20_13_7_v,38,test,76
v1_v2_1_vv1_vv6_v6_1_vvv5_v10_9_vv1_vv1_vv13_8_1_v15_14_10_9_1_v8_v8_1_v8_7_v19_14_7_v18_13_7_v17_5_v12_v14_5_1_v12_v14_6_1_v6_v21_14_1_v23_22_14_13_v21_12_8_v14_8_1_v21_8_7_v32_27_20_7_v31_26_20_13_7_v,37,test,77
v1_vv1_vv1_v2_1_v2_vv9_8_vv11_10_2_v4_v6_5_v6_2_1_v13_12_11_10_v8_4_3_2_v15_14_13_2_v16_15_8_v9_v1_v12_10_v3_2_v13_4_3_1_v4_2_v16_14_4_1_v22_20_19_13_v,27,test,78
vvv1_vv3_2_v4_3_1_v4_2_v4_1_vvv1_v11_v13_12_1_vv6_1_v7_2_1_v8_3_2_1_vv15_9_8_v19_18_14_v17_13_11_10_2_v4_v14_6_v6_1_v25_13_12_11_10_v8_4_3_2_v27_14_2_v10_6_2_v,29,test,79
vv1_v2_v2_v1_vv2_v6_3_1_vvv2_1_v2_vvvv4_v4_3_v4_3_v18_4_v20_14_4_v8_1_v11_v11_v15_2_1_v15_2_v5_v10_v10_v26_17_4_v16_4_3_v16_4_3_v28_17_4_v30_27_12_v21_8_1_v24_v24_v28_2_1_v28_2_v18_v23_v23_v36_30_4_v29_4_3_v29_4_3_v38_30_4_v40_25_v34_26_13_8_1_v,48,test,80
v1_v1_v1_vvv1_vv7_6_v9_7_1_v10_9_1_v1_vv1_v1_vv13_5_vv14_13_5_v3_v3_1_v4_v1_v19_1_v17_9_v19_11_7_1_v22_14_3_v20_3_v25_17_9_v8_v25_18_17_5_v15_11_3_v13_12_3_1_v16_4_v11_1_v13_9_1_v9_v31_23_13_1_v34_26_15_3_v32_24_15_12_3_v,40,test,81
v1_vv1_vv1_vv7_6_vv5_4_v10_9_3_2_v4_3_1_v4_1_v11_10_1_v12_11_10_1_v9_v11_10_7_1_v14_13_3_v12_3_2_v,19,test,82
v1_v2_1_vv1_v5_2_1_v6_3_2_1_v6_2_1_v7_2_1_v2_1_v8_2_1_v9_3_2_1_v12_11_8_7_v13_9_1_v,14,test,83
v1_v2_1_v3_2_1_v2_1_v2_1_v2_1_v3_2_1_v7_6_v8_1_v8_7_2_1_v7_6_3_1_v6_5_2_1_v,13,test,84
v1_v2_1_v3_2_1_v2_1_v2_1_v3_2_1_v3_2_1_v7_6_v8_1_v8_7_2_1_v7_6_3_2_1_v6_5_4_2_1_v,13,test,85
vv1_vv1_vv1_vv1_vv1_v1_vv11_1_v13_2_1_v11_v13_1_v11_v13_1_v11_v13_1_v11_v13_11_1_v13_12_1_vv1_v16_15_4_v27_2_v27_26_1_v27_26_v26_25_v25_24_1_v25_24_1_v25_24_7_v9_v11_8_1_v14_13_3_v37_25_12_2_v37_36_26_25_v37_36_25_24_v24_23_9_v23_22_11_9_1_v23_22_11_1_v23_22_17_10_7_v,44,test,86
v1_v2_1_v2_1_v2_1_v1_v1_v1_v1_v1_v2_1_v1_v1_v1_v1_v1_v2_1_v1_v1_v2_1_vv21_1_v2_1_v2_1_v2_1_v1_v21_19_1_v21_1_v19_1_v1_v22_21_2_1_v19_1_v21_1_v19_1_v21_19_1_v22_1_v1_v18_1_v20_19_2_1_vv39_1_v1_v22_3_2_1_v18_17_15_v19_17_16_1_v,45,test,87
v1_v1_v2_1_v1_v1_v1_v1_v1_v2_1_v2_1_vv1_v2_1_v2_1_v2_1_v1_v1_v1_v1_v1_v21_2_1_v21_1_v1_v19_1_v21_20_19_1_v22_21_1_v22_1_v2_1_v20_19_1_vv1_v1_v22_3_2_1_v18_17_15_v19_17_16_1_v24_v6_1_v2_1_v2_1_v2_1_v24_1_v24_1_v26_1_v44_23_1_v45_26_24_1_v,46,test,88
v1_v2_1_v2_1_v2_1_v1_v1_v1_v1_v1_v2_1_v1_v1_v1_v1_v1_v2_1_v1_v1_v2_1_vv21_1_v2_1_v2_1_v2_1_v1_v21_19_1_v21_1_v19_1_v1_v22_21_2_1_v19_1_v21_1_v19_1_v21_19_1_v22_1_v1_v18_1_v20_19_2_1_vv39_1_v35_v35_1_v3_v24_5_1_v19_3_v19_5_4_1_v,47,test,89
v1_vv1_v2_1_v2_1_v2_1_v1_v1_v1_v1_v1_v2_1_v1_v1_v1_v1_v1_v1_v1_v2_1_v2_1_v19_v21_1_v2_1_v2_1_v2_1_v1_v28_21_19_1_v28_21_1_v19_1_v1_v22_21_2_1_v19_1_v21_1_v19_1_v21_20_19_1_v22_21_1_v22_1_v2_1_v20_19_1_vv39_1_v42_35_v44_43_35_1_v3_v24_5_1_v,47,test,90
v1_v1_v1_v1_v1_v2_1_v2_1_v1_v1_v1_v2_1_v11_v11_1_v1_v1_v13_1_v2_1_v2_1_v2_1_v1_v1_v11_1_v13_12_2_1_v24_v24_1_v24_23_v23_22_1_v22_21_1_v22_21_1_v22_21_v22_21_1_v8_7_v1_v33_22_21_10_2_v21_20_8_v20_19_10_8_1_v19_18_10_8_1_v19_18_10_1_v19_18_8_v19_18_10_1_v29_17_9_8_v,42,test,91
v1_v2_1_v1_v1_v1_v2_1_vv1_vv1_v1_v1_vv1_v1_v16_v1_v14_1_v16_14_1_v16_14_1_v16_2_1_v15_1_v15_1_v17_15_1_v16_1_v14_1_v16_1_v14_v16_14_1_v16_15_1_vv29_1_v31_2_v31_30_2_v29_28_1_v29_28_v23_22_v26_25_1_v28_27_1_v32_31_4_v24_10_v24_23_10_7_v22_21_9_1_v21_20_8_4_v13_12_4_v28_15_14_12_4_1_v18_17_9_v21_20_11_9_1_v23_22_11_1_v26_25_14_10_6_v,51,test,92
v1_v2_1_v2_1_v1_v1_v2_1_vv1_v1_v1_v1_v2_1_v2_1_v1_v1_v16_13_v3_2_v7_6_5_v9_8_7_1_v12_11_10_v14_13_1_v16_15_v19_18_7_1_v24_8_v11_10_8_v26_22_10_2_v,27,test,93
vv1_v1_v1_v1_v2_1_v2_1_v1_v1_vv3_2_v7_6_5_1_v9_8_7_1_v12_11_v14_13_1_v16_15_v7_1_v8_v11_10_8_7_v10_2_v11_3_1_v1_v2_1_v14_2_1_v25_8_5_1_v26_9_1_v,27,test,94
v1_v2_1_v1_v1_v2_1_vv1_vv1_v1_vv1_v1_v13_v15_1_v2_1_v1_v13_1_v15_2_1_v13_v15_1_v13_v15_13_1_v15_1_v13_v15_13_1_v15_14_1_vv23_v24_v27_vv30_v2_1_v28_7_v29_7_v32_7_v35_7_v37_7_v28_27_v31_30_1_v33_32_1_v35_15_8_v23_v24_v27_v29_v32_9_v32_15_v17_1_v7_v32_7_v33_7_v37_7_v23_7_5_v30_29_15_v33_32_17_15_1_v35_34_17_1_v37_31_24_16_8_v,60,test,95
v1_v2_1_v2_1_v1_v1_v2_1_vv1_v1_v1_v1_v2_1_v2_1_v1_v1_v16_13_v3_2_v6_v9_8_7_1_v12_11_10_v14_13_1_v16_15_v19_18_7_1_v24_8_v11_10_8_v14_13_8_7_v27_23_11_3_v,28,test,96
vv1_vvvvv1_v3_v5_2_v7_v9_v11_10_v13_v14_vv11_8_v14_7_v16_15_8_7_1_vv1_v2_1_v17_2_1_v19_1_v21_15_14_1_v23_8_7_1_v25_24_15_14_v27_26_14_v28_1_v29_16_15_2_1_v2_1_v16_1_v17_1_v27_26_v28_27_25_11_1_v30_29_27_19_16_v21_5_4_v37_23_8_7_v,38,test,97
v1_v2_1_v3_2_1_v2_1_v2_1_v1_v1_v2_1_v2_1_v2_1_v1_v2_1_v2_1_v13_v14_13_11_1_v13_12_2_1_v12_11_1_v8_7_v9_8_7_6_1_v14_3_v14_4_1_v14_13_12_4_2_1_v,23,test,98
v1_v1_v1_v1_v2_1_v2_1_v1_v1_v9_v9_1_v10_9_2_1_v10_9_1_v7_6_5_v7_6_1_v12_3_v12_4_1_v12_11_4_3_2_1_v,18,test,99
v1_v2_1_v2_1_v1_v1_v2_1_v2_1_v1_v1_v2_1_v2_1_v1_v1_vv15_1_v2_1_v3_2_1_v2_1_v1_v1_v16_2_1_v2_1_v1_v1_v2_1_v2_1_v14_1_v16_15_1_v21_20_vv30_1_v30_29_1_v30_29_1_v30_29_v29_28_1_v29_28_7_1_v14_13_1_v24_7_v25_24_9_7_1_v23_22_7_v23_22_9_1_v23_22_7_v22_21_9_7_1_v22_21_15_9_8_7_1_v,45,test,100
vv1_vvv3_v5_4_1_v7_3_v4_1_v8_4_1_vv8_1_v9_1_v11_7_3_v8_4_1_v12_4_3_v6_5_4_1_v7_6_4_3_1_v17_13_10_9_v15_11_10_1_v20_16_13_v,21,test,101
vv1_vv1_v1_v1_v1_v2_1_v3_2_1_v9_v9_v9_1_v13_v10_9_vv1_v13_12_3_v8_v8_7_v17_9_8_1_v21_8_v19_17_8_5_v8_v9_8_1_v12_4_v25_13_5_1_v25_17_9_v26_18_17_10_1_v23_22_21_20_v21_1_v2_1_v3_2_1_v18_17_9_v34_21_19_13_11_v,35,test,102
v1_vv1_v2_1_v2_1_v1_v1_v8_7_v1_v10_9_2_1_v2_1_v3_2_1_v6_v12_5_3_2_v11_v14_13_1_v2_1_v12_5_v12_6_1_v7_2_1_v17_16_6_5_4_v16_4_2_v18_5_3_1_v,24,test,103
v1_v2_1_vv1_v1_vv7_1_v7_6_v5_4_v8_2_v8_v9_1_v5_3_v8_7_v15_14_9_8_1_v15_8_6_3_v13_8_v13_9_1_v9_8_7_6_v9_8_7_1_v,21,test,104
v1_v2_1_vv1_v2_1_vv7_1_v7_6_v5_v8_2_v8_2_v1_v5_3_v8_7_v14_9_8_1_v15_8_6_3_v8_6_v13_9_7_1_v9_8_7_6_v9_8_7_1_v,21,test,105
vvv1_vv1_v1_v1_v1_v9_1_v10_2_1_v9_v9_1_v7_6_v7_1_v11_v11_v11_4_1_v15_v13_12_6_5_2_v17_9_8_2_v19_10_9_v22_14_13_8_v19_11_5_v20_9_6_1_v10_9_v21_11_10_1_v27_26_17_v27_v28_1_v29_3_2_1_v,31,test,106
v1_v2_1_v2_1_vv1_v2_1_v2_1_v3_2_1_v2_1_v3_2_1_v11_v1_v2_1_v3_2_1_v14_3_2_v12_11_v15_5_2_v14_2_v3_1_v17_1_v18_9_4_1_v19_5_2_1_v14_13_v14_1_v2_1_v3_2_1_v,27,test,107
v1_vv1_v2_1_vvvvv1_v8_7_v1_v8_v8_1_v10_1_vv9_v17_16_9_8_vv1_v19_11_1_v3_v1_v20_13_12_v20_12_1_v19_v1_v22_v22_13_1_v25_24_16_v5_4_v19_8_7_v30_10_v26_7_v34_26_25_v14_v16_1_v28_18_1_v20_16_3_v18_7_1_v30_29_16_9_v29_10_1_v12_v18_13_10_1_v30_16_v39_30_18_1_v41_33_32_v32_22_5_v36_24_7_v39_27_10_v43_34_24_17_7_v,51,test,108
v1_v1_v1_v2_1_vv1_v2_1_v3_2_1_vv1_v11_10_v12_11_9_1_v12_1_v10_2_1_v1_v11_10_9_1_v10_9_v1_v10_9_1_v11_10_2_1_v17_6_v13_v8_2_v16_2_vv7_1_v10_5_3_v12_4_v24_14_8_6_v8_6_3_2_v11_6_5_v14_7_6_1_v15_11_9_6_v17_10_6_4_v10_9_4_v,36,test,109
vvvvvv6_v6_v6_5_v6_5_v6_v6_1_vvvvv6_vv6_v6_v6_v6_1_v18_7_6_v7_6_vv24_18_12_vv17_1_vv5_v29_23_17_5_v5_v28_16_5_v28_22_10_5_1_vv34_28_1_v36_35_1_v37_32_31_1_v3_v38_32_20_3_1_v28_27_v41_24_23_vv18_3_1_v15_14_3_1_v21_17_5_4_1_v,46,test,110
v1_vv1_vv1_vv1_v5_1_v1_v5_v7_1_vv13_1_v13_11_v2_1_v11_v12_7_1_v16_15_9_v18_17_12_1_vvvv20_v2_1_v4_3_v6_5_v23_16_7_v26_21_20_10_9_v21_20_11_1_v21_7_v9_6_v6_v13_1_v12_4_3_v13_10_4_v15_1_v16_11_1_v12_6_1_v29_19_6_v33_27_26_22_21_v32_27_26_23_13_v27_19_v21_12_v12_6_v34_29_25_18_6_v24_4_3_v25_22_16_4_v27_11_1_v28_23_12_5_1_v24_12_6_v31_18_12_6_1_v,52,test,111
v1_vv1_v1_vvv1_v4_1_v4_v1_v8_v10_4_1_v10_9_1_v9_4_v10_6_1_v12_v14_1_v17_13_vvv17_v2_1_v4_3_v5_v25_24_7_1_v18_5_4_v7_4_v9_v29_28_11_5_4_1_v10_4_3_v11_8_4_v13_1_v14_5_1_v15_6_1_v26_17_10_6_v23_19_v25_21_1_v37_24_13_3_v39_7_6_5_v17_13_v28_19_15_v22_2_1_v23_12_4_3_v,44,test,112
v1_v1_vv1_vv1_vv4_v6_1_vv11_1_v11_1_v9_v10_6_1_v13_8_v15_10_1_v14_8_vvv18_v3_v5_1_v4_3_v6_5_v19_10_9_v19_11_1_v20_7_v9_4_v11_v13_9_v12_4_3_v13_8_4_3_v15_4_3_v26_17_12_4_v29_24_20_19_v29_24_21_11_1_v25_17_v19_14_v21_6_v23_19_v22_4_3_v23_18_14_4_3_v25_14_4_3_v31_27_22_10_4_v,45,test,113
v1_vv1_vv1_vv1_v5_1_v1_v5_v7_1_vv13_1_v13_11_1_v2_1_v11_v12_7_1_v16_15_9_v18_17_12_1_v16_vvv20_v3_v5_1_v4_3_v5_v1_v8_1_v28_23_22_12_11_v23_22_13_1_v23_9_v11_6_v13_v15_11_1_v14_10_4_3_v15_4_v9_1_v18_11_10_1_v19_6_1_v31_30_21_16_6_v40_35_29_28_24_23_v34_29_28_25_13_v29_21_v23_18_12_v25_17_7_1_v27_23_v26_12_4_v27_22_16_4_1_v29_16_4_3_v40_35_31_26_10_4_v,52,test,114
vvv1_vvv6_v1_v4_3_v4_v1_v11_1_v12_6_1_v6_vv13_vvv18_v1_v4_3_v16_4_v1_v23_1_v12_6_1_v24_12_6_vv1_v26_14_v1_v29_v1_vv31_19_1_v32_31_5_1_v32_31_20_1_v23_5_v36_12_7_1_vv25_13_1_v26_25_13_11_v26_25_2_1_v17_11_v12_7_1_v43_37_31_25_19_v18_17_12_v44_32_18_17_11_1_v18_v39_27_v49_37_25_v6_1_v4_v47_35_4_1_v5_v54_44_32_1_v,55,test,115
vvv3_v1_vvvv7_3_vv1_vv4_vvvv7_vvvv17_vv20_16_9_6_3_vv1_v16_15_9_6_v25_9_v25_v27_1_v24_1_v24_3_1_v27_26_5_v25_24_1_v24_3_v26_5_1_v23_7_1_v23_9_3_1_v26_25_11_5_v24_23_7_v23_9_v25_11_1_v23_13_7_v23_15_9_1_v26_25_17_12_11_v27_24_18_13_v28_24_14_1_v24_16_v26_18_1_v24_20_14_v24_22_16_1_v27_26_24_19_18_v,51,test,116
vvv1_vvvvvvvvvvvvvvvvvv1_v15_9_6_v23_9_v23_v25_1_v23_1_v23_3_1_v26_25_14_5_v24_23_15_1_v23_3_v25_5_1_v23_7_1_v23_9_3_1_v26_25_11_5_v24_23_7_v23_9_v25_11_1_v23_13_7_v23_15_9_1_v26_25_17_11_v24_23_13_v23_15_v25_17_1_v23_19_13_v23_21_15_1_v26_25_23_18_17_v,47,test,117
