snack,n_node,split,split_index
v1_v1_v1_v1_v1_v1_v1_v1_v1_v10_v10_1_v10_1_v10_1_v10_1_v10_1_v10_1_v10_1_v10_1_v10_1_v10_v10_1_v10_1_v10_1_v10_1_v10_1_v10_1_v10_1_v10_1_v10_1_v10_v10_1_v10_1_v10_1_v10_1_v10_1_v10_1_v10_1_v10_1_v10_1_v10_v10_1_v10_1_v10_1_v10_1_v10_1_v10_1_v10_1_v10_1_v10_1_v10_v10_1_v10_1_v10_1_v10_1_v10_1_v10_1_v10_1_v10_1_v10_1_v10_v10_1_v10_1_v10_1_v10_1_v10_1_v10_1_v10_1_v10_1_v10_1_v10_v10_1_v10_1_v10_1_v10_1_v10_1_v10_1_v10_1_v10_1_v10_1_v10_v10_1_v10_1_v10_1_v10_1_v10_1_v10_1_v10_1_v10_1_v10_1_v10_v10_1_v10_1_v10_1_v10_1_v10_1_v10_1_v10_1_v10_1_v10_1_v10_v10_1_v10_1_v10_1_v10_1_v10_1_v10_1_v10_1_v10_1_v10_1_v10_v10_1_v10_1_v10_1_v10_1_v10_1_v10_1_v10_1_v10_1_v10_1_v10_v10_1_v10_1_v10_1_v10_1_v10_1_v10_1_v10_1_v10_1_v10_1_v10_v10_1_v10_1_v10_1_v10_1_v10_1_v10_1_v10_1_v10_1_v10_1_v10_v10_1_v10_1_v10_1_v10_1_v10_1_v10_1_v10_1_v10_1_v10_1_v,150,val,1
v1_v1_v1_v1_v1_v1_v1_v1_v1_v1_v1_v1_v1_v1_v1_v16_v16_1_v16_1_v16_1_v16_1_v16_1_v16_1_v16_1_v16_1_v16_1_v16_1_v16_1_v16_1_v16_1_v16_1_v16_1_v16_v16_1_v16_1_v16_1_v16_1_v16_1_v16_1_v16_1_v16_1_v16_1_v16_1_v16_1_v16_1_v16_1_v16_1_v16_1_v16_v16_1_v16_1_v16_1_v16_1_v16_1_v16_1_v16_1_v16_1_v16_1_v16_1_v16_1_v16_1_v16_1_v16_1_v16_1_v16_v16_1_v16_1_v16_1_v16_1_v16_1_v16_1_v16_1_v16_1_v16_1_v16_1_v16_1_v16_1_v16_1_v16_1_v16_1_v16_v16_1_v16_1_v16_1_v16_1_v16_1_v16_1_v16_1_v16_1_v16_1_v16_1_v16_1_v16_1_v16_1_v16_1_v16_1_v16_v16_1_v16_1_v16_1_v16_1_v16_1_v16_1_v16_1_v16_1_v16_1_v16_1_v16_1_v16_1_v16_1_v16_1_v16_1_v16_v16_1_v16_1_v16_1_v16_1_v16_1_v16_1_v16_1_v16_1_v16_1_v16_1_v16_1_v16_1_v16_1_v16_1_v16_1_v16_v16_1_v16_1_v16_1_v16_1_v16_1_v16_1_v16_1_v16_1_v16_1_v16_1_v16_1_v16_1_v16_1_v16_1_v16_1_v16_v16_1_v16_1_v16_1_v16_1_v16_1_v16_1_v16_1_v16_1_v16_1_v16_1_v16_1_v16_1_v16_1_v16_1_v16_1_v16_v16_1_v16_1_v16_1_v16_1_v16_1_v16_1_v16_1_v16_1_v16_1_v16_1_v16_1_v16_1_v16_1_v16_1_v16_1_v16_v16_1_v16_1_v16_1_v16_1_v16_1_v16_1_v16_1_v16_1_v16_1_v16_1_v16_1_v16_1_v16_1_v16_1_v16_1_v16_v16_1_v16_1_v16_1_v16_1_v16_1_v16_1_v16_1_v16_1_v16_1_v16_1_v16_1_v16_1_v16_1_v16_1_v16_1_v16_v16_1_v16_1_v16_1_v16_1_v16_1_v16_1_v16_1_v16_1_v16_1_v16_1_v16_1_v16_1_v16_1_v16_1_v16_1_v16_v16_1_v16_1_v16_1_v16_1_v16_1_v16_1_v16_1_v16_1_v16_1_v16_1_v16_1_v16_1_v16_1_v16_1_v16_1_v16_v16_1_v16_1_v16_1_v16_1_v16_1_v16_1_v16_1_v16_1_v16_1_v16_1_v16_1_v16_1_v16_1_v16_1_v16_1_v16_v16_1_v16_1_v16_1_v16_1_v16_1_v16_1_v16_1_v16_1_v16_1_v16_1_v16_1_v16_1_v16_1_v16_1_v16_1_v,272,train,59
v1_v1_v1_v1_v1_v1_v1_v1_v1_v10_v10_1_v10_1_v10_1_v10_1_v10_1_v10_1_v10_1_v10_1_v10_1_v10_v10_1_v10_1_v10_1_v10_1_v10_1_v10_1_v10_1_v10_1_v10_1_v10_v10_1_v10_1_v10_1_v10_1_v10_1_v10_1_v10_1_v10_1_v10_1_v10_v10_1_v10_1_v10_1_v10_1_v10_1_v10_1_v10_1_v10_1_v10_1_v10_v10_1_v10_1_v10_1_v10_1_v10_1_v10_1_v10_1_v10_1_v10_1_v10_v10_1_v10_1_v10_1_v10_1_v10_1_v10_1_v10_1_v10_1_v10_1_v10_v10_1_v10_1_v10_1_v10_1_v10_1_v10_1_v10_1_v10_1_v10_1_v10_v10_1_v10_1_v10_1_v10_1_v10_1_v10_1_v10_1_v10_1_v10_1_v10_v10_1_v10_1_v10_1_v10_1_v10_1_v10_1_v10_1_v10_1_v10_1_v10_v10_1_v10_1_v10_1_v10_1_v10_1_v10_1_v10_1_v10_1_v10_1_v10_v10_1_v10_1_v10_1_v10_1_v10_1_v10_1_v10_1_v10_1_v10_1_v10_v10_1_v10_1_v10_1_v10_1_v10_1_v10_1_v10_1_v10_1_v10_1_v10_v10_1_v10_1_v10_1_v10_1_v10_1_v10_1_v10_1_v10_1_v10_1_v10_v10_1_v10_1_v10_1_v10_1_v10_1_v10_1_v10_1_v10_1_v10_1_v10_v10_1_v10_1_v10_1_v10_1_v10_1_v10_1_v10_1_v10_1_v10_1_v10_v10_1_v10_1_v10_1_v10_1_v10_1_v10_1_v10_1_v10_1_v10_1_v10_v10_1_v10_1_v10_1_v10_1_v10_1_v10_1_v10_1_v10_1_v10_1_v10_v10_1_v10_1_v10_1_v10_1_v10_1_v10_1_v10_1_v10_1_v10_1_v,190,train,62
v1_v1_v1_v1_v1_v1_v1_v1_v1_v1_v1_v1_v1_v1_v15_v15_1_v15_1_v15_1_v15_1_v15_1_v15_1_v15_1_v15_1_v15_1_v15_1_v15_1_v15_1_v15_1_v15_1_v15_v15_1_v15_1_v15_1_v15_1_v15_1_v15_1_v15_1_v15_1_v15_1_v15_1_v15_1_v15_1_v15_1_v15_1_v15_v15_1_v15_1_v15_1_v15_1_v15_1_v15_1_v15_1_v15_1_v15_1_v15_1_v15_1_v15_1_v15_1_v15_1_v15_v15_1_v15_1_v15_1_v15_1_v15_1_v15_1_v15_1_v15_1_v15_1_v15_1_v15_1_v15_1_v15_1_v15_1_v15_v15_1_v15_1_v15_1_v15_1_v15_1_v15_1_v15_1_v15_1_v15_1_v15_1_v15_1_v15_1_v15_1_v15_1_v15_v15_1_v15_1_v15_1_v15_1_v15_1_v15_1_v15_1_v15_1_v15_1_v15_1_v15_1_v15_1_v15_1_v15_1_v15_v15_1_v15_1_v15_1_v15_1_v15_1_v15_1_v15_1_v15_1_v15_1_v15_1_v15_1_v15_1_v15_1_v15_1_v15_v15_1_v15_1_v15_1_v15_1_v15_1_v15_1_v15_1_v15_1_v15_1_v15_1_v15_1_v15_1_v15_1_v15_1_v15_v15_1_v15_1_v15_1_v15_1_v15_1_v15_1_v15_1_v15_1_v15_1_v15_1_v15_1_v15_1_v15_1_v15_1_v15_v15_1_v15_1_v15_1_v15_1_v15_1_v15_1_v15_1_v15_1_v15_1_v15_1_v15_1_v15_1_v15_1_v15_1_v15_v15_1_v15_1_v15_1_v15_1_v15_1_v15_1_v15_1_v15_1_v15_1_v15_1_v15_1_v15_1_v15_1_v15_1_v15_v15_1_v15_1_v15_1_v15_1_v15_1_v15_1_v15_1_v15_1_v15_1_v15_1_v15_1_v15_1_v15_1_v15_1_v15_v15_1_v15_1_v15_1_v15_1_v15_1_v15_1_v15_1_v15_1_v15_1_v15_1_v15_1_v15_1_v15_1_v15_1_v15_v15_1_v15_1_v15_1_v15_1_v15_1_v15_1_v15_1_v15_1_v15_1_v15_1_v15_1_v15_1_v15_1_v15_1_v15_v15_1_v15_1_v15_1_v15_1_v15_1_v15_1_v15_1_v15_1_v15_1_v15_1_v15_1_v15_1_v15_1_v15_1_v15_v15_1_v15_1_v15_1_v15_1_v15_1_v15_1_v15_1_v15_1_v15_1_v15_1_v15_1_v15_1_v15_1_v15_1_v15_v15_1_v15_1_v15_1_v15_1_v15_1_v15_1_v15_1_v15_1_v15_1_v15_1_v15_1_v15_1_v15_1_v15_1_v15_v15_1_v15_1_v15_1_v15_1_v15_1_v15_1_v15_1_v15_1_v15_1_v15_1_v15_1_v15_1_v15_1_v15_1_v,285,train,31
v1_v1_v1_v1_v1_v1_v1_v1_v1_v1_v1_v1_v1_v14_v14_1_v14_1_v14_1_v14_1_v14_1_v14_1_v14_1_v14_1_v14_1_v14_1_v14_1_v14_1_v14_1_v14_v14_1_v14_1_v14_1_v14_1_v14_1_v14_1_v14_1_v14_1_v14_1_v14_1_v14_1_v14_1_v14_1_v14_v14_1_v14_1_v14_1_v14_1_v14_1_v14_1_v14_1_v14_1_v14_1_v14_1_v14_1_v14_1_v14_1_v14_v14_1_v14_1_v14_1_v14_1_v14_1_v14_1_v14_1_v14_1_v14_1_v14_1_v14_1_v14_1_v14_1_v14_v14_1_v14_1_v14_1_v14_1_v14_1_v14_1_v14_1_v14_1_v14_1_v14_1_v14_1_v14_1_v14_1_v14_v14_1_v14_1_v14_1_v14_1_v14_1_v14_1_v14_1_v14_1_v14_1_v14_1_v14_1_v14_1_v14_1_v14_v14_1_v14_1_v14_1_v14_1_v14_1_v14_1_v14_1_v14_1_v14_1_v14_1_v14_1_v14_1_v14_1_v14_v14_1_v14_1_v14_1_v14_1_v14_1_v14_1_v14_1_v14_1_v14_1_v14_1_v14_1_v14_1_v14_1_v14_v14_1_v14_1_v14_1_v14_1_v14_1_v14_1_v14_1_v14_1_v14_1_v14_1_v14_1_v14_1_v14_1_v14_v14_1_v14_1_v14_1_v14_1_v14_1_v14_1_v14_1_v14_1_v14_1_v14_1_v14_1_v14_1_v14_1_v14_v14_1_v14_1_v14_1_v14_1_v14_1_v14_1_v14_1_v14_1_v14_1_v14_1_v14_1_v14_1_v14_1_v14_v14_1_v14_1_v14_1_v14_1_v14_1_v14_1_v14_1_v14_1_v14_1_v14_1_v14_1_v14_1_v14_1_v14_v14_1_v14_1_v14_1_v14_1_v14_1_v14_1_v14_1_v14_1_v14_1_v14_1_v14_1_v14_1_v14_1_v14_v14_1_v14_1_v14_1_v14_1_v14_1_v14_1_v14_1_v14_1_v14_1_v14_1_v14_1_v14_1_v14_1_v14_v14_1_v14_1_v14_1_v14_1_v14_1_v14_1_v14_1_v14_1_v14_1_v14_1_v14_1_v14_1_v14_1_v14_v14_1_v14_1_v14_1_v14_1_v14_1_v14_1_v14_1_v14_1_v14_1_v14_1_v14_1_v14_1_v14_1_v,238,val,8
v1_v1_v1_v1_v1_v1_v1_v1_v1_v1_v1_v1_v1_v1_v1_v1_v1_v18_v18_1_v18_1_v18_1_v18_1_v18_1_v18_1_v18_1_v18_1_v18_1_v18_1_v18_1_v18_1_v18_1_v18_1_v18_1_v18_1_v18_1_v18_v18_1_v18_1_v18_1_v18_1_v18_1_v18_1_v18_1_v18_1_v18_1_v18_1_v18_1_v18_1_v18_1_v18_1_v18_1_v18_1_v18_1_v18_v18_1_v18_1_v18_1_v18_1_v18_1_v18_1_v18_1_v18_1_v18_1_v18_1_v18_1_v18_1_v18_1_v18_1_v18_1_v18_1_v18_1_v18_v18_1_v18_1_v18_1_v18_1_v18_1_v18_1_v18_1_v18_1_v18_1_v18_1_v18_1_v18_1_v18_1_v18_1_v18_1_v18_1_v18_1_v18_v18_1_v18_1_v18_1_v18_1_v18_1_v18_1_v18_1_v18_1_v18_1_v18_1_v18_1_v18_1_v18_1_v18_1_v18_1_v18_1_v18_1_v18_v18_1_v18_1_v18_1_v18_1_v18_1_v18_1_v18_1_v18_1_v18_1_v18_1_v18_1_v18_1_v18_1_v18_1_v18_1_v18_1_v18_1_v18_v18_1_v18_1_v18_1_v18_1_v18_1_v18_1_v18_1_v18_1_v18_1_v18_1_v18_1_v18_1_v18_1_v18_1_v18_1_v18_1_v18_1_v18_v18_1_v18_1_v18_1_v18_1_v18_1_v18_1_v18_1_v18_1_v18_1_v18_1_v18_1_v18_1_v18_1_v18_1_v18_1_v18_1_v18_1_v18_v18_1_v18_1_v18_1_v18_1_v18_1_v18_1_v18_1_v18_1_v18_1_v18_1_v18_1_v18_1_v18_1_v18_1_v18_1_v18_1_v18_1_v18_v18_1_v18_1_v18_1_v18_1_v18_1_v18_1_v18_1_v18_1_v18_1_v18_1_v18_1_v18_1_v18_1_v18_1_v18_1_v18_1_v18_1_v18_v18_1_v18_1_v18_1_v18_1_v18_1_v18_1_v18_1_v18_1_v18_1_v18_1_v18_1_v18_1_v18_1_v18_1_v18_1_v18_1_v18_1_v18_v18_1_v18_1_v18_1_v18_1_v18_1_v18_1_v18_1_v18_1_v18_1_v18_1_v18_1_v18_1_v18_1_v18_1_v18_1_v18_1_v18_1_v,234,train,12
v1_v1_v1_v1_v1_v1_v1_v1_v1_v1_v1_v1_v1_v1_v1_v1_v1_v1_v19_v19_1_v19_1_v19_1_v19_1_v19_1_v19_1_v19_1_v19_1_v19_1_v19_1_v19_1_v19_1_v19_1_v19_1_v19_1_v19_1_v19_1_v19_1_v19_v19_1_v19_1_v19_1_v19_1_v19_1_v19_1_v19_1_v19_1_v19_1_v19_1_v19_1_v19_1_v19_1_v19_1_v19_1_v19_1_v19_1_v19_1_v19_v19_1_v19_1_v19_1_v19_1_v19_1_v19_1_v19_1_v19_1_v19_1_v19_1_v19_1_v19_1_v19_1_v19_1_v19_1_v19_1_v19_1_v19_1_v19_v19_1_v19_1_v19_1_v19_1_v19_1_v19_1_v19_1_v19_1_v19_1_v19_1_v19_1_v19_1_v19_1_v19_1_v19_1_v19_1_v19_1_v19_1_v19_v19_1_v19_1_v19_1_v19_1_v19_1_v19_1_v19_1_v19_1_v19_1_v19_1_v19_1_v19_1_v19_1_v19_1_v19_1_v19_1_v19_1_v19_1_v19_v19_1_v19_1_v19_1_v19_1_v19_1_v19_1_v19_1_v19_1_v19_1_v19_1_v19_1_v19_1_v19_1_v19_1_v19_1_v19_1_v19_1_v19_1_v19_v19_1_v19_1_v19_1_v19_1_v19_1_v19_1_v19_1_v19_1_v19_1_v19_1_v19_1_v19_1_v19_1_v19_1_v19_1_v19_1_v19_1_v19_1_v19_v19_1_v19_1_v19_1_v19_1_v19_1_v19_1_v19_1_v19_1_v19_1_v19_1_v19_1_v19_1_v19_1_v19_1_v19_1_v19_1_v19_1_v19_1_v19_v19_1_v19_1_v19_1_v19_1_v19_1_v19_1_v19_1_v19_1_v19_1_v19_1_v19_1_v19_1_v19_1_v19_1_v19_1_v19_1_v19_1_v19_1_v19_v19_1_v19_1_v19_1_v19_1_v19_1_v19_1_v19_1_v19_1_v19_1_v19_1_v19_1_v19_1_v19_1_v19_1_v19_1_v19_1_v19_1_v19_1_v19_v19_1_v19_1_v19_1_v19_1_v19_1_v19_1_v19_1_v19_1_v19_1_v19_1_v19_1_v19_1_v19_1_v19_1_v19_1_v19_1_v19_1_v19_1_v19_v19_1_v19_1_v19_1_v19_1_v19_1_v19_1_v19_1_v19_1_v19_1_v19_1_v19_1_v19_1_v19_1_v19_1_v19_1_v19_1_v19_1_v19_1_v19_v19_1_v19_1_v19_1_v19_1_v19_1_v19_1_v19_1_v19_1_v19_1_v19_1_v19_1_v19_1_v19_1_v19_1_v19_1_v19_1_v19_1_v19_1_v19_v19_1_v19_1_v19_1_v19_1_v19_1_v19_1_v19_1_v19_1_v19_1_v19_1_v19_1_v19_1_v19_1_v19_1_v19_1_v19_1_v19_1_v19_1_v19_v19_1_v19_1_v19_1_v19_1_v19_1_v19_1_v19_1_v19_1_v19_1_v19_1_v19_1_v19_1_v19_1_v19_1_v19_1_v19_1_v19_1_v19_1_v19_v19_1_v19_1_v19_1_v19_1_v19_1_v19_1_v19_1_v19_1_v19_1_v19_1_v19_1_v19_1_v19_1_v19_1_v19_1_v19_1_v19_1_v19_1_v,323,train,36
v1_v1_v1_v1_v1_v1_v1_v1_v1_v1_v1_v1_v1_v1_v1_v1_v1_v1_v19_v19_1_v19_1_v19_1_v19_1_v19_1_v19_1_v19_1_v19_1_v19_1_v19_1_v19_1_v19_1_v19_1_v19_1_v19_1_v19_1_v19_1_v19_1_v19_v19_1_v19_1_v19_1_v19_1_v19_1_v19_1_v19_1_v19_1_v19_1_v19_1_v19_1_v19_1_v19_1_v19_1_v19_1_v19_1_v19_1_v19_1_v19_v19_1_v19_1_v19_1_v19_1_v19_1_v19_1_v19_1_v19_1_v19_1_v19_1_v19_1_v19_1_v19_1_v19_1_v19_1_v19_1_v19_1_v19_1_v19_v19_1_v19_1_v19_1_v19_1_v19_1_v19_1_v19_1_v19_1_v19_1_v19_1_v19_1_v19_1_v19_1_v19_1_v19_1_v19_1_v19_1_v19_1_v19_v19_1_v19_1_v19_1_v19_1_v19_1_v19_1_v19_1_v19_1_v19_1_v19_1_v19_1_v19_1_v19_1_v19_1_v19_1_v19_1_v19_1_v19_1_v19_v19_1_v19_1_v19_1_v19_1_v19_1_v19_1_v19_1_v19_1_v19_1_v19_1_v19_1_v19_1_v19_1_v19_1_v19_1_v19_1_v19_1_v19_1_v19_v19_1_v19_1_v19_1_v19_1_v19_1_v19_1_v19_1_v19_1_v19_1_v19_1_v19_1_v19_1_v19_1_v19_1_v19_1_v19_1_v19_1_v19_1_v19_v19_1_v19_1_v19_1_v19_1_v19_1_v19_1_v19_1_v19_1_v19_1_v19_1_v19_1_v19_1_v19_1_v19_1_v19_1_v19_1_v19_1_v19_1_v19_v19_1_v19_1_v19_1_v19_1_v19_1_v19_1_v19_1_v19_1_v19_1_v19_1_v19_1_v19_1_v19_1_v19_1_v19_1_v19_1_v19_1_v19_1_v19_v19_1_v19_1_v19_1_v19_1_v19_1_v19_1_v19_1_v19_1_v19_1_v19_1_v19_1_v19_1_v19_1_v19_1_v19_1_v19_1_v19_1_v19_1_v19_v19_1_v19_1_v19_1_v19_1_v19_1_v19_1_v19_1_v19_1_v19_1_v19_1_v19_1_v19_1_v19_1_v19_1_v19_1_v19_1_v19_1_v19_1_v19_v19_1_v19_1_v19_1_v19_1_v19_1_v19_1_v19_1_v19_1_v19_1_v19_1_v19_1_v19_1_v19_1_v19_1_v19_1_v19_1_v19_1_v19_1_v19_v19_1_v19_1_v19_1_v19_1_v19_1_v19_1_v19_1_v19_1_v19_1_v19_1_v19_1_v19_1_v19_1_v19_1_v19_1_v19_1_v19_1_v19_1_v19_v19_1_v19_1_v19_1_v19_1_v19_1_v19_1_v19_1_v19_1_v19_1_v19_1_v19_1_v19_1_v19_1_v19_1_v19_1_v19_1_v19_1_v19_1_v19_v19_1_v19_1_v19_1_v19_1_v19_1_v19_1_v19_1_v19_1_v19_1_v19_1_v19_1_v19_1_v19_1_v19_1_v19_1_v19_1_v19_1_v19_1_v,304,train,22
v1_v1_v1_v1_v1_v1_v1_v1_v1_v1_v1_v12_v12_1_v12_1_v12_1_v12_1_v12_1_v12_1_v12_1_v12_1_v12_1_v12_1_v12_1_v12_v12_1_v12_1_v12_1_v12_1_v12_1_v12_1_v12_1_v12_1_v12_1_v12_1_v12_1_v12_v12_1_v12_1_v12_1_v12_1_v12_1_v12_1_v12_1_v12_1_v12_1_v12_1_v12_1_v12_v12_1_v12_1_v12_1_v12_1_v12_1_v12_1_v12_1_v12_1_v12_1_v12_1_v12_1_v12_v12_1_v12_1_v12_1_v12_1_v12_1_v12_1_v12_1_v12_1_v12_1_v12_1_v12_1_v12_v12_1_v12_1_v12_1_v12_1_v12_1_v12_1_v12_1_v12_1_v12_1_v12_1_v12_1_v12_v12_1_v12_1_v12_1_v12_1_v12_1_v12_1_v12_1_v12_1_v12_1_v12_1_v12_1_v12_v12_1_v12_1_v12_1_v12_1_v12_1_v12_1_v12_1_v12_1_v12_1_v12_1_v12_1_v12_v12_1_v12_1_v12_1_v12_1_v12_1_v12_1_v12_1_v12_1_v12_1_v12_1_v12_1_v12_v12_1_v12_1_v12_1_v12_1_v12_1_v12_1_v12_1_v12_1_v12_1_v12_1_v12_1_v12_v12_1_v12_1_v12_1_v12_1_v12_1_v12_1_v12_1_v12_1_v12_1_v12_1_v12_1_v12_v12_1_v12_1_v12_1_v12_1_v12_1_v12_1_v12_1_v12_1_v12_1_v12_1_v12_1_v12_v12_1_v12_1_v12_1_v12_1_v12_1_v12_1_v12_1_v12_1_v12_1_v12_1_v12_1_v12_v12_1_v12_1_v12_1_v12_1_v12_1_v12_1_v12_1_v12_1_v12_1_v12_1_v12_1_v,180,train,34
v1_v1_v1_v1_v1_v1_v1_v1_v1_v1_v11_v11_1_v11_1_v11_1_v11_1_v11_1_v11_1_v11_1_v11_1_v11_1_v11_1_v11_v11_1_v11_1_v11_1_v11_1_v11_1_v11_1_v11_1_v11_1_v11_1_v11_1_v11_v11_1_v11_1_v11_1_v11_1_v11_1_v11_1_v11_1_v11_1_v11_1_v11_1_v11_v11_1_v11_1_v11_1_v11_1_v11_1_v11_1_v11_1_v11_1_v11_1_v11_1_v11_v11_1_v11_1_v11_1_v11_1_v11_1_v11_1_v11_1_v11_1_v11_1_v11_1_v11_v11_1_v11_1_v11_1_v11_1_v11_1_v11_1_v11_1_v11_1_v11_1_v11_1_v11_v11_1_v11_1_v11_1_v11_1_v11_1_v11_1_v11_1_v11_1_v11_1_v11_1_v11_v11_1_v11_1_v11_1_v11_1_v11_1_v11_1_v11_1_v11_1_v11_1_v11_1_v11_v11_1_v11_1_v11_1_v11_1_v11_1_v11_1_v11_1_v11_1_v11_1_v11_1_v11_v11_1_v11_1_v11_1_v11_1_v11_1_v11_1_v11_1_v11_1_v11_1_v11_1_v11_v11_1_v11_1_v11_1_v11_1_v11_1_v11_1_v11_1_v11_1_v11_1_v11_1_v11_v11_1_v11_1_v11_1_v11_1_v11_1_v11_1_v11_1_v11_1_v11_1_v11_1_v11_v11_1_v11_1_v11_1_v11_1_v11_1_v11_1_v11_1_v11_1_v11_1_v11_1_v11_v11_1_v11_1_v11_1_v11_1_v11_1_v11_1_v11_1_v11_1_v11_1_v11_1_v11_v11_1_v11_1_v11_1_v11_1_v11_1_v11_1_v11_1_v11_1_v11_1_v11_1_v,176,train,10
v1_v1_v1_v1_v1_v1_v1_v1_v1_v1_v11_v11_1_v11_1_v11_1_v11_1_v11_1_v11_1_v11_1_v11_1_v11_1_v11_1_v11_v11_1_v11_1_v11_1_v11_1_v11_1_v11_1_v11_1_v11_1_v11_1_v11_1_v11_v11_1_v11_1_v11_1_v11_1_v11_1_v11_1_v11_1_v11_1_v11_1_v11_1_v11_v11_1_v11_1_v11_1_v11_1_v11_1_v11_1_v11_1_v11_1_v11_1_v11_1_v11_v11_1_v11_1_v11_1_v11_1_v11_1_v11_1_v11_1_v11_1_v11_1_v11_1_v11_v11_1_v11_1_v11_1_v11_1_v11_1_v11_1_v11_1_v11_1_v11_1_v11_1_v11_v11_1_v11_1_v11_1_v11_1_v11_1_v11_1_v11_1_v11_1_v11_1_v11_1_v11_v11_1_v11_1_v11_1_v11_1_v11_1_v11_1_v11_1_v11_1_v11_1_v11_1_v11_v11_1_v11_1_v11_1_v11_1_v11_1_v11_1_v11_1_v11_1_v11_1_v11_1_v11_v11_1_v11_1_v11_1_v11_1_v11_1_v11_1_v11_1_v11_1_v11_1_v11_1_v,121,val,6
v1_v1_v1_v1_v1_v1_v1_v1_v1_v1_v1_v1_v1_v14_v14_1_v14_1_v14_1_v14_1_v14_1_v14_1_v14_1_v14_1_v14_1_v14_1_v14_1_v14_1_v14_1_v14_v14_1_v14_1_v14_1_v14_1_v14_1_v14_1_v14_1_v14_1_v14_1_v14_1_v14_1_v14_1_v14_1_v14_v14_1_v14_1_v14_1_v14_1_v14_1_v14_1_v14_1_v14_1_v14_1_v14_1_v14_1_v14_1_v14_1_v14_v14_1_v14_1_v14_1_v14_1_v14_1_v14_1_v14_1_v14_1_v14_1_v14_1_v14_1_v14_1_v14_1_v14_v14_1_v14_1_v14_1_v14_1_v14_1_v14_1_v14_1_v14_1_v14_1_v14_1_v14_1_v14_1_v14_1_v14_v14_1_v14_1_v14_1_v14_1_v14_1_v14_1_v14_1_v14_1_v14_1_v14_1_v14_1_v14_1_v14_1_v14_v14_1_v14_1_v14_1_v14_1_v14_1_v14_1_v14_1_v14_1_v14_1_v14_1_v14_1_v14_1_v14_1_v14_v14_1_v14_1_v14_1_v14_1_v14_1_v14_1_v14_1_v14_1_v14_1_v14_1_v14_1_v14_1_v14_1_v14_v14_1_v14_1_v14_1_v14_1_v14_1_v14_1_v14_1_v14_1_v14_1_v14_1_v14_1_v14_1_v14_1_v14_v14_1_v14_1_v14_1_v14_1_v14_1_v14_1_v14_1_v14_1_v14_1_v14_1_v14_1_v14_1_v14_1_v14_v14_1_v14_1_v14_1_v14_1_v14_1_v14_1_v14_1_v14_1_v14_1_v14_1_v14_1_v14_1_v14_1_v,168,train,51
v1_v1_v1_v1_v1_v1_v1_v1_v1_v1_v1_v1_v1_v1_v1_v1_v1_v1_v19_v19_1_v19_1_v19_1_v19_1_v19_1_v19_1_v19_1_v19_1_v19_1_v19_1_v19_1_v19_1_v19_1_v19_1_v19_1_v19_1_v19_1_v19_1_v19_v19_1_v19_1_v19_1_v19_1_v19_1_v19_1_v19_1_v19_1_v19_1_v19_1_v19_1_v19_1_v19_1_v19_1_v19_1_v19_1_v19_1_v19_1_v19_v19_1_v19_1_v19_1_v19_1_v19_1_v19_1_v19_1_v19_1_v19_1_v19_1_v19_1_v19_1_v19_1_v19_1_v19_1_v19_1_v19_1_v19_1_v19_v19_1_v19_1_v19_1_v19_1_v19_1_v19_1_v19_1_v19_1_v19_1_v19_1_v19_1_v19_1_v19_1_v19_1_v19_1_v19_1_v19_1_v19_1_v19_v19_1_v19_1_v19_1_v19_1_v19_1_v19_1_v19_1_v19_1_v19_1_v19_1_v19_1_v19_1_v19_1_v19_1_v19_1_v19_1_v19_1_v19_1_v19_v19_1_v19_1_v19_1_v19_1_v19_1_v19_1_v19_1_v19_1_v19_1_v19_1_v19_1_v19_1_v19_1_v19_1_v19_1_v19_1_v19_1_v19_1_v19_v19_1_v19_1_v19_1_v19_1_v19_1_v19_1_v19_1_v19_1_v19_1_v19_1_v19_1_v19_1_v19_1_v19_1_v19_1_v19_1_v19_1_v19_1_v19_v19_1_v19_1_v19_1_v19_1_v19_1_v19_1_v19_1_v19_1_v19_1_v19_1_v19_1_v19_1_v19_1_v19_1_v19_1_v19_1_v19_1_v19_1_v19_v19_1_v19_1_v19_1_v19_1_v19_1_v19_1_v19_1_v19_1_v19_1_v19_1_v19_1_v19_1_v19_1_v19_1_v19_1_v19_1_v19_1_v19_1_v19_v19_1_v19_1_v19_1_v19_1_v19_1_v19_1_v19_1_v19_1_v19_1_v19_1_v19_1_v19_1_v19_1_v19_1_v19_1_v19_1_v19_1_v19_1_v19_v19_1_v19_1_v19_1_v19_1_v19_1_v19_1_v19_1_v19_1_v19_1_v19_1_v19_1_v19_1_v19_1_v19_1_v19_1_v19_1_v19_1_v19_1_v19_v19_1_v19_1_v19_1_v19_1_v19_1_v19_1_v19_1_v19_1_v19_1_v19_1_v19_1_v19_1_v19_1_v19_1_v19_1_v19_1_v19_1_v19_1_v19_v19_1_v19_1_v19_1_v19_1_v19_1_v19_1_v19_1_v19_1_v19_1_v19_1_v19_1_v19_1_v19_1_v19_1_v19_1_v19_1_v19_1_v19_1_v19_v19_1_v19_1_v19_1_v19_1_v19_1_v19_1_v19_1_v19_1_v19_1_v19_1_v19_1_v19_1_v19_1_v19_1_v19_1_v19_1_v19_1_v19_1_v19_v19_1_v19_1_v19_1_v19_1_v19_1_v19_1_v19_1_v19_1_v19_1_v19_1_v19_1_v19_1_v19_1_v19_1_v19_1_v19_1_v19_1_v19_1_v19_v19_1_v19_1_v19_1_v19_1_v19_1_v19_1_v19_1_v19_1_v19_1_v19_1_v19_1_v19_1_v19_1_v19_1_v19_1_v19_1_v19_1_v19_1_v19_v19_1_v19_1_v19_1_v19_1_v19_1_v19_1_v19_1_v19_1_v19_1_v19_1_v19_1_v19_1_v19_1_v19_1_v19_1_v19_1_v19_1_v19_1_v19_v19_1_v19_1_v19_1_v19_1_v19_1_v19_1_v19_1_v19_1_v19_1_v19_1_v19_1_v19_1_v19_1_v19_1_v19_1_v19_1_v19_1_v19_1_v,361,val,9
v1_v1_v1_v1_v1_v1_v1_v1_v1_v1_v1_v1_v1_v1_v1_v1_v1_v18_v18_1_v18_1_v18_1_v18_1_v18_1_v18_1_v18_1_v18_1_v18_1_v18_1_v18_1_v18_1_v18_1_v18_1_v18_1_v18_1_v18_1_v18_v18_1_v18_1_v18_1_v18_1_v18_1_v18_1_v18_1_v18_1_v18_1_v18_1_v18_1_v18_1_v18_1_v18_1_v18_1_v18_1_v18_1_v18_v18_1_v18_1_v18_1_v18_1_v18_1_v18_1_v18_1_v18_1_v18_1_v18_1_v18_1_v18_1_v18_1_v18_1_v18_1_v18_1_v18_1_v18_v18_1_v18_1_v18_1_v18_1_v18_1_v18_1_v18_1_v18_1_v18_1_v18_1_v18_1_v18_1_v18_1_v18_1_v18_1_v18_1_v18_1_v18_v18_1_v18_1_v18_1_v18_1_v18_1_v18_1_v18_1_v18_1_v18_1_v18_1_v18_1_v18_1_v18_1_v18_1_v18_1_v18_1_v18_1_v18_v18_1_v18_1_v18_1_v18_1_v18_1_v18_1_v18_1_v18_1_v18_1_v18_1_v18_1_v18_1_v18_1_v18_1_v18_1_v18_1_v18_1_v18_v18_1_v18_1_v18_1_v18_1_v18_1_v18_1_v18_1_v18_1_v18_1_v18_1_v18_1_v18_1_v18_1_v18_1_v18_1_v18_1_v18_1_v18_v18_1_v18_1_v18_1_v18_1_v18_1_v18_1_v18_1_v18_1_v18_1_v18_1_v18_1_v18_1_v18_1_v18_1_v18_1_v18_1_v18_1_v18_v18_1_v18_1_v18_1_v18_1_v18_1_v18_1_v18_1_v18_1_v18_1_v18_1_v18_1_v18_1_v18_1_v18_1_v18_1_v18_1_v18_1_v18_v18_1_v18_1_v18_1_v18_1_v18_1_v18_1_v18_1_v18_1_v18_1_v18_1_v18_1_v18_1_v18_1_v18_1_v18_1_v18_1_v18_1_v18_v18_1_v18_1_v18_1_v18_1_v18_1_v18_1_v18_1_v18_1_v18_1_v18_1_v18_1_v18_1_v18_1_v18_1_v18_1_v18_1_v18_1_v18_v18_1_v18_1_v18_1_v18_1_v18_1_v18_1_v18_1_v18_1_v18_1_v18_1_v18_1_v18_1_v18_1_v18_1_v18_1_v18_1_v18_1_v18_v18_1_v18_1_v18_1_v18_1_v18_1_v18_1_v18_1_v18_1_v18_1_v18_1_v18_1_v18_1_v18_1_v18_1_v18_1_v18_1_v18_1_v18_v18_1_v18_1_v18_1_v18_1_v18_1_v18_1_v18_1_v18_1_v18_1_v18_1_v18_1_v18_1_v18_1_v18_1_v18_1_v18_1_v18_1_v18_v18_1_v18_1_v18_1_v18_1_v18_1_v18_1_v18_1_v18_1_v18_1_v18_1_v18_1_v18_1_v18_1_v18_1_v18_1_v18_1_v18_1_v18_v18_1_v18_1_v18_1_v18_1_v18_1_v18_1_v18_1_v18_1_v18_1_v18_1_v18_1_v18_1_v18_1_v18_1_v18_1_v18_1_v18_1_v18_v18_1_v18_1_v18_1_v18_1_v18_1_v18_1_v18_1_v18_1_v18_1_v18_1_v18_1_v18_1_v18_1_v18_1_v18_1_v18_1_v18_1_v18_v18_1_v18_1_v18_1_v18_1_v18_1_v18_1_v18_1_v18_1_v18_1_v18_1_v18_1_v18_1_v18_1_v18_1_v18_1_v18_1_v18_1_v,342,train,29
v1_v1_v1_v1_v1_v1_v1_v1_v1_v1_v1_v1_v1_v14_v14_1_v14_1_v14_1_v14_1_v14_1_v14_1_v14_1_v14_1_v14_1_v14_1_v14_1_v14_1_v14_1_v14_v14_1_v14_1_v14_1_v14_1_v14_1_v14_1_v14_1_v14_1_v14_1_v14_1_v14_1_v14_1_v14_1_v14_v14_1_v14_1_v14_1_v14_1_v14_1_v14_1_v14_1_v14_1_v14_1_v14_1_v14_1_v14_1_v14_1_v14_v14_1_v14_1_v14_1_v14_1_v14_1_v14_1_v14_1_v14_1_v14_1_v14_1_v14_1_v14_1_v14_1_v14_v14_1_v14_1_v14_1_v14_1_v14_1_v14_1_v14_1_v14_1_v14_1_v14_1_v14_1_v14_1_v14_1_v14_v14_1_v14_1_v14_1_v14_1_v14_1_v14_1_v14_1_v14_1_v14_1_v14_1_v14_1_v14_1_v14_1_v14_v14_1_v14_1_v14_1_v14_1_v14_1_v14_1_v14_1_v14_1_v14_1_v14_1_v14_1_v14_1_v14_1_v14_v14_1_v14_1_v14_1_v14_1_v14_1_v14_1_v14_1_v14_1_v14_1_v14_1_v14_1_v14_1_v14_1_v14_v14_1_v14_1_v14_1_v14_1_v14_1_v14_1_v14_1_v14_1_v14_1_v14_1_v14_1_v14_1_v14_1_v14_v14_1_v14_1_v14_1_v14_1_v14_1_v14_1_v14_1_v14_1_v14_1_v14_1_v14_1_v14_1_v14_1_v14_v14_1_v14_1_v14_1_v14_1_v14_1_v14_1_v14_1_v14_1_v14_1_v14_1_v14_1_v14_1_v14_1_v14_v14_1_v14_1_v14_1_v14_1_v14_1_v14_1_v14_1_v14_1_v14_1_v14_1_v14_1_v14_1_v14_1_v14_v14_1_v14_1_v14_1_v14_1_v14_1_v14_1_v14_1_v14_1_v14_1_v14_1_v14_1_v14_1_v14_1_v14_v14_1_v14_1_v14_1_v14_1_v14_1_v14_1_v14_1_v14_1_v14_1_v14_1_v14_1_v14_1_v14_1_v14_v14_1_v14_1_v14_1_v14_1_v14_1_v14_1_v14_1_v14_1_v14_1_v14_1_v14_1_v14_1_v14_1_v14_v14_1_v14_1_v14_1_v14_1_v14_1_v14_1_v14_1_v14_1_v14_1_v14_1_v14_1_v14_1_v14_1_v,238,train,68
v1_v1_v1_v1_v1_v1_v1_v1_v1_v1_v1_v1_v1_v1_v15_v15_1_v15_1_v15_1_v15_1_v15_1_v15_1_v15_1_v15_1_v15_1_v15_1_v15_1_v15_1_v15_1_v15_1_v15_v15_1_v15_1_v15_1_v15_1_v15_1_v15_1_v15_1_v15_1_v15_1_v15_1_v15_1_v15_1_v15_1_v15_1_v15_v15_1_v15_1_v15_1_v15_1_v15_1_v15_1_v15_1_v15_1_v15_1_v15_1_v15_1_v15_1_v15_1_v15_1_v15_v15_1_v15_1_v15_1_v15_1_v15_1_v15_1_v15_1_v15_1_v15_1_v15_1_v15_1_v15_1_v15_1_v15_1_v15_v15_1_v15_1_v15_1_v15_1_v15_1_v15_1_v15_1_v15_1_v15_1_v15_1_v15_1_v15_1_v15_1_v15_1_v15_v15_1_v15_1_v15_1_v15_1_v15_1_v15_1_v15_1_v15_1_v15_1_v15_1_v15_1_v15_1_v15_1_v15_1_v15_v15_1_v15_1_v15_1_v15_1_v15_1_v15_1_v15_1_v15_1_v15_1_v15_1_v15_1_v15_1_v15_1_v15_1_v15_v15_1_v15_1_v15_1_v15_1_v15_1_v15_1_v15_1_v15_1_v15_1_v15_1_v15_1_v15_1_v15_1_v15_1_v15_v15_1_v15_1_v15_1_v15_1_v15_1_v15_1_v15_1_v15_1_v15_1_v15_1_v15_1_v15_1_v15_1_v15_1_v15_v15_1_v15_1_v15_1_v15_1_v15_1_v15_1_v15_1_v15_1_v15_1_v15_1_v15_1_v15_1_v15_1_v15_1_v15_v15_1_v15_1_v15_1_v15_1_v15_1_v15_1_v15_1_v15_1_v15_1_v15_1_v15_1_v15_1_v15_1_v15_1_v15_v15_1_v15_1_v15_1_v15_1_v15_1_v15_1_v15_1_v15_1_v15_1_v15_1_v15_1_v15_1_v15_1_v15_1_v15_v15_1_v15_1_v15_1_v15_1_v15_1_v15_1_v15_1_v15_1_v15_1_v15_1_v15_1_v15_1_v15_1_v15_1_v15_v15_1_v15_1_v15_1_v15_1_v15_1_v15_1_v15_1_v15_1_v15_1_v15_1_v15_1_v15_1_v15_1_v15_1_v15_v15_1_v15_1_v15_1_v15_1_v15_1_v15_1_v15_1_v15_1_v15_1_v15_1_v15_1_v15_1_v15_1_v15_1_v,240,train,42
v1_v1_v1_v1_v1_v1_v1_v1_v1_v1_v1_v1_v1_v1_v15_v15_1_v15_1_v15_1_v15_1_v15_1_v15_1_v15_1_v15_1_v15_1_v15_1_v15_1_v15_1_v15_1_v15_1_v15_v15_1_v15_1_v15_1_v15_1_v15_1_v15_1_v15_1_v15_1_v15_1_v15_1_v15_1_v15_1_v15_1_v15_1_v15_v15_1_v15_1_v15_1_v15_1_v15_1_v15_1_v15_1_v15_1_v15_1_v15_1_v15_1_v15_1_v15_1_v15_1_v15_v15_1_v15_1_v15_1_v15_1_v15_1_v15_1_v15_1_v15_1_v15_1_v15_1_v15_1_v15_1_v15_1_v15_1_v15_v15_1_v15_1_v15_1_v15_1_v15_1_v15_1_v15_1_v15_1_v15_1_v15_1_v15_1_v15_1_v15_1_v15_1_v15_v15_1_v15_1_v15_1_v15_1_v15_1_v15_1_v15_1_v15_1_v15_1_v15_1_v15_1_v15_1_v15_1_v15_1_v15_v15_1_v15_1_v15_1_v15_1_v15_1_v15_1_v15_1_v15_1_v15_1_v15_1_v15_1_v15_1_v15_1_v15_1_v15_v15_1_v15_1_v15_1_v15_1_v15_1_v15_1_v15_1_v15_1_v15_1_v15_1_v15_1_v15_1_v15_1_v15_1_v15_v15_1_v15_1_v15_1_v15_1_v15_1_v15_1_v15_1_v15_1_v15_1_v15_1_v15_1_v15_1_v15_1_v15_1_v15_v15_1_v15_1_v15_1_v15_1_v15_1_v15_1_v15_1_v15_1_v15_1_v15_1_v15_1_v15_1_v15_1_v15_1_v,165,train,18
v1_v1_v1_v1_v1_v1_v1_v1_v1_v1_v1_v1_v1_v1_v1_v1_v1_v1_v19_v19_1_v19_1_v19_1_v19_1_v19_1_v19_1_v19_1_v19_1_v19_1_v19_1_v19_1_v19_1_v19_1_v19_1_v19_1_v19_1_v19_1_v19_1_v19_v19_1_v19_1_v19_1_v19_1_v19_1_v19_1_v19_1_v19_1_v19_1_v19_1_v19_1_v19_1_v19_1_v19_1_v19_1_v19_1_v19_1_v19_1_v19_v19_1_v19_1_v19_1_v19_1_v19_1_v19_1_v19_1_v19_1_v19_1_v19_1_v19_1_v19_1_v19_1_v19_1_v19_1_v19_1_v19_1_v19_1_v19_v19_1_v19_1_v19_1_v19_1_v19_1_v19_1_v19_1_v19_1_v19_1_v19_1_v19_1_v19_1_v19_1_v19_1_v19_1_v19_1_v19_1_v19_1_v19_v19_1_v19_1_v19_1_v19_1_v19_1_v19_1_v19_1_v19_1_v19_1_v19_1_v19_1_v19_1_v19_1_v19_1_v19_1_v19_1_v19_1_v19_1_v19_v19_1_v19_1_v19_1_v19_1_v19_1_v19_1_v19_1_v19_1_v19_1_v19_1_v19_1_v19_1_v19_1_v19_1_v19_1_v19_1_v19_1_v19_1_v19_v19_1_v19_1_v19_1_v19_1_v19_1_v19_1_v19_1_v19_1_v19_1_v19_1_v19_1_v19_1_v19_1_v19_1_v19_1_v19_1_v19_1_v19_1_v19_v19_1_v19_1_v19_1_v19_1_v19_1_v19_1_v19_1_v19_1_v19_1_v19_1_v19_1_v19_1_v19_1_v19_1_v19_1_v19_1_v19_1_v19_1_v19_v19_1_v19_1_v19_1_v19_1_v19_1_v19_1_v19_1_v19_1_v19_1_v19_1_v19_1_v19_1_v19_1_v19_1_v19_1_v19_1_v19_1_v19_1_v19_v19_1_v19_1_v19_1_v19_1_v19_1_v19_1_v19_1_v19_1_v19_1_v19_1_v19_1_v19_1_v19_1_v19_1_v19_1_v19_1_v19_1_v19_1_v19_v19_1_v19_1_v19_1_v19_1_v19_1_v19_1_v19_1_v19_1_v19_1_v19_1_v19_1_v19_1_v19_1_v19_1_v19_1_v19_1_v19_1_v19_1_v19_v19_1_v19_1_v19_1_v19_1_v19_1_v19_1_v19_1_v19_1_v19_1_v19_1_v19_1_v19_1_v19_1_v19_1_v19_1_v19_1_v19_1_v19_1_v19_v19_1_v19_1_v19_1_v19_1_v19_1_v19_1_v19_1_v19_1_v19_1_v19_1_v19_1_v19_1_v19_1_v19_1_v19_1_v19_1_v19_1_v19_1_v19_v19_1_v19_1_v19_1_v19_1_v19_1_v19_1_v19_1_v19_1_v19_1_v19_1_v19_1_v19_1_v19_1_v19_1_v19_1_v19_1_v19_1_v19_1_v19_v19_1_v19_1_v19_1_v19_1_v19_1_v19_1_v19_1_v19_1_v19_1_v19_1_v19_1_v19_1_v19_1_v19_1_v19_1_v19_1_v19_1_v19_1_v,304,train,32
v1_v1_v1_v1_v1_v1_v1_v1_v1_v1_v1_v1_v1_v1_v1_v1_v1_v18_v18_1_v18_1_v18_1_v18_1_v18_1_v18_1_v18_1_v18_1_v18_1_v18_1_v18_1_v18_1_v18_1_v18_1_v18_1_v18_1_v18_1_v18_v18_1_v18_1_v18_1_v18_1_v18_1_v18_1_v18_1_v18_1_v18_1_v18_1_v18_1_v18_1_v18_1_v18_1_v18_1_v18_1_v18_1_v18_v18_1_v18_1_v18_1_v18_1_v18_1_v18_1_v18_1_v18_1_v18_1_v18_1_v18_1_v18_1_v18_1_v18_1_v18_1_v18_1_v18_1_v18_v18_1_v18_1_v18_1_v18_1_v18_1_v18_1_v18_1_v18_1_v18_1_v18_1_v18_1_v18_1_v18_1_v18_1_v18_1_v18_1_v18_1_v18_v18_1_v18_1_v18_1_v18_1_v18_1_v18_1_v18_1_v18_1_v18_1_v18_1_v18_1_v18_1_v18_1_v18_1_v18_1_v18_1_v18_1_v18_v18_1_v18_1_v18_1_v18_1_v18_1_v18_1_v18_1_v18_1_v18_1_v18_1_v18_1_v18_1_v18_1_v18_1_v18_1_v18_1_v18_1_v18_v18_1_v18_1_v18_1_v18_1_v18_1_v18_1_v18_1_v18_1_v18_1_v18_1_v18_1_v18_1_v18_1_v18_1_v18_1_v18_1_v18_1_v18_v18_1_v18_1_v18_1_v18_1_v18_1_v18_1_v18_1_v18_1_v18_1_v18_1_v18_1_v18_1_v18_1_v18_1_v18_1_v18_1_v18_1_v18_v18_1_v18_1_v18_1_v18_1_v18_1_v18_1_v18_1_v18_1_v18_1_v18_1_v18_1_v18_1_v18_1_v18_1_v18_1_v18_1_v18_1_v18_v18_1_v18_1_v18_1_v18_1_v18_1_v18_1_v18_1_v18_1_v18_1_v18_1_v18_1_v18_1_v18_1_v18_1_v18_1_v18_1_v18_1_v,198,val,4
v1_v1_v1_v1_v1_v1_v1_v1_v1_v1_v1_v1_v1_v1_v1_v16_v16_1_v16_1_v16_1_v16_1_v16_1_v16_1_v16_1_v16_1_v16_1_v16_1_v16_1_v16_1_v16_1_v16_1_v16_1_v16_v16_1_v16_1_v16_1_v16_1_v16_1_v16_1_v16_1_v16_1_v16_1_v16_1_v16_1_v16_1_v16_1_v16_1_v16_1_v16_v16_1_v16_1_v16_1_v16_1_v16_1_v16_1_v16_1_v16_1_v16_1_v16_1_v16_1_v16_1_v16_1_v16_1_v16_1_v16_v16_1_v16_1_v16_1_v16_1_v16_1_v16_1_v16_1_v16_1_v16_1_v16_1_v16_1_v16_1_v16_1_v16_1_v16_1_v16_v16_1_v16_1_v16_1_v16_1_v16_1_v16_1_v16_1_v16_1_v16_1_v16_1_v16_1_v16_1_v16_1_v16_1_v16_1_v16_v16_1_v16_1_v16_1_v16_1_v16_1_v16_1_v16_1_v16_1_v16_1_v16_1_v16_1_v16_1_v16_1_v16_1_v16_1_v16_v16_1_v16_1_v16_1_v16_1_v16_1_v16_1_v16_1_v16_1_v16_1_v16_1_v16_1_v16_1_v16_1_v16_1_v16_1_v16_v16_1_v16_1_v16_1_v16_1_v16_1_v16_1_v16_1_v16_1_v16_1_v16_1_v16_1_v16_1_v16_1_v16_1_v16_1_v16_v16_1_v16_1_v16_1_v16_1_v16_1_v16_1_v16_1_v16_1_v16_1_v16_1_v16_1_v16_1_v16_1_v16_1_v16_1_v16_v16_1_v16_1_v16_1_v16_1_v16_1_v16_1_v16_1_v16_1_v16_1_v16_1_v16_1_v16_1_v16_1_v16_1_v16_1_v,176,train,25
v1_v1_v1_v1_v1_v1_v1_v1_v1_v1_v1_v1_v13_v13_1_v13_1_v13_1_v13_1_v13_1_v13_1_v13_1_v13_1_v13_1_v13_1_v13_1_v13_1_v13_v13_1_v13_1_v13_1_v13_1_v13_1_v13_1_v13_1_v13_1_v13_1_v13_1_v13_1_v13_1_v13_v13_1_v13_1_v13_1_v13_1_v13_1_v13_1_v13_1_v13_1_v13_1_v13_1_v13_1_v13_1_v13_v13_1_v13_1_v13_1_v13_1_v13_1_v13_1_v13_1_v13_1_v13_1_v13_1_v13_1_v13_1_v13_v13_1_v13_1_v13_1_v13_1_v13_1_v13_1_v13_1_v13_1_v13_1_v13_1_v13_1_v13_1_v13_v13_1_v13_1_v13_1_v13_1_v13_1_v13_1_v13_1_v13_1_v13_1_v13_1_v13_1_v13_1_v13_v13_1_v13_1_v13_1_v13_1_v13_1_v13_1_v13_1_v13_1_v13_1_v13_1_v13_1_v13_1_v13_v13_1_v13_1_v13_1_v13_1_v13_1_v13_1_v13_1_v13_1_v13_1_v13_1_v13_1_v13_1_v13_v13_1_v13_1_v13_1_v13_1_v13_1_v13_1_v13_1_v13_1_v13_1_v13_1_v13_1_v13_1_v,130,train,65
v1_v1_v1_v1_v1_v1_v1_v1_v1_v1_v11_v11_1_v11_1_v11_1_v11_1_v11_1_v11_1_v11_1_v11_1_v11_1_v11_1_v11_v11_1_v11_1_v11_1_v11_1_v11_1_v11_1_v11_1_v11_1_v11_1_v11_1_v11_v11_1_v11_1_v11_1_v11_1_v11_1_v11_1_v11_1_v11_1_v11_1_v11_1_v11_v11_1_v11_1_v11_1_v11_1_v11_1_v11_1_v11_1_v11_1_v11_1_v11_1_v11_v11_1_v11_1_v11_1_v11_1_v11_1_v11_1_v11_1_v11_1_v11_1_v11_1_v11_v11_1_v11_1_v11_1_v11_1_v11_1_v11_1_v11_1_v11_1_v11_1_v11_1_v11_v11_1_v11_1_v11_1_v11_1_v11_1_v11_1_v11_1_v11_1_v11_1_v11_1_v11_v11_1_v11_1_v11_1_v11_1_v11_1_v11_1_v11_1_v11_1_v11_1_v11_1_v11_v11_1_v11_1_v11_1_v11_1_v11_1_v11_1_v11_1_v11_1_v11_1_v11_1_v11_v11_1_v11_1_v11_1_v11_1_v11_1_v11_1_v11_1_v11_1_v11_1_v11_1_v11_v11_1_v11_1_v11_1_v11_1_v11_1_v11_1_v11_1_v11_1_v11_1_v11_1_v11_v11_1_v11_1_v11_1_v11_1_v11_1_v11_1_v11_1_v11_1_v11_1_v11_1_v11_v11_1_v11_1_v11_1_v11_1_v11_1_v11_1_v11_1_v11_1_v11_1_v11_1_v11_v11_1_v11_1_v11_1_v11_1_v11_1_v11_1_v11_1_v11_1_v11_1_v11_1_v,165,train,61
v1_v1_v1_v1_v1_v1_v1_v1_v1_v1_v1_v1_v1_v1_v1_v16_v16_1_v16_1_v16_1_v16_1_v16_1_v16_1_v16_1_v16_1_v16_1_v16_1_v16_1_v16_1_v16_1_v16_1_v16_1_v16_v16_1_v16_1_v16_1_v16_1_v16_1_v16_1_v16_1_v16_1_v16_1_v16_1_v16_1_v16_1_v16_1_v16_1_v16_1_v16_v16_1_v16_1_v16_1_v16_1_v16_1_v16_1_v16_1_v16_1_v16_1_v16_1_v16_1_v16_1_v16_1_v16_1_v16_1_v16_v16_1_v16_1_v16_1_v16_1_v16_1_v16_1_v16_1_v16_1_v16_1_v16_1_v16_1_v16_1_v16_1_v16_1_v16_1_v16_v16_1_v16_1_v16_1_v16_1_v16_1_v16_1_v16_1_v16_1_v16_1_v16_1_v16_1_v16_1_v16_1_v16_1_v16_1_v16_v16_1_v16_1_v16_1_v16_1_v16_1_v16_1_v16_1_v16_1_v16_1_v16_1_v16_1_v16_1_v16_1_v16_1_v16_1_v16_v16_1_v16_1_v16_1_v16_1_v16_1_v16_1_v16_1_v16_1_v16_1_v16_1_v16_1_v16_1_v16_1_v16_1_v16_1_v16_v16_1_v16_1_v16_1_v16_1_v16_1_v16_1_v16_1_v16_1_v16_1_v16_1_v16_1_v16_1_v16_1_v16_1_v16_1_v16_v16_1_v16_1_v16_1_v16_1_v16_1_v16_1_v16_1_v16_1_v16_1_v16_1_v16_1_v16_1_v16_1_v16_1_v16_1_v16_v16_1_v16_1_v16_1_v16_1_v16_1_v16_1_v16_1_v16_1_v16_1_v16_1_v16_1_v16_1_v16_1_v16_1_v16_1_v16_v16_1_v16_1_v16_1_v16_1_v16_1_v16_1_v16_1_v16_1_v16_1_v16_1_v16_1_v16_1_v16_1_v16_1_v16_1_v16_v16_1_v16_1_v16_1_v16_1_v16_1_v16_1_v16_1_v16_1_v16_1_v16_1_v16_1_v16_1_v16_1_v16_1_v16_1_v16_v16_1_v16_1_v16_1_v16_1_v16_1_v16_1_v16_1_v16_1_v16_1_v16_1_v16_1_v16_1_v16_1_v16_1_v16_1_v16_v16_1_v16_1_v16_1_v16_1_v16_1_v16_1_v16_1_v16_1_v16_1_v16_1_v16_1_v16_1_v16_1_v16_1_v16_1_v,240,val,2
v1_v1_v1_v1_v1_v1_v1_v1_v1_v1_v1_v1_v1_v1_v1_v1_v1_v18_v18_1_v18_1_v18_1_v18_1_v18_1_v18_1_v18_1_v18_1_v18_1_v18_1_v18_1_v18_1_v18_1_v18_1_v18_1_v18_1_v18_1_v18_v18_1_v18_1_v18_1_v18_1_v18_1_v18_1_v18_1_v18_1_v18_1_v18_1_v18_1_v18_1_v18_1_v18_1_v18_1_v18_1_v18_1_v18_v18_1_v18_1_v18_1_v18_1_v18_1_v18_1_v18_1_v18_1_v18_1_v18_1_v18_1_v18_1_v18_1_v18_1_v18_1_v18_1_v18_1_v18_v18_1_v18_1_v18_1_v18_1_v18_1_v18_1_v18_1_v18_1_v18_1_v18_1_v18_1_v18_1_v18_1_v18_1_v18_1_v18_1_v18_1_v18_v18_1_v18_1_v18_1_v18_1_v18_1_v18_1_v18_1_v18_1_v18_1_v18_1_v18_1_v18_1_v18_1_v18_1_v18_1_v18_1_v18_1_v18_v18_1_v18_1_v18_1_v18_1_v18_1_v18_1_v18_1_v18_1_v18_1_v18_1_v18_1_v18_1_v18_1_v18_1_v18_1_v18_1_v18_1_v18_v18_1_v18_1_v18_1_v18_1_v18_1_v18_1_v18_1_v18_1_v18_1_v18_1_v18_1_v18_1_v18_1_v18_1_v18_1_v18_1_v18_1_v18_v18_1_v18_1_v18_1_v18_1_v18_1_v18_1_v18_1_v18_1_v18_1_v18_1_v18_1_v18_1_v18_1_v18_1_v18_1_v18_1_v18_1_v18_v18_1_v18_1_v18_1_v18_1_v18_1_v18_1_v18_1_v18_1_v18_1_v18_1_v18_1_v18_1_v18_1_v18_1_v18_1_v18_1_v18_1_v18_v18_1_v18_1_v18_1_v18_1_v18_1_v18_1_v18_1_v18_1_v18_1_v18_1_v18_1_v18_1_v18_1_v18_1_v18_1_v18_1_v18_1_v18_v18_1_v18_1_v18_1_v18_1_v18_1_v18_1_v18_1_v18_1_v18_1_v18_1_v18_1_v18_1_v18_1_v18_1_v18_1_v18_1_v18_1_v18_v18_1_v18_1_v18_1_v18_1_v18_1_v18_1_v18_1_v18_1_v18_1_v18_1_v18_1_v18_1_v18_1_v18_1_v18_1_v18_1_v18_1_v18_v18_1_v18_1_v18_1_v18_1_v18_1_v18_1_v18_1_v18_1_v18_1_v18_1_v18_1_v18_1_v18_1_v18_1_v18_1_v18_1_v18_1_v18_v18_1_v18_1_v18_1_v18_1_v18_1_v18_1_v18_1_v18_1_v18_1_v18_1_v18_1_v18_1_v18_1_v18_1_v18_1_v18_1_v18_1_v18_v18_1_v18_1_v18_1_v18_1_v18_1_v18_1_v18_1_v18_1_v18_1_v18_1_v18_1_v18_1_v18_1_v18_1_v18_1_v18_1_v18_1_v18_v18_1_v18_1_v18_1_v18_1_v18_1_v18_1_v18_1_v18_1_v18_1_v18_1_v18_1_v18_1_v18_1_v18_1_v18_1_v18_1_v18_1_v,306,train,63
v1_v1_v1_v1_v1_v1_v1_v1_v1_v1_v1_v1_v1_v1_v1_v1_v1_v1_v19_v19_1_v19_1_v19_1_v19_1_v19_1_v19_1_v19_1_v19_1_v19_1_v19_1_v19_1_v19_1_v19_1_v19_1_v19_1_v19_1_v19_1_v19_1_v19_v19_1_v19_1_v19_1_v19_1_v19_1_v19_1_v19_1_v19_1_v19_1_v19_1_v19_1_v19_1_v19_1_v19_1_v19_1_v19_1_v19_1_v19_1_v19_v19_1_v19_1_v19_1_v19_1_v19_1_v19_1_v19_1_v19_1_v19_1_v19_1_v19_1_v19_1_v19_1_v19_1_v19_1_v19_1_v19_1_v19_1_v19_v19_1_v19_1_v19_1_v19_1_v19_1_v19_1_v19_1_v19_1_v19_1_v19_1_v19_1_v19_1_v19_1_v19_1_v19_1_v19_1_v19_1_v19_1_v19_v19_1_v19_1_v19_1_v19_1_v19_1_v19_1_v19_1_v19_1_v19_1_v19_1_v19_1_v19_1_v19_1_v19_1_v19_1_v19_1_v19_1_v19_1_v19_v19_1_v19_1_v19_1_v19_1_v19_1_v19_1_v19_1_v19_1_v19_1_v19_1_v19_1_v19_1_v19_1_v19_1_v19_1_v19_1_v19_1_v19_1_v19_v19_1_v19_1_v19_1_v19_1_v19_1_v19_1_v19_1_v19_1_v19_1_v19_1_v19_1_v19_1_v19_1_v19_1_v19_1_v19_1_v19_1_v19_1_v19_v19_1_v19_1_v19_1_v19_1_v19_1_v19_1_v19_1_v19_1_v19_1_v19_1_v19_1_v19_1_v19_1_v19_1_v19_1_v19_1_v19_1_v19_1_v19_v19_1_v19_1_v19_1_v19_1_v19_1_v19_1_v19_1_v19_1_v19_1_v19_1_v19_1_v19_1_v19_1_v19_1_v19_1_v19_1_v19_1_v19_1_v19_v19_1_v19_1_v19_1_v19_1_v19_1_v19_1_v19_1_v19_1_v19_1_v19_1_v19_1_v19_1_v19_1_v19_1_v19_1_v19_1_v19_1_v19_1_v19_v19_1_v19_1_v19_1_v19_1_v19_1_v19_1_v19_1_v19_1_v19_1_v19_1_v19_1_v19_1_v19_1_v19_1_v19_1_v19_1_v19_1_v19_1_v,228,train,47
v1_v1_v1_v1_v1_v1_v1_v1_v1_v1_v1_v1_v1_v1_v1_v1_v1_v18_v18_1_v18_1_v18_1_v18_1_v18_1_v18_1_v18_1_v18_1_v18_1_v18_1_v18_1_v18_1_v18_1_v18_1_v18_1_v18_1_v18_1_v18_v18_1_v18_1_v18_1_v18_1_v18_1_v18_1_v18_1_v18_1_v18_1_v18_1_v18_1_v18_1_v18_1_v18_1_v18_1_v18_1_v18_1_v18_v18_1_v18_1_v18_1_v18_1_v18_1_v18_1_v18_1_v18_1_v18_1_v18_1_v18_1_v18_1_v18_1_v18_1_v18_1_v18_1_v18_1_v18_v18_1_v18_1_v18_1_v18_1_v18_1_v18_1_v18_1_v18_1_v18_1_v18_1_v18_1_v18_1_v18_1_v18_1_v18_1_v18_1_v18_1_v18_v18_1_v18_1_v18_1_v18_1_v18_1_v18_1_v18_1_v18_1_v18_1_v18_1_v18_1_v18_1_v18_1_v18_1_v18_1_v18_1_v18_1_v18_v18_1_v18_1_v18_1_v18_1_v18_1_v18_1_v18_1_v18_1_v18_1_v18_1_v18_1_v18_1_v18_1_v18_1_v18_1_v18_1_v18_1_v18_v18_1_v18_1_v18_1_v18_1_v18_1_v18_1_v18_1_v18_1_v18_1_v18_1_v18_1_v18_1_v18_1_v18_1_v18_1_v18_1_v18_1_v18_v18_1_v18_1_v18_1_v18_1_v18_1_v18_1_v18_1_v18_1_v18_1_v18_1_v18_1_v18_1_v18_1_v18_1_v18_1_v18_1_v18_1_v18_v18_1_v18_1_v18_1_v18_1_v18_1_v18_1_v18_1_v18_1_v18_1_v18_1_v18_1_v18_1_v18_1_v18_1_v18_1_v18_1_v18_1_v18_v18_1_v18_1_v18_1_v18_1_v18_1_v18_1_v18_1_v18_1_v18_1_v18_1_v18_1_v18_1_v18_1_v18_1_v18_1_v18_1_v18_1_v18_v18_1_v18_1_v18_1_v18_1_v18_1_v18_1_v18_1_v18_1_v18_1_v18_1_v18_1_v18_1_v18_1_v18_1_v18_1_v18_1_v18_1_v18_v18_1_v18_1_v18_1_v18_1_v18_1_v18_1_v18_1_v18_1_v18_1_v18_1_v18_1_v18_1_v18_1_v18_1_v18_1_v18_1_v18_1_v18_v18_1_v18_1_v18_1_v18_1_v18_1_v18_1_v18_1_v18_1_v18_1_v18_1_v18_1_v18_1_v18_1_v18_1_v18_1_v18_1_v18_1_v18_v18_1_v18_1_v18_1_v18_1_v18_1_v18_1_v18_1_v18_1_v18_1_v18_1_v18_1_v18_1_v18_1_v18_1_v18_1_v18_1_v18_1_v18_v18_1_v18_1_v18_1_v18_1_v18_1_v18_1_v18_1_v18_1_v18_1_v18_1_v18_1_v18_1_v18_1_v18_1_v18_1_v18_1_v18_1_v18_v18_1_v18_1_v18_1_v18_1_v18_1_v18_1_v18_1_v18_1_v18_1_v18_1_v18_1_v18_1_v18_1_v18_1_v18_1_v18_1_v18_1_v18_v18_1_v18_1_v18_1_v18_1_v18_1_v18_1_v18_1_v18_1_v18_1_v18_1_v18_1_v18_1_v18_1_v18_1_v18_1_v18_1_v18_1_v,324,train,27
v1_v1_v1_v1_v1_v1_v1_v1_v1_v1_v1_v1_v1_v1_v1_v16_v16_1_v16_1_v16_1_v16_1_v16_1_v16_1_v16_1_v16_1_v16_1_v16_1_v16_1_v16_1_v16_1_v16_1_v16_1_v16_v16_1_v16_1_v16_1_v16_1_v16_1_v16_1_v16_1_v16_1_v16_1_v16_1_v16_1_v16_1_v16_1_v16_1_v16_1_v16_v16_1_v16_1_v16_1_v16_1_v16_1_v16_1_v16_1_v16_1_v16_1_v16_1_v16_1_v16_1_v16_1_v16_1_v16_1_v16_v16_1_v16_1_v16_1_v16_1_v16_1_v16_1_v16_1_v16_1_v16_1_v16_1_v16_1_v16_1_v16_1_v16_1_v16_1_v16_v16_1_v16_1_v16_1_v16_1_v16_1_v16_1_v16_1_v16_1_v16_1_v16_1_v16_1_v16_1_v16_1_v16_1_v16_1_v16_v16_1_v16_1_v16_1_v16_1_v16_1_v16_1_v16_1_v16_1_v16_1_v16_1_v16_1_v16_1_v16_1_v16_1_v16_1_v16_v16_1_v16_1_v16_1_v16_1_v16_1_v16_1_v16_1_v16_1_v16_1_v16_1_v16_1_v16_1_v16_1_v16_1_v16_1_v16_v16_1_v16_1_v16_1_v16_1_v16_1_v16_1_v16_1_v16_1_v16_1_v16_1_v16_1_v16_1_v16_1_v16_1_v16_1_v16_v16_1_v16_1_v16_1_v16_1_v16_1_v16_1_v16_1_v16_1_v16_1_v16_1_v16_1_v16_1_v16_1_v16_1_v16_1_v16_v16_1_v16_1_v16_1_v16_1_v16_1_v16_1_v16_1_v16_1_v16_1_v16_1_v16_1_v16_1_v16_1_v16_1_v16_1_v16_v16_1_v16_1_v16_1_v16_1_v16_1_v16_1_v16_1_v16_1_v16_1_v16_1_v16_1_v16_1_v16_1_v16_1_v16_1_v16_v16_1_v16_1_v16_1_v16_1_v16_1_v16_1_v16_1_v16_1_v16_1_v16_1_v16_1_v16_1_v16_1_v16_1_v16_1_v,208,train,45
v1_v1_v1_v1_v1_v1_v1_v1_v1_v1_v1_v1_v1_v1_v1_v1_v1_v18_v18_1_v18_1_v18_1_v18_1_v18_1_v18_1_v18_1_v18_1_v18_1_v18_1_v18_1_v18_1_v18_1_v18_1_v18_1_v18_1_v18_1_v18_v18_1_v18_1_v18_1_v18_1_v18_1_v18_1_v18_1_v18_1_v18_1_v18_1_v18_1_v18_1_v18_1_v18_1_v18_1_v18_1_v18_1_v18_v18_1_v18_1_v18_1_v18_1_v18_1_v18_1_v18_1_v18_1_v18_1_v18_1_v18_1_v18_1_v18_1_v18_1_v18_1_v18_1_v18_1_v18_v18_1_v18_1_v18_1_v18_1_v18_1_v18_1_v18_1_v18_1_v18_1_v18_1_v18_1_v18_1_v18_1_v18_1_v18_1_v18_1_v18_1_v18_v18_1_v18_1_v18_1_v18_1_v18_1_v18_1_v18_1_v18_1_v18_1_v18_1_v18_1_v18_1_v18_1_v18_1_v18_1_v18_1_v18_1_v18_v18_1_v18_1_v18_1_v18_1_v18_1_v18_1_v18_1_v18_1_v18_1_v18_1_v18_1_v18_1_v18_1_v18_1_v18_1_v18_1_v18_1_v18_v18_1_v18_1_v18_1_v18_1_v18_1_v18_1_v18_1_v18_1_v18_1_v18_1_v18_1_v18_1_v18_1_v18_1_v18_1_v18_1_v18_1_v18_v18_1_v18_1_v18_1_v18_1_v18_1_v18_1_v18_1_v18_1_v18_1_v18_1_v18_1_v18_1_v18_1_v18_1_v18_1_v18_1_v18_1_v18_v18_1_v18_1_v18_1_v18_1_v18_1_v18_1_v18_1_v18_1_v18_1_v18_1_v18_1_v18_1_v18_1_v18_1_v18_1_v18_1_v18_1_v18_v18_1_v18_1_v18_1_v18_1_v18_1_v18_1_v18_1_v18_1_v18_1_v18_1_v18_1_v18_1_v18_1_v18_1_v18_1_v18_1_v18_1_v18_v18_1_v18_1_v18_1_v18_1_v18_1_v18_1_v18_1_v18_1_v18_1_v18_1_v18_1_v18_1_v18_1_v18_1_v18_1_v18_1_v18_1_v18_v18_1_v18_1_v18_1_v18_1_v18_1_v18_1_v18_1_v18_1_v18_1_v18_1_v18_1_v18_1_v18_1_v18_1_v18_1_v18_1_v18_1_v18_v18_1_v18_1_v18_1_v18_1_v18_1_v18_1_v18_1_v18_1_v18_1_v18_1_v18_1_v18_1_v18_1_v18_1_v18_1_v18_1_v18_1_v18_v18_1_v18_1_v18_1_v18_1_v18_1_v18_1_v18_1_v18_1_v18_1_v18_1_v18_1_v18_1_v18_1_v18_1_v18_1_v18_1_v18_1_v18_v18_1_v18_1_v18_1_v18_1_v18_1_v18_1_v18_1_v18_1_v18_1_v18_1_v18_1_v18_1_v18_1_v18_1_v18_1_v18_1_v18_1_v18_v18_1_v18_1_v18_1_v18_1_v18_1_v18_1_v18_1_v18_1_v18_1_v18_1_v18_1_v18_1_v18_1_v18_1_v18_1_v18_1_v18_1_v18_v18_1_v18_1_v18_1_v18_1_v18_1_v18_1_v18_1_v18_1_v18_1_v18_1_v18_1_v18_1_v18_1_v18_1_v18_1_v18_1_v18_1_v,324,train,43
v1_v1_v1_v1_v1_v1_v1_v1_v1_v1_v1_v1_v1_v1_v1_v16_v16_1_v16_1_v16_1_v16_1_v16_1_v16_1_v16_1_v16_1_v16_1_v16_1_v16_1_v16_1_v16_1_v16_1_v16_1_v16_v16_1_v16_1_v16_1_v16_1_v16_1_v16_1_v16_1_v16_1_v16_1_v16_1_v16_1_v16_1_v16_1_v16_1_v16_1_v16_v16_1_v16_1_v16_1_v16_1_v16_1_v16_1_v16_1_v16_1_v16_1_v16_1_v16_1_v16_1_v16_1_v16_1_v16_1_v16_v16_1_v16_1_v16_1_v16_1_v16_1_v16_1_v16_1_v16_1_v16_1_v16_1_v16_1_v16_1_v16_1_v16_1_v16_1_v16_v16_1_v16_1_v16_1_v16_1_v16_1_v16_1_v16_1_v16_1_v16_1_v16_1_v16_1_v16_1_v16_1_v16_1_v16_1_v16_v16_1_v16_1_v16_1_v16_1_v16_1_v16_1_v16_1_v16_1_v16_1_v16_1_v16_1_v16_1_v16_1_v16_1_v16_1_v16_v16_1_v16_1_v16_1_v16_1_v16_1_v16_1_v16_1_v16_1_v16_1_v16_1_v16_1_v16_1_v16_1_v16_1_v16_1_v16_v16_1_v16_1_v16_1_v16_1_v16_1_v16_1_v16_1_v16_1_v16_1_v16_1_v16_1_v16_1_v16_1_v16_1_v16_1_v16_v16_1_v16_1_v16_1_v16_1_v16_1_v16_1_v16_1_v16_1_v16_1_v16_1_v16_1_v16_1_v16_1_v16_1_v16_1_v,160,val,5
v1_v1_v1_v1_v1_v1_v1_v1_v1_v1_v1_v12_v12_1_v12_1_v12_1_v12_1_v12_1_v12_1_v12_1_v12_1_v12_1_v12_1_v12_1_v12_v12_1_v12_1_v12_1_v12_1_v12_1_v12_1_v12_1_v12_1_v12_1_v12_1_v12_1_v12_v12_1_v12_1_v12_1_v12_1_v12_1_v12_1_v12_1_v12_1_v12_1_v12_1_v12_1_v12_v12_1_v12_1_v12_1_v12_1_v12_1_v12_1_v12_1_v12_1_v12_1_v12_1_v12_1_v12_v12_1_v12_1_v12_1_v12_1_v12_1_v12_1_v12_1_v12_1_v12_1_v12_1_v12_1_v12_v12_1_v12_1_v12_1_v12_1_v12_1_v12_1_v12_1_v12_1_v12_1_v12_1_v12_1_v12_v12_1_v12_1_v12_1_v12_1_v12_1_v12_1_v12_1_v12_1_v12_1_v12_1_v12_1_v12_v12_1_v12_1_v12_1_v12_1_v12_1_v12_1_v12_1_v12_1_v12_1_v12_1_v12_1_v12_v12_1_v12_1_v12_1_v12_1_v12_1_v12_1_v12_1_v12_1_v12_1_v12_1_v12_1_v12_v12_1_v12_1_v12_1_v12_1_v12_1_v12_1_v12_1_v12_1_v12_1_v12_1_v12_1_v12_v12_1_v12_1_v12_1_v12_1_v12_1_v12_1_v12_1_v12_1_v12_1_v12_1_v12_1_v,144,train,58
v1_v1_v1_v1_v1_v1_v1_v1_v1_v1_v1_v1_v1_v1_v1_v1_v1_v1_v19_v19_1_v19_1_v19_1_v19_1_v19_1_v19_1_v19_1_v19_1_v19_1_v19_1_v19_1_v19_1_v19_1_v19_1_v19_1_v19_1_v19_1_v19_1_v19_v19_1_v19_1_v19_1_v19_1_v19_1_v19_1_v19_1_v19_1_v19_1_v19_1_v19_1_v19_1_v19_1_v19_1_v19_1_v19_1_v19_1_v19_1_v19_v19_1_v19_1_v19_1_v19_1_v19_1_v19_1_v19_1_v19_1_v19_1_v19_1_v19_1_v19_1_v19_1_v19_1_v19_1_v19_1_v19_1_v19_1_v19_v19_1_v19_1_v19_1_v19_1_v19_1_v19_1_v19_1_v19_1_v19_1_v19_1_v19_1_v19_1_v19_1_v19_1_v19_1_v19_1_v19_1_v19_1_v19_v19_1_v19_1_v19_1_v19_1_v19_1_v19_1_v19_1_v19_1_v19_1_v19_1_v19_1_v19_1_v19_1_v19_1_v19_1_v19_1_v19_1_v19_1_v19_v19_1_v19_1_v19_1_v19_1_v19_1_v19_1_v19_1_v19_1_v19_1_v19_1_v19_1_v19_1_v19_1_v19_1_v19_1_v19_1_v19_1_v19_1_v19_v19_1_v19_1_v19_1_v19_1_v19_1_v19_1_v19_1_v19_1_v19_1_v19_1_v19_1_v19_1_v19_1_v19_1_v19_1_v19_1_v19_1_v19_1_v19_v19_1_v19_1_v19_1_v19_1_v19_1_v19_1_v19_1_v19_1_v19_1_v19_1_v19_1_v19_1_v19_1_v19_1_v19_1_v19_1_v19_1_v19_1_v19_v19_1_v19_1_v19_1_v19_1_v19_1_v19_1_v19_1_v19_1_v19_1_v19_1_v19_1_v19_1_v19_1_v19_1_v19_1_v19_1_v19_1_v19_1_v19_v19_1_v19_1_v19_1_v19_1_v19_1_v19_1_v19_1_v19_1_v19_1_v19_1_v19_1_v19_1_v19_1_v19_1_v19_1_v19_1_v19_1_v19_1_v19_v19_1_v19_1_v19_1_v19_1_v19_1_v19_1_v19_1_v19_1_v19_1_v19_1_v19_1_v19_1_v19_1_v19_1_v19_1_v19_1_v19_1_v19_1_v19_v19_1_v19_1_v19_1_v19_1_v19_1_v19_1_v19_1_v19_1_v19_1_v19_1_v19_1_v19_1_v19_1_v19_1_v19_1_v19_1_v19_1_v19_1_v19_v19_1_v19_1_v19_1_v19_1_v19_1_v19_1_v19_1_v19_1_v19_1_v19_1_v19_1_v19_1_v19_1_v19_1_v19_1_v19_1_v19_1_v19_1_v19_v19_1_v19_1_v19_1_v19_1_v19_1_v19_1_v19_1_v19_1_v19_1_v19_1_v19_1_v19_1_v19_1_v19_1_v19_1_v19_1_v19_1_v19_1_v,285,val,0
v1_v1_v1_v1_v1_v1_v1_v1_v1_v1_v1_v1_v1_v1_v1_v16_v16_1_v16_1_v16_1_v16_1_v16_1_v16_1_v16_1_v16_1_v16_1_v16_1_v16_1_v16_1_v16_1_v16_1_v16_1_v16_v16_1_v16_1_v16_1_v16_1_v16_1_v16_1_v16_1_v16_1_v16_1_v16_1_v16_1_v16_1_v16_1_v16_1_v16_1_v16_v16_1_v16_1_v16_1_v16_1_v16_1_v16_1_v16_1_v16_1_v16_1_v16_1_v16_1_v16_1_v16_1_v16_1_v16_1_v16_v16_1_v16_1_v16_1_v16_1_v16_1_v16_1_v16_1_v16_1_v16_1_v16_1_v16_1_v16_1_v16_1_v16_1_v16_1_v16_v16_1_v16_1_v16_1_v16_1_v16_1_v16_1_v16_1_v16_1_v16_1_v16_1_v16_1_v16_1_v16_1_v16_1_v16_1_v16_v16_1_v16_1_v16_1_v16_1_v16_1_v16_1_v16_1_v16_1_v16_1_v16_1_v16_1_v16_1_v16_1_v16_1_v16_1_v16_v16_1_v16_1_v16_1_v16_1_v16_1_v16_1_v16_1_v16_1_v16_1_v16_1_v16_1_v16_1_v16_1_v16_1_v16_1_v16_v16_1_v16_1_v16_1_v16_1_v16_1_v16_1_v16_1_v16_1_v16_1_v16_1_v16_1_v16_1_v16_1_v16_1_v16_1_v16_v16_1_v16_1_v16_1_v16_1_v16_1_v16_1_v16_1_v16_1_v16_1_v16_1_v16_1_v16_1_v16_1_v16_1_v16_1_v16_v16_1_v16_1_v16_1_v16_1_v16_1_v16_1_v16_1_v16_1_v16_1_v16_1_v16_1_v16_1_v16_1_v16_1_v16_1_v16_v16_1_v16_1_v16_1_v16_1_v16_1_v16_1_v16_1_v16_1_v16_1_v16_1_v16_1_v16_1_v16_1_v16_1_v16_1_v16_v16_1_v16_1_v16_1_v16_1_v16_1_v16_1_v16_1_v16_1_v16_1_v16_1_v16_1_v16_1_v16_1_v16_1_v16_1_v16_v16_1_v16_1_v16_1_v16_1_v16_1_v16_1_v16_1_v16_1_v16_1_v16_1_v16_1_v16_1_v16_1_v16_1_v16_1_v16_v16_1_v16_1_v16_1_v16_1_v16_1_v16_1_v16_1_v16_1_v16_1_v16_1_v16_1_v16_1_v16_1_v16_1_v16_1_v16_v16_1_v16_1_v16_1_v16_1_v16_1_v16_1_v16_1_v16_1_v16_1_v16_1_v16_1_v16_1_v16_1_v16_1_v16_1_v16_v16_1_v16_1_v16_1_v16_1_v16_1_v16_1_v16_1_v16_1_v16_1_v16_1_v16_1_v16_1_v16_1_v16_1_v16_1_v,272,val,3
v1_v1_v1_v1_v1_v1_v1_v1_v1_v1_v1_v1_v1_v14_v14_1_v14_1_v14_1_v14_1_v14_1_v14_1_v14_1_v14_1_v14_1_v14_1_v14_1_v14_1_v14_1_v14_v14_1_v14_1_v14_1_v14_1_v14_1_v14_1_v14_1_v14_1_v14_1_v14_1_v14_1_v14_1_v14_1_v14_v14_1_v14_1_v14_1_v14_1_v14_1_v14_1_v14_1_v14_1_v14_1_v14_1_v14_1_v14_1_v14_1_v14_v14_1_v14_1_v14_1_v14_1_v14_1_v14_1_v14_1_v14_1_v14_1_v14_1_v14_1_v14_1_v14_1_v14_v14_1_v14_1_v14_1_v14_1_v14_1_v14_1_v14_1_v14_1_v14_1_v14_1_v14_1_v14_1_v14_1_v14_v14_1_v14_1_v14_1_v14_1_v14_1_v14_1_v14_1_v14_1_v14_1_v14_1_v14_1_v14_1_v14_1_v14_v14_1_v14_1_v14_1_v14_1_v14_1_v14_1_v14_1_v14_1_v14_1_v14_1_v14_1_v14_1_v14_1_v14_v14_1_v14_1_v14_1_v14_1_v14_1_v14_1_v14_1_v14_1_v14_1_v14_1_v14_1_v14_1_v14_1_v14_v14_1_v14_1_v14_1_v14_1_v14_1_v14_1_v14_1_v14_1_v14_1_v14_1_v14_1_v14_1_v14_1_v14_v14_1_v14_1_v14_1_v14_1_v14_1_v14_1_v14_1_v14_1_v14_1_v14_1_v14_1_v14_1_v14_1_v14_v14_1_v14_1_v14_1_v14_1_v14_1_v14_1_v14_1_v14_1_v14_1_v14_1_v14_1_v14_1_v14_1_v14_v14_1_v14_1_v14_1_v14_1_v14_1_v14_1_v14_1_v14_1_v14_1_v14_1_v14_1_v14_1_v14_1_v14_v14_1_v14_1_v14_1_v14_1_v14_1_v14_1_v14_1_v14_1_v14_1_v14_1_v14_1_v14_1_v14_1_v14_v14_1_v14_1_v14_1_v14_1_v14_1_v14_1_v14_1_v14_1_v14_1_v14_1_v14_1_v14_1_v14_1_v14_v14_1_v14_1_v14_1_v14_1_v14_1_v14_1_v14_1_v14_1_v14_1_v14_1_v14_1_v14_1_v14_1_v14_v14_1_v14_1_v14_1_v14_1_v14_1_v14_1_v14_1_v14_1_v14_1_v14_1_v14_1_v14_1_v14_1_v,238,train,52
v1_v1_v1_v1_v1_v1_v1_v1_v1_v1_v1_v12_v12_1_v12_1_v12_1_v12_1_v12_1_v12_1_v12_1_v12_1_v12_1_v12_1_v12_1_v12_v12_1_v12_1_v12_1_v12_1_v12_1_v12_1_v12_1_v12_1_v12_1_v12_1_v12_1_v12_v12_1_v12_1_v12_1_v12_1_v12_1_v12_1_v12_1_v12_1_v12_1_v12_1_v12_1_v12_v12_1_v12_1_v12_1_v12_1_v12_1_v12_1_v12_1_v12_1_v12_1_v12_1_v12_1_v12_v12_1_v12_1_v12_1_v12_1_v12_1_v12_1_v12_1_v12_1_v12_1_v12_1_v12_1_v12_v12_1_v12_1_v12_1_v12_1_v12_1_v12_1_v12_1_v12_1_v12_1_v12_1_v12_1_v12_v12_1_v12_1_v12_1_v12_1_v12_1_v12_1_v12_1_v12_1_v12_1_v12_1_v12_1_v12_v12_1_v12_1_v12_1_v12_1_v12_1_v12_1_v12_1_v12_1_v12_1_v12_1_v12_1_v12_v12_1_v12_1_v12_1_v12_1_v12_1_v12_1_v12_1_v12_1_v12_1_v12_1_v12_1_v12_v12_1_v12_1_v12_1_v12_1_v12_1_v12_1_v12_1_v12_1_v12_1_v12_1_v12_1_v12_v12_1_v12_1_v12_1_v12_1_v12_1_v12_1_v12_1_v12_1_v12_1_v12_1_v12_1_v12_v12_1_v12_1_v12_1_v12_1_v12_1_v12_1_v12_1_v12_1_v12_1_v12_1_v12_1_v12_v12_1_v12_1_v12_1_v12_1_v12_1_v12_1_v12_1_v12_1_v12_1_v12_1_v12_1_v12_v12_1_v12_1_v12_1_v12_1_v12_1_v12_1_v12_1_v12_1_v12_1_v12_1_v12_1_v12_v12_1_v12_1_v12_1_v12_1_v12_1_v12_1_v12_1_v12_1_v12_1_v12_1_v12_1_v,192,train,1
v1_v1_v1_v1_v1_v1_v1_v1_v1_v1_v1_v1_v1_v1_v15_v15_1_v15_1_v15_1_v15_1_v15_1_v15_1_v15_1_v15_1_v15_1_v15_1_v15_1_v15_1_v15_1_v15_1_v15_v15_1_v15_1_v15_1_v15_1_v15_1_v15_1_v15_1_v15_1_v15_1_v15_1_v15_1_v15_1_v15_1_v15_1_v15_v15_1_v15_1_v15_1_v15_1_v15_1_v15_1_v15_1_v15_1_v15_1_v15_1_v15_1_v15_1_v15_1_v15_1_v15_v15_1_v15_1_v15_1_v15_1_v15_1_v15_1_v15_1_v15_1_v15_1_v15_1_v15_1_v15_1_v15_1_v15_1_v15_v15_1_v15_1_v15_1_v15_1_v15_1_v15_1_v15_1_v15_1_v15_1_v15_1_v15_1_v15_1_v15_1_v15_1_v15_v15_1_v15_1_v15_1_v15_1_v15_1_v15_1_v15_1_v15_1_v15_1_v15_1_v15_1_v15_1_v15_1_v15_1_v15_v15_1_v15_1_v15_1_v15_1_v15_1_v15_1_v15_1_v15_1_v15_1_v15_1_v15_1_v15_1_v15_1_v15_1_v15_v15_1_v15_1_v15_1_v15_1_v15_1_v15_1_v15_1_v15_1_v15_1_v15_1_v15_1_v15_1_v15_1_v15_1_v15_v15_1_v15_1_v15_1_v15_1_v15_1_v15_1_v15_1_v15_1_v15_1_v15_1_v15_1_v15_1_v15_1_v15_1_v,150,train,14
v1_v1_v1_v1_v1_v1_v1_v1_v1_v1_v1_v1_v1_v14_v14_1_v14_1_v14_1_v14_1_v14_1_v14_1_v14_1_v14_1_v14_1_v14_1_v14_1_v14_1_v14_1_v14_v14_1_v14_1_v14_1_v14_1_v14_1_v14_1_v14_1_v14_1_v14_1_v14_1_v14_1_v14_1_v14_1_v14_v14_1_v14_1_v14_1_v14_1_v14_1_v14_1_v14_1_v14_1_v14_1_v14_1_v14_1_v14_1_v14_1_v14_v14_1_v14_1_v14_1_v14_1_v14_1_v14_1_v14_1_v14_1_v14_1_v14_1_v14_1_v14_1_v14_1_v14_v14_1_v14_1_v14_1_v14_1_v14_1_v14_1_v14_1_v14_1_v14_1_v14_1_v14_1_v14_1_v14_1_v14_v14_1_v14_1_v14_1_v14_1_v14_1_v14_1_v14_1_v14_1_v14_1_v14_1_v14_1_v14_1_v14_1_v14_v14_1_v14_1_v14_1_v14_1_v14_1_v14_1_v14_1_v14_1_v14_1_v14_1_v14_1_v14_1_v14_1_v14_v14_1_v14_1_v14_1_v14_1_v14_1_v14_1_v14_1_v14_1_v14_1_v14_1_v14_1_v14_1_v14_1_v14_v14_1_v14_1_v14_1_v14_1_v14_1_v14_1_v14_1_v14_1_v14_1_v14_1_v14_1_v14_1_v14_1_v14_v14_1_v14_1_v14_1_v14_1_v14_1_v14_1_v14_1_v14_1_v14_1_v14_1_v14_1_v14_1_v14_1_v14_v14_1_v14_1_v14_1_v14_1_v14_1_v14_1_v14_1_v14_1_v14_1_v14_1_v14_1_v14_1_v14_1_v14_v14_1_v14_1_v14_1_v14_1_v14_1_v14_1_v14_1_v14_1_v14_1_v14_1_v14_1_v14_1_v14_1_v14_v14_1_v14_1_v14_1_v14_1_v14_1_v14_1_v14_1_v14_1_v14_1_v14_1_v14_1_v14_1_v14_1_v14_v14_1_v14_1_v14_1_v14_1_v14_1_v14_1_v14_1_v14_1_v14_1_v14_1_v14_1_v14_1_v14_1_v14_v14_1_v14_1_v14_1_v14_1_v14_1_v14_1_v14_1_v14_1_v14_1_v14_1_v14_1_v14_1_v14_1_v14_v14_1_v14_1_v14_1_v14_1_v14_1_v14_1_v14_1_v14_1_v14_1_v14_1_v14_1_v14_1_v14_1_v14_v14_1_v14_1_v14_1_v14_1_v14_1_v14_1_v14_1_v14_1_v14_1_v14_1_v14_1_v14_1_v14_1_v,252,train,3
v1_v1_v1_v1_v1_v1_v1_v1_v1_v1_v1_v12_v12_1_v12_1_v12_1_v12_1_v12_1_v12_1_v12_1_v12_1_v12_1_v12_1_v12_1_v12_v12_1_v12_1_v12_1_v12_1_v12_1_v12_1_v12_1_v12_1_v12_1_v12_1_v12_1_v12_v12_1_v12_1_v12_1_v12_1_v12_1_v12_1_v12_1_v12_1_v12_1_v12_1_v12_1_v12_v12_1_v12_1_v12_1_v12_1_v12_1_v12_1_v12_1_v12_1_v12_1_v12_1_v12_1_v12_v12_1_v12_1_v12_1_v12_1_v12_1_v12_1_v12_1_v12_1_v12_1_v12_1_v12_1_v12_v12_1_v12_1_v12_1_v12_1_v12_1_v12_1_v12_1_v12_1_v12_1_v12_1_v12_1_v12_v12_1_v12_1_v12_1_v12_1_v12_1_v12_1_v12_1_v12_1_v12_1_v12_1_v12_1_v12_v12_1_v12_1_v12_1_v12_1_v12_1_v12_1_v12_1_v12_1_v12_1_v12_1_v12_1_v12_v12_1_v12_1_v12_1_v12_1_v12_1_v12_1_v12_1_v12_1_v12_1_v12_1_v12_1_v12_v12_1_v12_1_v12_1_v12_1_v12_1_v12_1_v12_1_v12_1_v12_1_v12_1_v12_1_v12_v12_1_v12_1_v12_1_v12_1_v12_1_v12_1_v12_1_v12_1_v12_1_v12_1_v12_1_v12_v12_1_v12_1_v12_1_v12_1_v12_1_v12_1_v12_1_v12_1_v12_1_v12_1_v12_1_v12_v12_1_v12_1_v12_1_v12_1_v12_1_v12_1_v12_1_v12_1_v12_1_v12_1_v12_1_v,168,train,37
v1_v1_v1_v1_v1_v1_v1_v1_v1_v1_v1_v12_v12_1_v12_1_v12_1_v12_1_v12_1_v12_1_v12_1_v12_1_v12_1_v12_1_v12_1_v12_v12_1_v12_1_v12_1_v12_1_v12_1_v12_1_v12_1_v12_1_v12_1_v12_1_v12_1_v12_v12_1_v12_1_v12_1_v12_1_v12_1_v12_1_v12_1_v12_1_v12_1_v12_1_v12_1_v12_v12_1_v12_1_v12_1_v12_1_v12_1_v12_1_v12_1_v12_1_v12_1_v12_1_v12_1_v12_v12_1_v12_1_v12_1_v12_1_v12_1_v12_1_v12_1_v12_1_v12_1_v12_1_v12_1_v12_v12_1_v12_1_v12_1_v12_1_v12_1_v12_1_v12_1_v12_1_v12_1_v12_1_v12_1_v12_v12_1_v12_1_v12_1_v12_1_v12_1_v12_1_v12_1_v12_1_v12_1_v12_1_v12_1_v12_v12_1_v12_1_v12_1_v12_1_v12_1_v12_1_v12_1_v12_1_v12_1_v12_1_v12_1_v12_v12_1_v12_1_v12_1_v12_1_v12_1_v12_1_v12_1_v12_1_v12_1_v12_1_v12_1_v12_v12_1_v12_1_v12_1_v12_1_v12_1_v12_1_v12_1_v12_1_v12_1_v12_1_v12_1_v12_v12_1_v12_1_v12_1_v12_1_v12_1_v12_1_v12_1_v12_1_v12_1_v12_1_v12_1_v12_v12_1_v12_1_v12_1_v12_1_v12_1_v12_1_v12_1_v12_1_v12_1_v12_1_v12_1_v12_v12_1_v12_1_v12_1_v12_1_v12_1_v12_1_v12_1_v12_1_v12_1_v12_1_v12_1_v12_v12_1_v12_1_v12_1_v12_1_v12_1_v12_1_v12_1_v12_1_v12_1_v12_1_v12_1_v12_v12_1_v12_1_v12_1_v12_1_v12_1_v12_1_v12_1_v12_1_v12_1_v12_1_v12_1_v12_v12_1_v12_1_v12_1_v12_1_v12_1_v12_1_v12_1_v12_1_v12_1_v12_1_v12_1_v12_v12_1_v12_1_v12_1_v12_1_v12_1_v12_1_v12_1_v12_1_v12_1_v12_1_v12_1_v,216,train,57
v1_v1_v1_v1_v1_v1_v1_v1_v1_v1_v1_v1_v1_v1_v15_v15_1_v15_1_v15_1_v15_1_v15_1_v15_1_v15_1_v15_1_v15_1_v15_1_v15_1_v15_1_v15_1_v15_1_v15_v15_1_v15_1_v15_1_v15_1_v15_1_v15_1_v15_1_v15_1_v15_1_v15_1_v15_1_v15_1_v15_1_v15_1_v15_v15_1_v15_1_v15_1_v15_1_v15_1_v15_1_v15_1_v15_1_v15_1_v15_1_v15_1_v15_1_v15_1_v15_1_v15_v15_1_v15_1_v15_1_v15_1_v15_1_v15_1_v15_1_v15_1_v15_1_v15_1_v15_1_v15_1_v15_1_v15_1_v15_v15_1_v15_1_v15_1_v15_1_v15_1_v15_1_v15_1_v15_1_v15_1_v15_1_v15_1_v15_1_v15_1_v15_1_v15_v15_1_v15_1_v15_1_v15_1_v15_1_v15_1_v15_1_v15_1_v15_1_v15_1_v15_1_v15_1_v15_1_v15_1_v15_v15_1_v15_1_v15_1_v15_1_v15_1_v15_1_v15_1_v15_1_v15_1_v15_1_v15_1_v15_1_v15_1_v15_1_v15_v15_1_v15_1_v15_1_v15_1_v15_1_v15_1_v15_1_v15_1_v15_1_v15_1_v15_1_v15_1_v15_1_v15_1_v15_v15_1_v15_1_v15_1_v15_1_v15_1_v15_1_v15_1_v15_1_v15_1_v15_1_v15_1_v15_1_v15_1_v15_1_v15_v15_1_v15_1_v15_1_v15_1_v15_1_v15_1_v15_1_v15_1_v15_1_v15_1_v15_1_v15_1_v15_1_v15_1_v15_v15_1_v15_1_v15_1_v15_1_v15_1_v15_1_v15_1_v15_1_v15_1_v15_1_v15_1_v15_1_v15_1_v15_1_v15_v15_1_v15_1_v15_1_v15_1_v15_1_v15_1_v15_1_v15_1_v15_1_v15_1_v15_1_v15_1_v15_1_v15_1_v15_v15_1_v15_1_v15_1_v15_1_v15_1_v15_1_v15_1_v15_1_v15_1_v15_1_v15_1_v15_1_v15_1_v15_1_v15_v15_1_v15_1_v15_1_v15_1_v15_1_v15_1_v15_1_v15_1_v15_1_v15_1_v15_1_v15_1_v15_1_v15_1_v15_v15_1_v15_1_v15_1_v15_1_v15_1_v15_1_v15_1_v15_1_v15_1_v15_1_v15_1_v15_1_v15_1_v15_1_v15_v15_1_v15_1_v15_1_v15_1_v15_1_v15_1_v15_1_v15_1_v15_1_v15_1_v15_1_v15_1_v15_1_v15_1_v,255,train,33
v1_v1_v1_v1_v1_v1_v1_v1_v1_v1_v1_v1_v1_v1_v15_v15_1_v15_1_v15_1_v15_1_v15_1_v15_1_v15_1_v15_1_v15_1_v15_1_v15_1_v15_1_v15_1_v15_1_v15_v15_1_v15_1_v15_1_v15_1_v15_1_v15_1_v15_1_v15_1_v15_1_v15_1_v15_1_v15_1_v15_1_v15_1_v15_v15_1_v15_1_v15_1_v15_1_v15_1_v15_1_v15_1_v15_1_v15_1_v15_1_v15_1_v15_1_v15_1_v15_1_v15_v15_1_v15_1_v15_1_v15_1_v15_1_v15_1_v15_1_v15_1_v15_1_v15_1_v15_1_v15_1_v15_1_v15_1_v15_v15_1_v15_1_v15_1_v15_1_v15_1_v15_1_v15_1_v15_1_v15_1_v15_1_v15_1_v15_1_v15_1_v15_1_v15_v15_1_v15_1_v15_1_v15_1_v15_1_v15_1_v15_1_v15_1_v15_1_v15_1_v15_1_v15_1_v15_1_v15_1_v15_v15_1_v15_1_v15_1_v15_1_v15_1_v15_1_v15_1_v15_1_v15_1_v15_1_v15_1_v15_1_v15_1_v15_1_v15_v15_1_v15_1_v15_1_v15_1_v15_1_v15_1_v15_1_v15_1_v15_1_v15_1_v15_1_v15_1_v15_1_v15_1_v15_v15_1_v15_1_v15_1_v15_1_v15_1_v15_1_v15_1_v15_1_v15_1_v15_1_v15_1_v15_1_v15_1_v15_1_v15_v15_1_v15_1_v15_1_v15_1_v15_1_v15_1_v15_1_v15_1_v15_1_v15_1_v15_1_v15_1_v15_1_v15_1_v15_v15_1_v15_1_v15_1_v15_1_v15_1_v15_1_v15_1_v15_1_v15_1_v15_1_v15_1_v15_1_v15_1_v15_1_v15_v15_1_v15_1_v15_1_v15_1_v15_1_v15_1_v15_1_v15_1_v15_1_v15_1_v15_1_v15_1_v15_1_v15_1_v15_v15_1_v15_1_v15_1_v15_1_v15_1_v15_1_v15_1_v15_1_v15_1_v15_1_v15_1_v15_1_v15_1_v15_1_v15_v15_1_v15_1_v15_1_v15_1_v15_1_v15_1_v15_1_v15_1_v15_1_v15_1_v15_1_v15_1_v15_1_v15_1_v15_v15_1_v15_1_v15_1_v15_1_v15_1_v15_1_v15_1_v15_1_v15_1_v15_1_v15_1_v15_1_v15_1_v15_1_v15_v15_1_v15_1_v15_1_v15_1_v15_1_v15_1_v15_1_v15_1_v15_1_v15_1_v15_1_v15_1_v15_1_v15_1_v15_v15_1_v15_1_v15_1_v15_1_v15_1_v15_1_v15_1_v15_1_v15_1_v15_1_v15_1_v15_1_v15_1_v15_1_v,270,train,19
v1_v1_v1_v1_v1_v1_v1_v1_v1_v1_v1_v1_v1_v1_v1_v1_v1_v18_v18_1_v18_1_v18_1_v18_1_v18_1_v18_1_v18_1_v18_1_v18_1_v18_1_v18_1_v18_1_v18_1_v18_1_v18_1_v18_1_v18_1_v18_v18_1_v18_1_v18_1_v18_1_v18_1_v18_1_v18_1_v18_1_v18_1_v18_1_v18_1_v18_1_v18_1_v18_1_v18_1_v18_1_v18_1_v18_v18_1_v18_1_v18_1_v18_1_v18_1_v18_1_v18_1_v18_1_v18_1_v18_1_v18_1_v18_1_v18_1_v18_1_v18_1_v18_1_v18_1_v18_v18_1_v18_1_v18_1_v18_1_v18_1_v18_1_v18_1_v18_1_v18_1_v18_1_v18_1_v18_1_v18_1_v18_1_v18_1_v18_1_v18_1_v18_v18_1_v18_1_v18_1_v18_1_v18_1_v18_1_v18_1_v18_1_v18_1_v18_1_v18_1_v18_1_v18_1_v18_1_v18_1_v18_1_v18_1_v18_v18_1_v18_1_v18_1_v18_1_v18_1_v18_1_v18_1_v18_1_v18_1_v18_1_v18_1_v18_1_v18_1_v18_1_v18_1_v18_1_v18_1_v18_v18_1_v18_1_v18_1_v18_1_v18_1_v18_1_v18_1_v18_1_v18_1_v18_1_v18_1_v18_1_v18_1_v18_1_v18_1_v18_1_v18_1_v18_v18_1_v18_1_v18_1_v18_1_v18_1_v18_1_v18_1_v18_1_v18_1_v18_1_v18_1_v18_1_v18_1_v18_1_v18_1_v18_1_v18_1_v18_v18_1_v18_1_v18_1_v18_1_v18_1_v18_1_v18_1_v18_1_v18_1_v18_1_v18_1_v18_1_v18_1_v18_1_v18_1_v18_1_v18_1_v18_v18_1_v18_1_v18_1_v18_1_v18_1_v18_1_v18_1_v18_1_v18_1_v18_1_v18_1_v18_1_v18_1_v18_1_v18_1_v18_1_v18_1_v18_v18_1_v18_1_v18_1_v18_1_v18_1_v18_1_v18_1_v18_1_v18_1_v18_1_v18_1_v18_1_v18_1_v18_1_v18_1_v18_1_v18_1_v,216,train,9
v1_v1_v1_v1_v1_v1_v1_v1_v1_v1_v1_v1_v1_v1_v1_v1_v1_v18_v18_1_v18_1_v18_1_v18_1_v18_1_v18_1_v18_1_v18_1_v18_1_v18_1_v18_1_v18_1_v18_1_v18_1_v18_1_v18_1_v18_1_v18_v18_1_v18_1_v18_1_v18_1_v18_1_v18_1_v18_1_v18_1_v18_1_v18_1_v18_1_v18_1_v18_1_v18_1_v18_1_v18_1_v18_1_v18_v18_1_v18_1_v18_1_v18_1_v18_1_v18_1_v18_1_v18_1_v18_1_v18_1_v18_1_v18_1_v18_1_v18_1_v18_1_v18_1_v18_1_v18_v18_1_v18_1_v18_1_v18_1_v18_1_v18_1_v18_1_v18_1_v18_1_v18_1_v18_1_v18_1_v18_1_v18_1_v18_1_v18_1_v18_1_v18_v18_1_v18_1_v18_1_v18_1_v18_1_v18_1_v18_1_v18_1_v18_1_v18_1_v18_1_v18_1_v18_1_v18_1_v18_1_v18_1_v18_1_v18_v18_1_v18_1_v18_1_v18_1_v18_1_v18_1_v18_1_v18_1_v18_1_v18_1_v18_1_v18_1_v18_1_v18_1_v18_1_v18_1_v18_1_v18_v18_1_v18_1_v18_1_v18_1_v18_1_v18_1_v18_1_v18_1_v18_1_v18_1_v18_1_v18_1_v18_1_v18_1_v18_1_v18_1_v18_1_v18_v18_1_v18_1_v18_1_v18_1_v18_1_v18_1_v18_1_v18_1_v18_1_v18_1_v18_1_v18_1_v18_1_v18_1_v18_1_v18_1_v18_1_v18_v18_1_v18_1_v18_1_v18_1_v18_1_v18_1_v18_1_v18_1_v18_1_v18_1_v18_1_v18_1_v18_1_v18_1_v18_1_v18_1_v18_1_v18_v18_1_v18_1_v18_1_v18_1_v18_1_v18_1_v18_1_v18_1_v18_1_v18_1_v18_1_v18_1_v18_1_v18_1_v18_1_v18_1_v18_1_v18_v18_1_v18_1_v18_1_v18_1_v18_1_v18_1_v18_1_v18_1_v18_1_v18_1_v18_1_v18_1_v18_1_v18_1_v18_1_v18_1_v18_1_v18_v18_1_v18_1_v18_1_v18_1_v18_1_v18_1_v18_1_v18_1_v18_1_v18_1_v18_1_v18_1_v18_1_v18_1_v18_1_v18_1_v18_1_v18_v18_1_v18_1_v18_1_v18_1_v18_1_v18_1_v18_1_v18_1_v18_1_v18_1_v18_1_v18_1_v18_1_v18_1_v18_1_v18_1_v18_1_v18_v18_1_v18_1_v18_1_v18_1_v18_1_v18_1_v18_1_v18_1_v18_1_v18_1_v18_1_v18_1_v18_1_v18_1_v18_1_v18_1_v18_1_v18_v18_1_v18_1_v18_1_v18_1_v18_1_v18_1_v18_1_v18_1_v18_1_v18_1_v18_1_v18_1_v18_1_v18_1_v18_1_v18_1_v18_1_v,288,train,44
v1_v1_v1_v1_v1_v1_v1_v1_v1_v1_v1_v1_v1_v1_v1_v1_v1_v1_v19_v19_1_v19_1_v19_1_v19_1_v19_1_v19_1_v19_1_v19_1_v19_1_v19_1_v19_1_v19_1_v19_1_v19_1_v19_1_v19_1_v19_1_v19_1_v19_v19_1_v19_1_v19_1_v19_1_v19_1_v19_1_v19_1_v19_1_v19_1_v19_1_v19_1_v19_1_v19_1_v19_1_v19_1_v19_1_v19_1_v19_1_v19_v19_1_v19_1_v19_1_v19_1_v19_1_v19_1_v19_1_v19_1_v19_1_v19_1_v19_1_v19_1_v19_1_v19_1_v19_1_v19_1_v19_1_v19_1_v19_v19_1_v19_1_v19_1_v19_1_v19_1_v19_1_v19_1_v19_1_v19_1_v19_1_v19_1_v19_1_v19_1_v19_1_v19_1_v19_1_v19_1_v19_1_v19_v19_1_v19_1_v19_1_v19_1_v19_1_v19_1_v19_1_v19_1_v19_1_v19_1_v19_1_v19_1_v19_1_v19_1_v19_1_v19_1_v19_1_v19_1_v19_v19_1_v19_1_v19_1_v19_1_v19_1_v19_1_v19_1_v19_1_v19_1_v19_1_v19_1_v19_1_v19_1_v19_1_v19_1_v19_1_v19_1_v19_1_v19_v19_1_v19_1_v19_1_v19_1_v19_1_v19_1_v19_1_v19_1_v19_1_v19_1_v19_1_v19_1_v19_1_v19_1_v19_1_v19_1_v19_1_v19_1_v19_v19_1_v19_1_v19_1_v19_1_v19_1_v19_1_v19_1_v19_1_v19_1_v19_1_v19_1_v19_1_v19_1_v19_1_v19_1_v19_1_v19_1_v19_1_v19_v19_1_v19_1_v19_1_v19_1_v19_1_v19_1_v19_1_v19_1_v19_1_v19_1_v19_1_v19_1_v19_1_v19_1_v19_1_v19_1_v19_1_v19_1_v19_v19_1_v19_1_v19_1_v19_1_v19_1_v19_1_v19_1_v19_1_v19_1_v19_1_v19_1_v19_1_v19_1_v19_1_v19_1_v19_1_v19_1_v19_1_v19_v19_1_v19_1_v19_1_v19_1_v19_1_v19_1_v19_1_v19_1_v19_1_v19_1_v19_1_v19_1_v19_1_v19_1_v19_1_v19_1_v19_1_v19_1_v19_v19_1_v19_1_v19_1_v19_1_v19_1_v19_1_v19_1_v19_1_v19_1_v19_1_v19_1_v19_1_v19_1_v19_1_v19_1_v19_1_v19_1_v19_1_v19_v19_1_v19_1_v19_1_v19_1_v19_1_v19_1_v19_1_v19_1_v19_1_v19_1_v19_1_v19_1_v19_1_v19_1_v19_1_v19_1_v19_1_v19_1_v,266,train,16
v1_v1_v1_v1_v1_v1_v1_v1_v1_v1_v1_v1_v1_v14_v14_1_v14_1_v14_1_v14_1_v14_1_v14_1_v14_1_v14_1_v14_1_v14_1_v14_1_v14_1_v14_1_v14_v14_1_v14_1_v14_1_v14_1_v14_1_v14_1_v14_1_v14_1_v14_1_v14_1_v14_1_v14_1_v14_1_v14_v14_1_v14_1_v14_1_v14_1_v14_1_v14_1_v14_1_v14_1_v14_1_v14_1_v14_1_v14_1_v14_1_v14_v14_1_v14_1_v14_1_v14_1_v14_1_v14_1_v14_1_v14_1_v14_1_v14_1_v14_1_v14_1_v14_1_v14_v14_1_v14_1_v14_1_v14_1_v14_1_v14_1_v14_1_v14_1_v14_1_v14_1_v14_1_v14_1_v14_1_v14_v14_1_v14_1_v14_1_v14_1_v14_1_v14_1_v14_1_v14_1_v14_1_v14_1_v14_1_v14_1_v14_1_v14_v14_1_v14_1_v14_1_v14_1_v14_1_v14_1_v14_1_v14_1_v14_1_v14_1_v14_1_v14_1_v14_1_v14_v14_1_v14_1_v14_1_v14_1_v14_1_v14_1_v14_1_v14_1_v14_1_v14_1_v14_1_v14_1_v14_1_v14_v14_1_v14_1_v14_1_v14_1_v14_1_v14_1_v14_1_v14_1_v14_1_v14_1_v14_1_v14_1_v14_1_v,140,train,48
v1_v1_v1_v1_v1_v1_v1_v1_v1_v1_v11_v11_1_v11_1_v11_1_v11_1_v11_1_v11_1_v11_1_v11_1_v11_1_v11_1_v11_v11_1_v11_1_v11_1_v11_1_v11_1_v11_1_v11_1_v11_1_v11_1_v11_1_v11_v11_1_v11_1_v11_1_v11_1_v11_1_v11_1_v11_1_v11_1_v11_1_v11_1_v11_v11_1_v11_1_v11_1_v11_1_v11_1_v11_1_v11_1_v11_1_v11_1_v11_1_v11_v11_1_v11_1_v11_1_v11_1_v11_1_v11_1_v11_1_v11_1_v11_1_v11_1_v11_v11_1_v11_1_v11_1_v11_1_v11_1_v11_1_v11_1_v11_1_v11_1_v11_1_v11_v11_1_v11_1_v11_1_v11_1_v11_1_v11_1_v11_1_v11_1_v11_1_v11_1_v11_v11_1_v11_1_v11_1_v11_1_v11_1_v11_1_v11_1_v11_1_v11_1_v11_1_v11_v11_1_v11_1_v11_1_v11_1_v11_1_v11_1_v11_1_v11_1_v11_1_v11_1_v11_v11_1_v11_1_v11_1_v11_1_v11_1_v11_1_v11_1_v11_1_v11_1_v11_1_v11_v11_1_v11_1_v11_1_v11_1_v11_1_v11_1_v11_1_v11_1_v11_1_v11_1_v11_v11_1_v11_1_v11_1_v11_1_v11_1_v11_1_v11_1_v11_1_v11_1_v11_1_v11_v11_1_v11_1_v11_1_v11_1_v11_1_v11_1_v11_1_v11_1_v11_1_v11_1_v11_v11_1_v11_1_v11_1_v11_1_v11_1_v11_1_v11_1_v11_1_v11_1_v11_1_v,165,train,28
v1_v1_v1_v1_v1_v1_v1_v1_v1_v1_v1_v12_v12_1_v12_1_v12_1_v12_1_v12_1_v12_1_v12_1_v12_1_v12_1_v12_1_v12_1_v12_v12_1_v12_1_v12_1_v12_1_v12_1_v12_1_v12_1_v12_1_v12_1_v12_1_v12_1_v12_v12_1_v12_1_v12_1_v12_1_v12_1_v12_1_v12_1_v12_1_v12_1_v12_1_v12_1_v12_v12_1_v12_1_v12_1_v12_1_v12_1_v12_1_v12_1_v12_1_v12_1_v12_1_v12_1_v12_v12_1_v12_1_v12_1_v12_1_v12_1_v12_1_v12_1_v12_1_v12_1_v12_1_v12_1_v12_v12_1_v12_1_v12_1_v12_1_v12_1_v12_1_v12_1_v12_1_v12_1_v12_1_v12_1_v12_v12_1_v12_1_v12_1_v12_1_v12_1_v12_1_v12_1_v12_1_v12_1_v12_1_v12_1_v12_v12_1_v12_1_v12_1_v12_1_v12_1_v12_1_v12_1_v12_1_v12_1_v12_1_v12_1_v12_v12_1_v12_1_v12_1_v12_1_v12_1_v12_1_v12_1_v12_1_v12_1_v12_1_v12_1_v12_v12_1_v12_1_v12_1_v12_1_v12_1_v12_1_v12_1_v12_1_v12_1_v12_1_v12_1_v12_v12_1_v12_1_v12_1_v12_1_v12_1_v12_1_v12_1_v12_1_v12_1_v12_1_v12_1_v12_v12_1_v12_1_v12_1_v12_1_v12_1_v12_1_v12_1_v12_1_v12_1_v12_1_v12_1_v12_v12_1_v12_1_v12_1_v12_1_v12_1_v12_1_v12_1_v12_1_v12_1_v12_1_v12_1_v12_v12_1_v12_1_v12_1_v12_1_v12_1_v12_1_v12_1_v12_1_v12_1_v12_1_v12_1_v12_v12_1_v12_1_v12_1_v12_1_v12_1_v12_1_v12_1_v12_1_v12_1_v12_1_v12_1_v12_v12_1_v12_1_v12_1_v12_1_v12_1_v12_1_v12_1_v12_1_v12_1_v12_1_v12_1_v12_v12_1_v12_1_v12_1_v12_1_v12_1_v12_1_v12_1_v12_1_v12_1_v12_1_v12_1_v,216,train,5
v1_v1_v1_v1_v1_v1_v1_v1_v1_v1_v1_v1_v1_v1_v1_v1_v17_v17_1_v17_1_v17_1_v17_1_v17_1_v17_1_v17_1_v17_1_v17_1_v17_1_v17_1_v17_1_v17_1_v17_1_v17_1_v17_1_v17_v17_1_v17_1_v17_1_v17_1_v17_1_v17_1_v17_1_v17_1_v17_1_v17_1_v17_1_v17_1_v17_1_v17_1_v17_1_v17_1_v17_v17_1_v17_1_v17_1_v17_1_v17_1_v17_1_v17_1_v17_1_v17_1_v17_1_v17_1_v17_1_v17_1_v17_1_v17_1_v17_1_v17_v17_1_v17_1_v17_1_v17_1_v17_1_v17_1_v17_1_v17_1_v17_1_v17_1_v17_1_v17_1_v17_1_v17_1_v17_1_v17_1_v17_v17_1_v17_1_v17_1_v17_1_v17_1_v17_1_v17_1_v17_1_v17_1_v17_1_v17_1_v17_1_v17_1_v17_1_v17_1_v17_1_v17_v17_1_v17_1_v17_1_v17_1_v17_1_v17_1_v17_1_v17_1_v17_1_v17_1_v17_1_v17_1_v17_1_v17_1_v17_1_v17_1_v17_v17_1_v17_1_v17_1_v17_1_v17_1_v17_1_v17_1_v17_1_v17_1_v17_1_v17_1_v17_1_v17_1_v17_1_v17_1_v17_1_v17_v17_1_v17_1_v17_1_v17_1_v17_1_v17_1_v17_1_v17_1_v17_1_v17_1_v17_1_v17_1_v17_1_v17_1_v17_1_v17_1_v17_v17_1_v17_1_v17_1_v17_1_v17_1_v17_1_v17_1_v17_1_v17_1_v17_1_v17_1_v17_1_v17_1_v17_1_v17_1_v17_1_v17_v17_1_v17_1_v17_1_v17_1_v17_1_v17_1_v17_1_v17_1_v17_1_v17_1_v17_1_v17_1_v17_1_v17_1_v17_1_v17_1_v17_v17_1_v17_1_v17_1_v17_1_v17_1_v17_1_v17_1_v17_1_v17_1_v17_1_v17_1_v17_1_v17_1_v17_1_v17_1_v17_1_v17_v17_1_v17_1_v17_1_v17_1_v17_1_v17_1_v17_1_v17_1_v17_1_v17_1_v17_1_v17_1_v17_1_v17_1_v17_1_v17_1_v17_v17_1_v17_1_v17_1_v17_1_v17_1_v17_1_v17_1_v17_1_v17_1_v17_1_v17_1_v17_1_v17_1_v17_1_v17_1_v17_1_v17_v17_1_v17_1_v17_1_v17_1_v17_1_v17_1_v17_1_v17_1_v17_1_v17_1_v17_1_v17_1_v17_1_v17_1_v17_1_v17_1_v,255,train,40
v1_v1_v1_v1_v1_v1_v1_v1_v1_v1_v1_v1_v1_v1_v1_v1_v17_v17_1_v17_1_v17_1_v17_1_v17_1_v17_1_v17_1_v17_1_v17_1_v17_1_v17_1_v17_1_v17_1_v17_1_v17_1_v17_1_v17_v17_1_v17_1_v17_1_v17_1_v17_1_v17_1_v17_1_v17_1_v17_1_v17_1_v17_1_v17_1_v17_1_v17_1_v17_1_v17_1_v17_v17_1_v17_1_v17_1_v17_1_v17_1_v17_1_v17_1_v17_1_v17_1_v17_1_v17_1_v17_1_v17_1_v17_1_v17_1_v17_1_v17_v17_1_v17_1_v17_1_v17_1_v17_1_v17_1_v17_1_v17_1_v17_1_v17_1_v17_1_v17_1_v17_1_v17_1_v17_1_v17_1_v17_v17_1_v17_1_v17_1_v17_1_v17_1_v17_1_v17_1_v17_1_v17_1_v17_1_v17_1_v17_1_v17_1_v17_1_v17_1_v17_1_v17_v17_1_v17_1_v17_1_v17_1_v17_1_v17_1_v17_1_v17_1_v17_1_v17_1_v17_1_v17_1_v17_1_v17_1_v17_1_v17_1_v17_v17_1_v17_1_v17_1_v17_1_v17_1_v17_1_v17_1_v17_1_v17_1_v17_1_v17_1_v17_1_v17_1_v17_1_v17_1_v17_1_v17_v17_1_v17_1_v17_1_v17_1_v17_1_v17_1_v17_1_v17_1_v17_1_v17_1_v17_1_v17_1_v17_1_v17_1_v17_1_v17_1_v17_v17_1_v17_1_v17_1_v17_1_v17_1_v17_1_v17_1_v17_1_v17_1_v17_1_v17_1_v17_1_v17_1_v17_1_v17_1_v17_1_v17_v17_1_v17_1_v17_1_v17_1_v17_1_v17_1_v17_1_v17_1_v17_1_v17_1_v17_1_v17_1_v17_1_v17_1_v17_1_v17_1_v17_v17_1_v17_1_v17_1_v17_1_v17_1_v17_1_v17_1_v17_1_v17_1_v17_1_v17_1_v17_1_v17_1_v17_1_v17_1_v17_1_v17_v17_1_v17_1_v17_1_v17_1_v17_1_v17_1_v17_1_v17_1_v17_1_v17_1_v17_1_v17_1_v17_1_v17_1_v17_1_v17_1_v17_v17_1_v17_1_v17_1_v17_1_v17_1_v17_1_v17_1_v17_1_v17_1_v17_1_v17_1_v17_1_v17_1_v17_1_v17_1_v17_1_v,238,train,13
v1_v1_v1_v1_v1_v1_v1_v1_v1_v1_v1_v1_v1_v14_v14_1_v14_1_v14_1_v14_1_v14_1_v14_1_v14_1_v14_1_v14_1_v14_1_v14_1_v14_1_v14_1_v14_v14_1_v14_1_v14_1_v14_1_v14_1_v14_1_v14_1_v14_1_v14_1_v14_1_v14_1_v14_1_v14_1_v14_v14_1_v14_1_v14_1_v14_1_v14_1_v14_1_v14_1_v14_1_v14_1_v14_1_v14_1_v14_1_v14_1_v14_v14_1_v14_1_v14_1_v14_1_v14_1_v14_1_v14_1_v14_1_v14_1_v14_1_v14_1_v14_1_v14_1_v14_v14_1_v14_1_v14_1_v14_1_v14_1_v14_1_v14_1_v14_1_v14_1_v14_1_v14_1_v14_1_v14_1_v14_v14_1_v14_1_v14_1_v14_1_v14_1_v14_1_v14_1_v14_1_v14_1_v14_1_v14_1_v14_1_v14_1_v14_v14_1_v14_1_v14_1_v14_1_v14_1_v14_1_v14_1_v14_1_v14_1_v14_1_v14_1_v14_1_v14_1_v14_v14_1_v14_1_v14_1_v14_1_v14_1_v14_1_v14_1_v14_1_v14_1_v14_1_v14_1_v14_1_v14_1_v14_v14_1_v14_1_v14_1_v14_1_v14_1_v14_1_v14_1_v14_1_v14_1_v14_1_v14_1_v14_1_v14_1_v,140,train,46
v1_v1_v1_v1_v1_v1_v1_v1_v1_v1_v1_v1_v1_v1_v1_v1_v1_v18_v18_1_v18_1_v18_1_v18_1_v18_1_v18_1_v18_1_v18_1_v18_1_v18_1_v18_1_v18_1_v18_1_v18_1_v18_1_v18_1_v18_1_v18_v18_1_v18_1_v18_1_v18_1_v18_1_v18_1_v18_1_v18_1_v18_1_v18_1_v18_1_v18_1_v18_1_v18_1_v18_1_v18_1_v18_1_v18_v18_1_v18_1_v18_1_v18_1_v18_1_v18_1_v18_1_v18_1_v18_1_v18_1_v18_1_v18_1_v18_1_v18_1_v18_1_v18_1_v18_1_v18_v18_1_v18_1_v18_1_v18_1_v18_1_v18_1_v18_1_v18_1_v18_1_v18_1_v18_1_v18_1_v18_1_v18_1_v18_1_v18_1_v18_1_v18_v18_1_v18_1_v18_1_v18_1_v18_1_v18_1_v18_1_v18_1_v18_1_v18_1_v18_1_v18_1_v18_1_v18_1_v18_1_v18_1_v18_1_v18_v18_1_v18_1_v18_1_v18_1_v18_1_v18_1_v18_1_v18_1_v18_1_v18_1_v18_1_v18_1_v18_1_v18_1_v18_1_v18_1_v18_1_v18_v18_1_v18_1_v18_1_v18_1_v18_1_v18_1_v18_1_v18_1_v18_1_v18_1_v18_1_v18_1_v18_1_v18_1_v18_1_v18_1_v18_1_v18_v18_1_v18_1_v18_1_v18_1_v18_1_v18_1_v18_1_v18_1_v18_1_v18_1_v18_1_v18_1_v18_1_v18_1_v18_1_v18_1_v18_1_v18_v18_1_v18_1_v18_1_v18_1_v18_1_v18_1_v18_1_v18_1_v18_1_v18_1_v18_1_v18_1_v18_1_v18_1_v18_1_v18_1_v18_1_v,180,train,0
v1_v1_v1_v1_v1_v1_v1_v1_v1_v1_v1_v1_v1_v1_v1_v1_v17_v17_1_v17_1_v17_1_v17_1_v17_1_v17_1_v17_1_v17_1_v17_1_v17_1_v17_1_v17_1_v17_1_v17_1_v17_1_v17_1_v17_v17_1_v17_1_v17_1_v17_1_v17_1_v17_1_v17_1_v17_1_v17_1_v17_1_v17_1_v17_1_v17_1_v17_1_v17_1_v17_1_v17_v17_1_v17_1_v17_1_v17_1_v17_1_v17_1_v17_1_v17_1_v17_1_v17_1_v17_1_v17_1_v17_1_v17_1_v17_1_v17_1_v17_v17_1_v17_1_v17_1_v17_1_v17_1_v17_1_v17_1_v17_1_v17_1_v17_1_v17_1_v17_1_v17_1_v17_1_v17_1_v17_1_v17_v17_1_v17_1_v17_1_v17_1_v17_1_v17_1_v17_1_v17_1_v17_1_v17_1_v17_1_v17_1_v17_1_v17_1_v17_1_v17_1_v17_v17_1_v17_1_v17_1_v17_1_v17_1_v17_1_v17_1_v17_1_v17_1_v17_1_v17_1_v17_1_v17_1_v17_1_v17_1_v17_1_v17_v17_1_v17_1_v17_1_v17_1_v17_1_v17_1_v17_1_v17_1_v17_1_v17_1_v17_1_v17_1_v17_1_v17_1_v17_1_v17_1_v17_v17_1_v17_1_v17_1_v17_1_v17_1_v17_1_v17_1_v17_1_v17_1_v17_1_v17_1_v17_1_v17_1_v17_1_v17_1_v17_1_v17_v17_1_v17_1_v17_1_v17_1_v17_1_v17_1_v17_1_v17_1_v17_1_v17_1_v17_1_v17_1_v17_1_v17_1_v17_1_v17_1_v17_v17_1_v17_1_v17_1_v17_1_v17_1_v17_1_v17_1_v17_1_v17_1_v17_1_v17_1_v17_1_v17_1_v17_1_v17_1_v17_1_v17_v17_1_v17_1_v17_1_v17_1_v17_1_v17_1_v17_1_v17_1_v17_1_v17_1_v17_1_v17_1_v17_1_v17_1_v17_1_v17_1_v17_v17_1_v17_1_v17_1_v17_1_v17_1_v17_1_v17_1_v17_1_v17_1_v17_1_v17_1_v17_1_v17_1_v17_1_v17_1_v17_1_v,221,train,23
v1_v1_v1_v1_v1_v1_v1_v1_v1_v1_v1_v1_v1_v1_v1_v1_v1_v18_v18_1_v18_1_v18_1_v18_1_v18_1_v18_1_v18_1_v18_1_v18_1_v18_1_v18_1_v18_1_v18_1_v18_1_v18_1_v18_1_v18_1_v18_v18_1_v18_1_v18_1_v18_1_v18_1_v18_1_v18_1_v18_1_v18_1_v18_1_v18_1_v18_1_v18_1_v18_1_v18_1_v18_1_v18_1_v18_v18_1_v18_1_v18_1_v18_1_v18_1_v18_1_v18_1_v18_1_v18_1_v18_1_v18_1_v18_1_v18_1_v18_1_v18_1_v18_1_v18_1_v18_v18_1_v18_1_v18_1_v18_1_v18_1_v18_1_v18_1_v18_1_v18_1_v18_1_v18_1_v18_1_v18_1_v18_1_v18_1_v18_1_v18_1_v18_v18_1_v18_1_v18_1_v18_1_v18_1_v18_1_v18_1_v18_1_v18_1_v18_1_v18_1_v18_1_v18_1_v18_1_v18_1_v18_1_v18_1_v18_v18_1_v18_1_v18_1_v18_1_v18_1_v18_1_v18_1_v18_1_v18_1_v18_1_v18_1_v18_1_v18_1_v18_1_v18_1_v18_1_v18_1_v18_v18_1_v18_1_v18_1_v18_1_v18_1_v18_1_v18_1_v18_1_v18_1_v18_1_v18_1_v18_1_v18_1_v18_1_v18_1_v18_1_v18_1_v18_v18_1_v18_1_v18_1_v18_1_v18_1_v18_1_v18_1_v18_1_v18_1_v18_1_v18_1_v18_1_v18_1_v18_1_v18_1_v18_1_v18_1_v18_v18_1_v18_1_v18_1_v18_1_v18_1_v18_1_v18_1_v18_1_v18_1_v18_1_v18_1_v18_1_v18_1_v18_1_v18_1_v18_1_v18_1_v18_v18_1_v18_1_v18_1_v18_1_v18_1_v18_1_v18_1_v18_1_v18_1_v18_1_v18_1_v18_1_v18_1_v18_1_v18_1_v18_1_v18_1_v18_v18_1_v18_1_v18_1_v18_1_v18_1_v18_1_v18_1_v18_1_v18_1_v18_1_v18_1_v18_1_v18_1_v18_1_v18_1_v18_1_v18_1_v,216,train,69
v1_v1_v1_v1_v1_v1_v1_v1_v1_v1_v1_v1_v13_v13_1_v13_1_v13_1_v13_1_v13_1_v13_1_v13_1_v13_1_v13_1_v13_1_v13_1_v13_1_v13_v13_1_v13_1_v13_1_v13_1_v13_1_v13_1_v13_1_v13_1_v13_1_v13_1_v13_1_v13_1_v13_v13_1_v13_1_v13_1_v13_1_v13_1_v13_1_v13_1_v13_1_v13_1_v13_1_v13_1_v13_1_v13_v13_1_v13_1_v13_1_v13_1_v13_1_v13_1_v13_1_v13_1_v13_1_v13_1_v13_1_v13_1_v13_v13_1_v13_1_v13_1_v13_1_v13_1_v13_1_v13_1_v13_1_v13_1_v13_1_v13_1_v13_1_v13_v13_1_v13_1_v13_1_v13_1_v13_1_v13_1_v13_1_v13_1_v13_1_v13_1_v13_1_v13_1_v13_v13_1_v13_1_v13_1_v13_1_v13_1_v13_1_v13_1_v13_1_v13_1_v13_1_v13_1_v13_1_v13_v13_1_v13_1_v13_1_v13_1_v13_1_v13_1_v13_1_v13_1_v13_1_v13_1_v13_1_v13_1_v13_v13_1_v13_1_v13_1_v13_1_v13_1_v13_1_v13_1_v13_1_v13_1_v13_1_v13_1_v13_1_v13_v13_1_v13_1_v13_1_v13_1_v13_1_v13_1_v13_1_v13_1_v13_1_v13_1_v13_1_v13_1_v13_v13_1_v13_1_v13_1_v13_1_v13_1_v13_1_v13_1_v13_1_v13_1_v13_1_v13_1_v13_1_v13_v13_1_v13_1_v13_1_v13_1_v13_1_v13_1_v13_1_v13_1_v13_1_v13_1_v13_1_v13_1_v13_v13_1_v13_1_v13_1_v13_1_v13_1_v13_1_v13_1_v13_1_v13_1_v13_1_v13_1_v13_1_v13_v13_1_v13_1_v13_1_v13_1_v13_1_v13_1_v13_1_v13_1_v13_1_v13_1_v13_1_v13_1_v13_v13_1_v13_1_v13_1_v13_1_v13_1_v13_1_v13_1_v13_1_v13_1_v13_1_v13_1_v13_1_v13_v13_1_v13_1_v13_1_v13_1_v13_1_v13_1_v13_1_v13_1_v13_1_v13_1_v13_1_v13_1_v,221,train,60
v1_v1_v1_v1_v1_v1_v1_v1_v1_v10_v10_1_v10_1_v10_1_v10_1_v10_1_v10_1_v10_1_v10_1_v10_1_v10_v10_1_v10_1_v10_1_v10_1_v10_1_v10_1_v10_1_v10_1_v10_1_v10_v10_1_v10_1_v10_1_v10_1_v10_1_v10_1_v10_1_v10_1_v10_1_v10_v10_1_v10_1_v10_1_v10_1_v10_1_v10_1_v10_1_v10_1_v10_1_v10_v10_1_v10_1_v10_1_v10_1_v10_1_v10_1_v10_1_v10_1_v10_1_v10_v10_1_v10_1_v10_1_v10_1_v10_1_v10_1_v10_1_v10_1_v10_1_v10_v10_1_v10_1_v10_1_v10_1_v10_1_v10_1_v10_1_v10_1_v10_1_v10_v10_1_v10_1_v10_1_v10_1_v10_1_v10_1_v10_1_v10_1_v10_1_v10_v10_1_v10_1_v10_1_v10_1_v10_1_v10_1_v10_1_v10_1_v10_1_v10_v10_1_v10_1_v10_1_v10_1_v10_1_v10_1_v10_1_v10_1_v10_1_v10_v10_1_v10_1_v10_1_v10_1_v10_1_v10_1_v10_1_v10_1_v10_1_v10_v10_1_v10_1_v10_1_v10_1_v10_1_v10_1_v10_1_v10_1_v10_1_v10_v10_1_v10_1_v10_1_v10_1_v10_1_v10_1_v10_1_v10_1_v10_1_v10_v10_1_v10_1_v10_1_v10_1_v10_1_v10_1_v10_1_v10_1_v10_1_v,150,train,24
v1_v1_v1_v1_v1_v1_v1_v1_v1_v1_v1_v1_v1_v1_v15_v15_1_v15_1_v15_1_v15_1_v15_1_v15_1_v15_1_v15_1_v15_1_v15_1_v15_1_v15_1_v15_1_v15_1_v15_v15_1_v15_1_v15_1_v15_1_v15_1_v15_1_v15_1_v15_1_v15_1_v15_1_v15_1_v15_1_v15_1_v15_1_v15_v15_1_v15_1_v15_1_v15_1_v15_1_v15_1_v15_1_v15_1_v15_1_v15_1_v15_1_v15_1_v15_1_v15_1_v15_v15_1_v15_1_v15_1_v15_1_v15_1_v15_1_v15_1_v15_1_v15_1_v15_1_v15_1_v15_1_v15_1_v15_1_v15_v15_1_v15_1_v15_1_v15_1_v15_1_v15_1_v15_1_v15_1_v15_1_v15_1_v15_1_v15_1_v15_1_v15_1_v15_v15_1_v15_1_v15_1_v15_1_v15_1_v15_1_v15_1_v15_1_v15_1_v15_1_v15_1_v15_1_v15_1_v15_1_v15_v15_1_v15_1_v15_1_v15_1_v15_1_v15_1_v15_1_v15_1_v15_1_v15_1_v15_1_v15_1_v15_1_v15_1_v15_v15_1_v15_1_v15_1_v15_1_v15_1_v15_1_v15_1_v15_1_v15_1_v15_1_v15_1_v15_1_v15_1_v15_1_v15_v15_1_v15_1_v15_1_v15_1_v15_1_v15_1_v15_1_v15_1_v15_1_v15_1_v15_1_v15_1_v15_1_v15_1_v15_v15_1_v15_1_v15_1_v15_1_v15_1_v15_1_v15_1_v15_1_v15_1_v15_1_v15_1_v15_1_v15_1_v15_1_v15_v15_1_v15_1_v15_1_v15_1_v15_1_v15_1_v15_1_v15_1_v15_1_v15_1_v15_1_v15_1_v15_1_v15_1_v15_v15_1_v15_1_v15_1_v15_1_v15_1_v15_1_v15_1_v15_1_v15_1_v15_1_v15_1_v15_1_v15_1_v15_1_v15_v15_1_v15_1_v15_1_v15_1_v15_1_v15_1_v15_1_v15_1_v15_1_v15_1_v15_1_v15_1_v15_1_v15_1_v,210,train,17
v1_v1_v1_v1_v1_v1_v1_v1_v1_v1_v1_v1_v1_v1_v1_v1_v1_v18_v18_1_v18_1_v18_1_v18_1_v18_1_v18_1_v18_1_v18_1_v18_1_v18_1_v18_1_v18_1_v18_1_v18_1_v18_1_v18_1_v18_1_v18_v18_1_v18_1_v18_1_v18_1_v18_1_v18_1_v18_1_v18_1_v18_1_v18_1_v18_1_v18_1_v18_1_v18_1_v18_1_v18_1_v18_1_v18_v18_1_v18_1_v18_1_v18_1_v18_1_v18_1_v18_1_v18_1_v18_1_v18_1_v18_1_v18_1_v18_1_v18_1_v18_1_v18_1_v18_1_v18_v18_1_v18_1_v18_1_v18_1_v18_1_v18_1_v18_1_v18_1_v18_1_v18_1_v18_1_v18_1_v18_1_v18_1_v18_1_v18_1_v18_1_v18_v18_1_v18_1_v18_1_v18_1_v18_1_v18_1_v18_1_v18_1_v18_1_v18_1_v18_1_v18_1_v18_1_v18_1_v18_1_v18_1_v18_1_v18_v18_1_v18_1_v18_1_v18_1_v18_1_v18_1_v18_1_v18_1_v18_1_v18_1_v18_1_v18_1_v18_1_v18_1_v18_1_v18_1_v18_1_v18_v18_1_v18_1_v18_1_v18_1_v18_1_v18_1_v18_1_v18_1_v18_1_v18_1_v18_1_v18_1_v18_1_v18_1_v18_1_v18_1_v18_1_v18_v18_1_v18_1_v18_1_v18_1_v18_1_v18_1_v18_1_v18_1_v18_1_v18_1_v18_1_v18_1_v18_1_v18_1_v18_1_v18_1_v18_1_v18_v18_1_v18_1_v18_1_v18_1_v18_1_v18_1_v18_1_v18_1_v18_1_v18_1_v18_1_v18_1_v18_1_v18_1_v18_1_v18_1_v18_1_v18_v18_1_v18_1_v18_1_v18_1_v18_1_v18_1_v18_1_v18_1_v18_1_v18_1_v18_1_v18_1_v18_1_v18_1_v18_1_v18_1_v18_1_v18_v18_1_v18_1_v18_1_v18_1_v18_1_v18_1_v18_1_v18_1_v18_1_v18_1_v18_1_v18_1_v18_1_v18_1_v18_1_v18_1_v18_1_v18_v18_1_v18_1_v18_1_v18_1_v18_1_v18_1_v18_1_v18_1_v18_1_v18_1_v18_1_v18_1_v18_1_v18_1_v18_1_v18_1_v18_1_v18_v18_1_v18_1_v18_1_v18_1_v18_1_v18_1_v18_1_v18_1_v18_1_v18_1_v18_1_v18_1_v18_1_v18_1_v18_1_v18_1_v18_1_v18_v18_1_v18_1_v18_1_v18_1_v18_1_v18_1_v18_1_v18_1_v18_1_v18_1_v18_1_v18_1_v18_1_v18_1_v18_1_v18_1_v18_1_v18_v18_1_v18_1_v18_1_v18_1_v18_1_v18_1_v18_1_v18_1_v18_1_v18_1_v18_1_v18_1_v18_1_v18_1_v18_1_v18_1_v18_1_v18_v18_1_v18_1_v18_1_v18_1_v18_1_v18_1_v18_1_v18_1_v18_1_v18_1_v18_1_v18_1_v18_1_v18_1_v18_1_v18_1_v18_1_v,306,train,8
v1_v1_v1_v1_v1_v1_v1_v1_v1_v1_v1_v1_v13_v13_1_v13_1_v13_1_v13_1_v13_1_v13_1_v13_1_v13_1_v13_1_v13_1_v13_1_v13_1_v13_v13_1_v13_1_v13_1_v13_1_v13_1_v13_1_v13_1_v13_1_v13_1_v13_1_v13_1_v13_1_v13_v13_1_v13_1_v13_1_v13_1_v13_1_v13_1_v13_1_v13_1_v13_1_v13_1_v13_1_v13_1_v13_v13_1_v13_1_v13_1_v13_1_v13_1_v13_1_v13_1_v13_1_v13_1_v13_1_v13_1_v13_1_v13_v13_1_v13_1_v13_1_v13_1_v13_1_v13_1_v13_1_v13_1_v13_1_v13_1_v13_1_v13_1_v13_v13_1_v13_1_v13_1_v13_1_v13_1_v13_1_v13_1_v13_1_v13_1_v13_1_v13_1_v13_1_v13_v13_1_v13_1_v13_1_v13_1_v13_1_v13_1_v13_1_v13_1_v13_1_v13_1_v13_1_v13_1_v13_v13_1_v13_1_v13_1_v13_1_v13_1_v13_1_v13_1_v13_1_v13_1_v13_1_v13_1_v13_1_v13_v13_1_v13_1_v13_1_v13_1_v13_1_v13_1_v13_1_v13_1_v13_1_v13_1_v13_1_v13_1_v13_v13_1_v13_1_v13_1_v13_1_v13_1_v13_1_v13_1_v13_1_v13_1_v13_1_v13_1_v13_1_v,143,train,20
v1_v1_v1_v1_v1_v1_v1_v1_v1_v1_v1_v1_v1_v1_v1_v1_v1_v18_v18_1_v18_1_v18_1_v18_1_v18_1_v18_1_v18_1_v18_1_v18_1_v18_1_v18_1_v18_1_v18_1_v18_1_v18_1_v18_1_v18_1_v18_v18_1_v18_1_v18_1_v18_1_v18_1_v18_1_v18_1_v18_1_v18_1_v18_1_v18_1_v18_1_v18_1_v18_1_v18_1_v18_1_v18_1_v18_v18_1_v18_1_v18_1_v18_1_v18_1_v18_1_v18_1_v18_1_v18_1_v18_1_v18_1_v18_1_v18_1_v18_1_v18_1_v18_1_v18_1_v18_v18_1_v18_1_v18_1_v18_1_v18_1_v18_1_v18_1_v18_1_v18_1_v18_1_v18_1_v18_1_v18_1_v18_1_v18_1_v18_1_v18_1_v18_v18_1_v18_1_v18_1_v18_1_v18_1_v18_1_v18_1_v18_1_v18_1_v18_1_v18_1_v18_1_v18_1_v18_1_v18_1_v18_1_v18_1_v18_v18_1_v18_1_v18_1_v18_1_v18_1_v18_1_v18_1_v18_1_v18_1_v18_1_v18_1_v18_1_v18_1_v18_1_v18_1_v18_1_v18_1_v18_v18_1_v18_1_v18_1_v18_1_v18_1_v18_1_v18_1_v18_1_v18_1_v18_1_v18_1_v18_1_v18_1_v18_1_v18_1_v18_1_v18_1_v18_v18_1_v18_1_v18_1_v18_1_v18_1_v18_1_v18_1_v18_1_v18_1_v18_1_v18_1_v18_1_v18_1_v18_1_v18_1_v18_1_v18_1_v18_v18_1_v18_1_v18_1_v18_1_v18_1_v18_1_v18_1_v18_1_v18_1_v18_1_v18_1_v18_1_v18_1_v18_1_v18_1_v18_1_v18_1_v18_v18_1_v18_1_v18_1_v18_1_v18_1_v18_1_v18_1_v18_1_v18_1_v18_1_v18_1_v18_1_v18_1_v18_1_v18_1_v18_1_v18_1_v18_v18_1_v18_1_v18_1_v18_1_v18_1_v18_1_v18_1_v18_1_v18_1_v18_1_v18_1_v18_1_v18_1_v18_1_v18_1_v18_1_v18_1_v18_v18_1_v18_1_v18_1_v18_1_v18_1_v18_1_v18_1_v18_1_v18_1_v18_1_v18_1_v18_1_v18_1_v18_1_v18_1_v18_1_v18_1_v18_v18_1_v18_1_v18_1_v18_1_v18_1_v18_1_v18_1_v18_1_v18_1_v18_1_v18_1_v18_1_v18_1_v18_1_v18_1_v18_1_v18_1_v18_v18_1_v18_1_v18_1_v18_1_v18_1_v18_1_v18_1_v18_1_v18_1_v18_1_v18_1_v18_1_v18_1_v18_1_v18_1_v18_1_v18_1_v18_v18_1_v18_1_v18_1_v18_1_v18_1_v18_1_v18_1_v18_1_v18_1_v18_1_v18_1_v18_1_v18_1_v18_1_v18_1_v18_1_v18_1_v18_v18_1_v18_1_v18_1_v18_1_v18_1_v18_1_v18_1_v18_1_v18_1_v18_1_v18_1_v18_1_v18_1_v18_1_v18_1_v18_1_v18_1_v18_v18_1_v18_1_v18_1_v18_1_v18_1_v18_1_v18_1_v18_1_v18_1_v18_1_v18_1_v18_1_v18_1_v18_1_v18_1_v18_1_v18_1_v18_v18_1_v18_1_v18_1_v18_1_v18_1_v18_1_v18_1_v18_1_v18_1_v18_1_v18_1_v18_1_v18_1_v18_1_v18_1_v18_1_v18_1_v,342,train,50
v1_v1_v1_v1_v1_v1_v1_v1_v1_v1_v11_v11_1_v11_1_v11_1_v11_1_v11_1_v11_1_v11_1_v11_1_v11_1_v11_1_v11_v11_1_v11_1_v11_1_v11_1_v11_1_v11_1_v11_1_v11_1_v11_1_v11_1_v11_v11_1_v11_1_v11_1_v11_1_v11_1_v11_1_v11_1_v11_1_v11_1_v11_1_v11_v11_1_v11_1_v11_1_v11_1_v11_1_v11_1_v11_1_v11_1_v11_1_v11_1_v11_v11_1_v11_1_v11_1_v11_1_v11_1_v11_1_v11_1_v11_1_v11_1_v11_1_v11_v11_1_v11_1_v11_1_v11_1_v11_1_v11_1_v11_1_v11_1_v11_1_v11_1_v11_v11_1_v11_1_v11_1_v11_1_v11_1_v11_1_v11_1_v11_1_v11_1_v11_1_v11_v11_1_v11_1_v11_1_v11_1_v11_1_v11_1_v11_1_v11_1_v11_1_v11_1_v11_v11_1_v11_1_v11_1_v11_1_v11_1_v11_1_v11_1_v11_1_v11_1_v11_1_v11_v11_1_v11_1_v11_1_v11_1_v11_1_v11_1_v11_1_v11_1_v11_1_v11_1_v11_v11_1_v11_1_v11_1_v11_1_v11_1_v11_1_v11_1_v11_1_v11_1_v11_1_v11_v11_1_v11_1_v11_1_v11_1_v11_1_v11_1_v11_1_v11_1_v11_1_v11_1_v11_v11_1_v11_1_v11_1_v11_1_v11_1_v11_1_v11_1_v11_1_v11_1_v11_1_v11_v11_1_v11_1_v11_1_v11_1_v11_1_v11_1_v11_1_v11_1_v11_1_v11_1_v11_v11_1_v11_1_v11_1_v11_1_v11_1_v11_1_v11_1_v11_1_v11_1_v11_1_v11_v11_1_v11_1_v11_1_v11_1_v11_1_v11_1_v11_1_v11_1_v11_1_v11_1_v11_v11_1_v11_1_v11_1_v11_1_v11_1_v11_1_v11_1_v11_1_v11_1_v11_1_v11_v11_1_v11_1_v11_1_v11_1_v11_1_v11_1_v11_1_v11_1_v11_1_v11_1_v,209,train,39
v1_v1_v1_v1_v1_v1_v1_v1_v1_v1_v1_v12_v12_1_v12_1_v12_1_v12_1_v12_1_v12_1_v12_1_v12_1_v12_1_v12_1_v12_1_v12_v12_1_v12_1_v12_1_v12_1_v12_1_v12_1_v12_1_v12_1_v12_1_v12_1_v12_1_v12_v12_1_v12_1_v12_1_v12_1_v12_1_v12_1_v12_1_v12_1_v12_1_v12_1_v12_1_v12_v12_1_v12_1_v12_1_v12_1_v12_1_v12_1_v12_1_v12_1_v12_1_v12_1_v12_1_v12_v12_1_v12_1_v12_1_v12_1_v12_1_v12_1_v12_1_v12_1_v12_1_v12_1_v12_1_v12_v12_1_v12_1_v12_1_v12_1_v12_1_v12_1_v12_1_v12_1_v12_1_v12_1_v12_1_v12_v12_1_v12_1_v12_1_v12_1_v12_1_v12_1_v12_1_v12_1_v12_1_v12_1_v12_1_v12_v12_1_v12_1_v12_1_v12_1_v12_1_v12_1_v12_1_v12_1_v12_1_v12_1_v12_1_v12_v12_1_v12_1_v12_1_v12_1_v12_1_v12_1_v12_1_v12_1_v12_1_v12_1_v12_1_v12_v12_1_v12_1_v12_1_v12_1_v12_1_v12_1_v12_1_v12_1_v12_1_v12_1_v12_1_v12_v12_1_v12_1_v12_1_v12_1_v12_1_v12_1_v12_1_v12_1_v12_1_v12_1_v12_1_v12_v12_1_v12_1_v12_1_v12_1_v12_1_v12_1_v12_1_v12_1_v12_1_v12_1_v12_1_v12_v12_1_v12_1_v12_1_v12_1_v12_1_v12_1_v12_1_v12_1_v12_1_v12_1_v12_1_v,168,train,54
v1_v1_v1_v1_v1_v1_v1_v1_v1_v1_v11_v11_1_v11_1_v11_1_v11_1_v11_1_v11_1_v11_1_v11_1_v11_1_v11_1_v11_v11_1_v11_1_v11_1_v11_1_v11_1_v11_1_v11_1_v11_1_v11_1_v11_1_v11_v11_1_v11_1_v11_1_v11_1_v11_1_v11_1_v11_1_v11_1_v11_1_v11_1_v11_v11_1_v11_1_v11_1_v11_1_v11_1_v11_1_v11_1_v11_1_v11_1_v11_1_v11_v11_1_v11_1_v11_1_v11_1_v11_1_v11_1_v11_1_v11_1_v11_1_v11_1_v11_v11_1_v11_1_v11_1_v11_1_v11_1_v11_1_v11_1_v11_1_v11_1_v11_1_v11_v11_1_v11_1_v11_1_v11_1_v11_1_v11_1_v11_1_v11_1_v11_1_v11_1_v11_v11_1_v11_1_v11_1_v11_1_v11_1_v11_1_v11_1_v11_1_v11_1_v11_1_v11_v11_1_v11_1_v11_1_v11_1_v11_1_v11_1_v11_1_v11_1_v11_1_v11_1_v11_v11_1_v11_1_v11_1_v11_1_v11_1_v11_1_v11_1_v11_1_v11_1_v11_1_v11_v11_1_v11_1_v11_1_v11_1_v11_1_v11_1_v11_1_v11_1_v11_1_v11_1_v,132,train,66
v1_v1_v1_v1_v1_v1_v1_v1_v1_v1_v1_v1_v1_v1_v1_v1_v1_v18_v18_1_v18_1_v18_1_v18_1_v18_1_v18_1_v18_1_v18_1_v18_1_v18_1_v18_1_v18_1_v18_1_v18_1_v18_1_v18_1_v18_1_v18_v18_1_v18_1_v18_1_v18_1_v18_1_v18_1_v18_1_v18_1_v18_1_v18_1_v18_1_v18_1_v18_1_v18_1_v18_1_v18_1_v18_1_v18_v18_1_v18_1_v18_1_v18_1_v18_1_v18_1_v18_1_v18_1_v18_1_v18_1_v18_1_v18_1_v18_1_v18_1_v18_1_v18_1_v18_1_v18_v18_1_v18_1_v18_1_v18_1_v18_1_v18_1_v18_1_v18_1_v18_1_v18_1_v18_1_v18_1_v18_1_v18_1_v18_1_v18_1_v18_1_v18_v18_1_v18_1_v18_1_v18_1_v18_1_v18_1_v18_1_v18_1_v18_1_v18_1_v18_1_v18_1_v18_1_v18_1_v18_1_v18_1_v18_1_v18_v18_1_v18_1_v18_1_v18_1_v18_1_v18_1_v18_1_v18_1_v18_1_v18_1_v18_1_v18_1_v18_1_v18_1_v18_1_v18_1_v18_1_v18_v18_1_v18_1_v18_1_v18_1_v18_1_v18_1_v18_1_v18_1_v18_1_v18_1_v18_1_v18_1_v18_1_v18_1_v18_1_v18_1_v18_1_v18_v18_1_v18_1_v18_1_v18_1_v18_1_v18_1_v18_1_v18_1_v18_1_v18_1_v18_1_v18_1_v18_1_v18_1_v18_1_v18_1_v18_1_v18_v18_1_v18_1_v18_1_v18_1_v18_1_v18_1_v18_1_v18_1_v18_1_v18_1_v18_1_v18_1_v18_1_v18_1_v18_1_v18_1_v18_1_v18_v18_1_v18_1_v18_1_v18_1_v18_1_v18_1_v18_1_v18_1_v18_1_v18_1_v18_1_v18_1_v18_1_v18_1_v18_1_v18_1_v18_1_v18_v18_1_v18_1_v18_1_v18_1_v18_1_v18_1_v18_1_v18_1_v18_1_v18_1_v18_1_v18_1_v18_1_v18_1_v18_1_v18_1_v18_1_v18_v18_1_v18_1_v18_1_v18_1_v18_1_v18_1_v18_1_v18_1_v18_1_v18_1_v18_1_v18_1_v18_1_v18_1_v18_1_v18_1_v18_1_v18_v18_1_v18_1_v18_1_v18_1_v18_1_v18_1_v18_1_v18_1_v18_1_v18_1_v18_1_v18_1_v18_1_v18_1_v18_1_v18_1_v18_1_v18_v18_1_v18_1_v18_1_v18_1_v18_1_v18_1_v18_1_v18_1_v18_1_v18_1_v18_1_v18_1_v18_1_v18_1_v18_1_v18_1_v18_1_v18_v18_1_v18_1_v18_1_v18_1_v18_1_v18_1_v18_1_v18_1_v18_1_v18_1_v18_1_v18_1_v18_1_v18_1_v18_1_v18_1_v18_1_v,288,train,7
v1_v1_v1_v1_v1_v1_v1_v1_v1_v1_v1_v1_v1_v1_v15_v15_1_v15_1_v15_1_v15_1_v15_1_v15_1_v15_1_v15_1_v15_1_v15_1_v15_1_v15_1_v15_1_v15_1_v15_v15_1_v15_1_v15_1_v15_1_v15_1_v15_1_v15_1_v15_1_v15_1_v15_1_v15_1_v15_1_v15_1_v15_1_v15_v15_1_v15_1_v15_1_v15_1_v15_1_v15_1_v15_1_v15_1_v15_1_v15_1_v15_1_v15_1_v15_1_v15_1_v15_v15_1_v15_1_v15_1_v15_1_v15_1_v15_1_v15_1_v15_1_v15_1_v15_1_v15_1_v15_1_v15_1_v15_1_v15_v15_1_v15_1_v15_1_v15_1_v15_1_v15_1_v15_1_v15_1_v15_1_v15_1_v15_1_v15_1_v15_1_v15_1_v15_v15_1_v15_1_v15_1_v15_1_v15_1_v15_1_v15_1_v15_1_v15_1_v15_1_v15_1_v15_1_v15_1_v15_1_v15_v15_1_v15_1_v15_1_v15_1_v15_1_v15_1_v15_1_v15_1_v15_1_v15_1_v15_1_v15_1_v15_1_v15_1_v15_v15_1_v15_1_v15_1_v15_1_v15_1_v15_1_v15_1_v15_1_v15_1_v15_1_v15_1_v15_1_v15_1_v15_1_v15_v15_1_v15_1_v15_1_v15_1_v15_1_v15_1_v15_1_v15_1_v15_1_v15_1_v15_1_v15_1_v15_1_v15_1_v,150,train,15
v1_v1_v1_v1_v1_v1_v1_v1_v1_v1_v11_v11_1_v11_1_v11_1_v11_1_v11_1_v11_1_v11_1_v11_1_v11_1_v11_1_v11_v11_1_v11_1_v11_1_v11_1_v11_1_v11_1_v11_1_v11_1_v11_1_v11_1_v11_v11_1_v11_1_v11_1_v11_1_v11_1_v11_1_v11_1_v11_1_v11_1_v11_1_v11_v11_1_v11_1_v11_1_v11_1_v11_1_v11_1_v11_1_v11_1_v11_1_v11_1_v11_v11_1_v11_1_v11_1_v11_1_v11_1_v11_1_v11_1_v11_1_v11_1_v11_1_v11_v11_1_v11_1_v11_1_v11_1_v11_1_v11_1_v11_1_v11_1_v11_1_v11_1_v11_v11_1_v11_1_v11_1_v11_1_v11_1_v11_1_v11_1_v11_1_v11_1_v11_1_v11_v11_1_v11_1_v11_1_v11_1_v11_1_v11_1_v11_1_v11_1_v11_1_v11_1_v11_v11_1_v11_1_v11_1_v11_1_v11_1_v11_1_v11_1_v11_1_v11_1_v11_1_v11_v11_1_v11_1_v11_1_v11_1_v11_1_v11_1_v11_1_v11_1_v11_1_v11_1_v11_v11_1_v11_1_v11_1_v11_1_v11_1_v11_1_v11_1_v11_1_v11_1_v11_1_v11_v11_1_v11_1_v11_1_v11_1_v11_1_v11_1_v11_1_v11_1_v11_1_v11_1_v,143,train,55
v1_v1_v1_v1_v1_v1_v1_v1_v1_v10_v10_1_v10_1_v10_1_v10_1_v10_1_v10_1_v10_1_v10_1_v10_1_v10_v10_1_v10_1_v10_1_v10_1_v10_1_v10_1_v10_1_v10_1_v10_1_v10_v10_1_v10_1_v10_1_v10_1_v10_1_v10_1_v10_1_v10_1_v10_1_v10_v10_1_v10_1_v10_1_v10_1_v10_1_v10_1_v10_1_v10_1_v10_1_v10_v10_1_v10_1_v10_1_v10_1_v10_1_v10_1_v10_1_v10_1_v10_1_v10_v10_1_v10_1_v10_1_v10_1_v10_1_v10_1_v10_1_v10_1_v10_1_v10_v10_1_v10_1_v10_1_v10_1_v10_1_v10_1_v10_1_v10_1_v10_1_v10_v10_1_v10_1_v10_1_v10_1_v10_1_v10_1_v10_1_v10_1_v10_1_v10_v10_1_v10_1_v10_1_v10_1_v10_1_v10_1_v10_1_v10_1_v10_1_v10_v10_1_v10_1_v10_1_v10_1_v10_1_v10_1_v10_1_v10_1_v10_1_v10_v10_1_v10_1_v10_1_v10_1_v10_1_v10_1_v10_1_v10_1_v10_1_v10_v10_1_v10_1_v10_1_v10_1_v10_1_v10_1_v10_1_v10_1_v10_1_v10_v10_1_v10_1_v10_1_v10_1_v10_1_v10_1_v10_1_v10_1_v10_1_v10_v10_1_v10_1_v10_1_v10_1_v10_1_v10_1_v10_1_v10_1_v10_1_v10_v10_1_v10_1_v10_1_v10_1_v10_1_v10_1_v10_1_v10_1_v10_1_v10_v10_1_v10_1_v10_1_v10_1_v10_1_v10_1_v10_1_v10_1_v10_1_v,170,train,11
v1_v1_v1_v1_v1_v1_v1_v1_v1_v1_v1_v1_v1_v1_v1_v16_v16_1_v16_1_v16_1_v16_1_v16_1_v16_1_v16_1_v16_1_v16_1_v16_1_v16_1_v16_1_v16_1_v16_1_v16_1_v16_v16_1_v16_1_v16_1_v16_1_v16_1_v16_1_v16_1_v16_1_v16_1_v16_1_v16_1_v16_1_v16_1_v16_1_v16_1_v16_v16_1_v16_1_v16_1_v16_1_v16_1_v16_1_v16_1_v16_1_v16_1_v16_1_v16_1_v16_1_v16_1_v16_1_v16_1_v16_v16_1_v16_1_v16_1_v16_1_v16_1_v16_1_v16_1_v16_1_v16_1_v16_1_v16_1_v16_1_v16_1_v16_1_v16_1_v16_v16_1_v16_1_v16_1_v16_1_v16_1_v16_1_v16_1_v16_1_v16_1_v16_1_v16_1_v16_1_v16_1_v16_1_v16_1_v16_v16_1_v16_1_v16_1_v16_1_v16_1_v16_1_v16_1_v16_1_v16_1_v16_1_v16_1_v16_1_v16_1_v16_1_v16_1_v16_v16_1_v16_1_v16_1_v16_1_v16_1_v16_1_v16_1_v16_1_v16_1_v16_1_v16_1_v16_1_v16_1_v16_1_v16_1_v16_v16_1_v16_1_v16_1_v16_1_v16_1_v16_1_v16_1_v16_1_v16_1_v16_1_v16_1_v16_1_v16_1_v16_1_v16_1_v16_v16_1_v16_1_v16_1_v16_1_v16_1_v16_1_v16_1_v16_1_v16_1_v16_1_v16_1_v16_1_v16_1_v16_1_v16_1_v16_v16_1_v16_1_v16_1_v16_1_v16_1_v16_1_v16_1_v16_1_v16_1_v16_1_v16_1_v16_1_v16_1_v16_1_v16_1_v16_v16_1_v16_1_v16_1_v16_1_v16_1_v16_1_v16_1_v16_1_v16_1_v16_1_v16_1_v16_1_v16_1_v16_1_v16_1_v16_v16_1_v16_1_v16_1_v16_1_v16_1_v16_1_v16_1_v16_1_v16_1_v16_1_v16_1_v16_1_v16_1_v16_1_v16_1_v16_v16_1_v16_1_v16_1_v16_1_v16_1_v16_1_v16_1_v16_1_v16_1_v16_1_v16_1_v16_1_v16_1_v16_1_v16_1_v16_v16_1_v16_1_v16_1_v16_1_v16_1_v16_1_v16_1_v16_1_v16_1_v16_1_v16_1_v16_1_v16_1_v16_1_v16_1_v16_v16_1_v16_1_v16_1_v16_1_v16_1_v16_1_v16_1_v16_1_v16_1_v16_1_v16_1_v16_1_v16_1_v16_1_v16_1_v16_v16_1_v16_1_v16_1_v16_1_v16_1_v16_1_v16_1_v16_1_v16_1_v16_1_v16_1_v16_1_v16_1_v16_1_v16_1_v,272,train,35
v1_v1_v1_v1_v1_v1_v1_v1_v1_v1_v1_v1_v1_v1_v1_v16_v16_1_v16_1_v16_1_v16_1_v16_1_v16_1_v16_1_v16_1_v16_1_v16_1_v16_1_v16_1_v16_1_v16_1_v16_1_v16_v16_1_v16_1_v16_1_v16_1_v16_1_v16_1_v16_1_v16_1_v16_1_v16_1_v16_1_v16_1_v16_1_v16_1_v16_1_v16_v16_1_v16_1_v16_1_v16_1_v16_1_v16_1_v16_1_v16_1_v16_1_v16_1_v16_1_v16_1_v16_1_v16_1_v16_1_v16_v16_1_v16_1_v16_1_v16_1_v16_1_v16_1_v16_1_v16_1_v16_1_v16_1_v16_1_v16_1_v16_1_v16_1_v16_1_v16_v16_1_v16_1_v16_1_v16_1_v16_1_v16_1_v16_1_v16_1_v16_1_v16_1_v16_1_v16_1_v16_1_v16_1_v16_1_v16_v16_1_v16_1_v16_1_v16_1_v16_1_v16_1_v16_1_v16_1_v16_1_v16_1_v16_1_v16_1_v16_1_v16_1_v16_1_v16_v16_1_v16_1_v16_1_v16_1_v16_1_v16_1_v16_1_v16_1_v16_1_v16_1_v16_1_v16_1_v16_1_v16_1_v16_1_v16_v16_1_v16_1_v16_1_v16_1_v16_1_v16_1_v16_1_v16_1_v16_1_v16_1_v16_1_v16_1_v16_1_v16_1_v16_1_v16_v16_1_v16_1_v16_1_v16_1_v16_1_v16_1_v16_1_v16_1_v16_1_v16_1_v16_1_v16_1_v16_1_v16_1_v16_1_v16_v16_1_v16_1_v16_1_v16_1_v16_1_v16_1_v16_1_v16_1_v16_1_v16_1_v16_1_v16_1_v16_1_v16_1_v16_1_v16_v16_1_v16_1_v16_1_v16_1_v16_1_v16_1_v16_1_v16_1_v16_1_v16_1_v16_1_v16_1_v16_1_v16_1_v16_1_v16_v16_1_v16_1_v16_1_v16_1_v16_1_v16_1_v16_1_v16_1_v16_1_v16_1_v16_1_v16_1_v16_1_v16_1_v16_1_v16_v16_1_v16_1_v16_1_v16_1_v16_1_v16_1_v16_1_v16_1_v16_1_v16_1_v16_1_v16_1_v16_1_v16_1_v16_1_v16_v16_1_v16_1_v16_1_v16_1_v16_1_v16_1_v16_1_v16_1_v16_1_v16_1_v16_1_v16_1_v16_1_v16_1_v16_1_v16_v16_1_v16_1_v16_1_v16_1_v16_1_v16_1_v16_1_v16_1_v16_1_v16_1_v16_1_v16_1_v16_1_v16_1_v16_1_v16_v16_1_v16_1_v16_1_v16_1_v16_1_v16_1_v16_1_v16_1_v16_1_v16_1_v16_1_v16_1_v16_1_v16_1_v16_1_v16_v16_1_v16_1_v16_1_v16_1_v16_1_v16_1_v16_1_v16_1_v16_1_v16_1_v16_1_v16_1_v16_1_v16_1_v16_1_v16_v16_1_v16_1_v16_1_v16_1_v16_1_v16_1_v16_1_v16_1_v16_1_v16_1_v16_1_v16_1_v16_1_v16_1_v16_1_v,304,train,26
v1_v1_v1_v1_v1_v1_v1_v1_v1_v1_v1_v12_v12_1_v12_1_v12_1_v12_1_v12_1_v12_1_v12_1_v12_1_v12_1_v12_1_v12_1_v12_v12_1_v12_1_v12_1_v12_1_v12_1_v12_1_v12_1_v12_1_v12_1_v12_1_v12_1_v12_v12_1_v12_1_v12_1_v12_1_v12_1_v12_1_v12_1_v12_1_v12_1_v12_1_v12_1_v12_v12_1_v12_1_v12_1_v12_1_v12_1_v12_1_v12_1_v12_1_v12_1_v12_1_v12_1_v12_v12_1_v12_1_v12_1_v12_1_v12_1_v12_1_v12_1_v12_1_v12_1_v12_1_v12_1_v12_v12_1_v12_1_v12_1_v12_1_v12_1_v12_1_v12_1_v12_1_v12_1_v12_1_v12_1_v12_v12_1_v12_1_v12_1_v12_1_v12_1_v12_1_v12_1_v12_1_v12_1_v12_1_v12_1_v12_v12_1_v12_1_v12_1_v12_1_v12_1_v12_1_v12_1_v12_1_v12_1_v12_1_v12_1_v12_v12_1_v12_1_v12_1_v12_1_v12_1_v12_1_v12_1_v12_1_v12_1_v12_1_v12_1_v12_v12_1_v12_1_v12_1_v12_1_v12_1_v12_1_v12_1_v12_1_v12_1_v12_1_v12_1_v12_v12_1_v12_1_v12_1_v12_1_v12_1_v12_1_v12_1_v12_1_v12_1_v12_1_v12_1_v12_v12_1_v12_1_v12_1_v12_1_v12_1_v12_1_v12_1_v12_1_v12_1_v12_1_v12_1_v12_v12_1_v12_1_v12_1_v12_1_v12_1_v12_1_v12_1_v12_1_v12_1_v12_1_v12_1_v12_v12_1_v12_1_v12_1_v12_1_v12_1_v12_1_v12_1_v12_1_v12_1_v12_1_v12_1_v,180,train,2
v1_v1_v1_v1_v1_v1_v1_v1_v1_v10_v10_1_v10_1_v10_1_v10_1_v10_1_v10_1_v10_1_v10_1_v10_1_v10_v10_1_v10_1_v10_1_v10_1_v10_1_v10_1_v10_1_v10_1_v10_1_v10_v10_1_v10_1_v10_1_v10_1_v10_1_v10_1_v10_1_v10_1_v10_1_v10_v10_1_v10_1_v10_1_v10_1_v10_1_v10_1_v10_1_v10_1_v10_1_v10_v10_1_v10_1_v10_1_v10_1_v10_1_v10_1_v10_1_v10_1_v10_1_v10_v10_1_v10_1_v10_1_v10_1_v10_1_v10_1_v10_1_v10_1_v10_1_v10_v10_1_v10_1_v10_1_v10_1_v10_1_v10_1_v10_1_v10_1_v10_1_v10_v10_1_v10_1_v10_1_v10_1_v10_1_v10_1_v10_1_v10_1_v10_1_v10_v10_1_v10_1_v10_1_v10_1_v10_1_v10_1_v10_1_v10_1_v10_1_v10_v10_1_v10_1_v10_1_v10_1_v10_1_v10_1_v10_1_v10_1_v10_1_v10_v10_1_v10_1_v10_1_v10_1_v10_1_v10_1_v10_1_v10_1_v10_1_v10_v10_1_v10_1_v10_1_v10_1_v10_1_v10_1_v10_1_v10_1_v10_1_v10_v10_1_v10_1_v10_1_v10_1_v10_1_v10_1_v10_1_v10_1_v10_1_v10_v10_1_v10_1_v10_1_v10_1_v10_1_v10_1_v10_1_v10_1_v10_1_v10_v10_1_v10_1_v10_1_v10_1_v10_1_v10_1_v10_1_v10_1_v10_1_v10_v10_1_v10_1_v10_1_v10_1_v10_1_v10_1_v10_1_v10_1_v10_1_v10_v10_1_v10_1_v10_1_v10_1_v10_1_v10_1_v10_1_v10_1_v10_1_v10_v10_1_v10_1_v10_1_v10_1_v10_1_v10_1_v10_1_v10_1_v10_1_v,190,train,4
v1_v1_v1_v1_v1_v1_v1_v1_v1_v1_v1_v1_v1_v1_v1_v1_v17_v17_1_v17_1_v17_1_v17_1_v17_1_v17_1_v17_1_v17_1_v17_1_v17_1_v17_1_v17_1_v17_1_v17_1_v17_1_v17_1_v17_v17_1_v17_1_v17_1_v17_1_v17_1_v17_1_v17_1_v17_1_v17_1_v17_1_v17_1_v17_1_v17_1_v17_1_v17_1_v17_1_v17_v17_1_v17_1_v17_1_v17_1_v17_1_v17_1_v17_1_v17_1_v17_1_v17_1_v17_1_v17_1_v17_1_v17_1_v17_1_v17_1_v17_v17_1_v17_1_v17_1_v17_1_v17_1_v17_1_v17_1_v17_1_v17_1_v17_1_v17_1_v17_1_v17_1_v17_1_v17_1_v17_1_v17_v17_1_v17_1_v17_1_v17_1_v17_1_v17_1_v17_1_v17_1_v17_1_v17_1_v17_1_v17_1_v17_1_v17_1_v17_1_v17_1_v17_v17_1_v17_1_v17_1_v17_1_v17_1_v17_1_v17_1_v17_1_v17_1_v17_1_v17_1_v17_1_v17_1_v17_1_v17_1_v17_1_v17_v17_1_v17_1_v17_1_v17_1_v17_1_v17_1_v17_1_v17_1_v17_1_v17_1_v17_1_v17_1_v17_1_v17_1_v17_1_v17_1_v17_v17_1_v17_1_v17_1_v17_1_v17_1_v17_1_v17_1_v17_1_v17_1_v17_1_v17_1_v17_1_v17_1_v17_1_v17_1_v17_1_v17_v17_1_v17_1_v17_1_v17_1_v17_1_v17_1_v17_1_v17_1_v17_1_v17_1_v17_1_v17_1_v17_1_v17_1_v17_1_v17_1_v17_v17_1_v17_1_v17_1_v17_1_v17_1_v17_1_v17_1_v17_1_v17_1_v17_1_v17_1_v17_1_v17_1_v17_1_v17_1_v17_1_v17_v17_1_v17_1_v17_1_v17_1_v17_1_v17_1_v17_1_v17_1_v17_1_v17_1_v17_1_v17_1_v17_1_v17_1_v17_1_v17_1_v,204,train,56
v1_v1_v1_v1_v1_v1_v1_v1_v1_v1_v1_v1_v1_v1_v1_v16_v16_1_v16_1_v16_1_v16_1_v16_1_v16_1_v16_1_v16_1_v16_1_v16_1_v16_1_v16_1_v16_1_v16_1_v16_1_v16_v16_1_v16_1_v16_1_v16_1_v16_1_v16_1_v16_1_v16_1_v16_1_v16_1_v16_1_v16_1_v16_1_v16_1_v16_1_v16_v16_1_v16_1_v16_1_v16_1_v16_1_v16_1_v16_1_v16_1_v16_1_v16_1_v16_1_v16_1_v16_1_v16_1_v16_1_v16_v16_1_v16_1_v16_1_v16_1_v16_1_v16_1_v16_1_v16_1_v16_1_v16_1_v16_1_v16_1_v16_1_v16_1_v16_1_v16_v16_1_v16_1_v16_1_v16_1_v16_1_v16_1_v16_1_v16_1_v16_1_v16_1_v16_1_v16_1_v16_1_v16_1_v16_1_v16_v16_1_v16_1_v16_1_v16_1_v16_1_v16_1_v16_1_v16_1_v16_1_v16_1_v16_1_v16_1_v16_1_v16_1_v16_1_v16_v16_1_v16_1_v16_1_v16_1_v16_1_v16_1_v16_1_v16_1_v16_1_v16_1_v16_1_v16_1_v16_1_v16_1_v16_1_v16_v16_1_v16_1_v16_1_v16_1_v16_1_v16_1_v16_1_v16_1_v16_1_v16_1_v16_1_v16_1_v16_1_v16_1_v16_1_v16_v16_1_v16_1_v16_1_v16_1_v16_1_v16_1_v16_1_v16_1_v16_1_v16_1_v16_1_v16_1_v16_1_v16_1_v16_1_v16_v16_1_v16_1_v16_1_v16_1_v16_1_v16_1_v16_1_v16_1_v16_1_v16_1_v16_1_v16_1_v16_1_v16_1_v16_1_v,176,val,7
v1_v1_v1_v1_v1_v1_v1_v1_v1_v1_v11_v11_1_v11_1_v11_1_v11_1_v11_1_v11_1_v11_1_v11_1_v11_1_v11_1_v11_v11_1_v11_1_v11_1_v11_1_v11_1_v11_1_v11_1_v11_1_v11_1_v11_1_v11_v11_1_v11_1_v11_1_v11_1_v11_1_v11_1_v11_1_v11_1_v11_1_v11_1_v11_v11_1_v11_1_v11_1_v11_1_v11_1_v11_1_v11_1_v11_1_v11_1_v11_1_v11_v11_1_v11_1_v11_1_v11_1_v11_1_v11_1_v11_1_v11_1_v11_1_v11_1_v11_v11_1_v11_1_v11_1_v11_1_v11_1_v11_1_v11_1_v11_1_v11_1_v11_1_v11_v11_1_v11_1_v11_1_v11_1_v11_1_v11_1_v11_1_v11_1_v11_1_v11_1_v11_v11_1_v11_1_v11_1_v11_1_v11_1_v11_1_v11_1_v11_1_v11_1_v11_1_v11_v11_1_v11_1_v11_1_v11_1_v11_1_v11_1_v11_1_v11_1_v11_1_v11_1_v11_v11_1_v11_1_v11_1_v11_1_v11_1_v11_1_v11_1_v11_1_v11_1_v11_1_v,121,train,67
v1_v1_v1_v1_v1_v1_v1_v1_v1_v1_v1_v1_v1_v1_v1_v1_v1_v18_v18_1_v18_1_v18_1_v18_1_v18_1_v18_1_v18_1_v18_1_v18_1_v18_1_v18_1_v18_1_v18_1_v18_1_v18_1_v18_1_v18_1_v18_v18_1_v18_1_v18_1_v18_1_v18_1_v18_1_v18_1_v18_1_v18_1_v18_1_v18_1_v18_1_v18_1_v18_1_v18_1_v18_1_v18_1_v18_v18_1_v18_1_v18_1_v18_1_v18_1_v18_1_v18_1_v18_1_v18_1_v18_1_v18_1_v18_1_v18_1_v18_1_v18_1_v18_1_v18_1_v18_v18_1_v18_1_v18_1_v18_1_v18_1_v18_1_v18_1_v18_1_v18_1_v18_1_v18_1_v18_1_v18_1_v18_1_v18_1_v18_1_v18_1_v18_v18_1_v18_1_v18_1_v18_1_v18_1_v18_1_v18_1_v18_1_v18_1_v18_1_v18_1_v18_1_v18_1_v18_1_v18_1_v18_1_v18_1_v18_v18_1_v18_1_v18_1_v18_1_v18_1_v18_1_v18_1_v18_1_v18_1_v18_1_v18_1_v18_1_v18_1_v18_1_v18_1_v18_1_v18_1_v18_v18_1_v18_1_v18_1_v18_1_v18_1_v18_1_v18_1_v18_1_v18_1_v18_1_v18_1_v18_1_v18_1_v18_1_v18_1_v18_1_v18_1_v18_v18_1_v18_1_v18_1_v18_1_v18_1_v18_1_v18_1_v18_1_v18_1_v18_1_v18_1_v18_1_v18_1_v18_1_v18_1_v18_1_v18_1_v18_v18_1_v18_1_v18_1_v18_1_v18_1_v18_1_v18_1_v18_1_v18_1_v18_1_v18_1_v18_1_v18_1_v18_1_v18_1_v18_1_v18_1_v18_v18_1_v18_1_v18_1_v18_1_v18_1_v18_1_v18_1_v18_1_v18_1_v18_1_v18_1_v18_1_v18_1_v18_1_v18_1_v18_1_v18_1_v18_v18_1_v18_1_v18_1_v18_1_v18_1_v18_1_v18_1_v18_1_v18_1_v18_1_v18_1_v18_1_v18_1_v18_1_v18_1_v18_1_v18_1_v18_v18_1_v18_1_v18_1_v18_1_v18_1_v18_1_v18_1_v18_1_v18_1_v18_1_v18_1_v18_1_v18_1_v18_1_v18_1_v18_1_v18_1_v18_v18_1_v18_1_v18_1_v18_1_v18_1_v18_1_v18_1_v18_1_v18_1_v18_1_v18_1_v18_1_v18_1_v18_1_v18_1_v18_1_v18_1_v,252,train,38
v1_v1_v1_v1_v1_v1_v1_v1_v1_v1_v1_v1_v13_v13_1_v13_1_v13_1_v13_1_v13_1_v13_1_v13_1_v13_1_v13_1_v13_1_v13_1_v13_1_v13_v13_1_v13_1_v13_1_v13_1_v13_1_v13_1_v13_1_v13_1_v13_1_v13_1_v13_1_v13_1_v13_v13_1_v13_1_v13_1_v13_1_v13_1_v13_1_v13_1_v13_1_v13_1_v13_1_v13_1_v13_1_v13_v13_1_v13_1_v13_1_v13_1_v13_1_v13_1_v13_1_v13_1_v13_1_v13_1_v13_1_v13_1_v13_v13_1_v13_1_v13_1_v13_1_v13_1_v13_1_v13_1_v13_1_v13_1_v13_1_v13_1_v13_1_v13_v13_1_v13_1_v13_1_v13_1_v13_1_v13_1_v13_1_v13_1_v13_1_v13_1_v13_1_v13_1_v13_v13_1_v13_1_v13_1_v13_1_v13_1_v13_1_v13_1_v13_1_v13_1_v13_1_v13_1_v13_1_v13_v13_1_v13_1_v13_1_v13_1_v13_1_v13_1_v13_1_v13_1_v13_1_v13_1_v13_1_v13_1_v13_v13_1_v13_1_v13_1_v13_1_v13_1_v13_1_v13_1_v13_1_v13_1_v13_1_v13_1_v13_1_v13_v13_1_v13_1_v13_1_v13_1_v13_1_v13_1_v13_1_v13_1_v13_1_v13_1_v13_1_v13_1_v13_v13_1_v13_1_v13_1_v13_1_v13_1_v13_1_v13_1_v13_1_v13_1_v13_1_v13_1_v13_1_v,156,train,6
v1_v1_v1_v1_v1_v1_v1_v1_v1_v1_v1_v1_v1_v1_v1_v1_v17_v17_1_v17_1_v17_1_v17_1_v17_1_v17_1_v17_1_v17_1_v17_1_v17_1_v17_1_v17_1_v17_1_v17_1_v17_1_v17_1_v17_v17_1_v17_1_v17_1_v17_1_v17_1_v17_1_v17_1_v17_1_v17_1_v17_1_v17_1_v17_1_v17_1_v17_1_v17_1_v17_1_v17_v17_1_v17_1_v17_1_v17_1_v17_1_v17_1_v17_1_v17_1_v17_1_v17_1_v17_1_v17_1_v17_1_v17_1_v17_1_v17_1_v17_v17_1_v17_1_v17_1_v17_1_v17_1_v17_1_v17_1_v17_1_v17_1_v17_1_v17_1_v17_1_v17_1_v17_1_v17_1_v17_1_v17_v17_1_v17_1_v17_1_v17_1_v17_1_v17_1_v17_1_v17_1_v17_1_v17_1_v17_1_v17_1_v17_1_v17_1_v17_1_v17_1_v17_v17_1_v17_1_v17_1_v17_1_v17_1_v17_1_v17_1_v17_1_v17_1_v17_1_v17_1_v17_1_v17_1_v17_1_v17_1_v17_1_v17_v17_1_v17_1_v17_1_v17_1_v17_1_v17_1_v17_1_v17_1_v17_1_v17_1_v17_1_v17_1_v17_1_v17_1_v17_1_v17_1_v17_v17_1_v17_1_v17_1_v17_1_v17_1_v17_1_v17_1_v17_1_v17_1_v17_1_v17_1_v17_1_v17_1_v17_1_v17_1_v17_1_v17_v17_1_v17_1_v17_1_v17_1_v17_1_v17_1_v17_1_v17_1_v17_1_v17_1_v17_1_v17_1_v17_1_v17_1_v17_1_v17_1_v17_v17_1_v17_1_v17_1_v17_1_v17_1_v17_1_v17_1_v17_1_v17_1_v17_1_v17_1_v17_1_v17_1_v17_1_v17_1_v17_1_v17_v17_1_v17_1_v17_1_v17_1_v17_1_v17_1_v17_1_v17_1_v17_1_v17_1_v17_1_v17_1_v17_1_v17_1_v17_1_v17_1_v17_v17_1_v17_1_v17_1_v17_1_v17_1_v17_1_v17_1_v17_1_v17_1_v17_1_v17_1_v17_1_v17_1_v17_1_v17_1_v17_1_v17_v17_1_v17_1_v17_1_v17_1_v17_1_v17_1_v17_1_v17_1_v17_1_v17_1_v17_1_v17_1_v17_1_v17_1_v17_1_v17_1_v17_v17_1_v17_1_v17_1_v17_1_v17_1_v17_1_v17_1_v17_1_v17_1_v17_1_v17_1_v17_1_v17_1_v17_1_v17_1_v17_1_v17_v17_1_v17_1_v17_1_v17_1_v17_1_v17_1_v17_1_v17_1_v17_1_v17_1_v17_1_v17_1_v17_1_v17_1_v17_1_v17_1_v17_v17_1_v17_1_v17_1_v17_1_v17_1_v17_1_v17_1_v17_1_v17_1_v17_1_v17_1_v17_1_v17_1_v17_1_v17_1_v17_1_v17_v17_1_v17_1_v17_1_v17_1_v17_1_v17_1_v17_1_v17_1_v17_1_v17_1_v17_1_v17_1_v17_1_v17_1_v17_1_v17_1_v,306,train,64
v1_v1_v1_v1_v1_v1_v1_v1_v1_v1_v1_v1_v13_v13_1_v13_1_v13_1_v13_1_v13_1_v13_1_v13_1_v13_1_v13_1_v13_1_v13_1_v13_1_v13_v13_1_v13_1_v13_1_v13_1_v13_1_v13_1_v13_1_v13_1_v13_1_v13_1_v13_1_v13_1_v13_v13_1_v13_1_v13_1_v13_1_v13_1_v13_1_v13_1_v13_1_v13_1_v13_1_v13_1_v13_1_v13_v13_1_v13_1_v13_1_v13_1_v13_1_v13_1_v13_1_v13_1_v13_1_v13_1_v13_1_v13_1_v13_v13_1_v13_1_v13_1_v13_1_v13_1_v13_1_v13_1_v13_1_v13_1_v13_1_v13_1_v13_1_v13_v13_1_v13_1_v13_1_v13_1_v13_1_v13_1_v13_1_v13_1_v13_1_v13_1_v13_1_v13_1_v13_v13_1_v13_1_v13_1_v13_1_v13_1_v13_1_v13_1_v13_1_v13_1_v13_1_v13_1_v13_1_v13_v13_1_v13_1_v13_1_v13_1_v13_1_v13_1_v13_1_v13_1_v13_1_v13_1_v13_1_v13_1_v13_v13_1_v13_1_v13_1_v13_1_v13_1_v13_1_v13_1_v13_1_v13_1_v13_1_v13_1_v13_1_v13_v13_1_v13_1_v13_1_v13_1_v13_1_v13_1_v13_1_v13_1_v13_1_v13_1_v13_1_v13_1_v13_v13_1_v13_1_v13_1_v13_1_v13_1_v13_1_v13_1_v13_1_v13_1_v13_1_v13_1_v13_1_v13_v13_1_v13_1_v13_1_v13_1_v13_1_v13_1_v13_1_v13_1_v13_1_v13_1_v13_1_v13_1_v13_v13_1_v13_1_v13_1_v13_1_v13_1_v13_1_v13_1_v13_1_v13_1_v13_1_v13_1_v13_1_v13_v13_1_v13_1_v13_1_v13_1_v13_1_v13_1_v13_1_v13_1_v13_1_v13_1_v13_1_v13_1_v13_v13_1_v13_1_v13_1_v13_1_v13_1_v13_1_v13_1_v13_1_v13_1_v13_1_v13_1_v13_1_v13_v13_1_v13_1_v13_1_v13_1_v13_1_v13_1_v13_1_v13_1_v13_1_v13_1_v13_1_v13_1_v13_v13_1_v13_1_v13_1_v13_1_v13_1_v13_1_v13_1_v13_1_v13_1_v13_1_v13_1_v13_1_v13_v13_1_v13_1_v13_1_v13_1_v13_1_v13_1_v13_1_v13_1_v13_1_v13_1_v13_1_v13_1_v,247,train,53
v1_v1_v1_v1_v1_v1_v1_v1_v1_v1_v1_v1_v1_v1_v15_v15_1_v15_1_v15_1_v15_1_v15_1_v15_1_v15_1_v15_1_v15_1_v15_1_v15_1_v15_1_v15_1_v15_1_v15_v15_1_v15_1_v15_1_v15_1_v15_1_v15_1_v15_1_v15_1_v15_1_v15_1_v15_1_v15_1_v15_1_v15_1_v15_v15_1_v15_1_v15_1_v15_1_v15_1_v15_1_v15_1_v15_1_v15_1_v15_1_v15_1_v15_1_v15_1_v15_1_v15_v15_1_v15_1_v15_1_v15_1_v15_1_v15_1_v15_1_v15_1_v15_1_v15_1_v15_1_v15_1_v15_1_v15_1_v15_v15_1_v15_1_v15_1_v15_1_v15_1_v15_1_v15_1_v15_1_v15_1_v15_1_v15_1_v15_1_v15_1_v15_1_v15_v15_1_v15_1_v15_1_v15_1_v15_1_v15_1_v15_1_v15_1_v15_1_v15_1_v15_1_v15_1_v15_1_v15_1_v15_v15_1_v15_1_v15_1_v15_1_v15_1_v15_1_v15_1_v15_1_v15_1_v15_1_v15_1_v15_1_v15_1_v15_1_v15_v15_1_v15_1_v15_1_v15_1_v15_1_v15_1_v15_1_v15_1_v15_1_v15_1_v15_1_v15_1_v15_1_v15_1_v15_v15_1_v15_1_v15_1_v15_1_v15_1_v15_1_v15_1_v15_1_v15_1_v15_1_v15_1_v15_1_v15_1_v15_1_v15_v15_1_v15_1_v15_1_v15_1_v15_1_v15_1_v15_1_v15_1_v15_1_v15_1_v15_1_v15_1_v15_1_v15_1_v15_v15_1_v15_1_v15_1_v15_1_v15_1_v15_1_v15_1_v15_1_v15_1_v15_1_v15_1_v15_1_v15_1_v15_1_v,180,train,30
v1_v1_v1_v1_v1_v1_v1_v1_v1_v1_v1_v12_v12_1_v12_1_v12_1_v12_1_v12_1_v12_1_v12_1_v12_1_v12_1_v12_1_v12_1_v12_v12_1_v12_1_v12_1_v12_1_v12_1_v12_1_v12_1_v12_1_v12_1_v12_1_v12_1_v12_v12_1_v12_1_v12_1_v12_1_v12_1_v12_1_v12_1_v12_1_v12_1_v12_1_v12_1_v12_v12_1_v12_1_v12_1_v12_1_v12_1_v12_1_v12_1_v12_1_v12_1_v12_1_v12_1_v12_v12_1_v12_1_v12_1_v12_1_v12_1_v12_1_v12_1_v12_1_v12_1_v12_1_v12_1_v12_v12_1_v12_1_v12_1_v12_1_v12_1_v12_1_v12_1_v12_1_v12_1_v12_1_v12_1_v12_v12_1_v12_1_v12_1_v12_1_v12_1_v12_1_v12_1_v12_1_v12_1_v12_1_v12_1_v12_v12_1_v12_1_v12_1_v12_1_v12_1_v12_1_v12_1_v12_1_v12_1_v12_1_v12_1_v12_v12_1_v12_1_v12_1_v12_1_v12_1_v12_1_v12_1_v12_1_v12_1_v12_1_v12_1_v12_v12_1_v12_1_v12_1_v12_1_v12_1_v12_1_v12_1_v12_1_v12_1_v12_1_v12_1_v12_v12_1_v12_1_v12_1_v12_1_v12_1_v12_1_v12_1_v12_1_v12_1_v12_1_v12_1_v12_v12_1_v12_1_v12_1_v12_1_v12_1_v12_1_v12_1_v12_1_v12_1_v12_1_v12_1_v,156,train,49
v1_v1_v1_v1_v1_v1_v1_v1_v1_v1_v1_v12_v12_1_v12_1_v12_1_v12_1_v12_1_v12_1_v12_1_v12_1_v12_1_v12_1_v12_1_v12_v12_1_v12_1_v12_1_v12_1_v12_1_v12_1_v12_1_v12_1_v12_1_v12_1_v12_1_v12_v12_1_v12_1_v12_1_v12_1_v12_1_v12_1_v12_1_v12_1_v12_1_v12_1_v12_1_v12_v12_1_v12_1_v12_1_v12_1_v12_1_v12_1_v12_1_v12_1_v12_1_v12_1_v12_1_v12_v12_1_v12_1_v12_1_v12_1_v12_1_v12_1_v12_1_v12_1_v12_1_v12_1_v12_1_v12_v12_1_v12_1_v12_1_v12_1_v12_1_v12_1_v12_1_v12_1_v12_1_v12_1_v12_1_v12_v12_1_v12_1_v12_1_v12_1_v12_1_v12_1_v12_1_v12_1_v12_1_v12_1_v12_1_v12_v12_1_v12_1_v12_1_v12_1_v12_1_v12_1_v12_1_v12_1_v12_1_v12_1_v12_1_v12_v12_1_v12_1_v12_1_v12_1_v12_1_v12_1_v12_1_v12_1_v12_1_v12_1_v12_1_v12_v12_1_v12_1_v12_1_v12_1_v12_1_v12_1_v12_1_v12_1_v12_1_v12_1_v12_1_v12_v12_1_v12_1_v12_1_v12_1_v12_1_v12_1_v12_1_v12_1_v12_1_v12_1_v12_1_v12_v12_1_v12_1_v12_1_v12_1_v12_1_v12_1_v12_1_v12_1_v12_1_v12_1_v12_1_v12_v12_1_v12_1_v12_1_v12_1_v12_1_v12_1_v12_1_v12_1_v12_1_v12_1_v12_1_v12_v12_1_v12_1_v12_1_v12_1_v12_1_v12_1_v12_1_v12_1_v12_1_v12_1_v12_1_v12_v12_1_v12_1_v12_1_v12_1_v12_1_v12_1_v12_1_v12_1_v12_1_v12_1_v12_1_v12_v12_1_v12_1_v12_1_v12_1_v12_1_v12_1_v12_1_v12_1_v12_1_v12_1_v12_1_v,204,train,41
v1_v1_v1_v1_v1_v1_v1_v1_v1_v1_v1_v1_v1_v1_v1_v1_v17_v17_1_v17_1_v17_1_v17_1_v17_1_v17_1_v17_1_v17_1_v17_1_v17_1_v17_1_v17_1_v17_1_v17_1_v17_1_v17_1_v17_v17_1_v17_1_v17_1_v17_1_v17_1_v17_1_v17_1_v17_1_v17_1_v17_1_v17_1_v17_1_v17_1_v17_1_v17_1_v17_1_v17_v17_1_v17_1_v17_1_v17_1_v17_1_v17_1_v17_1_v17_1_v17_1_v17_1_v17_1_v17_1_v17_1_v17_1_v17_1_v17_1_v17_v17_1_v17_1_v17_1_v17_1_v17_1_v17_1_v17_1_v17_1_v17_1_v17_1_v17_1_v17_1_v17_1_v17_1_v17_1_v17_1_v17_v17_1_v17_1_v17_1_v17_1_v17_1_v17_1_v17_1_v17_1_v17_1_v17_1_v17_1_v17_1_v17_1_v17_1_v17_1_v17_1_v17_v17_1_v17_1_v17_1_v17_1_v17_1_v17_1_v17_1_v17_1_v17_1_v17_1_v17_1_v17_1_v17_1_v17_1_v17_1_v17_1_v17_v17_1_v17_1_v17_1_v17_1_v17_1_v17_1_v17_1_v17_1_v17_1_v17_1_v17_1_v17_1_v17_1_v17_1_v17_1_v17_1_v17_v17_1_v17_1_v17_1_v17_1_v17_1_v17_1_v17_1_v17_1_v17_1_v17_1_v17_1_v17_1_v17_1_v17_1_v17_1_v17_1_v17_v17_1_v17_1_v17_1_v17_1_v17_1_v17_1_v17_1_v17_1_v17_1_v17_1_v17_1_v17_1_v17_1_v17_1_v17_1_v17_1_v17_v17_1_v17_1_v17_1_v17_1_v17_1_v17_1_v17_1_v17_1_v17_1_v17_1_v17_1_v17_1_v17_1_v17_1_v17_1_v17_1_v17_v17_1_v17_1_v17_1_v17_1_v17_1_v17_1_v17_1_v17_1_v17_1_v17_1_v17_1_v17_1_v17_1_v17_1_v17_1_v17_1_v17_v17_1_v17_1_v17_1_v17_1_v17_1_v17_1_v17_1_v17_1_v17_1_v17_1_v17_1_v17_1_v17_1_v17_1_v17_1_v17_1_v,221,train,21
v1_v1_v1_v1_v1_v1_v1_v1_v1_v1_v11_v11_1_v11_1_v11_1_v11_1_v11_1_v11_1_v11_1_v11_1_v11_1_v11_1_v11_v11_1_v11_1_v11_1_v11_1_v11_1_v11_1_v11_1_v11_1_v11_1_v11_1_v11_v11_1_v11_1_v11_1_v11_1_v11_1_v11_1_v11_1_v11_1_v11_1_v11_1_v11_v11_1_v11_1_v11_1_v11_1_v11_1_v11_1_v11_1_v11_1_v11_1_v11_1_v11_v11_1_v11_1_v11_1_v11_1_v11_1_v11_1_v11_1_v11_1_v11_1_v11_1_v11_v11_1_v11_1_v11_1_v11_1_v11_1_v11_1_v11_1_v11_1_v11_1_v11_1_v11_v11_1_v11_1_v11_1_v11_1_v11_1_v11_1_v11_1_v11_1_v11_1_v11_1_v11_v11_1_v11_1_v11_1_v11_1_v11_1_v11_1_v11_1_v11_1_v11_1_v11_1_v11_v11_1_v11_1_v11_1_v11_1_v11_1_v11_1_v11_1_v11_1_v11_1_v11_1_v11_v11_1_v11_1_v11_1_v11_1_v11_1_v11_1_v11_1_v11_1_v11_1_v11_1_v11_v11_1_v11_1_v11_1_v11_1_v11_1_v11_1_v11_1_v11_1_v11_1_v11_1_v11_v11_1_v11_1_v11_1_v11_1_v11_1_v11_1_v11_1_v11_1_v11_1_v11_1_v,143,test,0
v1_v1_v1_v1_v1_v1_v1_v1_v1_v1_v1_v1_v1_v1_v1_v1_v1_v18_v18_1_v18_1_v18_1_v18_1_v18_1_v18_1_v18_1_v18_1_v18_1_v18_1_v18_1_v18_1_v18_1_v18_1_v18_1_v18_1_v18_1_v18_v18_1_v18_1_v18_1_v18_1_v18_1_v18_1_v18_1_v18_1_v18_1_v18_1_v18_1_v18_1_v18_1_v18_1_v18_1_v18_1_v18_1_v18_v18_1_v18_1_v18_1_v18_1_v18_1_v18_1_v18_1_v18_1_v18_1_v18_1_v18_1_v18_1_v18_1_v18_1_v18_1_v18_1_v18_1_v18_v18_1_v18_1_v18_1_v18_1_v18_1_v18_1_v18_1_v18_1_v18_1_v18_1_v18_1_v18_1_v18_1_v18_1_v18_1_v18_1_v18_1_v18_v18_1_v18_1_v18_1_v18_1_v18_1_v18_1_v18_1_v18_1_v18_1_v18_1_v18_1_v18_1_v18_1_v18_1_v18_1_v18_1_v18_1_v18_v18_1_v18_1_v18_1_v18_1_v18_1_v18_1_v18_1_v18_1_v18_1_v18_1_v18_1_v18_1_v18_1_v18_1_v18_1_v18_1_v18_1_v18_v18_1_v18_1_v18_1_v18_1_v18_1_v18_1_v18_1_v18_1_v18_1_v18_1_v18_1_v18_1_v18_1_v18_1_v18_1_v18_1_v18_1_v18_v18_1_v18_1_v18_1_v18_1_v18_1_v18_1_v18_1_v18_1_v18_1_v18_1_v18_1_v18_1_v18_1_v18_1_v18_1_v18_1_v18_1_v18_v18_1_v18_1_v18_1_v18_1_v18_1_v18_1_v18_1_v18_1_v18_1_v18_1_v18_1_v18_1_v18_1_v18_1_v18_1_v18_1_v18_1_v18_v18_1_v18_1_v18_1_v18_1_v18_1_v18_1_v18_1_v18_1_v18_1_v18_1_v18_1_v18_1_v18_1_v18_1_v18_1_v18_1_v18_1_v18_v18_1_v18_1_v18_1_v18_1_v18_1_v18_1_v18_1_v18_1_v18_1_v18_1_v18_1_v18_1_v18_1_v18_1_v18_1_v18_1_v18_1_v18_v18_1_v18_1_v18_1_v18_1_v18_1_v18_1_v18_1_v18_1_v18_1_v18_1_v18_1_v18_1_v18_1_v18_1_v18_1_v18_1_v18_1_v18_v18_1_v18_1_v18_1_v18_1_v18_1_v18_1_v18_1_v18_1_v18_1_v18_1_v18_1_v18_1_v18_1_v18_1_v18_1_v18_1_v18_1_v,252,test,1
v1_v1_v1_v1_v1_v1_v1_v1_v1_v1_v1_v1_v1_v1_v15_v15_1_v15_1_v15_1_v15_1_v15_1_v15_1_v15_1_v15_1_v15_1_v15_1_v15_1_v15_1_v15_1_v15_1_v15_v15_1_v15_1_v15_1_v15_1_v15_1_v15_1_v15_1_v15_1_v15_1_v15_1_v15_1_v15_1_v15_1_v15_1_v15_v15_1_v15_1_v15_1_v15_1_v15_1_v15_1_v15_1_v15_1_v15_1_v15_1_v15_1_v15_1_v15_1_v15_1_v15_v15_1_v15_1_v15_1_v15_1_v15_1_v15_1_v15_1_v15_1_v15_1_v15_1_v15_1_v15_1_v15_1_v15_1_v15_v15_1_v15_1_v15_1_v15_1_v15_1_v15_1_v15_1_v15_1_v15_1_v15_1_v15_1_v15_1_v15_1_v15_1_v15_v15_1_v15_1_v15_1_v15_1_v15_1_v15_1_v15_1_v15_1_v15_1_v15_1_v15_1_v15_1_v15_1_v15_1_v15_v15_1_v15_1_v15_1_v15_1_v15_1_v15_1_v15_1_v15_1_v15_1_v15_1_v15_1_v15_1_v15_1_v15_1_v15_v15_1_v15_1_v15_1_v15_1_v15_1_v15_1_v15_1_v15_1_v15_1_v15_1_v15_1_v15_1_v15_1_v15_1_v15_v15_1_v15_1_v15_1_v15_1_v15_1_v15_1_v15_1_v15_1_v15_1_v15_1_v15_1_v15_1_v15_1_v15_1_v15_v15_1_v15_1_v15_1_v15_1_v15_1_v15_1_v15_1_v15_1_v15_1_v15_1_v15_1_v15_1_v15_1_v15_1_v15_v15_1_v15_1_v15_1_v15_1_v15_1_v15_1_v15_1_v15_1_v15_1_v15_1_v15_1_v15_1_v15_1_v15_1_v15_v15_1_v15_1_v15_1_v15_1_v15_1_v15_1_v15_1_v15_1_v15_1_v15_1_v15_1_v15_1_v15_1_v15_1_v,195,test,2
v1_v1_v1_v1_v1_v1_v1_v1_v1_v1_v1_v1_v1_v1_v1_v1_v1_v18_v18_1_v18_1_v18_1_v18_1_v18_1_v18_1_v18_1_v18_1_v18_1_v18_1_v18_1_v18_1_v18_1_v18_1_v18_1_v18_1_v18_1_v18_v18_1_v18_1_v18_1_v18_1_v18_1_v18_1_v18_1_v18_1_v18_1_v18_1_v18_1_v18_1_v18_1_v18_1_v18_1_v18_1_v18_1_v18_v18_1_v18_1_v18_1_v18_1_v18_1_v18_1_v18_1_v18_1_v18_1_v18_1_v18_1_v18_1_v18_1_v18_1_v18_1_v18_1_v18_1_v18_v18_1_v18_1_v18_1_v18_1_v18_1_v18_1_v18_1_v18_1_v18_1_v18_1_v18_1_v18_1_v18_1_v18_1_v18_1_v18_1_v18_1_v18_v18_1_v18_1_v18_1_v18_1_v18_1_v18_1_v18_1_v18_1_v18_1_v18_1_v18_1_v18_1_v18_1_v18_1_v18_1_v18_1_v18_1_v18_v18_1_v18_1_v18_1_v18_1_v18_1_v18_1_v18_1_v18_1_v18_1_v18_1_v18_1_v18_1_v18_1_v18_1_v18_1_v18_1_v18_1_v18_v18_1_v18_1_v18_1_v18_1_v18_1_v18_1_v18_1_v18_1_v18_1_v18_1_v18_1_v18_1_v18_1_v18_1_v18_1_v18_1_v18_1_v18_v18_1_v18_1_v18_1_v18_1_v18_1_v18_1_v18_1_v18_1_v18_1_v18_1_v18_1_v18_1_v18_1_v18_1_v18_1_v18_1_v18_1_v18_v18_1_v18_1_v18_1_v18_1_v18_1_v18_1_v18_1_v18_1_v18_1_v18_1_v18_1_v18_1_v18_1_v18_1_v18_1_v18_1_v18_1_v18_v18_1_v18_1_v18_1_v18_1_v18_1_v18_1_v18_1_v18_1_v18_1_v18_1_v18_1_v18_1_v18_1_v18_1_v18_1_v18_1_v18_1_v18_v18_1_v18_1_v18_1_v18_1_v18_1_v18_1_v18_1_v18_1_v18_1_v18_1_v18_1_v18_1_v18_1_v18_1_v18_1_v18_1_v18_1_v18_v18_1_v18_1_v18_1_v18_1_v18_1_v18_1_v18_1_v18_1_v18_1_v18_1_v18_1_v18_1_v18_1_v18_1_v18_1_v18_1_v18_1_v18_v18_1_v18_1_v18_1_v18_1_v18_1_v18_1_v18_1_v18_1_v18_1_v18_1_v18_1_v18_1_v18_1_v18_1_v18_1_v18_1_v18_1_v18_v18_1_v18_1_v18_1_v18_1_v18_1_v18_1_v18_1_v18_1_v18_1_v18_1_v18_1_v18_1_v18_1_v18_1_v18_1_v18_1_v18_1_v,270,test,3
v1_v1_v1_v1_v1_v1_v1_v1_v1_v1_v1_v1_v1_v1_v1_v1_v1_v1_v19_v19_1_v19_1_v19_1_v19_1_v19_1_v19_1_v19_1_v19_1_v19_1_v19_1_v19_1_v19_1_v19_1_v19_1_v19_1_v19_1_v19_1_v19_1_v19_v19_1_v19_1_v19_1_v19_1_v19_1_v19_1_v19_1_v19_1_v19_1_v19_1_v19_1_v19_1_v19_1_v19_1_v19_1_v19_1_v19_1_v19_1_v19_v19_1_v19_1_v19_1_v19_1_v19_1_v19_1_v19_1_v19_1_v19_1_v19_1_v19_1_v19_1_v19_1_v19_1_v19_1_v19_1_v19_1_v19_1_v19_v19_1_v19_1_v19_1_v19_1_v19_1_v19_1_v19_1_v19_1_v19_1_v19_1_v19_1_v19_1_v19_1_v19_1_v19_1_v19_1_v19_1_v19_1_v19_v19_1_v19_1_v19_1_v19_1_v19_1_v19_1_v19_1_v19_1_v19_1_v19_1_v19_1_v19_1_v19_1_v19_1_v19_1_v19_1_v19_1_v19_1_v19_v19_1_v19_1_v19_1_v19_1_v19_1_v19_1_v19_1_v19_1_v19_1_v19_1_v19_1_v19_1_v19_1_v19_1_v19_1_v19_1_v19_1_v19_1_v19_v19_1_v19_1_v19_1_v19_1_v19_1_v19_1_v19_1_v19_1_v19_1_v19_1_v19_1_v19_1_v19_1_v19_1_v19_1_v19_1_v19_1_v19_1_v19_v19_1_v19_1_v19_1_v19_1_v19_1_v19_1_v19_1_v19_1_v19_1_v19_1_v19_1_v19_1_v19_1_v19_1_v19_1_v19_1_v19_1_v19_1_v19_v19_1_v19_1_v19_1_v19_1_v19_1_v19_1_v19_1_v19_1_v19_1_v19_1_v19_1_v19_1_v19_1_v19_1_v19_1_v19_1_v19_1_v19_1_v19_v19_1_v19_1_v19_1_v19_1_v19_1_v19_1_v19_1_v19_1_v19_1_v19_1_v19_1_v19_1_v19_1_v19_1_v19_1_v19_1_v19_1_v19_1_v19_v19_1_v19_1_v19_1_v19_1_v19_1_v19_1_v19_1_v19_1_v19_1_v19_1_v19_1_v19_1_v19_1_v19_1_v19_1_v19_1_v19_1_v19_1_v,228,test,4
v1_v1_v1_v1_v1_v1_v1_v1_v1_v1_v1_v12_v12_1_v12_1_v12_1_v12_1_v12_1_v12_1_v12_1_v12_1_v12_1_v12_1_v12_1_v12_v12_1_v12_1_v12_1_v12_1_v12_1_v12_1_v12_1_v12_1_v12_1_v12_1_v12_1_v12_v12_1_v12_1_v12_1_v12_1_v12_1_v12_1_v12_1_v12_1_v12_1_v12_1_v12_1_v12_v12_1_v12_1_v12_1_v12_1_v12_1_v12_1_v12_1_v12_1_v12_1_v12_1_v12_1_v12_v12_1_v12_1_v12_1_v12_1_v12_1_v12_1_v12_1_v12_1_v12_1_v12_1_v12_1_v12_v12_1_v12_1_v12_1_v12_1_v12_1_v12_1_v12_1_v12_1_v12_1_v12_1_v12_1_v12_v12_1_v12_1_v12_1_v12_1_v12_1_v12_1_v12_1_v12_1_v12_1_v12_1_v12_1_v12_v12_1_v12_1_v12_1_v12_1_v12_1_v12_1_v12_1_v12_1_v12_1_v12_1_v12_1_v12_v12_1_v12_1_v12_1_v12_1_v12_1_v12_1_v12_1_v12_1_v12_1_v12_1_v12_1_v12_v12_1_v12_1_v12_1_v12_1_v12_1_v12_1_v12_1_v12_1_v12_1_v12_1_v12_1_v12_v12_1_v12_1_v12_1_v12_1_v12_1_v12_1_v12_1_v12_1_v12_1_v12_1_v12_1_v12_v12_1_v12_1_v12_1_v12_1_v12_1_v12_1_v12_1_v12_1_v12_1_v12_1_v12_1_v12_v12_1_v12_1_v12_1_v12_1_v12_1_v12_1_v12_1_v12_1_v12_1_v12_1_v12_1_v12_v12_1_v12_1_v12_1_v12_1_v12_1_v12_1_v12_1_v12_1_v12_1_v12_1_v12_1_v12_v12_1_v12_1_v12_1_v12_1_v12_1_v12_1_v12_1_v12_1_v12_1_v12_1_v12_1_v12_v12_1_v12_1_v12_1_v12_1_v12_1_v12_1_v12_1_v12_1_v12_1_v12_1_v12_1_v12_v12_1_v12_1_v12_1_v12_1_v12_1_v12_1_v12_1_v12_1_v12_1_v12_1_v12_1_v,216,test,5
v1_v1_v1_v1_v1_v1_v1_v1_v1_v1_v1_v1_v1_v14_v14_1_v14_1_v14_1_v14_1_v14_1_v14_1_v14_1_v14_1_v14_1_v14_1_v14_1_v14_1_v14_1_v14_v14_1_v14_1_v14_1_v14_1_v14_1_v14_1_v14_1_v14_1_v14_1_v14_1_v14_1_v14_1_v14_1_v14_v14_1_v14_1_v14_1_v14_1_v14_1_v14_1_v14_1_v14_1_v14_1_v14_1_v14_1_v14_1_v14_1_v14_v14_1_v14_1_v14_1_v14_1_v14_1_v14_1_v14_1_v14_1_v14_1_v14_1_v14_1_v14_1_v14_1_v14_v14_1_v14_1_v14_1_v14_1_v14_1_v14_1_v14_1_v14_1_v14_1_v14_1_v14_1_v14_1_v14_1_v14_v14_1_v14_1_v14_1_v14_1_v14_1_v14_1_v14_1_v14_1_v14_1_v14_1_v14_1_v14_1_v14_1_v14_v14_1_v14_1_v14_1_v14_1_v14_1_v14_1_v14_1_v14_1_v14_1_v14_1_v14_1_v14_1_v14_1_v14_v14_1_v14_1_v14_1_v14_1_v14_1_v14_1_v14_1_v14_1_v14_1_v14_1_v14_1_v14_1_v14_1_v14_v14_1_v14_1_v14_1_v14_1_v14_1_v14_1_v14_1_v14_1_v14_1_v14_1_v14_1_v14_1_v14_1_v14_v14_1_v14_1_v14_1_v14_1_v14_1_v14_1_v14_1_v14_1_v14_1_v14_1_v14_1_v14_1_v14_1_v14_v14_1_v14_1_v14_1_v14_1_v14_1_v14_1_v14_1_v14_1_v14_1_v14_1_v14_1_v14_1_v14_1_v14_v14_1_v14_1_v14_1_v14_1_v14_1_v14_1_v14_1_v14_1_v14_1_v14_1_v14_1_v14_1_v14_1_v14_v14_1_v14_1_v14_1_v14_1_v14_1_v14_1_v14_1_v14_1_v14_1_v14_1_v14_1_v14_1_v14_1_v,196,test,6
v1_v1_v1_v1_v1_v1_v1_v1_v1_v10_v10_1_v10_1_v10_1_v10_1_v10_1_v10_1_v10_1_v10_1_v10_1_v10_v10_1_v10_1_v10_1_v10_1_v10_1_v10_1_v10_1_v10_1_v10_1_v10_v10_1_v10_1_v10_1_v10_1_v10_1_v10_1_v10_1_v10_1_v10_1_v10_v10_1_v10_1_v10_1_v10_1_v10_1_v10_1_v10_1_v10_1_v10_1_v10_v10_1_v10_1_v10_1_v10_1_v10_1_v10_1_v10_1_v10_1_v10_1_v10_v10_1_v10_1_v10_1_v10_1_v10_1_v10_1_v10_1_v10_1_v10_1_v10_v10_1_v10_1_v10_1_v10_1_v10_1_v10_1_v10_1_v10_1_v10_1_v10_v10_1_v10_1_v10_1_v10_1_v10_1_v10_1_v10_1_v10_1_v10_1_v10_v10_1_v10_1_v10_1_v10_1_v10_1_v10_1_v10_1_v10_1_v10_1_v10_v10_1_v10_1_v10_1_v10_1_v10_1_v10_1_v10_1_v10_1_v10_1_v10_v10_1_v10_1_v10_1_v10_1_v10_1_v10_1_v10_1_v10_1_v10_1_v10_v10_1_v10_1_v10_1_v10_1_v10_1_v10_1_v10_1_v10_1_v10_1_v10_v10_1_v10_1_v10_1_v10_1_v10_1_v10_1_v10_1_v10_1_v10_1_v10_v10_1_v10_1_v10_1_v10_1_v10_1_v10_1_v10_1_v10_1_v10_1_v10_v10_1_v10_1_v10_1_v10_1_v10_1_v10_1_v10_1_v10_1_v10_1_v10_v10_1_v10_1_v10_1_v10_1_v10_1_v10_1_v10_1_v10_1_v10_1_v10_v10_1_v10_1_v10_1_v10_1_v10_1_v10_1_v10_1_v10_1_v10_1_v10_v10_1_v10_1_v10_1_v10_1_v10_1_v10_1_v10_1_v10_1_v10_1_v,190,test,7
v1_v1_v1_v1_v1_v1_v1_v1_v1_v1_v1_v1_v1_v1_v15_v15_1_v15_1_v15_1_v15_1_v15_1_v15_1_v15_1_v15_1_v15_1_v15_1_v15_1_v15_1_v15_1_v15_1_v15_v15_1_v15_1_v15_1_v15_1_v15_1_v15_1_v15_1_v15_1_v15_1_v15_1_v15_1_v15_1_v15_1_v15_1_v15_v15_1_v15_1_v15_1_v15_1_v15_1_v15_1_v15_1_v15_1_v15_1_v15_1_v15_1_v15_1_v15_1_v15_1_v15_v15_1_v15_1_v15_1_v15_1_v15_1_v15_1_v15_1_v15_1_v15_1_v15_1_v15_1_v15_1_v15_1_v15_1_v15_v15_1_v15_1_v15_1_v15_1_v15_1_v15_1_v15_1_v15_1_v15_1_v15_1_v15_1_v15_1_v15_1_v15_1_v15_v15_1_v15_1_v15_1_v15_1_v15_1_v15_1_v15_1_v15_1_v15_1_v15_1_v15_1_v15_1_v15_1_v15_1_v15_v15_1_v15_1_v15_1_v15_1_v15_1_v15_1_v15_1_v15_1_v15_1_v15_1_v15_1_v15_1_v15_1_v15_1_v15_v15_1_v15_1_v15_1_v15_1_v15_1_v15_1_v15_1_v15_1_v15_1_v15_1_v15_1_v15_1_v15_1_v15_1_v15_v15_1_v15_1_v15_1_v15_1_v15_1_v15_1_v15_1_v15_1_v15_1_v15_1_v15_1_v15_1_v15_1_v15_1_v,150,test,8
v1_v1_v1_v1_v1_v1_v1_v1_v1_v1_v11_v11_1_v11_1_v11_1_v11_1_v11_1_v11_1_v11_1_v11_1_v11_1_v11_1_v11_v11_1_v11_1_v11_1_v11_1_v11_1_v11_1_v11_1_v11_1_v11_1_v11_1_v11_v11_1_v11_1_v11_1_v11_1_v11_1_v11_1_v11_1_v11_1_v11_1_v11_1_v11_v11_1_v11_1_v11_1_v11_1_v11_1_v11_1_v11_1_v11_1_v11_1_v11_1_v11_v11_1_v11_1_v11_1_v11_1_v11_1_v11_1_v11_1_v11_1_v11_1_v11_1_v11_v11_1_v11_1_v11_1_v11_1_v11_1_v11_1_v11_1_v11_1_v11_1_v11_1_v11_v11_1_v11_1_v11_1_v11_1_v11_1_v11_1_v11_1_v11_1_v11_1_v11_1_v11_v11_1_v11_1_v11_1_v11_1_v11_1_v11_1_v11_1_v11_1_v11_1_v11_1_v11_v11_1_v11_1_v11_1_v11_1_v11_1_v11_1_v11_1_v11_1_v11_1_v11_1_v11_v11_1_v11_1_v11_1_v11_1_v11_1_v11_1_v11_1_v11_1_v11_1_v11_1_v11_v11_1_v11_1_v11_1_v11_1_v11_1_v11_1_v11_1_v11_1_v11_1_v11_1_v11_v11_1_v11_1_v11_1_v11_1_v11_1_v11_1_v11_1_v11_1_v11_1_v11_1_v11_v11_1_v11_1_v11_1_v11_1_v11_1_v11_1_v11_1_v11_1_v11_1_v11_1_v11_v11_1_v11_1_v11_1_v11_1_v11_1_v11_1_v11_1_v11_1_v11_1_v11_1_v11_v11_1_v11_1_v11_1_v11_1_v11_1_v11_1_v11_1_v11_1_v11_1_v11_1_v,176,test,9
v1_v1_v1_v1_v1_v1_v1_v1_v1_v1_v1_v1_v13_v13_1_v13_1_v13_1_v13_1_v13_1_v13_1_v13_1_v13_1_v13_1_v13_1_v13_1_v13_1_v13_v13_1_v13_1_v13_1_v13_1_v13_1_v13_1_v13_1_v13_1_v13_1_v13_1_v13_1_v13_1_v13_v13_1_v13_1_v13_1_v13_1_v13_1_v13_1_v13_1_v13_1_v13_1_v13_1_v13_1_v13_1_v13_v13_1_v13_1_v13_1_v13_1_v13_1_v13_1_v13_1_v13_1_v13_1_v13_1_v13_1_v13_1_v13_v13_1_v13_1_v13_1_v13_1_v13_1_v13_1_v13_1_v13_1_v13_1_v13_1_v13_1_v13_1_v13_v13_1_v13_1_v13_1_v13_1_v13_1_v13_1_v13_1_v13_1_v13_1_v13_1_v13_1_v13_1_v13_v13_1_v13_1_v13_1_v13_1_v13_1_v13_1_v13_1_v13_1_v13_1_v13_1_v13_1_v13_1_v13_v13_1_v13_1_v13_1_v13_1_v13_1_v13_1_v13_1_v13_1_v13_1_v13_1_v13_1_v13_1_v13_v13_1_v13_1_v13_1_v13_1_v13_1_v13_1_v13_1_v13_1_v13_1_v13_1_v13_1_v13_1_v13_v13_1_v13_1_v13_1_v13_1_v13_1_v13_1_v13_1_v13_1_v13_1_v13_1_v13_1_v13_1_v13_v13_1_v13_1_v13_1_v13_1_v13_1_v13_1_v13_1_v13_1_v13_1_v13_1_v13_1_v13_1_v13_v13_1_v13_1_v13_1_v13_1_v13_1_v13_1_v13_1_v13_1_v13_1_v13_1_v13_1_v13_1_v,169,test,10
v1_v1_v1_v1_v1_v1_v1_v1_v1_v1_v1_v12_v12_1_v12_1_v12_1_v12_1_v12_1_v12_1_v12_1_v12_1_v12_1_v12_1_v12_1_v12_v12_1_v12_1_v12_1_v12_1_v12_1_v12_1_v12_1_v12_1_v12_1_v12_1_v12_1_v12_v12_1_v12_1_v12_1_v12_1_v12_1_v12_1_v12_1_v12_1_v12_1_v12_1_v12_1_v12_v12_1_v12_1_v12_1_v12_1_v12_1_v12_1_v12_1_v12_1_v12_1_v12_1_v12_1_v12_v12_1_v12_1_v12_1_v12_1_v12_1_v12_1_v12_1_v12_1_v12_1_v12_1_v12_1_v12_v12_1_v12_1_v12_1_v12_1_v12_1_v12_1_v12_1_v12_1_v12_1_v12_1_v12_1_v12_v12_1_v12_1_v12_1_v12_1_v12_1_v12_1_v12_1_v12_1_v12_1_v12_1_v12_1_v12_v12_1_v12_1_v12_1_v12_1_v12_1_v12_1_v12_1_v12_1_v12_1_v12_1_v12_1_v12_v12_1_v12_1_v12_1_v12_1_v12_1_v12_1_v12_1_v12_1_v12_1_v12_1_v12_1_v12_v12_1_v12_1_v12_1_v12_1_v12_1_v12_1_v12_1_v12_1_v12_1_v12_1_v12_1_v12_v12_1_v12_1_v12_1_v12_1_v12_1_v12_1_v12_1_v12_1_v12_1_v12_1_v12_1_v12_v12_1_v12_1_v12_1_v12_1_v12_1_v12_1_v12_1_v12_1_v12_1_v12_1_v12_1_v12_v12_1_v12_1_v12_1_v12_1_v12_1_v12_1_v12_1_v12_1_v12_1_v12_1_v12_1_v12_v12_1_v12_1_v12_1_v12_1_v12_1_v12_1_v12_1_v12_1_v12_1_v12_1_v12_1_v12_v12_1_v12_1_v12_1_v12_1_v12_1_v12_1_v12_1_v12_1_v12_1_v12_1_v12_1_v,192,test,11
v1_v1_v1_v1_v1_v1_v1_v1_v1_v1_v1_v1_v1_v1_v1_v1_v1_v18_v18_1_v18_1_v18_1_v18_1_v18_1_v18_1_v18_1_v18_1_v18_1_v18_1_v18_1_v18_1_v18_1_v18_1_v18_1_v18_1_v18_1_v18_v18_1_v18_1_v18_1_v18_1_v18_1_v18_1_v18_1_v18_1_v18_1_v18_1_v18_1_v18_1_v18_1_v18_1_v18_1_v18_1_v18_1_v18_v18_1_v18_1_v18_1_v18_1_v18_1_v18_1_v18_1_v18_1_v18_1_v18_1_v18_1_v18_1_v18_1_v18_1_v18_1_v18_1_v18_1_v18_v18_1_v18_1_v18_1_v18_1_v18_1_v18_1_v18_1_v18_1_v18_1_v18_1_v18_1_v18_1_v18_1_v18_1_v18_1_v18_1_v18_1_v18_v18_1_v18_1_v18_1_v18_1_v18_1_v18_1_v18_1_v18_1_v18_1_v18_1_v18_1_v18_1_v18_1_v18_1_v18_1_v18_1_v18_1_v18_v18_1_v18_1_v18_1_v18_1_v18_1_v18_1_v18_1_v18_1_v18_1_v18_1_v18_1_v18_1_v18_1_v18_1_v18_1_v18_1_v18_1_v18_v18_1_v18_1_v18_1_v18_1_v18_1_v18_1_v18_1_v18_1_v18_1_v18_1_v18_1_v18_1_v18_1_v18_1_v18_1_v18_1_v18_1_v18_v18_1_v18_1_v18_1_v18_1_v18_1_v18_1_v18_1_v18_1_v18_1_v18_1_v18_1_v18_1_v18_1_v18_1_v18_1_v18_1_v18_1_v18_v18_1_v18_1_v18_1_v18_1_v18_1_v18_1_v18_1_v18_1_v18_1_v18_1_v18_1_v18_1_v18_1_v18_1_v18_1_v18_1_v18_1_v18_v18_1_v18_1_v18_1_v18_1_v18_1_v18_1_v18_1_v18_1_v18_1_v18_1_v18_1_v18_1_v18_1_v18_1_v18_1_v18_1_v18_1_v18_v18_1_v18_1_v18_1_v18_1_v18_1_v18_1_v18_1_v18_1_v18_1_v18_1_v18_1_v18_1_v18_1_v18_1_v18_1_v18_1_v18_1_v18_v18_1_v18_1_v18_1_v18_1_v18_1_v18_1_v18_1_v18_1_v18_1_v18_1_v18_1_v18_1_v18_1_v18_1_v18_1_v18_1_v18_1_v18_v18_1_v18_1_v18_1_v18_1_v18_1_v18_1_v18_1_v18_1_v18_1_v18_1_v18_1_v18_1_v18_1_v18_1_v18_1_v18_1_v18_1_v18_v18_1_v18_1_v18_1_v18_1_v18_1_v18_1_v18_1_v18_1_v18_1_v18_1_v18_1_v18_1_v18_1_v18_1_v18_1_v18_1_v18_1_v18_v18_1_v18_1_v18_1_v18_1_v18_1_v18_1_v18_1_v18_1_v18_1_v18_1_v18_1_v18_1_v18_1_v18_1_v18_1_v18_1_v18_1_v,288,test,12
v1_v1_v1_v1_v1_v1_v1_v1_v1_v1_v1_v1_v1_v1_v1_v1_v1_v1_v19_v19_1_v19_1_v19_1_v19_1_v19_1_v19_1_v19_1_v19_1_v19_1_v19_1_v19_1_v19_1_v19_1_v19_1_v19_1_v19_1_v19_1_v19_1_v19_v19_1_v19_1_v19_1_v19_1_v19_1_v19_1_v19_1_v19_1_v19_1_v19_1_v19_1_v19_1_v19_1_v19_1_v19_1_v19_1_v19_1_v19_1_v19_v19_1_v19_1_v19_1_v19_1_v19_1_v19_1_v19_1_v19_1_v19_1_v19_1_v19_1_v19_1_v19_1_v19_1_v19_1_v19_1_v19_1_v19_1_v19_v19_1_v19_1_v19_1_v19_1_v19_1_v19_1_v19_1_v19_1_v19_1_v19_1_v19_1_v19_1_v19_1_v19_1_v19_1_v19_1_v19_1_v19_1_v19_v19_1_v19_1_v19_1_v19_1_v19_1_v19_1_v19_1_v19_1_v19_1_v19_1_v19_1_v19_1_v19_1_v19_1_v19_1_v19_1_v19_1_v19_1_v19_v19_1_v19_1_v19_1_v19_1_v19_1_v19_1_v19_1_v19_1_v19_1_v19_1_v19_1_v19_1_v19_1_v19_1_v19_1_v19_1_v19_1_v19_1_v19_v19_1_v19_1_v19_1_v19_1_v19_1_v19_1_v19_1_v19_1_v19_1_v19_1_v19_1_v19_1_v19_1_v19_1_v19_1_v19_1_v19_1_v19_1_v19_v19_1_v19_1_v19_1_v19_1_v19_1_v19_1_v19_1_v19_1_v19_1_v19_1_v19_1_v19_1_v19_1_v19_1_v19_1_v19_1_v19_1_v19_1_v19_v19_1_v19_1_v19_1_v19_1_v19_1_v19_1_v19_1_v19_1_v19_1_v19_1_v19_1_v19_1_v19_1_v19_1_v19_1_v19_1_v19_1_v19_1_v,190,test,13
v1_v1_v1_v1_v1_v1_v1_v1_v1_v1_v1_v1_v1_v1_v1_v1_v1_v18_v18_1_v18_1_v18_1_v18_1_v18_1_v18_1_v18_1_v18_1_v18_1_v18_1_v18_1_v18_1_v18_1_v18_1_v18_1_v18_1_v18_1_v18_v18_1_v18_1_v18_1_v18_1_v18_1_v18_1_v18_1_v18_1_v18_1_v18_1_v18_1_v18_1_v18_1_v18_1_v18_1_v18_1_v18_1_v18_v18_1_v18_1_v18_1_v18_1_v18_1_v18_1_v18_1_v18_1_v18_1_v18_1_v18_1_v18_1_v18_1_v18_1_v18_1_v18_1_v18_1_v18_v18_1_v18_1_v18_1_v18_1_v18_1_v18_1_v18_1_v18_1_v18_1_v18_1_v18_1_v18_1_v18_1_v18_1_v18_1_v18_1_v18_1_v18_v18_1_v18_1_v18_1_v18_1_v18_1_v18_1_v18_1_v18_1_v18_1_v18_1_v18_1_v18_1_v18_1_v18_1_v18_1_v18_1_v18_1_v18_v18_1_v18_1_v18_1_v18_1_v18_1_v18_1_v18_1_v18_1_v18_1_v18_1_v18_1_v18_1_v18_1_v18_1_v18_1_v18_1_v18_1_v18_v18_1_v18_1_v18_1_v18_1_v18_1_v18_1_v18_1_v18_1_v18_1_v18_1_v18_1_v18_1_v18_1_v18_1_v18_1_v18_1_v18_1_v18_v18_1_v18_1_v18_1_v18_1_v18_1_v18_1_v18_1_v18_1_v18_1_v18_1_v18_1_v18_1_v18_1_v18_1_v18_1_v18_1_v18_1_v18_v18_1_v18_1_v18_1_v18_1_v18_1_v18_1_v18_1_v18_1_v18_1_v18_1_v18_1_v18_1_v18_1_v18_1_v18_1_v18_1_v18_1_v18_v18_1_v18_1_v18_1_v18_1_v18_1_v18_1_v18_1_v18_1_v18_1_v18_1_v18_1_v18_1_v18_1_v18_1_v18_1_v18_1_v18_1_v18_v18_1_v18_1_v18_1_v18_1_v18_1_v18_1_v18_1_v18_1_v18_1_v18_1_v18_1_v18_1_v18_1_v18_1_v18_1_v18_1_v18_1_v18_v18_1_v18_1_v18_1_v18_1_v18_1_v18_1_v18_1_v18_1_v18_1_v18_1_v18_1_v18_1_v18_1_v18_1_v18_1_v18_1_v18_1_v18_v18_1_v18_1_v18_1_v18_1_v18_1_v18_1_v18_1_v18_1_v18_1_v18_1_v18_1_v18_1_v18_1_v18_1_v18_1_v18_1_v18_1_v18_v18_1_v18_1_v18_1_v18_1_v18_1_v18_1_v18_1_v18_1_v18_1_v18_1_v18_1_v18_1_v18_1_v18_1_v18_1_v18_1_v18_1_v18_v18_1_v18_1_v18_1_v18_1_v18_1_v18_1_v18_1_v18_1_v18_1_v18_1_v18_1_v18_1_v18_1_v18_1_v18_1_v18_1_v18_1_v18_v18_1_v18_1_v18_1_v18_1_v18_1_v18_1_v18_1_v18_1_v18_1_v18_1_v18_1_v18_1_v18_1_v18_1_v18_1_v18_1_v18_1_v18_v18_1_v18_1_v18_1_v18_1_v18_1_v18_1_v18_1_v18_1_v18_1_v18_1_v18_1_v18_1_v18_1_v18_1_v18_1_v18_1_v18_1_v18_v18_1_v18_1_v18_1_v18_1_v18_1_v18_1_v18_1_v18_1_v18_1_v18_1_v18_1_v18_1_v18_1_v18_1_v18_1_v18_1_v18_1_v,342,test,14
v1_v1_v1_v1_v1_v1_v1_v1_v1_v1_v1_v1_v1_v1_v1_v1_v17_v17_1_v17_1_v17_1_v17_1_v17_1_v17_1_v17_1_v17_1_v17_1_v17_1_v17_1_v17_1_v17_1_v17_1_v17_1_v17_1_v17_v17_1_v17_1_v17_1_v17_1_v17_1_v17_1_v17_1_v17_1_v17_1_v17_1_v17_1_v17_1_v17_1_v17_1_v17_1_v17_1_v17_v17_1_v17_1_v17_1_v17_1_v17_1_v17_1_v17_1_v17_1_v17_1_v17_1_v17_1_v17_1_v17_1_v17_1_v17_1_v17_1_v17_v17_1_v17_1_v17_1_v17_1_v17_1_v17_1_v17_1_v17_1_v17_1_v17_1_v17_1_v17_1_v17_1_v17_1_v17_1_v17_1_v17_v17_1_v17_1_v17_1_v17_1_v17_1_v17_1_v17_1_v17_1_v17_1_v17_1_v17_1_v17_1_v17_1_v17_1_v17_1_v17_1_v17_v17_1_v17_1_v17_1_v17_1_v17_1_v17_1_v17_1_v17_1_v17_1_v17_1_v17_1_v17_1_v17_1_v17_1_v17_1_v17_1_v17_v17_1_v17_1_v17_1_v17_1_v17_1_v17_1_v17_1_v17_1_v17_1_v17_1_v17_1_v17_1_v17_1_v17_1_v17_1_v17_1_v17_v17_1_v17_1_v17_1_v17_1_v17_1_v17_1_v17_1_v17_1_v17_1_v17_1_v17_1_v17_1_v17_1_v17_1_v17_1_v17_1_v17_v17_1_v17_1_v17_1_v17_1_v17_1_v17_1_v17_1_v17_1_v17_1_v17_1_v17_1_v17_1_v17_1_v17_1_v17_1_v17_1_v17_v17_1_v17_1_v17_1_v17_1_v17_1_v17_1_v17_1_v17_1_v17_1_v17_1_v17_1_v17_1_v17_1_v17_1_v17_1_v17_1_v17_v17_1_v17_1_v17_1_v17_1_v17_1_v17_1_v17_1_v17_1_v17_1_v17_1_v17_1_v17_1_v17_1_v17_1_v17_1_v17_1_v,204,test,15
v1_v1_v1_v1_v1_v1_v1_v1_v1_v1_v1_v1_v1_v1_v15_v15_1_v15_1_v15_1_v15_1_v15_1_v15_1_v15_1_v15_1_v15_1_v15_1_v15_1_v15_1_v15_1_v15_1_v15_v15_1_v15_1_v15_1_v15_1_v15_1_v15_1_v15_1_v15_1_v15_1_v15_1_v15_1_v15_1_v15_1_v15_1_v15_v15_1_v15_1_v15_1_v15_1_v15_1_v15_1_v15_1_v15_1_v15_1_v15_1_v15_1_v15_1_v15_1_v15_1_v15_v15_1_v15_1_v15_1_v15_1_v15_1_v15_1_v15_1_v15_1_v15_1_v15_1_v15_1_v15_1_v15_1_v15_1_v15_v15_1_v15_1_v15_1_v15_1_v15_1_v15_1_v15_1_v15_1_v15_1_v15_1_v15_1_v15_1_v15_1_v15_1_v15_v15_1_v15_1_v15_1_v15_1_v15_1_v15_1_v15_1_v15_1_v15_1_v15_1_v15_1_v15_1_v15_1_v15_1_v15_v15_1_v15_1_v15_1_v15_1_v15_1_v15_1_v15_1_v15_1_v15_1_v15_1_v15_1_v15_1_v15_1_v15_1_v15_v15_1_v15_1_v15_1_v15_1_v15_1_v15_1_v15_1_v15_1_v15_1_v15_1_v15_1_v15_1_v15_1_v15_1_v15_v15_1_v15_1_v15_1_v15_1_v15_1_v15_1_v15_1_v15_1_v15_1_v15_1_v15_1_v15_1_v15_1_v15_1_v15_v15_1_v15_1_v15_1_v15_1_v15_1_v15_1_v15_1_v15_1_v15_1_v15_1_v15_1_v15_1_v15_1_v15_1_v15_v15_1_v15_1_v15_1_v15_1_v15_1_v15_1_v15_1_v15_1_v15_1_v15_1_v15_1_v15_1_v15_1_v15_1_v,180,test,16
v1_v1_v1_v1_v1_v1_v1_v1_v1_v1_v1_v12_v12_1_v12_1_v12_1_v12_1_v12_1_v12_1_v12_1_v12_1_v12_1_v12_1_v12_1_v12_v12_1_v12_1_v12_1_v12_1_v12_1_v12_1_v12_1_v12_1_v12_1_v12_1_v12_1_v12_v12_1_v12_1_v12_1_v12_1_v12_1_v12_1_v12_1_v12_1_v12_1_v12_1_v12_1_v12_v12_1_v12_1_v12_1_v12_1_v12_1_v12_1_v12_1_v12_1_v12_1_v12_1_v12_1_v12_v12_1_v12_1_v12_1_v12_1_v12_1_v12_1_v12_1_v12_1_v12_1_v12_1_v12_1_v12_v12_1_v12_1_v12_1_v12_1_v12_1_v12_1_v12_1_v12_1_v12_1_v12_1_v12_1_v12_v12_1_v12_1_v12_1_v12_1_v12_1_v12_1_v12_1_v12_1_v12_1_v12_1_v12_1_v12_v12_1_v12_1_v12_1_v12_1_v12_1_v12_1_v12_1_v12_1_v12_1_v12_1_v12_1_v12_v12_1_v12_1_v12_1_v12_1_v12_1_v12_1_v12_1_v12_1_v12_1_v12_1_v12_1_v12_v12_1_v12_1_v12_1_v12_1_v12_1_v12_1_v12_1_v12_1_v12_1_v12_1_v12_1_v12_v12_1_v12_1_v12_1_v12_1_v12_1_v12_1_v12_1_v12_1_v12_1_v12_1_v12_1_v12_v12_1_v12_1_v12_1_v12_1_v12_1_v12_1_v12_1_v12_1_v12_1_v12_1_v12_1_v12_v12_1_v12_1_v12_1_v12_1_v12_1_v12_1_v12_1_v12_1_v12_1_v12_1_v12_1_v12_v12_1_v12_1_v12_1_v12_1_v12_1_v12_1_v12_1_v12_1_v12_1_v12_1_v12_1_v,180,test,17
v1_v1_v1_v1_v1_v1_v1_v1_v1_v1_v1_v1_v13_v13_1_v13_1_v13_1_v13_1_v13_1_v13_1_v13_1_v13_1_v13_1_v13_1_v13_1_v13_1_v13_v13_1_v13_1_v13_1_v13_1_v13_1_v13_1_v13_1_v13_1_v13_1_v13_1_v13_1_v13_1_v13_v13_1_v13_1_v13_1_v13_1_v13_1_v13_1_v13_1_v13_1_v13_1_v13_1_v13_1_v13_1_v13_v13_1_v13_1_v13_1_v13_1_v13_1_v13_1_v13_1_v13_1_v13_1_v13_1_v13_1_v13_1_v13_v13_1_v13_1_v13_1_v13_1_v13_1_v13_1_v13_1_v13_1_v13_1_v13_1_v13_1_v13_1_v13_v13_1_v13_1_v13_1_v13_1_v13_1_v13_1_v13_1_v13_1_v13_1_v13_1_v13_1_v13_1_v13_v13_1_v13_1_v13_1_v13_1_v13_1_v13_1_v13_1_v13_1_v13_1_v13_1_v13_1_v13_1_v13_v13_1_v13_1_v13_1_v13_1_v13_1_v13_1_v13_1_v13_1_v13_1_v13_1_v13_1_v13_1_v13_v13_1_v13_1_v13_1_v13_1_v13_1_v13_1_v13_1_v13_1_v13_1_v13_1_v13_1_v13_1_v13_v13_1_v13_1_v13_1_v13_1_v13_1_v13_1_v13_1_v13_1_v13_1_v13_1_v13_1_v13_1_v13_v13_1_v13_1_v13_1_v13_1_v13_1_v13_1_v13_1_v13_1_v13_1_v13_1_v13_1_v13_1_v13_v13_1_v13_1_v13_1_v13_1_v13_1_v13_1_v13_1_v13_1_v13_1_v13_1_v13_1_v13_1_v13_v13_1_v13_1_v13_1_v13_1_v13_1_v13_1_v13_1_v13_1_v13_1_v13_1_v13_1_v13_1_v13_v13_1_v13_1_v13_1_v13_1_v13_1_v13_1_v13_1_v13_1_v13_1_v13_1_v13_1_v13_1_v13_v13_1_v13_1_v13_1_v13_1_v13_1_v13_1_v13_1_v13_1_v13_1_v13_1_v13_1_v13_1_v13_v13_1_v13_1_v13_1_v13_1_v13_1_v13_1_v13_1_v13_1_v13_1_v13_1_v13_1_v13_1_v13_v13_1_v13_1_v13_1_v13_1_v13_1_v13_1_v13_1_v13_1_v13_1_v13_1_v13_1_v13_1_v,234,test,18
v1_v1_v1_v1_v1_v1_v1_v1_v1_v10_v10_1_v10_1_v10_1_v10_1_v10_1_v10_1_v10_1_v10_1_v10_1_v10_v10_1_v10_1_v10_1_v10_1_v10_1_v10_1_v10_1_v10_1_v10_1_v10_v10_1_v10_1_v10_1_v10_1_v10_1_v10_1_v10_1_v10_1_v10_1_v10_v10_1_v10_1_v10_1_v10_1_v10_1_v10_1_v10_1_v10_1_v10_1_v10_v10_1_v10_1_v10_1_v10_1_v10_1_v10_1_v10_1_v10_1_v10_1_v10_v10_1_v10_1_v10_1_v10_1_v10_1_v10_1_v10_1_v10_1_v10_1_v10_v10_1_v10_1_v10_1_v10_1_v10_1_v10_1_v10_1_v10_1_v10_1_v10_v10_1_v10_1_v10_1_v10_1_v10_1_v10_1_v10_1_v10_1_v10_1_v10_v10_1_v10_1_v10_1_v10_1_v10_1_v10_1_v10_1_v10_1_v10_1_v10_v10_1_v10_1_v10_1_v10_1_v10_1_v10_1_v10_1_v10_1_v10_1_v,110,test,19
