snack,n_node,split,split_index
vvv3_vvvv2_vv5_v3_vvv12_10_v14_7_4_v13_3_v14_v11_vv18_16_6_1_v9_vv16_v12_v19_17_13_10_v25_2_v18_10_v21_v24_19_1_v25_20_17_v30_27_20_16_v26_v24_v15_14_5_v26_14_2_v29_18_13_v28_10_5_4_v34_19_18_16_v33_31_v28_19_16_v39_34_33_30_18_2_v29_26_v40_26_16_11_6_v37_34_26_16_14_v42_29_22_13_9_2_v45_34_31_22_21_20_v19_18_13_v42_25_16_9_7_3_v47_42_29_21_8_2_v49_46_28_24_12_v33_15_7_v36_16_10_7_v48_40_37_36_26_23_v32_30_28_14_4_v36_33_21_17_v50_44_31_24_v37_23_10_8_v55_42_41_5_v27_26_22_3_v47_30_18_16_9_v51_33_32_17_v26_20_11_10_2_v51_42_30_28_7_4_v62_60_53_50_33_23_v,64,train,89
vvv3_v2_v4_vv3_vv7_5_v1_v4_v12_9_vv1_vv15_vv14_11_7_vv3_v11_2_v16_v7_1_v2_v18_12_10_v11_7_v20_16_14_9_2_v18_v5_v20_11_9_v22_21_v16_10_9_v25_v24_6_3_v21_15_v19_18_16_v24_23_2_v25_23_13_1_v33_31_6_v37_7_v9_v23_18_13_5_v41_34_33_24_22_17_v39_25_14_4_2_v39_25_23_10_8_v46_34_18_v34_33_30_29_27_20_12_11_v47_43_32_19_6_4_v46_39_37_21_9_3_v45_17_11_10_6_v35_19_10_v38_17_15_v43_23_13_9_4_v32_30_17_12_9_v53_51_48_40_30_29_12_v56_50_48_17_10_v56_52_41_18_7_6_v58_55_50_25_18_2_v20_8_2_v54_38_28_21_19_9_1_v45_39_38_37_32_13_v58_53_34_31_28_16_v48_44_37_26_25_21_v,64,train,90
vv1_v3_vvv4_2_vvvvvvv5_v13_v11_5_vv17_14_10_vv14_6_v11_v13_8_v19_v22_21_16_9_6_v16_11_5_v18_14_8_v10_v14_8_6_v16_v22_17_4_1_v28_27_21_13_10_7_v25_21_v26_1_v32_31_28_27_1_vv19_8_1_v28_24_8_v26_12_v35_29_20_16_8_v28_27_14_10_v30_14_6_v31_10_9_v38_32_27_24_v35_22_16_9_8_v34_18_4_3_v45_42_23_v18_17_10_v38_29_27_9_v41_34_29_25_v49_32_24_12_v40_32_10_8_v35_25_17_16_11_v47_33_4_v45_17_7_v50_48_44_39_23_v55_33_10_6_v51_40_37_30_29_21_v52_31_25_24_16_13_1_v47_46_21_19_9_v52_51_35_30_13_6_v58_56_54_42_40_18_13_v60_56_47_28_13_9_v55_43_38_14_3_v61_43_33_3_v,64,train,17
vvv1_vvvv7_3_v3_v5_2_v5_4_2_vv4_v7_v9_6_vv2_v15_14_v12_5_v17_16_v18_4_1_v20_v16_9_7_v12_v21_v8_v26_25_v24_22_11_8_7_v26_11_3_v22_20_v13_5_v20_8_v20_v27_25_23_21_15_v31_17_10_4_v33_27_23_15_3_v23_21_14_v25_5_v31_27_7_v33_29_24_17_v40_27_14_v18_17_16_11_v17_14_11_5_4_v22_7_v40_1_v45_38_8_7_3_v37_35_17_v35_10_2_v33_12_9_5_4_v48_36_28_23_13_9_6_v38_37_32_17_v40_28_27_10_5_v40_39_5_2_v52_49_v54_41_14_9_7_2_v48_44_26_17_9_v51_42_40_29_v56_31_4_v50_44_42_38_23_v36_34_28_18_17_v59_56_39_17_16_7_v61_57_54_35_8_4_v38_32_28_21_v61_35_31_28_26_21_v,64,train,88
vvvvv3_v2_v6_5_vv1_vv8_6_vv4_v13_vv15_2_v5_v12_5_v19_18_5_3_v17_11_vv18_16_v11_6_v24_8_5_v4_v15_v17_12_v16_11_v21_20_3_v20_9_5_v10_6_v7_2_v31_26_v30_28_16_12_v23_20_12_v26_21_9_v35_32_30_26_v21_v33_26_21_v30_10_8_v26_6_v34_16_15_13_v33_22_13_7_v40_36_4_v42_34_25_v45_43_39_35_9_v46_40_28_14_12_v36_31_20_10_v40_38_29_23_20_4_v42_40_23_10_8_6_v30_20_13_3_v43_39_32_13_v48_42_27_v50_41_36_20_10_v20_14_8_v52_31_25_24_16_12_v57_45_38_22_10_v43_41_35_23_22_15_v42_38_21_16_8_1_v45_34_33_19_18_7_5_v53_52_48_17_7_v62_50_38_14_5_v61_58_30_16_10_8_3_v,64,train,4
vvv3_vvvvv3_v3_v9_v7_4_v12_9_v8_v3_v14_9_6_5_vv14_10_v16_v19_v17_8_3_v19_v15_11_8_v18_15_14_10_v8_v13_v21_1_v27_22_8_2_1_v24_17_v17_9_4_3_v26_v18_7_v32_20_7_5_v15_v32_18_10_v29_22_v34_18_3_v30_20_v31_21_18_12_9_1_v38_33_24_6_4_3_vv36_27_v21_v41_22_9_1_v36_35_21_4_v5_1_v27_22_19_12_4_3_v42_23_20_16_1_v43_35_17_1_v40_39_34_9_5_v46_20_10_5_1_v51_48_32_30_9_5_v39_36_34_28_21_19_17_13_v52_17_14_v49_46_24_13_v47_25_11_10_5_v50_47_43_33_21_v52_50_43_35_31_19_16_v56_42_40_6_v55_31_29_5_v49_46_32_19_6_1_v60_59_51_25_12_8_v54_32_8_7_v61_47_29_5_v,64,train,102
vvvvvvv7_5_v7_v8_1_v7_v6_1_v12_v13_11_6_v10_2_vv15_8_v6_v17_2_v11_10_v19_16_6_v16_v13_3_v15_7_4_v11_v11_5_v23_16_2_v27_15_v15_4_2_v9_4_v5_3_1_v30_22_11_2_v12_3_1_v18_17_10_v19_v13_1_v24_v21_19_v34_1_v35_27_25_3_2_1_v40_28_27_12_4_v35_24_7_v41_38_24_22_5_4_v24_21_20_8_v39_23_v40_30_11_4_v46_39_19_v26_7_3_v43_32_27_11_3_v46_43_25_23_v6_3_v49_44_24_21_5_v46_30_17_v48_42_36_12_8_v33_18_17_15_6_v40_32_22_21_20_12_v30_28_16_9_6_v42_41_24_12_9_v46_44_33_31_28_v56_53_49_48_42_18_10_v39_24_20_13_6_v59_48_37_12_10_v57_52_51_36_18_12_6_v57_29_28_22_11_v,64,train,107
vvvv2_vvv6_vv8_2_v10_v10_7_v12_11_5_v6_1_vv9_vv12_vv18_15_10_8_v4_v16_3_vv21_19_8_v14_10_v25_15_11_1_v11_10_6_3_v21_v20_vv15_14_4_v31_19_18_6_2_v29_27_v30_28_1_v30_15_11_8_v32_18_2_v34_32_25_v31_15_v33_21_5_3_v31_19_11_v37_5_v39_27_5_v40_27_19_15_v42_32_31_29_7_2_v41_15_13_4_v37_28_10_5_v41_29_25_18_v25_10_v27_20_2_v24_20_18_17_v48_23_9_8_v43_42_32_31_25_17_12_v23_8_3_v40_22_13_9_v54_44_42_40_30_11_v49_40_25_18_8_v40_36_26_1_v39_36_35_29_18_10_9_v55_26_14_9_6_v39_20_12_4_3_2_v54_45_33_18_v43_39_24_4_v55_54_53_49_22_17_11_9_v55_46_35_18_17_v,64,train,7
v1_vvvv1_v4_vvv9_v2_vvvv10_9_1_v6_2_1_v8_2_1_vv12_v14_2_v20_19_11_5_vv16_11_v16_v18_6_v22_8_v5_v5_v17_3_v28_21_19_14_13_9_v19_5_2_v10_v26_20_14_10_v16_14_12_10_7_2_v34_33_7_v32_22_10_7_v19_15_5_3_v20_12_7_v34_v22_3_2_v30_2_v39_5_2_v30_24_18_10_5_v20_10_3_v36_34_6_4_v21_8_6_3_v41_27_8_v47_38_19_v44_40_34_32_v38_37_27_17_v48_29_24_14_9_v42_38_36_23_16_4_v48_44_14_8_4_v15_13_7_v43_42_24_17_12_5_v53_48_32_29_22_5_v52_51_18_10_v55_51_33_18_16_12_v58_47_36_31_30_24_11_v40_26_19_16_13_6_v57_55_47_46_43_41_25_v58_44_36_1_v43_16_3_v25_23_10_v,64,train,44
vvvvvvvv6_4_vv10_3_vv8_vv11_v8_5_vvv18_5_v18_16_v10_5_v4_v13_v21_17_15_7_v13_12_v2_v25_23_21_12_7_v15_v22_5_3_v4_1_v28_27_22_11_3_v15_8_6_v25_17_16_15_v17_16_12_1_v25_12_6_5_v24_23_11_8_v36_26_16_v28_24_v38_28_25_1_v18_15_6_v15_9_4_v26_25_21_10_9_5_1_v37_33_5_v43_30_25_5_v28_20_11_5_v44_26_15_v45_37_v44_36_33_20_17_12_v23_19_12_8_v43_21_15_4_v46_42_38_34_27_26_6_v33_15_3_v45_35_28_13_v49_45_26_23_v37_33_15_2_v54_50_46_29_13_9_v43_38_27_8_5_v56_48_23_12_11_8_v54_46_31_5_v59_41_23_8_v58_54_37_30_15_11_v54_44_29_9_v57_48_36_20_15_v54_50_41_34_29_26_7_v,64,train,70
v1_vvv2_vv4_2_vv6_4_vvv2_v10_6_5_v8_v9_1_vv5_v17_16_v5_v15_13_v17_2_v15_14_9_2_v18_v13_v9_8_v20_11_v23_22_7_v11_v23_3_v26_9_5_v29_23_18_v7_v16_8_3_v24_22_17_9_v25_v16_11_6_v36_35_v37_36_25_7_1_v33_16_10_v24_8_v17_v31_18_1_v11_8_3_v33_28_4_2_v34_5_1_v26_24_10_5_4_2_v30_26_19_17_14_v38_36_13_8_5_3_v33_24_13_5_3_v46_45_44_36_31_29_27_23_11_v43_29_20_v50_28_21_1_v49_23_17_v32_30_13_8_3_2_v50_46_32_16_v47_38_1_v43_42_31_28_v46_44_41_39_30_1_v40_38_31_12_1_v59_57_51_47_42_22_4_v45_36_29_21_v58_42_35_26_9_v61_45_24_8_7_v54_39_32_30_29_21_v,64,val,17
v1_vvvvvv4_v4_vv1_v5_vvvv10_v11_1_v14_v15_11_1_v19_18_8_6_vv4_1_v15_4_v18_17_12_8_v16_v19_14_v20_14_11_3_v27_17_14_8_v24_21_v21_20_5_v21_20_3_v20_18_6_v18_17_16_10_v25_24_23_4_v32_14_v9_v24_11_5_v37_36_20_19_16_v37_24_22_6_v25_17_7_v35_24_2_v35_29_16_15_5_v38_34_v40_36_26_15_v43_26_22_7_5_v45_35_18_12_v44_42_38_13_4_v25_19_15_v48_27_11_3_v25_13_v36_18_12_v39_15_2_v51_47_41_33_29_14_12_v52_39_15_14_9_v24_23_18_5_v38_35_27_21_12_v47_32_27_26_7_2_v40_37_36_2_v47_45_39_27_v57_39_38_26_25_14_13_11_v56_52_48_36_34_25_11_9_v54_39_33_14_v49_35_32_31_8_v61_59_35_29_17_8_v,64,val,4
vvvv2_v1_v4_2_vv8_v2_vv1_vv4_v8_v15_vvv6_v18_12_10_v17_v5_v17_v8_3_v4_v1_v25_9_v25_19_4_v18_17_11_v18_13_7_1_v24_21_16_v31_23_16_8_4_v27_20_14_v30_14_v33_17_8_6_v32_11_10_2_v32_30_22_15_v22_17_14_13_v35_18_14_3_v33_32_30_12_9_v35_28_18_8_v38_34_21_18_2_v33_29_28_26_12_v20_16_4_2_v43_27_20_19_18_7_v41_40_33_27_13_9_v43_39_27_13_5_v35_31_26_25_18_7_v43_v39_38_32_21_5_v33_24_16_v50_32_26_18_16_7_v50_46_25_13_v39_37_32_17_11_v54_52_46_27_v43_34_19_10_8_v43_40_28_27_14_v54_37_19_v58_56_10_4_v58_50_46_40_31_25_3_v50_49_11_v61_53_30_v62_57_47_40_14_4_v61_59_58_15_5_v,64,train,94
vvvvvv5_v6_3_1_vvv7_v8_6_1_vv10_v6_v10_5_4_v7_v12_7_2_v18_16_11_vv11_4_v18_13_8_7_v17_11_10_v19_16_5_v5_v13_1_v24_v15_5_2_v20_19_15_12_7_v25_6_v18_8_5_v27_2_v27_15_10_2_v31_v32_16_1_v35_17_16_v32_30_29_28_22_v29_21_9_1_v18_9_5_v19_v40_21_5_v21_15_2_v38_11_6_5_v27_23_14_12_6_5_1_v43_38_v27_22_16_12_11_7_v46_7_5_v8_1_v29_24_23_21_v32_25_24_19_17_v44_14_v49_31_25_18_13_10_v43_32_13_5_4_v35_34_29_18_v54_14_8_7_v52_46_44_42_27_v16_9_8_4_2_v57_55_39_31_16_11_v49_47_36_31_3_v58_49_42_15_9_v54_16_10_1_v52_34_13_9_3_v59_52_48_41_26_12_3_v44_23_15_7_v,64,test,20
v1_vvv2_vv5_v6_1_vv9_vvvv1_v6_v3_2_v14_v12_9_v2_v17_14_3_2_v17_10_9_v11_v12_1_v8_v24_23_2_v23_9_7_v13_11_3_v26_18_v26_23_9_v17_16_3_v20_10_9_v25_v14_3_1_v22_2_v23_14_4_1_v34_28_9_6_v33_26_16_v22_21_19_14_v22_19_15_1_v39_38_30_12_v39_34_31_13_v41_32_20_11_7_1_v40_14_v37_36_12_8_v33_30_v40_37_31_28_v15_14_v44_36_27_v44_37_17_15_4_2_v21_7_5_v46_32_18_4_2_v43_37_27_15_v47_38_24_8_7_3_v43_31_17_2_v48_23_21_20_14_13_v43_40_37_18_v53_45_42_20_9_5_v28_26_25_22_14_v58_37_36_34_17_v47_41_30_27_4_v58_56_42_35_10_v50_47_17_5_v40_38_11_9_v61_59_21_19_15_14_v,64,train,51
vvv2_vvv6_2_vvv9_3_v2_1_vv11_v6_vv2_v14_v12_4_v17_15_6_vv9_5_v16_14_8_4_v13_12_v15_13_v1_v25_v24_10_v21_8_v15_11_v27_13_1_v29_27_v18_16_v31_20_13_v9_v20_v10_2_v31_29_15_v4_2_v22_21_10_9_v37_13_5_v35_26_6_1_v40_37_35_14_11_v34_32_22_v42_24_16_11_2_v21_20_11_9_7_v41_15_4_v32_16_6_1_v44_29_17_1_v29_23_21_v44_13_9_4_3_v42_39_27_6_v46_35_34_25_13_12_11_v40_38_34_18_13_6_5_v34_21_5_v54_45_30_29_21_19_v43_23_7_2_v45_43_41_36_28_v53_50_21_12_8_v49_48_35_34_4_v55_53_52_50_37_2_v60_54_35_33_12_v53_50_41_19_11_v55_49_31_3_v53_48_43_41_32_21_4_1_v,64,train,110
v1_vv2_vvv3_v5_v3_v9_1_v1_v5_vvv10_vv14_9_1_v16_v9_8_v19_18_10_9_2_1_v13_v16_13_12_vv21_16_6_v20_10_v14_v25_23_9_3_v23_21_16_3_v13_12_8_v13_v28_27_24_7_4_3_v27_19_v27_14_v27_22_20_8_v19_6_5_v22_10_2_v36_28_27_v24_4_1_v9_4_v32_23_19_11_v27_15_5_v37_30_29_14_10_v30_11_2_v21_5_v44_43_8_7_v34_33_20_5_4_3_v44_30_24_v33_16_v30_29_28_16_v44_28_17_v33_31_30_2_v46_31_19_13_3_v37_36_23_18_v44_35_32_21_4_v34_26_3_v51_41_24_8_v42_34_32_13_9_v55_35_33_30_27_11_1_v36_20_15_12_v52_42_39_36_9_v32_26_22_9_6_v60_58_55_28_24_17_v49_26_25_v47_34_25_17_5_v,64,test,4
vv1_v3_vvvv2_v5_v4_1_vv5_v7_5_4_3_vv10_4_v6_v15_v14_v11_6_v19_17_v10_7_v8_v16_4_v7_v18_17_13_v19_14_2_v16_12_v26_25_v22_10_6_v25_vv30_29_15_12_v29_22_15_v27_10_8_5_v20_v35_33_16_v35_15_v37_18_9_v37_22_15_v26_19_18_3_v33_10_v1_v27_12_v39_29_17_14_v40_29_2_v22_20_7_v43_38_37_36_32_31_14_12_v41_40_29_25_23_v37_7_v9_8_7_5_v49_48_23_14_v21_11_9_2_v45_41_28_4_v53_50_45_41_35_25_16_v34_18_15_4_v50_48_46_40_25_15_13_v46_43_36_35_27_v41_38_34_29_26_24_20_v56_41_23_8_4_v52_19_18_11_7_v56_46_45_26_16_14_v51_44_41_29_7_3_v52_36_33_19_6_v63_60_46_28_5_v,64,train,121
vvvvvvv4_vvvv3_v12_4_1_v4_v2_vv7_vv1_v14_3_v15_v19_v8_v8_6_v7_6_1_v24_22_8_7_v26_16_v14_5_v13_6_5_1_v28_25_11_4_v24_20_4_v27_13_7_2_v26_v24_17_vv33_30_15_v34_15_2_v32_28_24_21_18_10_v37_28_v35_33_8_7_v28_26_18_12_v25_22_8_v8_v28_20_19_12_4_v38_34_14_12_6_v36_12_v44_41_25_24_19_11_9_v38_34_24_v46_43_28_13_12_v42_16_4_v50_42_40_38_24_12_v48_44_42_34_28_26_6_4_2_v31_18_16_10_v47_38_23_14_10_v49_47_35_21_13_5_v42_32_28_27_8_v42_34_22_14_v52_37_22_v57_54_29_26_20_19_14_v59_47_31_19_v52_49_26_v50_49_47_27_5_1_v62_47_36_34_32_9_3_v42_41_21_17_11_7_v,64,train,35
vv1_vvvv6_vv5_4_v9_8_v8_v8_3_v5_v10_6_2_vv12_v10_v13_v14_1_v9_v10_9_1_v4_v17_8_v11_10_v3_v14_12_2_v25_24_16_vv25_24_20_13_10_v28_20_v13_vv28_15_12_2_v21_6_v19_17_16_13_6_v35_25_24_15_10_v31_9_3_v23_21_15_v26_7_5_v10_v37_9_v10_3_v35_30_29_19_v26_22_13_v11_8_v33_22_12_8_1_v19_15_13_8_5_v41_33_8_v43_26_12_11_4_3_v33_26_12_4_v47_43_38_37_19_12_10_v51_45_35_28_26_16_2_v52_46_43_5_v48_39_31_v48_40_38_17_7_v52_40_21_15_v55_46_32_30_v53_49_46_37_25_v48_39_37_34_2_v40_39_38_29_27_16_1_v59_31_21_13_v52_32_22_14_9_v61_57_48_15_9_6_2_v63_62_61_54_53_28_v,64,train,98
vv2_vvvv5_v6_2_v4_vvv2_v12_10_v13_9_v13_8_7_vv13_v7_v13_v19_10_v10_6_3_vv13_v23_10_4_v12_v22_v26_22_13_v18_5_v23_13_10_vv22_19_15_v20_1_v23_21_5_v16_9_v10_5_v27_v27_14_9_v37_35_28_18_10_1_v37_32_17_9_v29_v36_32_6_v20_17_12_8_v39_31_17_10_v26_23_22_10_2_v39_37_26_5_v27_17_6_1_v34_22_12_6_v15_5_v41_38_34_28_9_4_v43_35_29_28_11_6_v39_35_20_v47_43_38_28_16_v42_35_5_v51_41_36_29_20_16_v41_31_3_v34_26_17_14_v53_45_41_40_14_6_v49_48_46_38_27_26_v34_29_24_17_v59_55_47_33_19_13_v57_45_44_35_32_4_v53_42_38_26_10_4_v52_37_34_23_20_17_15_10_2_v46_36_31_26_16_11_10_v,64,test,10
vvvvvv6_vv8_2_vv1_v9_1_v9_v4_v7_vvv2_v16_7_v15_v13_v21_11_v19_18_v23_13_v16_7_4_v21_3_v22_21_7_v17_15_6_v28_18_7_5_v28_10_v26_5_v24_17_11_v23_19_v31_25_9_v25_24_21_7_v35_32_29_13_10_v21_19_v12_7_v31_24_1_v27_23_7_v25_23_16_7_v26_8_5_1_v36_17_7_v31_30_16_11_9_4_v7_6_v39_37_25_21_v30_27_14_7_v44_42_35_8_v44_43_26_22_v44_33_30_23_3_v46_31_21_20_v49_33_18_15_10_v51_33_23_6_v33_22_v37_34_30_23_18_1_v54_41_24_17_11_v51_40_17_9_7_v48_47_46_39_v57_29_28_21_8_v59_56_47_38_32_24_v57_55_38_13_12_v61_59_53_51_50_38_28_v56_55_42_37_25_24_20_17_v62_26_19_8_5_v,64,train,11
vv2_vvvvv7_3_vv4_v5_1_vv3_vvv15_2_v8_vvvv12_v15_5_v14_6_1_v18_7_v7_v21_18_6_v15_8_v26_10_3_v25_22_v28_5_2_v19_8_v31_24_5_v15_8_v30_22_7_5_3_v20_15_9_v17_v33_v33_30_29_17_11_6_v20_14_9_6_3_v34_25_v34_19_18_12_10_7_v41_39_34_22_16_v29_v35_27_23_20_v32_31_2_v44_27_19_16_14_7_v45_19_15_1_v44_29_21_14_11_v46_36_29_7_v17_14_11_7_v44_27_v38_36_34_19_9_2_v49_46_24_17_16_3_v48_43_14_v45_44_40_15_1_v55_53_43_42_40_11_7_v38_21_20_9_4_v57_42_40_30_26_11_6_v53_38_35_15_v51_48_37_33_29_22_v51_48_46_41_26_12_6_v56_41_22_3_v56_46_41_39_12_v59_49_43_38_29_26_24_2_v,64,train,76
vvv2_v4_vvvvvvv7_1_vv3_v12_v9_v10_7_1_v13_vv15_10_v16_10_9_vv20_11_v5_v21_17_v24_22_1_v26_22_9_4_v27_23_16_5_v28_6_2_1_v24_21_16_8_v17_9_7_1_v22_15_13_12_v31_29_27_26_v29_21_16_v32_27_20_10_v31_17_16_4_vv27_26_24_15_v24_21_12_v32_3_v26_23_7_4_2_v35_32_29_25_8_v36_30_1_vv37_30_10_8_5_4_v42_40_21_13_v40_14_v42_15_1_v38_35_30_28_v47_35_27_23_11_v37_32_27_20_2_v46_43_22_8_v51_46_28_27_20_10_v48_10_7_2_v39_38_36_31_v51_37_35_20_7_v51_10_9_3_v49_36_34_28_27_3_v42_40_27_4_v55_50_40_26_18_v54_45_17_14_7_v53_46_18_10_7_4_1_v55_38_26_23_20_10_v51_30_27_23_21_1_v,64,test,19
v1_vvvvvvv5_v6_1_vv5_v12_11_8_v7_6_v14_7_4_2_v5_v14_12_v17_16_vvv15_1_v20_4_v16_11_9_v8_v19_v21_13_v16_11_3_v24_19_v9_v29_15_1_v22_3_v29_27_19_v25_22_18_v29_27_22_17_8_v29_11_10_v18_14_v26_10_v34_28_16_2_v37_26_17_8_v37_31_23_9_v29_18_v32_6_4_v37_25_22_18_7_v37_30_18_10_v42_40_28_13_v34_5_v39_34_33_32_21_3_v7_2_v30_v49_32_30_29_21_20_7_v33_15_8_v35_18_v47_33_32_29_18_v44_29_19_18_12_11_v47_41_32_22_14_7_6_v40_37_7_v37_33_30_20_4_v47_43_38_29_28_21_1_v56_46_28_27_20_19_v48_26_14_v42_15_13_12_6_1_v46_43_38_27_6_2_1_v52_47_30_14_8_7_v60_42_36_33_26_25_v,64,val,20
vv1_vvvvvv2_vvv2_v9_v12_11_v2_v13_2_v12_5_v7_v13_v17_12_5_vv18_14_9_v16_14_5_v21_9_8_4_v3_v25_13_vv21_14_v18_11_6_v24_11_v29_28_23_11_v27_21_v28_23_21_16_v21_19_8_v21_19_11_7_v29_21_12_8_2_1_v28_27_v28_1_v33_30_20_2_1_v39_33_17_14_11_6_4_v36_30_9_v36_32_4_3_v42_39_30_17_v23_v40_35_13_12_8_v36_34_25_4_v26_22_v47_21_8_v47_24_19_18_v38_29_4_v19_6_v31_10_8_6_v44_16_8_2_v46_32_29_23_5_v46_44_37_32_23_4_2_v49_47_37_17_v46_30_28_16_v56_51_44_30_2_v53_29_17_15_7_v35_30_16_13_11_1_v34_32_21_13_4_v60_43_32_13_6_4_v55_50_48_43_41_v43_20_17_4_v,64,train,78
v1_v2_1_vvv2_v3_1_v6_vvvv10_4_vv10_v11_8_1_v6_vv17_v2_v15_v7_6_v17_16_15_vv7_vv23_17_6_v19_15_14_v8_v20_15_v29_28_18_12_3_v21_15_8_v24_v32_30_24_15_7_v29_17_15_12_v24_22_12_3_v15_12_v35_29_9_5_2_v30_25_11_6_3_v29_23_v30_16_v23_v37_22_14_v26_19_v34_23_8_v20_16_v37_20_17_1_v42_28_13_5_v25_20_13_11_6_1_v9_v33_31_27_26_10_3_2_1_v41_27_15_11_7_v34_25_22_11_v49_39_28_24_8_v43_38_31_23_19_v48_40_38_33_21_12_v43_29_21_v47_46_41_18_3_v47_31_23_2_1_v57_56_39_33_31_22_v45_39_36_24_17_5_v51_38_30_21_12_11_v57_56_42_40_37_36_17_16_v54_45_34_30_22_v60_58_39_11_2_v,64,train,122
vvvv4_2_vvvvvvv10_vv7_v14_8_v6_v11_9_v14_8_2_vv13_7_6_v12_8_2_v19_v12_v12_v14_2_vv6_1_v15_7_6_v10_8_3_2_v26_14_12_v18_11_3_v24_22_v26_23_19_15_v28_17_v34_31_20_17_v29_21_v30_22_19_4_2_v21_12_4_v30_v31_19_13_1_v40_39_36_29_17_v19_16_15_8_4_v33_27_v42_41_39_3_v41_29_22_20_15_10_2_v19_6_4_v45_35_16_v37_23_5_3_v46_40_28_27_21_10_v43_38_30_14_v38_37_32_31_30_v13_12_10_6_v47_30_19_11_v46_44_43_37_22_11_6_v41_38_36_26_17_4_v55_32_20_15_v51_46_40_34_4_3_v32_29_20_3_v51_49_45_42_27_26_4_v48_36_24_10_4_v59_58_39_30_17_14_v40_34_31_1_v62_48_27_7_v52_44_33_17_14_v,64,train,46
vvvvvvvvvv7_v9_v11_v8_v12_v8_4_v13_12_6_v16_7_5_v18_11_vv20_2_v20_13_9_vv17_6_v12_7_3_1_v24_4_v24_12_v16_9_7_v27_25_3_v26_25_13_10_1_v21_17_7_6_v27_2_v17_v22_18_v27_25_v33_16_v21_4_3_v29_24_16_13_7_v36_27_18_12_11_v32_28_24_21_v27_v41_34_23_7_v40_28_16_7_v21_17_5_v33_26_17_5_v37_24_13_v44_35_13_10_v46_44_37_30_19_v43_40_35_11_v43_39_33_32_26_v45_37_10_5_v42_38_21_11_v45_43_37_18_12_1_v44_30_23_19_12_v39_22_14_9_4_2_v51_36_33_26_24_v34_30_14_13_v51_37_19_14_v42_36_15_1_v55_43_37_4_1_v60_54_40_37_19_7_3_v55_45_12_4_3_v57_54_17_14_12_v44_41_28_21_8_7_v,64,val,14
vvvvvv2_v6_v8_4_vv6_4_v2_v7_v8_v12_11_vv1_v15_3_v1_v18_12_4_3_v10_v16_15_8_v21_7_3_v20_9_6_5_v12_8_v10_3_v9_8_v23_17_11_8_7_3_v21_19_17_v27_16_v21_2_v19_v32_30_3_vv27_15_7_6_v35_31_29_27_14_3_v18_13_11_v32_25_16_6_v25_17_9_6_3_v28_11_3_v20_13_9_v40_19_16_5_2_v42_40_34_25_10_v39_35_26_1_v42_41_30_v15_v44_43_33_17_2_v43_20_19_17_13_v39_37_v45_19_6_2_v38_35_34_26_v42_21_6_3_v35_26_19_9_v27_20_8_5_2_1_v24_9_5_v52_50_42_9_v23_13_11_7_4_3_2_v45_33_30_26_17_v52_48_38_37_21_18_v28_22_19_1_v49_34_12_7_v49_37_4_v61_55_34_23_21_v52_45_37_27_24_3_v,64,train,36
vvv3_vvv5_4_vv3_vv3_vvv6_3_v11_5_v4_v14_12_v5_v10_v4_v5_2_1_v19_vvv21_12_v20_17_4_v7_3_v20_17_15_10_v25_14_4_v8_4_v30_27_v8_v28_25_19_16_v30_11_v32_28_13_v17_16_15_9_v14_13_5_v32_27_24_v27_23_9_v36_30_25_17_6_v38_27_24_8_v31_24_14_4_v30_18_15_v40_21_10_7_v43_42_40_38_28_v39_34_11_v39_19_4_v44_17_4_v25_12_5_1_v34_31_29_20_11_v46_43_18_6_v46_43_33_29_20_15_v34_29_26_21_17_1_v25_16_12_v54_51_30_v43_38_31_27_14_2_v55_50_12_6_v49_39_32_28_8_v53_45_21_18_v53_52_17_14_13_9_3_v55_51_46_38_32_23_21_9_7_v50_27_16_v60_57_41_37_22_4_v52_42_34_29_25_2_v,64,train,103
v1_vvv2_v2_vv5_3_vv3_v7_5_3_v8_6_v12_v8_3_vvvv11_8_vv4_v12_11_v17_3_v18_7_3_v12_v16_10_5_4_v24_v18_2_v21_18_8_v24_21_10_7_v4_v28_27_23_20_v25_12_4_v18_9_v19_18_14_v34_22_v31_19_17_14_v30_20_5_v29_12_11_8_v24_19_14_5_v34_28_16_7_v31_21_20_16_v33_v23_11_6_v29_28_21_20_11_10_v36_24_3_v36_28_25_20_8_4_1_v44_42_24_v36_25_24_4_1_v40_11_7_3_v44_36_17_10_v16_v39_17_2_v51_27_26_23_15_v39_29_27_1_v45_35_27_14_v23_6_4_v52_40_37_34_21_20_14_v41_39_22_21_v56_55_47_28_12_11_v45_27_8_6_4_v60_59_48_9_8_7_1_v48_12_10_v49_28_12_11_1_v63_62_38_29_13_v,64,train,117
vvv3_vv2_vvvvv10_7_5_1_v7_5_vv13_vv7_v4_1_v9_v14_5_v10_v19_1_v19_v15_14_5_v22_21_v13_10_v18_3_v25_24_5_3_v18_8_v13_12_v26_24_9_v12_v30_29_17_8_7_v18_2_v31_9_2_v32_13_9_v28_27_20_13_v35_17_16_15_10_v31_29_v26_10_v35_26_21_2_v40_37_v41_28_23_11_v41_22_13_11_v36_27_18_9_v40_38_33_7_5_v26_17_9_v38_29_v31_19_9_v41_33_32_13_5_v41_12_3_v38_34_7_v46_42_41_32_31_24_22_v31_18_v41_37_15_6_v50_43_40_36_30_24_22_v55_25_15_14_v45_39_32_23_v55_40_35_32_24_23_1_v55_29_27_18_16_3_v47_38_25_23_16_14_9_7_v48_32_22_15_1_v55_24_12_v56_51_45_16_13_6_1_v49_33_32_31_8_5_v,64,train,108
vvvv1_vvvv6_v8_v4_v4_v2_v8_v14_v14_13_7_6_v13_v10_v10_9_v17_13_11_v17_16_v21_18_7_5_1_v15_11_vv2_v15_13_2_v19_15_9_vv23_15_3_v24_6_vv19_v5_1_v28_4_v29_21_7_2_1_v17_v35_27_18_1_v13_7_v33_15_13_10_9_v31_30_24_21_v25_9_8_v29_16_13_10_v26_21_19_13_v8_7_v43_27_18_v42_41_29_16_3_v40_36_9_v20_16_15_6_v37_28_22_v38_29_28_1_v50_36_29_13_1_v24_10_4_v51_45_30_28_22_15_v53_43_30_28_16_7_3_v53_47_37_10_2_v53_49_45_43_36_24_v56_35_33_14_3_v55_42_26_17_2_v57_28_22_15_6_v46_32_31_25_18_8_v54_52_41_30_23_17_14_2_v50_39_37_24_12_11_v54_44_27_19_2_v59_43_15_v,64,train,83
vvv3_2_v2_1_v4_2_vvv7_v3_v10_3_v10_6_v12_7_2_1_v6_3_v13_3_v8_5_4_3_v12_vv9_2_v16_v10_7_2_vv1_v6_v1_v23_v10_8_6_v19_v3_1_v27_25_4_v28_27_26_5_v10_9_v19_v16_v30_13_12_v16_7_v35_28_9_v24_5_v23_v30_21_7_v36_18_11_6_v27_24_18_v38_36_33_26_24_8_v43_40_39_33_23_17_v11_6_v23_20_17_16_14_5_v46_43_41_34_v15_10_8_v47_45_40_29_21_13_v42_36_12_11_5_v26_23_14_v45_42_12_4_v48_36_26_9_v26_25_18_5_v48_33_23_20_3_v48_40_17_6_v50_22_14_2_v40_24_16_v57_44_22_v56_40_34_31_29_24_v43_37_27_23_16_13_11_v47_38_37_25_20_11_3_v49_44_42_30_23_v52_49_48_30_25_22_19_6_v,64,train,119
vv2_v3_vvv6_vvvv5_1_vv11_v2_v2_v11_vvv9_5_v3_v9_v14_10_1_v18_7_v13_v24_22_9_2_v18_vv26_10_5_v12_9_v27_15_v19_12_v6_5_v25_21_2_v29_25_10_v33_17_8_7_v31_20_12_2_v20_17_16_v20_18_15_10_9_v31_18_v19_18_1_v35_22_10_v33_28_23_v31_29_22_6_v24_23_7_5_v42_30_15_v37_36_27_4_v41_37_36_28_6_v47_45_41_33_3_v48_45_33_24_v48_37_35_23_15_v42_37_14_9_8_v40_38_33_21_v35_33_27_15_14_9_v46_28_15_1_v47_33_16_15_v48_44_34_23_v39_31_30_25_22_4_v54_42_34_22_9_v50_49_48_35_25_13_v59_56_53_2_v56_52_38_27_23_v60_59_49_47_39_37_34_32_v54_46_34_26_25_12_2_v58_53_40_23_6_4_v,64,val,28
vvv2_vvvvv3_v3_vv9_v7_1_v5_vv11_6_v10_8_7_3_vv11_v5_v16_7_4_v14_3_vv22_1_v20_11_4_v19_16_10_8_v26_23_v17_v23_21_v15_10_2_v25_22_18_17_16_6_v21_20_19_v14_11_v32_30_v26_v31_20_16_10_v29_18_4_v37_11_v36_33_27_26_v37_18_7_v35_32_12_6_3_v13_1_v35_19_14_1_v41_33_32_12_4_v43_22_21_12_8_v9_1_v36_34_32_19_16_15_v33_20_18_1_v45_22_15_11_8_7_v45_40_34_33_v43_29_11_v51_43_35_17_14_11_v48_38_33_28_22_17_v46_25_15_3_v32_10_9_v50_27_17_2_v55_33_23_15_14_8_v57_51_41_32_6_v58_41_33_1_v55_43_39_10_v41_35_33_31_25_v54_39_38_25_19_16_7_v60_24_23_12_9_v63_62_60_46_37_5_v,64,train,67
vvvvv2_vv2_vvv8_6_vv7_5_v9_2_v7_v13_5_v8_6_v13_7_6_4_v13_11_4_v19_v19_vv16_14_6_v21_8_2_v15_v21_19_15_v22_1_v20_15_v21_14_1_v26_10_8_v24_20_14_8_5_v31_12_10_8_2_v14_13_v31_23_16_v28_12_v32_27_13_1_v33_31_18_4_v28_17_v32_13_12_v33_1_v1_v30_v42_23_v32_2_1_v41_25_15_12_8_v34_32_19_v35_29_5_v43_34_21_2_v39_28_24_11_v23_11_10_9_4_v49_38_30_23_22_13_v45_27_17_12_11_3_v28_1_v44_29_13_2_1_v51_46_33_31_25_19_v47_45_40_39_32_1_v47_19_16_7_3_v56_54_37_23_22_9_6_v57_55_53_1_v45_41_40_27_17_v60_19_18_17_14_v61_30_15_1_v60_45_39_31_29_16_1_v62_58_51_13_5_v,64,train,42
vvvv2_vvv2_v8_3_1_vv3_v8_v6_vv14_v8_v14_12_5_v12_9_v13_1_vv18_16_v9_v9_v21_20_12_7_v12_3_v25_18_17_15_11_v20_13_v24_21_15_v25_17_1_v10_v17_4_v12_2_v23_8_v14_3_v24_20_14_9_v34_v1_v31_28_25_24_13_11_5_v36_35_15_v20_10_8_v21_9_7_2_v38_35_14_3_1_v38_22_8_v31_22_16_15_v43_37_29_v43_25_14_11_7_6_5_v20_16_13_v25_v24_16_12_v40_17_13_2_1_v46_39_36_34_22_8_v16_15_4_2_v43_39_30_15_5_3_v35_32_29_5_v40_20_12_4_v54_40_20_19_11_7_v51_49_41_38_v51_31_24_17_16_11_v43_40_10_5_3_2_v58_52_49_24_15_v38_25_13_9_1_v48_39_31_1_v62_54_48_45_34_19_12_v46_45_42_20_10_1_v,64,train,62
vvvvv4_vvvvv10_vv5_v7_v8_1_v14_12_10_v9_v8_v17_13_8_v18_v17_15_10_5_2_v21_11_5_v11_vv2_1_v19_11_9_v24_22_v14_13_v28_19_16_7_v28_14_10_v27_15_1_vv20_9_8_v11_v28_9_v35_32_25_15_7_v32_10_5_v24_10_v29_26_21_15_10_6_v36_30_22_11_4_v39_30_22_21_v25_20_v31_25_3_v24_18_9_2_v42_30_19_17_7_v35_26_24_5_4_2_v39_34_22_15_14_v40_35_31_v32_23_7_5_v47_24_23_5_v46_19_14_v32_22_17_8_v44_2_v47_40_24_23_19_16_2_v50_46_4_2_v47_22_1_v45_39_18_14_v46_35_34_33_19_1_v36_34_27_25_12_v57_55_33_22_15_5_4_v52_29_27_10_8_5_2_v50_5_4_v50_46_41_34_15_v56_47_38_37_32_27_17_14_v,64,train,5
vvvv1_vvv4_3_v2_v6_2_v7_1_v6_v10_v9_6_4_v6_vv6_v11_9_vv16_9_v18_v16_10_6_v20_v6_v5_v23_5_v3_v12_1_v6_v29_27_4_v12_v31_27_6_2_v27_5_v27_16_3_v34_30_21_3_v17_5_2_v34_24_14_v27_26_21_v32_5_3_v27_4_1_v39_37_36_9_v33_24_18_15_v40_22_20_14_v28_19_v39_34_33_12_7_v44_25_20_17_14_5_3_v36_35_31_30_27_25_22_9_3_v41_39_33_v43_33_27_21_16_v48_35_21_4_v32_27_24_23_18_15_v51_49_39_22_16_12_v46_14_13_v39_31_25_6_4_v48_7_2_1_v38_37_32_5_v41_30_29_15_13_v57_48_47_44_23_v41_40_28_25_3_v47_37_23_20_7_6_5_v52_19_4_v60_58_42_37_21_12_v38_19_6_2_1_v55_49_14_3_2_1_v,64,train,52
vvvvvvv4_vvv8_v5_v5_vvv13_5_1_vv12_v17_2_v19_17_v17_13_8_v8_v18_14_4_v7_5_1_v20_2_v14_12_v20_17_v14_8_v22_17_11_2_v29_28_21_11_v30_14_12_1_v21_15_v23_20_6_v31_23_17_2_v28_23_v22_8_v25_23_15_11_2_v31_28_11_3_v38_19_9_v36_35_34_19_v30_26_25_v36_24_v39_35_28_2_v31_11_2_v10_8_7_v45_43_29_26_15_12_v43_42_22_7_v33_32_26_v47_40_30_26_19_v47_34_30_22_v29_14_3_v32_24_16_13_v42_36_21_v48_41_33_14_12_10_v37_28_26_22_13_11_v15_13_v53_46_32_16_14_10_4_1_v48_43_20_15_13_10_v22_14_11_8_1_v51_37_30_24_21_8_v53_51_48_28_18_3_v56_50_44_36_33_v46_40_39_38_10_6_v50_48_42_36_16_14_v,64,test,23
vv1_vvvvv7_v5_v5_v1_v9_v6_2_v9_7_vvv9_vv1_v11_2_v18_9_v13_v8_v15_5_2_v23_22_3_v21_3_v15_10_6_v13_5_2_v26_10_v19_v27_22_v23_10_v29_18_10_3_2_v24_23_4_1_v33_32_23_10_v28_19_14_4_v32_27_14_11_4_3_v34_29_20_18_v27_22_12_4_3_v34_31_9_8_v40_35_v26_v36_29_27_1_v26_25_18_v41_30_12_v37_28_27_26_22_v30_26_20_v47_6_v45_11_4_v49_42_18_14_v48_32_29_27_26_22_v51_44_10_4_v45_37_32_11_10_1_v46_37_33_7_1_v49_48_15_14_v54_53_31_v39_13_v57_52_26_18_17_8_v37_34_24_23_20_v53_49_47_30_29_20_5_v60_54_20_19_18_13_6_v47_44_36_34_24_18_17_13_5_v58_56_53_52_50_49_v34_33_31_4_v,64,train,59
vvvvv4_vvv8_7_3_vv7_4_v8_v11_7_vv7_v3_v8_3_v10_v5_v10_v5_vv19_16_12_v14_6_4_v15_1_vv26_18_15_1_v16_2_1_v19_9_7_v25_23_7_v28_18_10_v28_20_v5_v21_18_13_3_v31_24_23_2_v26_11_v28_25_10_5_v35_14_13_2_v25_20_8_v35_32_22_10_v39_32_27_24_22_v41_33_28_25_v32_10_v37_36_29_v36_29_v44_33_27_15_7_5_v44_26_16_v38_32_27_26_19_3_v45_40_27_17_12_v41_28_5_2_1_v47_31_28_21_v46_43_39_36_7_v48_35_33_29_23_13_2_v51_33_7_6_v41_29_27_22_12_v44_28_21_v49_39_33_19_v54_38_36_29_9_7_v52_44_29_15_v52_45_30_20_1_v60_47_35_34_19_6_v59_52_26_24_14_8_v35_30_28_7_v53_31_29_21_v,64,test,26
vvvv3_vv1_v1_v7_vv9_6_2_v2_v4_2_v8_7_6_v8_v12_v16_10_2_v17_15_v13_12_vv16_15_7_v19_4_v7_v14_8_1_v21_9_v22_21_6_v7_v14_7_v27_3_v15_5_v20_3_v31_14_10_2_v30_10_v30_9_8_v15_9_8_v32_16_10_v36_22_20_7_5_v28_26_14_v34_28_18_11_8_v17_v18_17_8_3_v34_31_29_28_14_11_v33_23_19_16_7_v41_22_14_4_v20_15_5_1_v36_34_11_v22_13_v41_31_v42_41_7_1_v48_45_24_21_v48_18_11_7_v29_19_12_1_v46_38_34_23_v44_27_19_11_8_v51_39_31_19_12_v30_27_21_10_v32_27_23_10_4_v36_28_26_14_v47_46_30_13_3_v55_54_39_34_26_v59_52_48_32_2_v56_43_28_9_5_2_v47_40_38_23_18_v63_47_46_16_v,64,train,53
vvvv2_vv6_vvvvvv6_v12_vv11_5_v13_10_4_vvv1_v15_v11_6_v20_14_5_v15_13_4_v19_7_4_v25_19_18_v25_19_1_v9_8_v28_27_15_3_2_vv24_23_19_5_4_1_v17_13_12_v30_28_v24_14_6_v23_5_4_v29_23_19_6_5_v22_18_9_v35_15_5_v28_19_17_15_7_v25_21_8_3_v26_9_2_v37_33_26_19_9_4_v40_38_37_18_v42_30_17_v42_27_22_20_2_v36_34_26_22_12_v35_1_vv37_19_14_2_v34_28_11_9_v41_39_24_20_17_7_5_v48_45_35_4_v49_36_35_28_17_v50_33_29_1_v39_14_5_v47_45_32_v43_42_20_v53_52_37_15_4_v41_29_23_10_6_v51_42_37_36_14_13_11_1_v52_50_45_19_5_v61_48_33_14_5_v62_56_15_11_1_v50_36_30_27_20_13_7_v,64,val,15
vv2_vvvvv3_v4_v7_v7_v3_v9_vv12_v11_8_7_6_v8_1_v11_vv17_10_5_vv7_v5_v23_20_v23_18_11_v16_10_9_v17_7_1_v22_v15_v21_18_13_v10_2_1_v13_v26_15_10_9_v30_21_10_v22_12_11_2_1_v31_30_28_v16_15_v32_6_2_v34_33_30_27_11_3_v13_10_v20_12_10_v23_10_v26_17_13_3_v38_25_16_v30_25_23_18_5_v25_16_15_9_6_v21_20_7_4_v46_41_34_23_v43_30_17_11_5_v48_43_25_2_v43_41_40_35_15_13_v39_29_17_v50_39_38_31_24_12_v53_47_30_29_21_v54_52_41_2_v38_33_4_v53_46_25_19_6_v57_55_54_48_47_34_7_v40_31_17_15_7_3_v59_35_6_5_v40_39_24_20_8_v58_49_30_20_10_5_3_v41_26_23_18_17_v50_39_9_4_v,64,train,13
vvvvv4_v2_vv4_2_v5_vvv11_v9_5_v11_v14_5_3_v5_4_v1_v14_5_v19_16_v18_15_v13_11_7_v2_v13_6_v21_vv7_v22_2_v25_9_6_4_v29_22_v19_14_5_3_v30_19_15_6_1_v31_v22_v28_27_v11_v3_v35_5_2_v30_28_25_17_15_2_v37_4_2_v34_33_32_6_v40_39_36_21_9_4_v35_34_28_21_13_2_v30_25_7_5_v25_18_10_v35_31_24_10_8_v22_11_7_v38_17_14_11_v44_42_39_22_v48_44_24_22_18_v39_34_33_27_17_14_12_v50_41_36_19_14_6_v49_38_28_17_7_v44_27_6_5_v52_34_32_15_8_v55_26_v34_32_28_10_2_v57_50_38_28_23_13_v54_49_40_22_15_11_v48_29_26_12_v60_57_46_41_31_18_5_v51_49_46_45_44_38_v56_36_28_18_14_v37_19_1_v,64,train,39
vvv1_vv4_vvvv7_6_v4_v7_v6_4_2_vv13_v8_v11_v13_6_v11_5_3_v9_v19_6_v21_v22_14_10_v21_12_10_8_5_v16_3_v18_12_7_v26_5_v24_18_17_vv27_20_v14_9_4_v27_20_10_7_v22_13_5_v29_27_2_v33_29_20_15_v35_13_v34_33_13_v30_26_22_20_14_v35_2_v11_v20_12_v28_23_16_v28_22_10_2_v29_24_11_9_1_v44_36_23_22_20_v45_40_29_19_15_11_10_v36_27_11_1_v37_22_20_v46_35_25_19_v21_10_9_7_v41_37_25_21_3_2_v48_24_19_13_9_v51_47_36_31_22_v44_26_6_3_v48_46_42_30_23_21_v19_16_v50_49_46_31_9_v29_18_2_v19_16_9_7_3_v23_21_8_4_1_v50_48_38_25_14_v42_27_16_15_v61_42_34_22_10_5_v59_57_56_46_30_26_7_v,64,val,27
vvvv3_vv4_v6_3_2_v8_vv7_v2_vv2_v10_9_v7_1_v13_v11_6_4_v16_v19_11_7_4_v7_v1_v18_15_2_1_v18_vv22_9_vv11_v26_10_v27_11_v21_19_13_vv26_v2_1_v24_3_1_v11_v24_12_1_v11_9_v22_11_3_v30_28_v40_36_26_v38_25_14_v36_11_10_9_v31_20_8_7_4_v35_28_19_6_5_v27_19_17_16_8_v46_34_27_22_11_10_5_v43_26_25_21_v46_42_35_31_19_v40_24_18_5_v45_38_36_35_31_27_7_v47_25_14_11_4_v41_39_29_13_9_v51_47_25_21_v27_19_16_13_8_v54_51_50_48_41_v43_36_35_30_27_11_9_8_v57_49_43_42_17_v52_49_41_28_27_16_9_v54_52_46_39_37_36_7_v32_28_27_26_7_v51_36_30_27_12_v59_52_37_1_v28_25_24_20_19_v,64,train,69
vvvvvvvv6_v1_vv9_v2_v7_vv1_v15_12_v3_2_v12_5_v16_1_v15_8_v6_4_v18_6_v20_4_v19_8_4_v19_18_16_v14_6_v22_17_15_v11_v20_v21_5_1_v18_3_v32_21_v27_8_3_v18_10_v28_v29_25_4_1_v27_24_v24_23_20_19_v34_12_v35_24_16_6_1_v41_19_v40_35_34_33_31_17_6_v42_33_16_6_4_v41_21_15_14_11_v35_33_19_8_v31_29_28_25_18_8_v33_27_21_2_v35_30_20_17_2_v47_45_41_38_v49_34_28_9_v46_39_31_24_v49_38_33_23_14_8_v39_36_25_22_8_6_v54_22_19_18_v49_37_36_32_22_11_v43_25_19_11_3_v43_28_5_v58_54_36_17_v55_43_39_35_12_2_v60_56_49_28_11_2_v57_53_52_32_12_4_2_v61_46_23_22_19_v49_16_6_4_v,64,train,29
vvv1_vvvv3_vvvv11_3_1_v11_v6_v13_2_vv7_3_v12_2_v14_11_5_v15_12_4_v11_6_v15_v16_10_v16_4_v15_10_4_v24_13_3_v17_14_12_6_v22_14_9_v22_7_v20_6_v30_27_3_v30_23_20_v22_11_v27_5_v28_1_v33_32_30_8_5_v10_7_v27_9_5_4_3_v28_6_v18_11_7_2_v2_v29_15_12_5_v41_28_11_v39_38_25_24_16_v44_35_28_14_v24_13_7_5_v44_41_29_11_v47_45_44_17_v40_38_37_10_8_v40_23_20_13_v49_42_19_10_5_2_v36_17_v47_37_35_33_9_v43_16_v35_31_25_13_v41_31_24_13_v50_35_34_11_6_v57_48_46_33_26_13_2_v45_42_31_28_14_v52_50_46_43_36_30_v60_50_49_13_7_v60_39_36_11_5_v41_34_23_v61_48_46_29_26_17_16_12_10_3_v,64,train,9
vv2_v2_v3_v2_v2_vvv9_7_v8_v11_2_vvv1_v1_v8_vvv10_2_v3_2_v1_v15_7_v11_v20_18_vv21_v18_16_8_v27_25_24_v23_5_v23_22_15_8_v18_17_vv21_19_18_3_v30_28_6_5_v14_v19_13_v29_25_21_7_4_v37_34_17_14_v18_1_v26_9_8_7_v39_32_31_24_23_22_21_v40_32_24_1_v36_30_29_28_21_v21_16_10_8_v44_42_20_v35_19_13_v46_40_39_31_17_4_v45_43_22_20_4_v49_47_v48_8_1_v34_22_17_15_7_v35_32_31_23_17_1_v53_42_40_22_21_13_10_4_v42_28_17_v43_32_29_11_7_1_v44_39_37_33_29_23_20_10_v54_52_32_31_12_v57_42_33_13_11_v43_34_33_22_5_2_1_v36_31_25_8_v50_29_28_21_15_8_v44_42_41_23_20_12_v42_39_28_25_3_v,64,train,87
vvv3_v3_vv6_vvv4_v5_v9_vv11_6_5_v14_8_v14_11_10_v12_11_1_v5_vv18_4_v16_4_2_v14_13_8_v10_5_v21_12_4_v7_v25_13_11_v17_v26_8_4_v18_v26_23_v21_4_v25_2_v22_6_v30_2_v6_5_v30_26_19_17_15_5_v18_12_v31_9_8_3_v30_25_v25_14_v27_2_1_v35_27_4_v42_12_v43_31_26_19_18_7_v30_5_4_v43_34_32_23_5_v35_29_24_1_v40_39_26_v43_39_38_22_16_v41_35_12_8_5_2_v32_20_15_8_v25_21_19_17_9_v41_35_29_25_6_v43_25_21_19_2_v46_16_14_10_5_v53_48_42_36_32_v44_34_31_17_16_11_v23_15_6_v40_38_34_22_v58_55_42_39_35_32_7_1_v60_57_31_26_18_3_v58_32_30_28_v62_44_26_20_19_12_v63_60_57_32_30_v,64,train,97
vvvvvv4_v4_1_vvvv2_vvv1_v6_v5_vv13_8_4_v8_3_vv21_18_14_v17_14_4_v17_16_2_v22_18_1_v24_16_10_v24_20_v18_12_v19_1_v20_18_1_v26_10_v19_18_v21_5_4_3_v24_22_17_8_v15_8_v25_23_v23_5_v31_12_4_v32_22_19_12_5_4_1_v38_22_v40_37_26_19_v33_24_16_2_v34_v39_37_36_7_6_v39_36_24_22_v41_9_2_v21_9_5_v44_40_11_4_v47_23_9_7_v49_28_26_25_v50_48_26_24_1_v38_37_11_v48_42_40_22_17_16_7_v50_40_17_13_6_2_v53_39_29_27_v45_41_37_20_v48_39_15_14_v45_26_21_5_v46_45_44_27_23_3_v59_48_40_33_27_25_9_v55_50_42_40_30_16_8_v53_41_20_17_15_v58_42_32_25_19_16_1_v55_46_45_41_21_7_v,64,train,93
vvv2_vvvvvvvv10_2_v10_2_v9_7_v3_v11_v8_v15_13_v18_15_v19_16_1_v15_v9_v20_12_10_v18_7_3_vv23_3_v24_22_13_9_v26_24_8_v18_4_v10_2_v30_23_12_v25_10_v32_13_8_4_v11_9_5_v25_20_v34_24_21_8_v22_12_4_2_v30_25_16_6_v33_v37_35_22_14_v39_34_10_v19_16_8_v38_27_v38_19_7_v44_34_32_16_12_v39_38_15_14_8_5_v46_39_34_16_9_2_v27_5_v44_40_32_28_25_6_1_v48_46_31_19_9_v40_28_22_17_v46_36_31_9_4_v47_37_1_v29_20_10_v45_43_40_20_v50_22_12_3_2_v52_41_23_17_15_4_1_v52_48_23_21_19_14_v39_29_26_22_v51_50_48_43_21_2_v35_21_19_4_v59_55_49_48_40_35_30_v57_46_39_24_3_v49_36_34_28_27_5_v,64,train,127
vv2_v2_vv1_v2_1_vv3_2_v3_1_v1_v4_v9_v6_2_v14_13_12_v15_vv16_14_5_v2_v12_8_vvv17_v11_v24_22_9_v2_v14_9_3_1_v24_15_4_v18_15_8_v14_2_vv29_7_v16_14_v14_v6_v5_3_v20_v19_v36_24_7_v23_21_3_2_v33_27_25_11_v20_7_v42_27_13_v38_35_7_6_4_v44_43_41_30_2_v34_32_26_25_17_12_v45_32_29_20_14_11_v27_20_14_2_v40_39_12_5_v46_22_20_7_5_v30_22_v31_30_28_26_24_4_1_v31_27_1_v35_23_21_18_16_10_v47_35_14_v51_50_21_14_v52_50_47_46_28_22_1_v38_30_28_24_17_10_3_v37_30_24_17_8_7_v54_37_29_16_6_v44_36_24_v47_45_37_30_29_23_15_1_v37_36_32_27_16_10_3_v58_42_41_22_11_8_4_1_v,64,val,13
vvvvv2_vv7_v4_v7_3_v4_1_v2_1_vv13_6_v13_2_vv9_4_3_v15_v1_v10_8_v2_v21_8_v11_7_3_v8_1_v5_v7_5_v26_5_v23_19_v10_4_v5_2_1_v27_25_vv24_9_2_v26_21_19_17_v31_19_11_4_2_v16_11_6_vv18_10_8_2_v20_18_10_9_v26_18_14_13_v39_25_4_v35_24_v41_31_27_20_2_v35_24_16_12_6_v42_27_26_16_v44_33_31_29_v44_37_27_22_18_2_v32_7_v12_8_1_v45_44_41_22_v35_10_3_v34_33_26_25_12_v52_45_39_v33_28_26_24_15_4_v52_48_45_37_13_v36_33_32_24_12_v56_39_30_5_v56_21_17_12_v55_43_24_22_11_10_v51_36_28_27_16_4_v60_59_54_53_50_49_46_27_18_v61_55_44_20_5_1_v59_26_5_4_v58_55_33_31_14_v,64,test,9
v1_vvvvv4_2_vvv8_vv8_5_v5_v11_v14_13_5_vv13_5_v17_14_5_v12_9_7_v19_18_16_10_8_1_v5_v17_8_v22_8_v23_20_6_4_vv25_3_1_v19_14_13_10_v24_15_11_10_1_v22_19_10_v24_v15_v31_24_19_14_7_6_vv28_9_8_4_v5_2_v33_29_24_22_19_9_v29_23_15_10_v28_23_15_9_v14_9_5_v37_26_18_v30_v33_26_21_11_v27_22_2_v41_22_4_v34_v43_41_39_24_2_v42_38_v43_26_11_1_v19_16_14_10_v44_27_24_16_v14_6_3_v46_22_2_v45_21_16_2_v45_33_12_v22_14_6_v46_27_18_v12_10_9_6_v47_17_13_7_5_3_v50_48_14_12_5_2_v49_39_19_17_1_v36_29_22_12_8_6_3_v41_8_3_2_v33_32_30_28_11_v48_33_31_23_21_9_1_v,64,train,65
vvvvvvvvv9_2_vv9_vv1_v13_8_v14_v14_12_v10_8_v13_v18_v16_12_10_2_v19_10_v16_11_v21_19_11_10_7_2_v21_v20_12_v11_v27_26_21_13_12_5_v2_v29_24_20_12_11_v2_v27_19_8_v29_8_v29_28_21_20_15_13_8_2_v6_v34_20_9_7_v34_28_20_v35_31_23_1_v30_28_18_v38_11_5_4_v14_12_10_v27_9_4_v35_25_12_2_v24_9_v41_36_20_8_v42_25_2_v29_16_4_v45_41_36_25_10_v47_34_29_5_v49_44_27_22_20_v36_7_5_2_v21_5_v52_45_43_12_10_v52_34_19_14_10_v50_46_44_38_34_18_16_v52_47_35_11_10_v51_43_35_33_31_v42_31_17_5_v34_26_22_21_17_14_v56_45_27_18_14_9_v55_49_39_38_11_4_v44_43_32_v34_32_16_11_v63_48_36_11_6_v,64,train,58
vv1_vv1_vv3_2_vvv9_5_vv6_v1_vv14_9_5_vv8_v1_vv16_13_v2_v6_3_1_v9_v22_8_v13_4_v22_9_v18_10_9_vv27_5_v28_27_6_v12_9_v28_15_14_6_v24_5_v19_17_v16_4_1_v33_v32_27_24_v30_15_v38_29_26_2_v37_24_16_10_4_v40_35_29_28_26_2_v24_15_10_v31_30_29_18_v30_19_1_v35_30_28_19_11_v34_27_25_v36_31_26_25_22_7_3_v35_34_25_11_10_5_v40_32_21_16_15_14_v36_27_12_6_v40_7_4_1_v45_32_14_4_v25_22_18_4_v50_49_44_28_9_v27_13_v45_20_16_9_v55_29_28_15_2_v53_51_21_10_6_v51_48_21_9_8_v44_38_36_32_31_29_7_3_v53_50_25_5_2_v50_41_37_16_v54_36_35_30_21_8_v58_52_49_45_30_29_18_v,64,val,5
vv2_vvv4_vv4_vv1_v8_vv8_vv2_v5_v12_v5_v17_2_v15_3_v8_6_v15_4_v22_v5_v21_8_5_v6_5_v15_11_v21_6_v24_12_v3_v25_7_v31_29_21_v20_18_v7_4_3_v20_15_14_10_9_v29_27_26_14_v25_10_3_v37_19_15_14_v38_9_v34_9_6_v40_38_27_18_v35_19_14_6_1_v38_30_23_22_17_v14_13_10_v36_32_27_23_9_v37_33_13_1_v44_36_31_20_6_v24_18_17_9_4_v39_35_13_8_7_v45_37_32_28_22_21_v35_24_21_12_v48_44_27_v39_v52_50_48_46_v54_44_39_23_16_4_v42_29_15_9_3_v47_4_1_v57_34_20_19_10_v51_34_24_7_v50_46_11_7_3_v55_49_27_24_21_7_v60_56_43_38_31_v46_44_40_35_34_25_21_13_v62_60_47_45_39_10_v,64,train,86
vvvvv5_v3_vv3_vv9_v9_vvvvv10_7_v5_vv4_1_v2_1_v20_15_7_5_vv14_v12_2_v21_12_v17_10_3_v14_v8_v12_3_1_v28_26_19_v16_12_7_v21_v32_31_23_v22_18_17_13_v34_25_20_16_8_v28_v21_20_11_8_3_v16_10_9_v39_34_31_7_v32_17_4_v34_5_v40_38_29_17_15_12_7_v36_34_27_2_v26_25_17_9_v45_42_40_38_37_9_4_v44_36_13_11_4_v24_11_7_6_4_v36_31_26_24_19_10_v48_46_43_28_16_v47_39_18_5_1_v47_40_26_21_19_v29_26_23_v34_33_31_29_25_22_15_v46_22_15_14_v35_27_v53_50_49_40_13_11_v56_43_42_36_26_22_v58_26_19_13_8_v47_45_38_35_28_25_2_v37_20_6_v48_43_41_36_34_17_6_v53_39_19_15_v61_52_30_14_13_v,64,val,12
vvv2_1_v4_vv4_vvv3_v5_v11_v10_6_3_v11_7_v13_12_11_v13_2_v5_v17_12_6_v13_8_v8_3_v20_16_15_3_vv12_v17_13_5_1_v3_v17_v19_1_v11_6_v21_1_v27_14_v28_23_1_v23_16_v25_11_5_4_v26_7_6_5_v29_24_10_v28_27_20_6_5_4_v11_v26_21_16_10_v34_18_v34_22_5_v21_15_4_v30_24_17_7_2_v34_17_16_v34_31_21_v28_19_18_17_11_8_v45_41_34_26_v44_39_32_16_v38_25_24_4_v35_33_17_v33_30_13_9_5_v49_48_47_38_v46_13_v34_14_1_v48_35_2_1_v43_33_30_17_13_v47_42_24_7_v46_34_22_13_v53_38_17_12_v51_50_32_23_16_v53_50_36_12_v55_40_22_9_v60_54_47_40_37_29_15_v38_28_19_6_v62_51_39_20_13_2_1_v,64,train,75
vvvvv2_vvv5_v2_vv9_v12_3_v8_v3_vv14_1_v15_1_v12_v8_v5_4_3_v21_19_11_9_v14_v9_v22_9_8_v15_6_v25_v16_14_13_8_v28_19_16_v24_23_16_11_v21_20_11_5_v27_5_v25_v15_1_v12_v34_33_24_v25_5_1_v34_32_29_15_3_v31_29_v35_25_16_8_v27_21_13_2_v38_36_28_v38_16_11_3_v32_29_12_7_4_v38_26_12_11_v42_37_23_v33_32_23_19_v44_6_2_v14_11_9_6_v49_28_v41_40_38_29_20_v49_41_40_32_30_26_v43_33_22_14_12_v31_19_14_8_5_v39_30_28_v48_23_17_15_11_v49_24_23_v57_55_42_40_37_36_29_8_3_v57_32_27_23_22_v58_35_33_5_v54_47_31_20_16_5_v60_59_37_26_2_v49_21_17_16_15_v40_24_18_17_10_1_v,64,val,0
vvvv1_vv1_vv6_vvvv12_11_10_4_v7_vv13_v14_v13_3_vv10_9_v13_10_v14_12_2_v19_15_v2_v20_7_v22_21_3_v19_16_7_6_5_v11_v24_14_11_3_v28_18_v18_16_v30_20_4_2_v31_20_3_2_v20_10_v24_14_v17_v31_30_21_v32_26_10_6_v30_25_15_5_v34_24_3_2_v25_13_3_1_v27_23_19_13_11_6_v41_40_30_26_15_11_v43_35_31_v33_20_7_v45_2_v38_8_3_1_v38_26_24_v46_42_40_35_33_12_10_v47_34_33_22_9_v44_37_29_27_17_v40_27_22_19_7_v40_34_22_11_v39_36_29_23_21_2_v47_34_v55_43_37_21_3_v49_38_36_22_21_2_v34_19_12_11_v58_49_39_24_13_3_v37_34_31_18_v42_26_5_4_v52_38_16_14_4_3_v52_43_28_4_v56_41_28_22_7_v,64,train,84
vvv3_vvv2_v3_1_v3_vvv2_v2_v10_v14_v12_5_2_v16_3_v8_7_v17_14_11_vv6_v10_v12_10_7_v9_v18_v12_9_3_v13_11_4_1_v8_v10_9_v26_20_19_14_12_v24_18_8_6_v29_26_23_v18_9_v13_v33_23_16_13_v31_26_24_18_17_1_v36_33_23_20_v36_19_9_v29_27_17_9_v25_19_7_v35_32_11_2_v36_20_7_3_1_v19_2_v30_27_7_v36_12_v41_35_28_10_v40_39_28_18_16_v39_14_3_v46_v30_22_v38_20_v18_4_v42_40_7_2_v51_45_33_22_20_6_5_4_v52_35_26_23_17_6_5_v7_6_2_1_v52_50_32_11_v57_43_41_37_32_v39_31_30_12_v35_29_14_9_7_3_v40_28_27_21_16_13_9_v53_38_29_21_19_17_v62_59_48_39_33_22_20_v62_58_32_29_26_22_9_v,64,test,21
vvvvv4_v5_vv3_vvv7_vv1_vv3_2_v8_v8_v18_14_7_v17_11_3_v8_v11_6_v20_6_3_vv7_4_v5_1_v24_23_12_7_3_vv17_14_vv27_11_4_v24_4_v32_15_v24_6_2_v18_v25_19_13_v36_9_3_v37_28_20_5_v31_9_7_5_v32_25_v38_36_29_27_26_12_v41_30_23_14_13_10_5_v35_28_14_11_3_1_v43_39_25_18_v43_39_36_28_10_v41_33_32_25_20_5_2_v40_38_27_v44_21_18_v47_42_2_v48_44_41_3_1_v47_44_31_20_4_v50_48_45_22_4_1_v42_31_v51_39_27_13_v47_31_25_16_15_v54_45_39_21_20_11_3_v42_33_30_17_2_v55_44_35_17_v48_45_43_37_36_23_1_v59_50_26_23_22_v60_43_36_35_28_17_v40_37_9_v50_47_42_41_38_1_v40_37_34_16_9_v,64,train,63
vvvvv4_v3_vvvvv2_vv5_3_1_v14_13_9_7_v8_v16_15_2_v13_v13_v10_v13_v18_2_v7_vv13_12_v19_v23_22_7_5_v25_9_v25_24_22_11_2_v6_v21_19_13_11_v29_28_4_v25_17_v4_v34_18_16_7_v27_23_22_18_11_v34_31_22_18_9_v27_14_v15_13_7_v16_10_1_v29_23_16_10_5_v16_3_2_v42_39_21_8_v41_20_12_7_5_v36_9_v37_35_8_1_v43_40_21_15_8_v10_3_2_v39_33_29_v40_39_38_37_36_25_v41_35_28_2_1_v50_46_35_33_17_v42_30_3_2_v30_24_20_16_6_v47_39_35_34_33_6_v51_38_36_29_25_v50_39_28_21_12_9_v57_50_43_37_36_15_3_v43_36_26_6_v53_26_12_6_3_v52_50_47_15_v56_43_25_v56_37_33_29_23_21_3_v60_36_32_29_21_v,64,train,2
vvvv4_vvvv7_v1_v10_v7_v12_5_2_vv5_4_v12_9_4_vv15_1_vv16_1_v7_2_1_v20_19_16_vv22_2_v2_v25_21_19_14_10_v24_v18_13_v6_v21_16_v21_v26_10_8_v9_5_v9_v21_14_v28_23_13_11_7_v31_12_5_3_v34_28_23_7_v37_30_9_v38_37_23_22_18_v40_34_30_26_15_v36_19_17_8_5_v37_20_1_v35_34_30_25_23_13_v44_40_32_16_9_v43_29_28_19_v33_17_12_v40_23_20_15_12_v32_22_10_3_v20_3_v49_34_12_11_2_v40_17_2_v29_28_21_20_16_5_v35_23_10_v20_8_5_3_v53_50_34_29_13_v48_43_27_13_v56_49_48_34_30_25_v54_36_30_16_14_v56_41_40_29_22_6_v57_54_46_45_23_20_v58_50_46_42_41_27_10_v36_33_24_14_13_11_v56_53_51_49_36_16_v,64,train,26
vvvv3_vvv1_v7_4_v7_6_1_v5_vvv12_9_v14_11_3_vv8_v5_v12_v3_v10_3_v19_v15_v17_11_6_vv10_v21_16_7_v9_3_v25_v25_16_1_v20_14_11_8_4_v13_6_v27_19_7_v33_22_19_8_2_v33_29_26_21_2_vv11_4_3_v35_34_28_16_v26_21_18_v36_28_25_11_10_6_v23_17_v36_15_7_v36_27_24_19_v39_22_14_6_v34_22_14_v37_29_26_19_11_4_v40_39_24_23_6_v23_12_v43_38_28_23_16_10_v42_25_v28_10_6_4_v41_34_31_11_7_1_v37_34_27_21_10_v51_49_45_44_32_10_v41_25_22_21_18_15_v55_22_20_8_v50_49_38_32_29_7_v57_22_2_v58_55_49_44_1_v47_44_36_34_21_17_11_v57_32_31_23_17_v43_37_34_30_28_14_6_v55_13_v39_28_16_14_6_1_v,64,train,49
vvvv2_v2_v4_2_vvvv4_v7_1_v10_9_7_6_v9_5_2_v10_8_4_3_v15_v6_5_v12_11_5_v10_5_v16_14_12_v19_11_v6_3_vv22_v24_4_v20_8_6_3_v18_15_13_v24_15_4_v25_9_5_v17_2_v24_20_13_8_5_v31_7_v22_16_10_2_v33_18_12_2_v14_10_3_v27_9_v25_20_v28_v37_15_10_v31_21_4_v9_7_v41_26_12_v40_30_13_v41_28_22_14_2_1_v23_11_v7_v9_8_1_v40_10_2_1_v40_13_9_v42_30_4_2_v17_15_10_6_v44_32_15_4_v34_31_17_13_8_2_v34_25_15_8_4_v54_53_34_30_13_v53_51_42_37_34_12_v40_34_24_20_v54_34_30_29_v39_36_33_22_7_2_v28_25_19_v51_40_26_20_10_1_v60_52_41_24_23_15_v61_39_35_33_21_v62_22_9_1_v,64,val,16
vv1_vvv1_vv2_v3_v1_v10_3_vv10_vv13_12_2_v15_5_v10_v14_6_v10_v8_2_v19_3_1_v18_8_4_vv16_14_vv13_3_v2_v1_v28_18_15_7_v13_5_v17_6_1_v28_27_20_14_v20_18_7_v28_26_23_5_v29_27_26_25_11_v34_21_10_3_v35_17_16_11_1_v33_32_9_6_4_v14_12_11_v23_17_15_10_1_v37_19_12_9_3_v23_v36_v26_23_22_v17_v39_33_2_v2_v41_35_31_25_22_8_5_v37_29_17_12_7_v25_23_19_v43_41_40_27_v51_38_36_25_23_21_2_v46_7_v49_48_45_35_12_v46_45_8_4_v49_43_13_10_8_v38_31_20_15_8_v53_26_16_9_4_v57_56_46_38_15_13_v53_46_43_30_29_7_v47_39_17_15_v51_46_35_34_11_10_v35_18_16_12_8_1_v50_18_11_4_3_v,64,val,6
vvvvv2_vv6_v4_vv6_2_v11_4_v6_v9_3_v6_4_v15_v10_4_vv18_7_v14_13_7_vv20_v22_15_11_v18_11_4_vv16_13_12_9_v25_19_6_5_v23_19_13_10_v25_23_v9_8_3_v6_v7_1_v12_8_v24_20_8_v34_31_19_6_v31_18_8_5_v35_15_6_v15_v17_2_v39_24_17_2_v38_8_v4_2_v25_24_12_7_v19_13_5_v42_40_9_v30_11_6_4_v22_15_14_6_v27_23_15_4_v34_25_v38_31_19_13_7_v49_43_39_14_1_v41_38_37_3_v50_43_19_12_v23_17_15_10_v34_33_25_16_11_7_v39_27_v42_39_38_29_14_8_v45_44_34_32_9_6_v51_36_21_17_v54_53_43_40_31_4_v60_57_55_42_37_26_12_4_v59_57_48_28_17_9_v34_28_21_17_7_4_v61_33_32_28_23_19_17_v,64,test,15
vvv2_vvvv5_vvvv6_1_v4_vv7_4_v7_3_vv15_10_v17_1_v2_1_v14_v17_v17_14_11_7_v23_19_11_v19_14_13_3_v24_22_v13_v26_20_10_9_v15_12_2_v27_21_12_10_v23_20_16_v21_20_v7_6_4_v32_30_26_6_v24_21_v26_11_v28_24_17_7_v33_32_25_22_16_15_14_13_v38_15_v19_18_15_v38_33_30_26_9_v35_21_v33_26_7_v8_1_v31_19_18_12_v33_26_22_9_7_v26_22_11_v39_25_18_v45_23_v43_40_33_8_7_v48_39_28_21_19_10_3_v31_10_5_v49_45_42_22_19_v50_20_1_v54_48_34_15_5_v55_51_34_32_16_1_v36_32_17_10_v44_23_14_v45_42_30_16_15_1_v50_24_18_13_10_8_v57_50_47_35_26_16_12_8_v60_43_42_16_v52_38_27_19_5_v53_29_6_1_v,64,train,22
vvvvv4_v4_3_v3_v5_2_vvv11_8_3_v3_vv7_v8_1_vv16_13_12_v16_5_v7_3_v20_19_15_v3_v6_v13_v22_18_16_6_v21_v24_8_vv27_24_11_8_3_vv20_7_4_v28_20_2_v28_25_17_7_v18_4_1_v30_18_17_12_v26_23_16_8_v20_17_14_v28_25_14_10_2_v38_27_18_7_v29_13_9_v38_34_26_25_v28_v36_27_13_9_2_v30_25_22_16_v34_17_v33_26_22_8_v26_21_18_17_15_8_v44_41_18_16_5_v21_11_4_v45_33_30_15_v11_9_v22_19_18_5_v42_29_15_8_4_v46_39_30_8_v46_36_33_30_11_v42_37_29_16_14_5_v11_3_v32_25_11_6_v54_51_39_13_9_5_2_v49_32_20_16_15_v55_43_38_26_24_v59_47_35_31_21_v48_39_32_9_1_v50_24_22_20_13_4_v,64,train,19
vvvvvv6_vvv9_vv1_v5_vv7_5_2_vv9_v16_15_v13_v16_14_v17_1_v20_16_3_v7_v19_v20_18_1_v22_17_v8_3_v18_15_13_v17_12_v18_13_1_v30_v31_28_25_11_1_v30_15_9_v33_24_3_v25_7_1_v24_20_6_v25_23_1_v21_9_v32_22_1_v29_28_11_2_v21_15_v36_22_21_v34_24_17_16_2_v43_37_34_5_v43_39_27_23_v15_12_11_4_v39_34_31_30_17_11_v32_25_12_11_v46_38_37_35_12_v47_32_27_5_v49_33_32_29_27_24_18_v49_41_19_3_v44_29_28_26_10_v50_47_45_29_28_22_1_v38_16_v25_24_14_10_v51_38_37_16_14_v55_44_35_21_10_9_8_v54_52_34_21_20_v55_49_36_27_8_v40_29_19_5_v58_42_36_21_v58_52_25_23_4_3_v56_54_49_47_25_20_9_v,64,train,34
vvv1_vv5_v4_3_vv4_vv7_vvvv9_5_v2_vv15_14_7_6_v16_12_vv11_7_v5_v10_v23_22_v8_v6_4_v26_14_4_3_v12_v17_12_7_3_vv23_6_v30_8_5_v30_24_21_15_v4_v24_23_17_15_v30_26_21_v28_18_v31_19_3_1_v38_33_16_12_v12_v36_32_29_13_12_8_v34_12_11_v38_34_2_v31_22_18_17_12_v42_36_26_12_8_v32_25_12_v30_25_22_16_3_v40_35_25_17_4_1_v29_14_11_v36_34_20_16_8_4_v41_37_36_35_30_23_11_v48_41_17_14_v51_33_29_27_21_9_4_v53_30_17_16_5_1_v39_38_30_27_26_24_14_13_5_v48_46_26_22_14_10_v51_21_18_v46_38_32_29_23_v54_31_19_18_v50_39_14_4_v56_52_21_10_2_v54_39_23_14_6_5_v59_56_25_11_v54_28_8_7_2_v,64,train,116
vvv2_vv5_vvv4_v2_vv6_v6_v7_1_v14_12_9_vv1_v1_v1_v17_12_v18_9_v12_7_v21_19_10_9_v17_v17_v12_10_v22_20_18_3_v27_13_6_v26_21_19_14_7_v19_v28_23_11_2_v23_5_v25_8_v31_28_19_13_v29_23_14_1_v34_32_3_v32_13_10_vv34_30_11_v28_22_21_v35_22_11_v26_25_18_4_v34_18_4_v43_39_16_5_v34_21_8_7_3_v40_35_16_5_v29_28_6_v43_11_4_v41_39_24_10_6_v40_28_22_11_1_v48_43_31_30_18_v41_22_14_7_v42_16_8_7_5_v47_40_38_30_28_12_v49_43_36_15_14_v55_50_12_10_8_3_v40_39_19_15_10_v44_42_41_35_32_v47_38_19_8_v51_28_24_v52_36_25_18_1_v37_29_26_1_v61_56_50_40_36_31_27_3_v34_26_23_17_12_7_v,64,train,95
vvvv2_vvv4_v4_v8_v10_v11_v3_vv2_v10_vv3_vv9_v12_v16_6_2_v5_1_v18_10_v24_21_14_5_v11_10_8_4_3_v17_14_12_v22_11_4_v28_22_17_v25_21_9_v24_2_v30_20_14_v30_28_24_v28_18_13_v28_23_6_3_v27_19_3_v35_5_2_v21_2_v38_35_14_10_v23_15_12_v27_5_3_v26_23_21_12_8_v40_30_28_24_v30_27_20_16_6_3_v41_37_v40_37_25_22_12_10_v45_40_37_12_10_v44_19_17_9_3_v47_17_v35_34_31_24_8_7_v40_31_29_28_v38_28_16_11_6_v49_45_36_28_13_v23_9_6_v52_45_42_22_12_v46_41_29_v51_37_35_32_29_17_v55_53_25_v51_14_5_v59_49_48_42_37_28_9_v58_56_42_31_19_18_v60_52_13_6_v48_45_31_14_7_1_v57_33_17_10_5_v,64,train,21
vvv1_v4_vv5_vv3_vvvv7_v10_v13_vv14_13_v15_1_v14_13_v18_13_5_v18_17_v16_13_9_v22_7_v23_8_1_v15_5_v15_13_4_v21_8_v15_v16_6_3_1_v23_v15_8_5_2_v27_13_4_v26_3_v28_26_25_7_v20_15_10_v25_20_12_10_v34_19_18_16_10_v26_20_19_1_v35_25_22_v20_15_v29_11_v41_37_30_23_4_v18_9_8_v36_22_v41_24_11_2_v45_41_23_18_17_14_v37_36_v40_38_23_14_5_1_v37_32_31_11_8_v48_43_20_17_9_v30_24_17_14_6_v38_v37_27_22_17_v40_13_2_v44_33_29_v52_41_21_13_11_v46_10_2_v44_41_19_17_9_4_v51_37_15_12_11_4_2_v58_56_46_45_19_10_8_6_4_v53_52_39_27_17_v56_49_43_34_30_v43_38_23_16_v54_39_17_1_v,64,train,18
vvvv2_vvvvv4_vv11_v2_v7_v11_10_v10_7_v14_12_2_v3_v5_v16_12_5_vv10_4_v22_v18_15_8_v21_4_v5_1_v25_v25_23_12_v21_10_v29_7_v24_v18_2_v32_21_10_v33_13_4_2_v26_2_v22_15_10_4_2_v33_12_v36_7_v31_10_2_v36_22_18_15_v37_33_21_4_2_v17_13_5_3_v29_24_17_14_7_v42_37_13_6_v39_35_34_32_v40_37_36_22_11_v38_31_19_v35_25_18_16_v42_41_35_30_20_18_11_v46_35_32_10_v26_25_22_9_8_v40_19_17_v51_46_39_21_9_v44_21_19_8_v53_42_28_23_7_2_v46_43_11_8_2_v51_46_41_29_12_v57_46_37_36_24_v48_46_32_4_v55_51_32_25_13_8_v56_49_46_43_39_9_1_v39_29_14_8_6_v42_41_38_23_5_v62_53_37_36_7_5_v,64,train,71
vvvv1_vv4_vv1_vv6_vv6_v7_v11_10_7_6_4_v4_v5_1_vv16_11_v12_1_vv21_20_v16_9_v19_13_7_v22_6_5_v13_v21_7_v7_v21_19_v18_v30_9_2_v29_28_27_25_18_2_v27_23_v33_3_v26_6_4_v2_v19_1_v35_34_30_23_19_6_v31_19_10_v30_18_11_9_v27_23_11_9_v35_29_19_16_v23_22_18_16_v31_16_v44_23_v44_24_6_v31_30_23_11_v45_23_5_v40_38_34_18_15_14_v45_38_33_26_20_18_v49_17_15_v51_50_30_18_7_1_v37_17_6_v48_33_27_26_21_11_10_v53_45_22_15_9_v35_28_13_12_8_v45_39_27_20_16_v55_51_45_14_10_2_v51_50_30_24_v49_36_26_24_13_11_v48_43_35_20_19_v48_39_21_20_1_v51_47_27_26_10_6_v58_54_44_37_35_31_25_v,64,train,105
vv1_v2_vvv4_1_vvvv8_v6_vvvv3_v8_vv5_4_v7_v11_5_v21_4_v17_11_v22_21_13_11_4_v23_v22_19_v16_v24_23_v14_10_7_v24_7_4_v28_v31_19_16_11_v31_29_28_8_5_v29_24_v31_9_7_v31_8_1_v28_22_20_8_v35_27_11_7_v25_v34_33_14_10_v33_23_9_v19_15_3_v34_32_16_1_v39_34_28_23_19_11_10_v18_14_7_v20_16_11_10_v39_29_6_v40_30_29_26_19_1_v41_17_8_v36_31_11_8_2_v50_38_19_v51_34_30_20_11_v52_36_31_24_16_v52_41_38_30_29_10_v46_44_38_12_v54_53_52_49_30_v45_34_30_26_15_12_v49_44_43_39_21_19_16_15_v56_53_52_47_28_2_v59_43_9_7_5_v40_29_12_v52_41_1_v55_53_14_2_1_v53_51_44_40_13_9_4_v,64,train,48
vvvvvv6_5_vv6_v6_v10_9_8_4_v7_6_v3_v9_8_2_vv7_1_v15_14_6_v5_v13_5_vv13_3_1_v16_10_vv20_v5_v6_5_v14_9_6_v20_13_7_v21_14_1_v22_10_9_v18_v27_23_v20_2_v1_v17_14_7_v17_v14_13_v14_7_5_4_v38_36_30_28_24_23_v30_27_22_v39_11_v34_13_12_1_v33_30_19_12_5_v32_21_v22_8_1_v25_20_19_v32_31_19_11_v44_38_24_5_v16_15_v46_28_27_26_13_v23_16_15_4_v32_26_6_3_v52_38_24_14_v34_29_24_13_v50_46_41_39_36_23_19_8_v51_47_44_24_19_12_11_v56_55_50_28_16_15_4_v54_48_40_36_18_8_v24_23_8_v48_38_37_16_10_v41_36_27_20_12_9_7_v44_40_27_4_3_v57_44_41_27_4_1_v51_37_31_18_15_12_v,64,train,38
vvv2_vvvv2_v7_v3_v8_3_v9_v8_v2_v10_v5_vv11_8_v16_8_7_3_v11_v10_v5_1_v16_5_v19_11_9_vv19_13_4_v11_8_v27_v11_6_v24_9_v18_9_7_5_v23_12_v12_3_v24_20_v31_25_1_v34_32_22_2_v36_31_20_7_4_v16_14_7_v35_5_4_3_v39_34_15_3_v21_18_12_v36_34_31_26_15_v31_29_7_v42_32_8_1_v33_26_20_18_v39_20_v46_19_7_3_v27_26_15_11_v36_23_3_v43_40_32_v44_36_28_5_v46_27_12_10_v28_26_11_8_1_v42_29_14_10_9_7_v38_33_23_17_v51_43_41_10_7_5_v56_48_29_25_2_v41_36_21_10_v53_51_48_38_29_v57_48_46_26_v46_41_38_37_29_23_20_10_6_v60_53_34_18_15_5_v62_46_26_8_6_v62_60_55_54_46_44_35_29_23_v,64,test,32
v1_vvvvv5_vvvvvv6_v9_1_vv5_v2_v12_1_v7_v10_4_v6_v18_5_v15_10_9_v10_v13_6_v19_13_7_v24_15_v19_7_v23_13_11_9_v29_20_11_5_v20_16_10_v31_30_27_v29_24_5_v1_v25_23_10_8_5_v33_9_1_v25_v31_12_v31_v29_25_24_23_22_11_9_v35_24_23_19_v9_8_5_v37_21_6_2_1_v39_31_v42_39_9_v36_26_11_10_v38_14_13_v14_9_1_v39_38_33_29_v48_45_43_37_18_6_v46_37_30_27_23_v46_32_23_16_7_6_v49_32_31_25_20_v49_10_4_v52_43_28_18_v53_50_19_13_11_1_v56_55_50_38_31_27_19_v50_44_35_34_19_10_v54_46_45_15_v51_36_32_13_12_9_2_v57_39_28_19_18_v54_50_49_43_39_36_v55_51_29_26_24_21_15_1_v49_47_43_42_11_v,64,test,11
vvvv2_vvv1_vvv7_6_v11_v11_1_v11_9_vv6_vv16_8_2_v12_v17_v13_v20_7_4_v14_6_v23_15_v19_10_v24_13_4_v13_3_v21_20_9_7_v22_21_v28_13_v16_15_6_v21_v14_13_v28_9_3_v32_30_24_3_v21_20_18_14_5_v30_18_8_5_v34_33_27_v36_25_19_12_6_v39_28_v27_11_v38_4_v42_34_20_19_v12_9_v35_15_7_3_v16_8_5_1_v45_35_34_30_17_7_v32_17_14_v45_38_20_17_12_v8_5_2_v47_43_30_17_9_3_1_v42_36_7_4_2_v52_36_30_13_10_6_v51_34_21_19_v49_34_27_21_4_v23_21_12_2_v55_47_39_27_12_v54_50_29_9_7_v53_47_46_44_37_34_33_v51_43_37_30_19_v42_29_28_24_17_5_v14_12_10_v54_49_39_36_22_3_v59_50_26_23_18_v,64,train,8
vv2_vv1_vvv7_5_v3_v5_v3_v5_4_1_v8_3_v8_v11_7_3_vv13_12_7_v7_v5_v18_v19_13_10_3_v20_4_2_1_vv1_v13_v7_6_v10_3_v21_5_v2_v27_15_v29_11_v22_19_v30_25_18_3_v27_11_6_v26_24_23_17_v16_5_v13_v18_16_12_v33_30_21_17_4_v23_13_11_v35_27_19_3_2_v26_v42_41_40_12_7_v38_35_30_v22_21_18_16_11_v34_11_9_v34_31_17_15_v47_46_40_27_5_v35_30_12_5_v41_15_6_1_v16_14_5_2_v38_33_26_14_11_v49_41_38_36_28_13_v51_24_18_11_v36_35_29_25_19_13_1_v40_26_14_9_1_v50_45_29_11_v33_29_18_5_v24_10_9_8_v46_19_8_v54_49_36_32_27_16_3_v58_57_49_47_32_15_v40_39_35_26_17_6_v54_48_32_22_17_v,64,train,47
vvvv2_vv1_v4_vvvvv8_v12_11_8_v5_v5_vv6_1_v11_v16_12_v6_v15_v11_v15_7_6_v23_19_18_11_v14_3_v17_12_6_v24_18_2_v28_v20_2_v21_19_5_3_v28_24_4_v31_24_19_15_12_9_v32_27_12_9_v27_16_v29_14_v34_32_v37_9_v35_26_11_9_v4_v25_4_1_v32_27_21_11_9_v40_38_30_29_22_10_v33_28_22_8_4_3_v43_36_21_12_11_v41_33_7_v34_26_20_17_8_4_v32_11_10_7_v45_29_10_v49_42_31_30_1_v50_2_1_v51_17_14_4_v42_37_12_9_v42_37_36_31_v50_26_9_v50_49_20_19_16_15_v47_30_27_10_v57_29_19_12_9_7_3_v51_36_33_31_27_v55_31_23_22_12_5_v58_55_47_24_5_v61_43_27_12_10_v51_45_32_30_21_v47_40_30_19_v,64,train,14
v1_vv2_vv3_2_vvvvv8_5_vvv2_v6_v9_2_v16_15_v11_vv16_14_1_v9_8_v15_6_4_v13_11_9_7_v19_vv16_11_3_v8_7_v17_v5_v27_22_v11_4_v28_27_8_7_v28_24_v26_9_2_v6_v9_v36_35_8_2_v25_23_v31_9_5_v23_22_4_v35_30_22_21_v33_27_16_v16_12_7_3_v41_33_16_14_v42_39_15_13_11_6_v33_22_17_8_v42_39_22_15_14_13_v35_19_13_2_v31_27_13_9_v34_28_27_24_1_v39_38_37_30_3_v50_35_21_12_9_v40_38_32_27_15_v47_40_38_v47_27_25_11_v54_52_36_25_4_v46_38_29_16_2_v48_46_37_35_32_5_v58_52_42_41_19_5_v59_46_25_23_12_9_6_1_v59_57_37_32_29_24_v58_56_30_17_v54_30_21_v59_55_49_40_31_26_18_v,64,test,39
vvv1_vvv6_1_vvvvv11_5_v12_7_6_v9_v14_3_v7_v11_9_v12_1_v17_v1_v19_v14_v3_v21_20_v20_v11_v22_2_v18_13_10_2_v27_10_v19_14_v27_22_7_v22_13_12_9_4_3_v28_22_19_6_v12_v13_1_v28_14_2_v29_20_1_v34_29_22_7_4_v21_14_v34_27_23_4_3_v33_24_23_19_6_v40_32_21_13_10_v38_29_18_v33_14_v34_31_15_12_1_v25_19_4_v37_22_8_v30_23_14_13_9_7_5_v35_33_19_4_v48_39_31_29_4_v50_38_15_11_v51_49_1_v39_19_10_5_4_v31_22_v29_27_23_1_v41_36_33_30_2_1_v41_23_19_8_4_v48_33_31_16_12_11_v53_52_47_44_41_31_v57_56_26_24_22_8_v52_45_37_30_v26_11_10_2_v52_36_30_17_13_v54_46_36_25_17_v,64,train,113
vvvv4_v4_vvvv7_4_vvv11_7_3_1_v9_v11_v8_v16_12_v17_vvv18_11_8_v18_7_v18_16_9_v7_v24_20_11_7_3_v20_16_15_v15_14_7_6_v24_13_6_v13_5_v23_11_v29_25_5_v21_v13_v7_v23_v25_10_4_v18_1_v26_18_11_5_3_v25_20_9_2_v31_26_15_v25_8_6_3_v24_20_14_v29_11_7_6_4_3_v35_33_12_v27_23_20_3_v30_17_v46_30_29_5_v37_14_4_v41_33_8_v33_26_21_4_3_v47_35_23_9_v48_30_19_8_4_v44_31_28_13_9_1_v21_13_v35_28_22_21_7_3_v54_37_30_26_25_20_19_v49_45_41_22_16_8_v47_32_22_v54_52_42_36_35_30_v53_46_37_30_21_v57_45_28_20_10_9_7_v53_30_22_19_18_v47_21_17_16_13_12_v61_54_53_43_38_37_30_16_v,64,val,26
vvv1_v3_vv5_v5_2_v7_v8_1_vv5_vv12_7_1_v13_8_5_3_vvv17_11_6_4_v16_v17_16_v9_6_v6_v12_v18_16_v13_7_4_v6_v18_17_v12_v13_7_v6_v28_23_7_v27_16_11_v28_17_11_1_v10_4_v12_11_5_v32_16_11_v21_9_8_v36_33_29_6_v26_25_v29_17_16_5_v30_24_18_6_v41_24_v38_11_5_v27_3_v39_26_v35_22_15_7_6_v44_41_39_28_2_v14_v43_25_15_4_1_v48_45_28_21_17_v20_12_5_v32_26_16_v24_3_v53_51_50_23_12_3_v54_51_37_30_19_1_v26_22_21_15_11_8_7_4_v48_30_25_19_v47_41_17_14_12_v46_42_20_13_1_v58_47_46_10_7_v47_43_22_19_10_7_v52_47_41_35_30_5_v50_46_34_26_22_10_4_3_v61_45_44_38_19_12_8_v,64,train,111
vvvv3_v2_v3_1_vv5_vvv2_v4_vv12_vv14_v15_7_3_v5_vv7_2_v20_17_12_10_v17_v20_15_v23_v25_23_8_v18_14_4_v22_21_17_10_v21_8_v25_18_v27_7_v26_9_v24_20_9_4_2_v21_11_7_v33_30_5_v33_21_20_19_v36_17_12_11_v21_v31_10_v29_17_6_v27_26_22_5_v26_v27_26_7_v28_27_6_2_1_v34_30_27_5_v43_29_20_8_v42_35_25_17_v28_10_6_4_v47_29_24_12_v40_24_13_v44_33_25_23_1_v48_45_42_40_22_v38_34_13_12_8_v48_43_31_26_22_14_v54_35_29_17_9_7_v52_50_47_33_29_v44_38_36_23_17_4_v29_27_25_19_v57_49_37_34_22_9_v52_31_30_25_8_v57_53_30_22_9_3_1_v55_52_12_11_10_v50_42_34_30_6_v63_44_27_9_v,64,val,25
vvv2_1_vvvvvvv5_v5_v7_v12_11_10_v12_10_v1_vv8_v11_v12_vv2_v15_4_3_1_v23_18_11_v3_v16_8_v14_3_v25_14_3_vv23_18_14_11_v28_26_16_6_3_v15_v31_29_v26_14_13_v29_26_25_24_v34_22_14_11_8_v36_19_11_v21_6_v34_17_16_14_8_v38_20_18_4_v33_20_7_v33_30_13_v38_28_27_24_13_v12_11_v25_24_11_5_v44_6_v41_34_20_v43_29_25_9_5_v48_43_25_14_v48_17_4_v44_35_21_v31_12_7_6_2_v44_41_23_18_11_v37_22_16_v54_38_31_28_18_17_v47_46_38_27_21_19_14_v49_46_36_22_16_v50_39_28_23_5_1_v53_48_38_12_2_v33_28_27_16_13_10_8_v40_14_9_2_1_v61_52_36_27_25_13_v36_31_25_8_3_v35_27_8_v,64,train,112
vvv1_vv4_vv2_vv3_vv11_5_2_v4_v12_11_10_v4_v14_2_v2_v15_vvvv2_v8_6_3_v19_11_v21_v16_9_6_3_v6_2_v27_23_4_v28_20_19_17_v9_v26_10_3_1_v29_28_14_v25_17_v15_12_v13_1_v35_27_23_7_v16_10_6_v34_17_13_11_8_6_v29_13_v22_16_10_8_v32_26_v32_27_25_16_1_v32_24_v35_31_29_3_v44_32_21_17_9_v16_14_8_6_v35_22_20_10_v37_5_v40_39_20_8_7_v42_17_15_v40_36_32_31_29_28_17_8_v32_30_26_17_13_2_v41_22_16_6_v53_42_26_23_1_v51_41_39_30_8_v49_46_44_40_17_9_1_v52_33_27_26_17_v56_52_44_v43_26_20_9_7_3_v57_54_52_46_42_2_v40_34_23_v60_56_54_46_29_v55_52_44_29_28_20_15_13_v53_49_20_v,64,val,3
vvvvvvv7_5_v5_v4_3_vv10_v9_6_v8_2_v8_5_v14_5_v15_5_4_v11_8_6_4_vv19_1_vv11_6_v21_12_6_vvv15_4_3_2_v23_18_14_10_4_v24_21_15_7_v23_10_9_v5_v7_5_v25_20_19_15_14_v8_3_v31_26_9_v33_23_21_19_v35_16_v30_22_v22_16_v37_28_23_16_v37_15_6_v22_12_v37_36_28_13_7_1_v39_15_12_v41_36_29_11_7_4_v38_24_17_8_v16_3_v28_9_v25_24_22_v43_39_35_31_v46_41_26_19_7_v46_13_4_v31_24_9_v47_45_43_38_9_v49_35_13_12_7_3_v46_32_31_28_7_5_v26_23_10_v38_37_21_v53_42_23_20_16_7_v34_26_19_15_v59_54_52_40_31_7_v39_23_14_v19_16_10_6_v62_55_29_27_6_v43_31_27_20_19_12_8_2_v,64,val,22
vvv2_vvvvv1_vvv7_5_v12_v9_7_2_v8_4_1_v13_9_vv14_7_v17_13_v19_14_7_v19_2_v15_11_7_4_v17_3_v19_16_15_13_v22_12_9_v13_6_1_v11_v23_17_14_13_4_v2_vv4_2_1_v15_v30_26_17_11_v24_17_4_2_v30_27_25_23_11_v13_7_v33_26_19_v35_13_12_v30_28_15_v36_3_v38_20_3_v41_22_19_13_6_v26_11_8_v43_31_28_19_17_15_2_v15_v43_42_28_25_24_13_5_v37_13_v46_42_29_v38_12_9_v21_19_14_v43_42_40_12_11_2_v46_33_32_31_11_v43_36_19_18_10_v24_9_v39_23_12_10_v49_44_40_21_13_1_v49_47_22_17_10_6_v56_54_37_12_v52_37_26_v44_33_5_v31_29_27_16_6_v39_32_31_28_26_12_v43_37_25_22_11_v37_34_33_19_10_9_4_v,64,test,38
vvvvvv1_vv8_vv7_v6_vv5_v14_v1_v15_10_v8_v14_v7_v18_1_v18_16_11_10_4_v3_v19_5_v12_5_2_v14_8_4_v26_18_v21_17_11_v25_7_v27_v28_11_v24_19_v32_9_v33_19_18_1_v23_v34_29_19_v36_27_22_19_10_v33_14_5_4_v33_32_27_4_v38_36_29_23_12_v25_19_12_v34_11_10_v31_25_17_16_8_6_v41_24_23_13_v32_25_14_13_3_v42_25_v31_17_13_9_6_v25_12_v41_36_26_24_17_v44_43_39_28_22_v22_21_10_4_v42_37_36_34_30_15_11_v50_34_22_11_v34_31_6_v52_50_36_25_17_8_2_v54_52_36_35_16_10_2_v49_34_21_9_8_v49_44_23_19_15_v51_40_35_26_17_6_v57_39_31_30_14_9_v57_32_15_1_v29_28_24_v54_49_36_20_5_v62_28_16_10_8_v,64,train,77
vv1_vv3_v4_1_v4_vvvvvvv1_v5_3_vv1_v7_v18_12_v4_3_v19_18_14_v12_7_vvv23_4_v21_10_2_v19_16_v15_v13_12_3_v21_v10_1_v22_20_17_5_v32_14_7_v26_21_20_v25_8_7_3_v29_24_v13_11_8_v14_12_v34_33_13_6_v31_19_10_9_6_v31_28_27_13_6_v31_24_19_v33_21_2_v40_27_24_21_2_v44_42_38_26_v39_25_16_15_10_v46_41_14_8_v44_40_25_21_4_v38_26_22_7_1_v43_31_14_v49_47_46_35_26_25_v48_36_32_8_1_v49_45_28_19_5_2_v46_41_26_20_v38_37_26_18_13_11_v48_29_28_21_2_v48_45_42_27_21_11_v44_24_18_v48_32_10_v46_38_20_19_17_2_v42_35_28_23_v41_37_28_22_9_v54_48_41_23_6_3_v63_62_61_58_19_17_v,64,train,16
vvvvvvv1_vv8_vv11_v9_v11_6_v8_7_1_v15_v13_12_vvv9_2_v18_2_v15_12_v20_10_9_v22_vv8_1_v26_23_15_11_10_v26_18_4_v28_13_v12_10_4_v27_12_10_v7_v28_v30_17_15_3_v33_25_v35_24_7_4_v30_27_15_2_v33_12_8_5_vv33_32_3_v17_2_v39_35_28_27_23_21_v35_30_29_20_6_3_v37_22_v40_33_28_18_7_v40_13_8_v36_8_6_v41_11_8_v37_24_17_13_4_v47_46_37_29_27_19_v35_22_19_15_v43_28_13_11_v47_11_7_v48_45_24_16_10_8_v53_20_18_12_v45_38_36_31_30_24_v32_31_19_12_8_v49_47_38_28_19_11_6_4_v54_42_40_26_25_17_13_6_v51_50_38_32_16_8_6_v57_48_45_34_v60_51_38_21_15_7_6_v39_35_11_3_v58_57_22_20_11_10_v,64,test,2
vvvvvv5_v2_v4_v9_v9_1_vv6_v12_8_vv13_v16_v3_1_v14_13_5_v7_v4_v19_14_v15_v15_v15_13_9_v21_v24_15_11_2_vv21_6_1_v20_19_v21_20_10_vv30_11_6_v30_10_v20_18_17_14_3_v32_28_13_v34_29_17_15_v34_15_10_9_2_v5_v34_32_26_20_3_v39_30_27_9_v37_33_27_24_v33_30_18_13_v20_18_10_5_v43_38_32_31_25_5_v29_28_22_v45_40_36_34_17_4_v39_30_24_6_2_v38_28_18_17_14_8_v22_12_v46_42_27_25_7_v47_37_33_20_17_10_v47_45_34_17_v53_44_37_33_23_v29_16_11_v53_43_40_36_31_19_13_v29_28_24_v54_24_19_3_v26_25_2_v56_32_26_22_10_3_1_v56_42_35_25_8_v48_43_30_21_10_v59_37_27_8_5_2_v56_42_35_31_7_v,64,train,96
vvvv3_vvv6_3_vv4_vv7_4_v6_4_v5_3_v4_v5_v15_7_v14_v18_v17_16_v18_16_1_v15_v17_1_v17_2_v18_16_12_9_v4_3_v24_18_13_v24_19_10_v20_11_2_1_v11_v25_8_v31_13_v24_23_20_5_v12_10_8_v32_20_8_v30_5_v24_4_v34_18_v32_23_14_9_v21_10_8_5_v30_26_25_6_1_v40_34_25_6_v32_29_28_16_8_v21_18_v40_33_24_v39_22_16_7_v45_42_26_v17_12_v33_8_v48_46_40_33_22_17_12_v43_39_15_9_6_3_v49_48_34_32_25_23_v37_14_4_v52_7_v46_44_41_39_30_v33_25_12_v56_38_33_27_25_11_v52_48_41_22_16_v28_14_11_8_3_v54_53_50_38_37_27_23_v59_41_40_23_14_11_7_v55_49_25_2_v33_24_23_22_14_10_v40_38_32_30_20_7_v,64,test,36
vvvvv1_v2_1_v6_v6_v6_vv4_v10_vv9_v2_v13_7_v12_10_v1_v19_v19_9_7_v17_15_v11_8_v23_5_vv24_v4_2_v17_15_v27_21_17_8_v8_v28_18_6_v14_13_v32_31_9_7_v25_12_4_v21_19_v31_30_21_13_v32_1_v35_29_25_10_v19_4_v36_31_2_v35_23_9_v38_23_18_10_v40_13_v37_v22_9_8_v36_29_26_11_7_v44_38_17_13_4_v47_24_6_v37_35_33_28_26_24_22_14_3_v49_48_36_30_29_24_17_15_11_v47_41_9_v49_47_30_22_21_15_9_v42_25_7_v48_46_42_39_36_31_v42_30_27_24_9_6_2_v54_48_38_37_32_23_v34_32_30_26_20_12_5_v48_38_12_7_v58_39_1_v28_16_v50_44_15_8_v56_55_30_21_18_2_v62_21_15_12_5_4_v60_53_47_36_26_24_3_v,64,train,45
vvv2_v1_vvv7_vvv10_v9_v8_v13_6_v9_3_v4_1_v8_v16_v9_6_vv20_14_7_v15_13_6_1_v16_v20_19_1_v21_5_v15_v20_6_v15_8_v27_25_4_v20_11_v21_20_5_v22_2_v20_13_8_5_v11_2_vv9_2_1_v34_25_21_v36_34_31_15_14_1_v37_36_21_2_1_v39_19_13_5_4_v36_28_17_9_v39_30_24_3_v37_34_27_26_21_v16_v41_40_32_20_12_v33_27_16_14_5_v40_24_20_13_11_v38_22_17_16_14_v21_5_v30_25_22_21_1_v25_3_v8_3_v47_41_38_11_10_v52_36_25_5_4_v45_42_36_27_24_v55_48_45_39_v34_33_25_23_16_v30_14_6_3_v51_50_45_42_38_37_3_v42_11_8_6_2_v55_46_45_18_v28_27_26_14_11_v62_52_37_28_23_12_1_v57_48_42_27_26_v,64,test,30
vvvv4_v4_vvvv7_2_v6_v10_8_6_v10_3_v9_3_v2_1_vvv10_vv17_7_vvv7_v22_v22_9_2_v12_9_6_v8_v26_4_v23_17_12_3_v17_16_15_10_4_v24_8_v11_9_v30_12_10_8_1_v30_15_12_7_v28_14_4_v34_24_14_12_v16_14_6_5_2_v33_27_v12_v39_32_22_1_v19_17_10_5_v39_35_21_14_9_7_v26_24_v43_39_36_6_4_v37_35_34_7_1_v39_22_18_15_5_4_v44_39_37_31_22_v47_43_v47_43_29_23_21_20_7_v41_23_11_v47_34_32_22_17_8_v43_35_26_9_v45_37_35_30_22_6_v49_40_28_6_2_v54_46_16_15_5_v55_8_1_v47_44_42_12_v47_44_43_13_1_v50_40_32_16_9_7_v56_38_26_v52_13_9_7_6_5_v59_42_20_13_v59_51_34_12_v60_52_42_28_4_v,64,val,31
vv2_1_v3_vv1_vvvvv9_vvv7_v8_v4_v7_v10_v12_1_vvv20_19_11_v22_20_11_7_1_v17_16_9_6_5_v18_11_v21_5_v16_15_5_4_v21_9_3_v13_v18_14_v30_27_11_v27_26_15_v24_20_v32_23_v34_32_31_25_v28_27_23_18_3_v33_27_6_2_v27_25_v30_12_6_v39_24_17_11_v29_22_14_11_2_v37_36_2_v34_25_7_v23_19_v43_11_10_v35_33_19_13_8_7_v13_12_2_v43_34_22_v38_15_11_v45_29_21_10_8_6_v45_41_31_20_19_14_9_v36_33_23_22_11_8_2_v52_33_22_13_11_2_v47_39_16_5_v45_38_21_20_8_6_v47_38_37_17_15_13_v52_36_31_7_v56_55_23_13_v40_31_7_v52_47_36_24_22_6_v47_40_36_35_17_13_v47_38_8_2_v53_46_31_12_v39_36_20_12_5_v,64,train,25
vvvvvv5_vvv9_v10_vv5_4_3_v9_8_vv7_vv9_7_2_v16_12_7_v17_13_1_v18_9_2_vv21_20_16_3_vv10_8_v14_11_1_v23_20_v20_15_4_v25_2_v18_5_4_v30_21_20_v19_8_4_v31_26_6_4_v26_25_21_18_v8_5_v31_30_22_v35_15_v32_14_v35_28_8_v23_v39_17_4_v20_5_3_v39_21_4_1_v13_7_5_3_2_v33_15_10_v40_22_8_v39_31_13_v43_36_33_27_22_v47_45_27_20_16_12_6_v10_3_v40_35_33_11_4_1_v49_47_31_16_4_v39_38_36_28_13_v49_39_6_1_v41_15_2_v46_43_25_12_v56_48_47_46_44_39_v53_44_5_4_v46_35_27_18_15_3_v57_54_24_22_8_v55_47_37_21_15_14_11_6_v54_38_34_15_1_v56_51_44_36_28_18_v62_61_41_40_26_23_4_v,64,val,1
vvvvv3_v5_vv4_vv9_v8_v1_v6_v5_vv6_5_4_v12_v13_1_v15_11_v20_13_v18_10_1_v20_3_vv1_vv25_16_3_v25_22_15_9_v11_10_v14_12_1_v22_v21_20_15_v26_9_v18_8_v27_21_10_v10_2_v33_18_1_v28_23_v37_32_15_12_6_v16_15_13_v25_22_12_11_7_5_4_v39_19_14_v12_v41_39_38_26_24_21_v35_25_12_7_v32_21_11_6_v37_32_27_24_19_5_2_v37_34_21_16_8_2_v45_37_36_30_21_12_v42_36_29_v49_44_40_38_36_34_23_4_v45_19_7_v52_45_37_32_18_v45_38_24_23_v24_12_1_v42_35_24_8_6_v45_36_35_25_1_v57_42_32_24_5_v50_28_16_15_v36_35_20_v54_46_23_16_10_9_v44_32_19_18_8_7_3_v62_59_42_41_37_27_26_5_v59_55_20_5_v,64,train,50
vvvv2_vvv2_vv4_3_1_vvv2_v8_7_6_4_v12_vvv1_v17_v17_9_5_vv10_v17_14_v18_16_2_1_v9_3_1_v20_17_16_3_v22_11_v27_9_v25_v13_v20_16_11_2_v28_27_24_v20_4_v32_17_16_4_v26_13_12_11_v28_15_v9_7_v29_26_16_3_v38_v28_24_v37_12_10_9_v41_14_5_2_v22_7_v33_31_15_13_11_v40_15_8_v41_30_19_9_6_4_1_v42_39_31_23_22_20_15_v41_40_34_12_5_v46_32_29_v39_30_1_v48_46_36_20_19_10_v40_36_30_27_12_v46_40_32_10_5_v52_36_20_v53_36_27_25_21_18_v55_44_17_16_14_v50_48_47_45_19_18_1_v57_56_39_30_19_v56_54_42_29_14_10_v56_47_39_31_27_7_v50_48_43_12_11_v44_28_8_v59_55_42_31_27_3_v47_46_15_3_v,64,train,28
vvv1_vvv5_vv6_v5_v3_v4_1_v1_vvv15_v15_13_v7_v10_v7_v16_11_6_v21_19_13_v8_6_v21_15_v9_7_v20_19_v11_9_8_2_v27_19_6_v23_v22_v24_17_v18_v31_27_26_7_v26_23_4_v30_5_v10_6_2_v29_25_7_v31_24_14_7_v37_33_6_v26_16_2_v40_25_22_14_13_v33_28_18_2_v38_30_23_v18_14_9_8_v34_27_26_18_13_11_v40_36_25_17_v18_12_3_v47_32_26_v47_32_26_10_v47_46_v38_35_33_31_26_v47_23_17_5_v49_36_3_v45_40_35_22_12_9_v46_36_27_14_v49_42_30_25_24_22_20_11_v45_44_20_14_v53_28_23_21_15_1_v53_33_30_15_12_v45_39_37_21_11_v55_40_22_15_1_v51_50_49_44_11_v58_53_34_17_11_v62_61_57_47_40_26_14_11_v,64,train,40
vvvv3_v4_vvvv7_3_vv7_5_2_v11_v10_vv10_vv12_5_2_v13_4_3_v16_6_v20_v15_12_v12_v15_v11_8_v22_6_v10_2_v22_9_1_v27_24_16_v27_21_6_v30_10_v18_12_6_v24_12_3_v32_28_21_16_vv15_5_v30_25_15_v23_22_19_v35_25_14_12_v10_7_v26_20_8_5_v10_7_vv43_21_v42_35_21_15_v44_40_19_18_v46_31_29_16_v37_25_v46_41_39_37_v49_39_32_27_6_3_2_v36_34_32_26_24_23_v44_29_9_4_3_v27_21_18_11_v49_42_28_19_17_12_1_v52_47_6_v34_24_19_14_2_v55_53_52_31_30_18_11_3_v53_45_29_v46_16_1_v45_44_29_24_22_19_13_v48_43_18_13_11_9_2_v59_54_39_32_22_18_10_7_v62_42_30_23_19_1_v59_52_21_15_12_6_5_v,64,val,18
vvv1_vv3_v4_2_1_vvv4_vvv10_6_v5_v5_3_vv9_1_v13_1_v9_4_vv14_10_5_v4_v22_5_1_v18_17_14_v14_9_4_v24_6_v26_19_4_v23_21_12_11_10_7_v17_14_v16_8_v20_v28_26_v31_7_v23_13_v20_15_6_v24_7_v25_v30_22_21_13_v7_v31_26_10_v39_21_15_6_v22_20_12_v40_39_30_v39_18_11_v25_23_19_3_1_v32_9_7_v39_36_22_16_9_v39_36_18_12_8_v25_v42_33_32_27_23_v38_20_17_8_4_v49_48_46_20_v43_34_16_7_v52_44_39_30_19_13_5_v49_45_23_16_9_2_v45_25_22_5_v37_28_27_22_21_15_9_v53_51_34_14_9_v50_47_45_22_13_11_v59_38_37_30_v54_48_40_27_10_v60_29_18_13_8_4_v51_48_44_26_10_v59_46_42_20_19_v,64,train,41
vvvv2_vv1_vv6_v1_vv1_v5_v1_v8_v5_v8_v16_14_v10_9_v3_v10_9_5_v16_v7_3_v13_8_5_v23_7_v17_16_10_9_6_3_v24_22_10_v6_v13_8_6_1_vv25_24_16_1_v15_12_9_v28_19_v30_16_v12_7_6_3_v32_14_2_v35_26_25_18_13_v28_19_14_v38_34_31_v10_8_5_v40_33_2_v38_36_20_6_v30_26_16_11_3_v40_38_37_29_2_v44_41_30_1_v41_38_33_32_13_7_v42_34_33_20_14_4_v47_33_7_3_v21_19_14_9_v32_25_16_v36_21_20_10_3_v50_31_15_v43_37_29_27_15_v42_33_17_2_v53_34_26_3_v47_39_29_v54_48_30_1_v45_28_18_15_7_v37_31_25_23_v54_38_32_30_29_11_v53_48_20_10_3_v60_37_34_33_7_v38_35_1_v39_36_30_14_5_1_v,64,train,54
v1_v1_vvv1_vvvv5_4_2_vvvv10_1_v11_v4_v14_v13_10_8_vvv16_15_v14_5_v14_11_v15_v16_1_v25_24_14_v3_v16_5_2_v27_26_18_10_v27_13_11_1_v29_20_2_v15_13_10_2_v32_31_30_17_16_v9_v8_v24_20_19_14_9_3_v30_24_v32_28_v19_5_v14_12_v37_21_v35_27_7_v23_2_v37_36_26_22_17_9_8_7_2_v37_35_23_13_7_v35_17_1_v23_20_v22_20_8_v30_20_17_4_3_v24_10_2_v28_23_12_11_v36_19_16_v49_46_40_39_16_v48_41_40_33_17_v54_43_39_29_22_v41_32_31_29_21_14_v48_34_32_23_18_6_v56_32_27_20_v55_44_39_34_25_20_18_3_v51_48_37_36_33_24_13_v56_43_40_24_17_7_v58_48_42_21_19_v59_56_48_21_10_v53_33_26_19_18_6_v,64,test,12
vvvv1_vvv6_v8_2_vvv11_5_3_v12_v11_vv3_vv5_2_v7_1_v15_10_v19_v1_v15_vv11_8_v22_21_2_v10_v17_v24_19_9_v12_11_3_v28_17_6_v4_v26_22_v17_9_7_v27_20_12_v29_25_3_v33_32_31_11_5_v18_15_3_v37_31_18_17_v32_25_5_1_v36_35_21_4_v35_33_31_14_10_6_v42_31_30_25_24_v25_17_14_11_v23_6_v25_24_15_1_v46_38_34_v38_33_8_v29_15_11_8_v40_35_30_15_12_2_v44_39_32_18_7_v41_25_19_8_v29_13_5_v38_37_36_29_27_24_v52_24_9_v33_31_22_18_7_v51_46_30_29_23_16_8_5_v53_34_32_29_5_v49_30_6_1_v58_52_39_37_35_29_14_4_v58_52_48_45_14_v52_14_9_3_v60_49_47_38_9_2_v58_36_32_27_7_v,64,train,79
vvvvv1_v4_v6_vvvv11_7_6_v6_5_vvvv10_6_4_v4_2_v9_v16_v17_14_1_v20_v19_2_vv21_19_2_v20_15_3_1_v18_11_9_7_v13_v19_10_v27_v30_27_11_6_v22_v32_27_21_8_2_v27_23_13_11_8_v7_v34_4_v22_1_v36_30_16_v30_19_12_v31_12_5_v33_19_11_3_v27_23_14_2_v42_38_31_v41_24_23_5_v23_16_15_4_v43_39_25_2_v39_17_6_v45_19_18_3_v44_25_v40_35_31_18_14_13_8_v48_44_38_v49_44_39_22_5_1_v52_48_35_33_26_22_10_v39_30_26_19_17_v46_16_15_11_v54_46_34_27_24_20_11_v43_33_8_v49_44_23_18_1_v52_48_42_25_v51_46_44_42_33_2_v60_30_28_v38_27_8_5_4_v60_44_34_23_21_19_15_8_v59_50_46_15_11_7_v,64,train,80
vvvv3_vvvv3_v9_4_v2_v9_1_v6_v11_10_vv1_v16_11_7_v3_2_v5_v15_v8_5_2_v20_17_9_4_v8_7_4_2_v17_11_2_v24_19_8_vv3_v25_24_14_v21_9_v28_25_10_v7_4_v28_18_13_11_v25_7_v33_26_9_v13_11_8_v33_17_v29_8_4_v36_8_v34_21_17_10_2_v25_22_4_v38_37_29_13_v22_12_v37_18_17_v40_33_32_12_3_v37_20_12_11_v24_19_15_11_8_v32_28_24_11_7_v35_32_30_27_26_v19_7_v42_30_21_16_8_1_v46_31_22_12_v50_30_14_6_v46_32_21_9_v51_40_35_18_v45_17_6_v55_46_22_7_6_1_v51_48_31_14_v33_32_25_15_13_v52_46_6_v53_36_29_7_v43_35_28_25_24_22_21_v49_41_9_3_v33_25_14_8_v61_55_53_52_38_28_7_3_v,64,train,56
v1_vvvv5_vvv8_v2_v4_v11_6_3_v11_v11_vv9_7_2_v6_v14_v4_v1_v19_11_5_v15_11_6_v14_v15_10_1_v15_v21_v25_17_6_2_v24_v26_15_13_9_7_v19_v16_v28_15_14_4_v28_v29_28_22_v30_26_23_12_11_2_1_v35_34_27_20_15_v22_18_11_v21_18_6_v36_25_15_6_4_v25_3_v30_24_21_19_12_3_v34_v38_17_10_4_v29_16_13_4_v15_3_v38_36_21_v40_37_31_26_v29_22_11_v30_29_21_18_17_5_v37_25_v42_37_35_27_v41_35_22_20_10_7_v45_28_7_3_v34_16_5_v54_53_49_21_v54_43_22_6_3_1_v55_44_32_30_7_v40_26_16_6_v27_21_10_5_v53_52_50_49_13_v46_42_30_12_v59_43_42_33_14_v60_37_24_20_15_1_v56_53_34_22_19_4_v,64,train,82
vvvvv5_4_v3_v5_vvvv4_v4_2_v12_vvv7_2_v2_v13_v14_4_v17_14_v20_16_3_v2_v20_13_11_vv24_12_vvv14_13_11_v25_21_v27_10_v27_18_2_v7_v31_26_9_6_v28_14_12_v21_20_19_7_v33_25_13_6_v32_19_18_v32_6_4_v37_32_12_6_v30_28_16_v23_20_v35_32_31_18_9_2_v29_27_14_v44_39_25_18_v31_28_16_2_v20_14_8_v46_43_34_26_16_6_v45_42_36_25_10_v45_32_20_4_v41_34_26_10_v47_34_33_14_10_4_2_v30_26_18_14_8_6_v39_36_25_8_v54_53_49_29_28_22_10_8_v47_43_7_v49_45_26_20_17_v42_40_38_20_6_v45_33_26_20_10_v39_37_29_7_3_v52_47_31_29_12_5_2_v53_52_49_45_32_21_18_11_v52_51_39_26_20_v47_39_36_30_28_13_v,64,train,114
vvvv2_vv6_1_v2_1_vv1_v2_1_vv11_v11_v13_3_v5_v14_v8_6_3_v17_6_vv11_v16_14_v20_14_9_6_v18_17_2_v16_v23_21_12_6_v23_v16_v25_2_v29_23_22_3_v28_vv25_6_3_v21_5_v26_18_12_4_v24_8_v33_24_18_8_3_v16_14_v38_32_19_v35_16_14_v29_23_13_v37_v41_31_28_7_v35_19_13_9_v13_3_v14_10_9_3_v45_28_10_4_1_v45_31_17_13_v38_34_33_31_v22_18_14_8_5_4_v46_27_13_11_9_6_v20_14_7_1_v51_40_26_24_19_v51_49_23_12_10_v27_14_13_5_1_v35_31_12_2_1_v55_42_41_8_v51_38_34_32_19_18_v55_51_32_26_22_v50_49_42_11_v52_51_40_36_5_v61_48_42_39_36_23_v53_45_42_22_8_7_v56_42_32_27_26_18_12_5_v,64,test,25
vvvvvv3_v5_vvv8_vv10_2_v9_6_vv3_v15_5_v12_4_v15_9_v10_1_v14_4_v21_14_v13_3_v13_vv10_v23_22_13_1_v22_21_16_11_7_v27_17_12_v10_7_v20_7_v28_13_12_7_v24_10_3_v21_18_3_v25_19_16_v32_29_15_4_v28_4_3_v29_8_7_5_4_1_v33_27_11_v38_25_v35_2_v27_12_v42_35_29_21_2_v39_30_26_v42_37_31_19_18_v44_21_6_v44_34_31_21_2_v33_23_18_8_6_2_v38_36_18_15_v44_36_32_9_7_v49_34_26_5_v36_29_19_18_15_v49_37_34_27_26_18_v34_29_24_22_6_v38_34_30_23_19_4_v41_16_8_v28_18_16_v18_10_2_v58_56_51_48_37_35_16_v56_55_53_33_32_16_v51_45_38_26_9_v50_33_23_5_v57_45_35_19_3_v40_34_33_26_22_v,64,train,1
vvvv4_vv1_vv7_v1_v1_v4_1_vv12_11_v6_5_4_vvv5_2_v6_2_v17_6_v16_8_3_2_v19_18_v21_17_16_vv11_1_v22_10_8_v26_19_v15_10_6_4_2_v14_11_v16_6_5_vv8_2_v31_30_19_2_v29_2_v31_13_9_7_v20_18_10_7_v8_1_v36_29_28_15_v32_v32_28_13_v35_34_2_v37_25_21_10_8_v28_14_6_v37_21_6_v28_26_24_3_v33_29_27_22_18_v45_41_33_17_8_6_v45_44_26_15_v42_37_5_v48_41_19_17_v34_27_19_9_5_v47_22_20_18_13_5_v51_47_30_6_v23_17_11_v46_40_24_12_5_1_v49_48_44_17_7_v31_21_20_3_v47_46_20_14_9_v49_48_21_1_v59_52_33_21_4_v57_35_13_7_4_v59_48_42_40_38_37_34_v32_30_15_9_2_v63_59_25_12_4_v,64,train,27
vv1_vvvvvv8_5_v9_1_v3_v9_v9_8_4_3_v13_4_v12_3_v8_5_v9_vv13_7_v19_16_11_v14_v17_12_9_4_vv18_6_5_v23_22_13_6_v19_18_15_v11_v23_10_7_6_v23_v24_11_7_v4_v30_13_9_7_2_vv22_19_15_v33_12_3_v21_2_v19_13_v28_24_16_v33_10_8_v34_9_1_v26_5_v35_v32_27_22_16_12_3_v39_37_23_16_2_v12_3_1_v44_43_v44_32_6_1_v19_17_13_9_v41_7_v32_28_14_12_9_v47_31_18_v46_34_31_28_24_12_9_v49_48_40_20_9_8_2_v27_23_19_6_v48_44_34_29_12_v50_33_27_26_21_v28_22_9_1_v50_41_16_9_v41_40_35_25_23_22_9_v52_44_43_2_v60_47_41_28_20_14_10_v55_54_36_20_13_v30_21_18_5_3_2_v50_26_23_14_3_v,64,train,115
vvvvvvvvv9_8_v9_6_v7_5_1_vv5_1_v14_5_v15_6_v16_14_11_1_v12_1_vvv16_10_v19_v22_v16_9_v16_11_v23_17_9_8_4_v7_4_v15_v24_21_19_8_v18_v12_v31_15_9_5_v25_4_v27_23_22_v27_15_11_8_v30_22_18_v31_17_1_v33_26_8_5_v37_29_23_v36_v21_14_4_v33_20_16_v24_12_v39_15_11_6_v18_13_8_4_v33_18_4_v43_31_30_v46_38_37_27_19_v46_45_32_27_2_v41_32_25_24_v50_36_28_27_24_16_v46_35_20_15_7_v46_41_34_23_22_v32_5_v33_27_24_13_12_9_1_v49_45_22_16_3_v53_38_17_8_3_v49_45_44_16_12_v40_19_6_3_2_v58_56_49_44_21_20_13_4_v33_31_30_8_6_v48_44_37_26_12_v55_53_48_39_34_v45_21_10_9_7_v,64,train,24
vvv1_v1_vv1_v5_v8_3_vvv5_vv10_1_vv8_6_v16_11_8_5_vvv9_v13_6_vv1_v13_v15_12_v11_v22_8_v25_18_3_v9_7_3_v12_v30_17_v13_12_v31_10_v23_14_12_5_v33_25_19_10_v28_26_20_v31_30_25_20_v8_v31_23_18_4_v31_22_10_v30_17_7_v38_37_23_15_v36_16_v22_21_18_15_v44_40_38_18_2_v43_38_36_18_10_v29_17_7_4_v42_41_39_8_5_1_v48_45_44_35_18_4_v47_46_42_29_8_v40_31_27_19_13_v49_48_39_27_24_v21_15_2_v35_33_12_4_v31_25_17_15_4_v41_37_36_35_30_27_24_2_v55_35_34_24_23_v54_45_44_6_v57_38_24_20_v30_22_v60_54_49_44_16_v60_47_41_39_36_29_18_3_v39_23_22_8_v45_37_34_32_26_21_17_11_4_v,64,train,99
vvvvvv6_v2_vv5_vvvv3_v6_1_v2_v1_v17_15_v17_10_6_v13_v16_v15_10_v19_7_6_v23_12_v21_2_v9_v24_21_v12_5_3_v19_v14_v21_5_v12_6_1_v19_18_v32_26_21_15_v34_28_23_13_11_v30_28_9_2_v28_22_18_v32_30_26_14_v31_26_5_1_v39_16_2_v27_25_13_8_v32_13_v38_33_14_v39_33_30_28_23_14_v40_2_v43_23_19_v46_44_29_7_v34_33_11_v38_28_5_v27_23_14_4_v48_45_24_13_11_4_v50_48_27_24_18_v32_24_11_10_8_v47_44_34_32_23_22_12_v50_34_10_2_v47_41_23_15_v52_47_27_13_v48_27_1_v56_42_41_36_33_27_13_v58_51_41_32_19_8_4_v57_38_27_25_11_9_v51_48_25_14_13_v47_46_37_33_32_6_5_v63_57_46_44_32_5_v,64,val,2
vvv2_vvv3_v4_1_v8_vvvvv13_1_v13_vv13_v16_14_11_3_v8_3_v5_2_v5_v16_11_v18_v5_v15_5_v17_7_v25_15_12_v27_23_5_v22_19_11_9_4_v22_20_1_v15_12_10_7_v28_24_15_v8_v27_26_5_4_v25_22_10_2_v31_8_v17_12_4_v18_5_1_v36_27_16_11_v17_7_v28_27_20_17_10_v33_31_v31_20_4_3_v38_33_22_2_v35_24_23_10_v34_13_8_6_3_v44_35_20_v42_38_26_18_3_v37_29_11_3_v49_36_26_9_v40_32_25_9_v41_36_33_31_30_7_v50_41_14_6_v42_39_34_27_5_v53_28_8_v43_35_21_15_11_v56_44_43_29_22_21_v55_11_3_v53_29_11_v55_37_27_25_24_20_3_v55_53_44_31_29_2_v58_45_30_v62_54_44_39_37_13_v55_38_22_13_v,64,test,24
vvvv3_2_v2_vv4_2_v5_v9_v6_v10_v4_vv10_4_v3_vv1_v5_v15_5_v7_4_v12_4_v16_12_v17_1_v16_v16_4_v25_24_v15_v25_23_20_16_13_5_v13_12_3_v24_v7_v22_18_2_v25_21_v22_7_1_v29_7_v36_27_23_20_19_16_15_v25_22_12_10_v36_23_v39_8_3_v37_32_v41_32_17_v36_19_14_7_v43_19_12_4_2_v17_10_3_v43_30_24_20_8_7_v35_33_28_v42_40_19_12_v46_44_38_26_25_10_v14_2_v49_39_20_4_v42_26_24_14_10_7_v46_42_30_22_20_v52_37_27_24_v53_52_50_28_v53_38_34_29_26_10_v55_45_38_10_3_v54_50_27_v44_39_28_26_8_v51_35_26_25_18_15_v45_37_32_22_12_v60_57_42_11_3_v56_55_32_27_15_13_5_v50_47_45_43_10_7_v,64,train,66
vv2_vv3_v5_3_vv7_2_vvv4_v10_v6_v2_v11_2_v6_v6_v10_v2_v11_v16_v21_14_12_6_v14_5_v6_1_v18_14_12_8_v15_9_7_v10_2_v14_v19_9_v19_11_4_v22_2_v23_12_3_1_v32_8_6_v21_19_9_1_v32_29_v35_14_9_3_v35_9_2_v27_8_v35_24_6_v33_29_2_v37_36_20_v19_18_14_v41_38_8_6_v27_25_22_17_8_v44_42_41_12_6_v44_34_32_v37_31_28_v40_30_24_v41_40_31_29_26_20_v38_36_22_13_v41_29_22_2_v44_30_3_1_v51_41_16_3_v51_49_33_19_11_v48_42_40_17_15_v52_41_1_v41_38_35_13_10_v43_25_24_19_v45_31_28_13_v57_56_39_19_15_6_v52_38_33_30_19_2_v56_34_27_25_20_v56_23_8_v58_56_40_22_16_2_v,64,val,7
vvvvvv6_vv1_v7_vvvv13_10_9_vv15_12_2_v15_v10_v13_v7_3_v20_v20_5_2_v21_6_4_v16_15_6_v14_8_7_5_v16_v22_v27_14_7_v14_v26_14_1_v19_v26_25_13_v31_11_v17_16_10_9_v18_12_11_1_v29_v25_6_v12_11_v35_34_25_10_9_v37_25_24_11_10_v38_31_15_3_v30_29_22_20_v40_28_3_2_v39_32_17_7_v39_26_22_v34_15_9_v41_16_15_2_v46_25_15_3_1_v46_40_39_23_v49_43_29_14_v36_22_13_10_8_v40_30_21_19_10_4_v22_6_5_1_v23_17_10_7_v46_44_29_17_6_v51_35_12_2_v45_44_30_19_15_13_2_v53_44_37_30_2_v51_50_48_41_34_4_v53_28_24_13_v40_25_11_5_v57_35_33_24_23_11_v27_16_9_7_3_2_v53_51_44_39_9_7_v,64,train,120
vv1_v2_vv4_2_1_v6_v6_4_vvv8_4_vvv1_v3_v13_11_5_v5_4_3_v14_10_v18_12_v17_vvvv16_15_v16_12_8_7_v16_5_v17_6_5_1_v19_16_11_3_vv7_vv30_12_9_8_2_v12_11_v27_23_8_v28_24_19_v13_3_v35_34_17_5_v26_23_8_v18_17_12_6_v38_37_35_34_24_v30_20_15_8_7_5_v16_8_v31_28_26_v36_35_26_20_19_v16_14_v17_1_v45_39_23_15_v35_34_v40_37_25_21_19_17_11_v45_43_34_31_15_v37_34_20_8_v45_18_10_v38_24_15_7_v53_35_12_v54_48_13_3_1_v46_37_34_29_25_11_2_v35_12_11_4_1_v44_10_v55_46_41_34_11_1_v38_37_30_27_24_22_7_3_v46_32_30_16_8_v47_31_19_11_1_v53_37_21_9_7_v61_53_44_41_32_28_23_v,64,train,43
vv1_vvvvvv4_vv4_vv7_v6_4_v6_v12_1_v9_vv10_v16_8_4_v10_9_v17_13_7_6_v11_2_v19_v21_18_14_4_v20_v9_v4_1_v20_10_v26_18_10_9_5_v29_28_v26_19_6_v19_14_v32_3_v27_25_22_v35_30_10_v18_10_8_v14_10_v33_31_26_4_v16_v32_26_25_21_v39_18_11_4_2_v33_29_12_9_8_5_1_v17_16_7_v41_38_20_v41_30_24_v44_7_5_v44_41_37_31_3_v23_17_v49_24_14_2_v46_42_33_27_22_v51_35_4_2_v51_40_21_4_v42_31_21_v53_29_6_5_2_v54_43_22_21_13_3_v48_45_38_37_24_16_3_v50_44_41_35_25_4_v48_42_38_36_11_1_v52_50_46_25_v43_34_32_24_10_v48_43_34_29_25_24_19_18_v45_39_36_35_12_v63_58_56_47_28_25_12_v,64,test,6
vvvvv3_vv5_2_v5_vv8_3_1_v10_v7_v7_vv6_v3_v6_v18_17_v19_v20_1_v6_v1_v21_18_13_v19_12_v12_9_4_v26_6_v19_15_3_v25_20_4_1_v12_v27_1_v22_21_16_v23_22_2_v30_3_1_v26_16_7_v25_20_4_v32_10_v28_24_21_5_v35_30_21_9_8_4_v33_10_9_v20_14_4_v34_31_6_v27_21_20_v38_31_24_v44_43_26_18_v30_10_4_3_v43_41_36_23_22_18_14_13_v35_20_13_v47_37_31_30_14_10_v45_36_28_27_24_7_4_v44_37_20_18_13_11_v47_10_6_v40_18_9_5_v49_17_13_2_v47_34_14_13_3_1_v51_10_6_4_v45_42_39_v57_39_38_23_14_5_v45_44_19_2_v50_44_43_38_34_22_v54_47_21_2_v29_24_11_v57_55_43_42_19_8_v46_34_24_7_5_v,64,val,24
v1_vvvvvv1_v7_6_v9_v7_v4_v6_5_v11_v1_v10_v16_14_8_7_v14_8_7_6_1_v11_8_1_v13_v16_vv19_v23_14_1_v4_v18_14_8_7_vv25_22_14_13_v28_27_5_v10_v9_1_v9_8_v3_2_v33_32_25_17_v8_2_v23_14_v26_5_v34_27_15_6_1_v12_v26_25_12_v33_28_22_5_v22_15_12_7_v37_27_15_v37_31_24_14_v32_23_15_14_9_1_v7_3_v40_39_35_26_22_v44_38_30_25_24_v46_32_31_v45_43_30_29_8_3_v48_39_33_26_4_2_v22_19_17_10_v50_48_47_25_v27_21_19_15_v39_28_16_13_12_9_v37_34_24_20_19_15_v52_51_41_15_7_4_2_v56_43_34_29_v20_5_v57_51_46_45_v58_56_40_36_10_8_v60_53_47_4_2_v48_35_24_20_17_5_4_v53_45_27_8_v,64,train,118
vvvv3_vv4_vvv9_v4_v2_v9_v10_6_1_v8_v9_5_v4_3_vv6_2_v2_v6_3_v21_12_10_v21_17_v15_v14_vv9_7_6_v11_v20_19_v23_19_v28_6_v30_9_v25_21_15_11_v26_1_v30_16_v35_27_26_7_v30_22_v25_22_19_v37_16_v32_26_23_18_17_7_v39_36_9_v33_32_22_18_15_13_v28_25_22_10_9_6_v34_32_26_24_11_2_v42_19_14_v45_40_10_v28_22_16_12_2_v43_31_29_20_13_v27_26_9_v39_34_31_25_12_3_v44_43_37_35_17_v43_28_26_7_5_v42_28_23_22_v51_47_39_33_28_9_2_v49_32_16_v53_49_26_25_3_v53_44_43_41_19_6_v52_22_12_3_v38_35_32_17_7_5_v58_24_21_5_2_v54_27_24_18_10_v56_39_16_13_v62_41_17_14_1_v59_47_41_36_32_24_23_16_v,64,train,68
vvvvvv1_v1_v7_6_vvvv8_v13_1_v9_v13_1_vvv12_11_9_v15_8_v19_v12_10_2_v12_6_v18_17_v21_11_v25_6_v26_22_14_13_7_1_v24_14_3_v24_23_21_16_14_9_7_vv30_v19_17_16_3_v16_v27_24_15_4_v17_v35_22_5_v34_24_21_5_v8_v22_8_3_v34_33_32_11_v27_24_13_5_2_v12_8_4_v42_17_12_10_4_v29_28_v35_33_23_11_3_v42_35_28_23_11_v43_30_24_19_6_1_v31_15_9_5_v46_36_35_24_12_v39_33_27_17_7_v39_25_13_v40_32_26_1_v50_44_35_28_18_4_v50_36_29_8_1_v49_40_31_11_v30_18_13_5_v36_33_13_2_v46_20_16_13_7_v57_56_50_43_v49_30_22_17_10_4_v52_40_26_8_4_v60_46_41_18_5_3_v55_53_44_41_34_v62_55_43_3_v,64,train,64
vvvvv4_3_vv7_vv1_v6_vv7_v5_vvv10_v14_6_4_v16_3_v5_3_v18_2_v21_v12_v20_12_6_v13_11_7_v10_7_v17_9_v27_23_6_v3_vv29_25_14_11_v22_5_2_v17_14_v27_19_17_14_v21_10_9_6_v25_24_13_v24_16_v31_8_4_v35_21_12_7_v30_25_10_8_6_2_v25_15_12_v29_5_v24_22_20_17_v23_21_7_2_1_v31_16_10_4_v44_15_v38_33_29_20_v45_42_35_27_11_v40_39_35_9_4_v49_46_28_11_v43_39_27_15_v41_39_29_10_8_v51_47_34_20_v45_44_27_7_v53_39_22_2_v51_45_43_28_4_v42_37_26_16_12_11_v46_35_33_32_23_22_15_v44_19_14_10_2_v57_54_41_7_v60_56_53_50_33_25_10_v61_58_54_38_12_11_v56_46_33_32_25_v62_48_23_18_9_7_v,64,train,100
vvvv3_v3_vv6_vv6_4_v8_vv5_v12_vv15_v13_1_v9_4_vv18_15_11_6_2_v17_12_v17_13_2_vv20_3_v9_8_v20_4_v19_14_12_v20_13_3_1_v14_6_v17_15_7_3_1_v24_v31_25_16_v31_28_25_20_10_3_v33_15_v12_6_v5_v36_26_20_v13_v32_24_10_v28_9_v40_22_9_7_5_v30_11_2_v38_20_10_v27_19_v44_42_39_34_26_11_8_v2_v22_19_3_v29_12_7_3_v41_5_3_v47_46_44_40_39_33_13_v44_39_20_12_11_v43_34_31_v41_18_2_v50_48_45_44_33_32_28_v38_11_9_v49_41_18_17_v53_40_36_33_5_2_v57_42_41_21_v44_34_31_21_3_v53_29_28_24_19_v59_53_47_43_15_12_9_6_4_v55_46_37_30_24_6_v34_28_24_12_10_v56_36_20_17_15_v,64,train,91
vvv2_vv5_vvv7_v1_vvv12_v8_v14_2_v4_v5_1_v16_14_vv13_1_v2_v8_4_v16_13_6_v17_8_7_1_v20_v18_5_v20_4_v13_v21_v27_25_5_v25_17_v31_19_v30_28_25_7_3_v20_12_3_v27_16_14_11_9_v33_v26_8_v36_29_28_v28_26_7_v37_29_4_1_v38_11_10_v29_27_14_6_3_2_v31_14_6_v41_16_8_3_2_v29_21_10_v21_16_15_5_v43_27_v40_32_19_13_5_3_v37_33_6_1_v39_21_13_10_v41_28_24_v41_40_15_9_v48_32_27_20_v47_35_34_30_19_v52_47_26_22_15_5_v55_50_41_28_v52_10_4_v48_31_20_7_v57_55_52_39_32_21_12_1_v54_32_29_19_4_v42_41_40_14_8_4_v34_21_18_2_v58_45_41_38_32_29_17_v60_59_46_17_7_1_v,64,train,33
vvvvv5_3_vvvv2_v3_v4_1_vv1_v12_9_6_v8_6_vv9_4_3_v2_v11_v19_16_v11_v21_4_v19_17_v21_v18_16_15_14_4_v25_6_4_v6_v9_v20_14_v18_17_16_13_v3_v28_26_9_6_v30_5_v26_21_17_15_6_v33_19_8_v30_17_13_8_5_v21_19_2_v36_33_22_3_v35_16_8_3_v19_3_v13_8_7_v42_37_26_24_20_16_4_v31_28_14_v32_14_1_v42_21_12_4_v39_31_3_v44_40_37_35_23_4_1_v39_34_19_18_v48_45_29_18_10_v21_20_7_6_2_v30_24_16_14_11_v52_10_v49_33_27_21_v42_41_30_20_13_9_7_v49_23_13_3_v56_50_20_4_1_v55_36_30_22_v55_30_27_25_v57_45_38_34_11_2_v52_41_24_4_v61_56_53_47_5_1_v36_30_20_7_v54_38_15_4_v,64,test,7
v1_vvv2_v2_vvvv7_v10_v11_10_vvvv13_vv17_7_6_vv4_v18_3_v3_vv9_7_1_v3_v23_21_10_6_v16_13_v15_8_2_v21_12_v22_21_v28_21_19_13_10_v31_26_21_5_v20_5_v20_7_v31_29_3_v25_18_15_v23_14_10_5_2_v25_16_13_v36_34_13_11_6_v24_21_18_v28_16_8_3_v28_26_23_12_8_2_v27_21_5_3_v27_20_v43_41_39_13_v42_11_2_v39_28_17_5_v37_21_14_12_6_v35_34_12_v47_34_29_14_8_2_v36_34_27_v29_28_17_15_8_6_v44_36_2_v45_39_5_3_1_v48_42_17_12_v47_39_27_3_v55_54_47_45_26_v43_35_34_21_9_v51_50_30_29_3_v53_47_40_32_5_v54_45_41_18_6_1_v54_43_40_37_15_v54_49_33_21_14_9_v63_62_32_19_v,64,test,33
v1_vvvvvv6_v4_2_vv6_1_v10_vvvv15_14_v15_5_v13_11_9_vv13_v7_v21_17_6_4_v13_v4_v18_5_1_v19_17_6_v12_v25_5_v28_27_23_21_v27_19_v28_4_1_v27_23_22_21_v24_13_7_5_1_vv20_v8_v32_26_15_7_v30_19_v37_31_22_1_v39_13_11_10_9_v35_33_27_20_12_v35_29_v39_24_22_2_v40_29_9_v42_17_14_9_v39_22_21_12_4_v45_35_13_v40_34_29_27_10_7_5_v43_34_22_20_9_v26_16_4_3_v47_16_8_7_v45_39_34_30_10_v40_37_31_1_v48_39_19_13_11_5_3_v52_45_44_32_27_25_v52_20_12_v55_41_4_v46_41_39_34_20_19_11_8_v58_37_29_22_19_v45_33_29_v48_27_19_15_v60_49_28_15_9_5_1_v48_32_27_19_18_7_3_v54_41_36_32_31_v,64,test,14
vvvvvvvvv6_vv1_v2_1_v12_v13_v15_13_5_v11_v11_v17_5_v5_v13_11_v20_5_v15_v22_10_2_v22_6_v18_3_v9_v23_21_v21_6_3_v24_23_21_13_8_2_v25_v27_25_14_5_4_v30_17_v31_25_22_1_v33_20_18_15_13_v32_26_24_2_v31_20_6_v37_22_v33_32_21_12_9_8_v35_13_8_1_v38_32_22_16_7_v29_v38_35_33_22_v43_2_v40_37_22_5_2_v38_36_25_17_v24_10_8_7_2_v28_13_10_v32_14_11_1_v49_27_21_8_6_v36_31_13_3_v51_41_39_36_10_8_v49_48_25_v44_42_41_18_8_v52_39_30_17_4_v54_41_37_31_5_1_v48_35_33_27_v47_46_42_25_24_v55_54_49_16_6_v31_18_14_10_6_v48_19_7_1_v58_53_34_32_28_26_9_v54_49_44_39_22_6_v33_27_25_17_v,64,test,29
vvvvv2_v4_v6_vv7_v8_4_v11_8_7_vv5_vv12_4_2_vv8_v9_1_v12_v3_v16_13_8_vv15_1_v22_15_14_12_v24_21_v18_v26_2_vv29_13_v8_7_v12_4_v23_20_14_8_v14_2_v30_18_v33_29_26_4_2_v22_11_v25_11_9_v34_13_4_v36_34_26_24_18_v40_36_29_24_11_6_v29_19_11_v28_6_v42_18_7_v43_37_8_2_1_v31_3_v34_29_28_18_14_9_v38_28_14_12_v31_28_27_3_2_v41_28_23_21_12_1_v42_24_v31_9_7_6_v46_42_40_28_11_v53_50_48_42_37_32_24_19_15_8_5_v46_32_31_4_v54_48_36_28_24_v49_47_39_37_36_12_9_5_v53_49_34_27_v46_36_32_21_17_8_4_v55_51_48_46_44_2_v46_35_24_22_15_7_v33_15_13_12_v56_32_21_10_v43_18_15_12_v,64,train,74
vvvv2_v1_v3_v5_3_v8_v6_vvv2_vv9_v14_v9_vv7_v2_v17_14_v3_v22_5_v12_7_v23_v9_5_v26_18_4_v23_20_3_v23_15_14_v11_8_v13_11_v20_17_13_10_v31_28_27_17_8_5_4_v30_27_23_v18_11_v24_12_1_v27_23_15_v26_14_6_v36_34_33_24_7_1_v39_31_24_v21_v31_29_v39_25_20_16_12_v30_28_15_11_v42_37_28_21_7_6_v30_19_3_2_v33_32_25_18_15_10_v46_32_23_8_v31_29_26_8_v49_27_10_9_1_v39_32_21_15_v38_9_8_6_v42_40_27_19_v50_33_28_24_v29_25_4_1_v47_40_29_16_10_v40_31_22_21_6_2_v54_48_44_21_15_6_v46_39_28_18_9_6_v43_36_25_v57_50_48_27_19_18_v55_41_36_28_9_v59_53_41_33_26_9_v51_33_21_5_3_v,64,train,60
vvvvv4_vv4_vv7_5_v7_3_vv7_v13_vvv8_v12_10_5_v12_6_v11_v19_16_15_13_11_3_v21_vv19_14_4_v11_v21_18_12_5_v23_16_11_v16_6_v22_v15_5_v16_8_v15_v31_26_v25_24_17_14_10_v24_17_6_v3_v28_25_20_5_v34_24_22_13_11_v37_33_26_20_6_v32_29_22_5_v5_v26_19_12_v31_28_15_v43_39_30_24_20_18_v16_10_v44_36_25_13_10_v44_37_30_13_v25_17_6_v42_36_31_30_20_14_v39_23_15_5_v48_34_4_v45_19_16_11_v38_30_23_22_11_v37_18_13_3_v52_45_19_9_4_1_v55_44_34_28_19_v41_32_27_19_15_v57_44_36_33_28_v58_50_39_22_15_3_v48_28_23_17_v54_42_28_22_v46_35_20_17_14_12_v59_55_49_37_25_v49_42_36_34_21_6_v,64,test,28
v1_vvvvvvv3_v7_2_v8_v4_2_vv3_v10_vvvv13_6_v15_5_v19_14_v4_2_v11_5_v23_22_v2_v23_18_16_15_v13_2_v8_6_v25_23_10_v12_8_7_5_v25_22_18_12_v24_20_v31_26_12_9_v18_17_v19_1_v33_25_v32_26_23_11_10_v35_28_26_15_13_2_v34_24_20_10_2_v28_23_17_v16_14_11_4_v35_25_18_9_2_v42_19_v28_12_10_v40_25_23_15_8_4_v28_24_18_v45_26_v41_13_6_v45_3_v46_21_1_v50_49_38_8_v46_33_21_v46_32_18_6_5_v39_34_26_25_15_8_5_4_v38_21_20_13_7_v38_33_32_16_14_13_v53_51_48_39_28_11_8_1_v47_44_33_31_22_20_v50_46_28_v52_28_16_v48_10_2_v54_36_25_2_v51_46_31_29_23_19_v55_21_13_8_7_5_3_v,64,train,85
vvvvv3_vvv5_vv8_5_v11_6_v11_v6_vv7_4_v14_6_3_vv14_v11_v18_7_4_v17_v5_v13_7_v23_19_14_12_1_v17_16_v26_13_v8_v24_7_v26_21_17_14_v13_8_v9_1_v25_19_1_v20_2_1_v28_4_v30_24_23_11_v35_33_18_v28_10_v32_4_v17_8_6_v40_27_14_v38_27_23_5_v21_14_v36_30_20_v23_17_7_2_v44_38_14_13_9_2_v43_38_32_27_5_v46_44_35_18_11_v48_40_39_37_33_23_11_8_v35_21_v39_38_35_21_15_v43_42_32_26_24_14_v22_21_18_14_7_v49_39_35_25_12_4_v41_38_31_11_v49_37_19_17_v20_18_11_4_1_v56_34_33_14_12_v54_52_41_40_37_14_3_v59_48_33_v58_55_49_47_40_34_1_v47_34_33_19_17_12_v48_43_35_16_1_v57_46_33_29_5_v,64,train,30
v1_vvvvvv2_v7_vv7_1_v9_v8_3_2_v13_12_9_5_4_1_v10_v12_5_v12_2_v17_8_4_v14_6_2_v14_12_vv1_v16_6_v14_13_v21_v19_10_9_7_3_v26_7_v27_10_6_1_v25_18_5_v24_v27_6_2_v29_20_v26_10_8_v19_v32_14_13_3_v31_27_22_21_2_v26_24_21_18_11_v30_v24_22_16_5_v37_28_v35_33_11_3_v19_8_4_3_v16_15_v10_6_2_v38_20_19_12_v38_26_8_2_v44_26_12_v17_v25_2_1_v47_3_2_1_v48_21_3_1_v51_50_32_25_v43_29_4_v44_36_32_26_1_v33_27_23_20_v44_28_24_16_13_1_v36_35_10_8_4_3_v28_15_7_2_v56_19_8_1_v54_40_33_30_17_2_v37_32_30_13_12_v22_6_4_3_v59_47_38_37_18_v62_55_44_30_28_20_18_12_v,64,train,123
vvvvvvvv6_v7_v6_3_vv12_v4_v9_v12_v15_8_v7_v7_v18_8_v17_8_5_v19_12_v15_4_v21_12_5_1_v23_22_16_13_8_5_1_v11_8_v10_7_v8_1_v25_16_8_v25_v27_22_v26_17_6_v29_24_16_6_2_v29_23_4_v1_v2_1_v29_25_18_14_v30_27_24_v32_11_v8_5_v15_9_6_1_v39_20_18_v42_36_30_22_v40_38_13_v43_28_25_18_v30_10_v42_36_29_21_17_v41_28_20_9_v38_35_11_v15_14_10_v43_41_37_29_28_27_13_9_v41_38_37_34_26_v52_46_26_25_20_14_10_v38_18_8_v49_23_15_11_5_v20_12_6_2_1_v46_43_8_5_v54_42_14_4_2_v51_47_39_22_v53_44_39_17_14_v35_31_27_26_20_14_v59_56_53_52_31_18_v62_59_50_34_30_10_v58_54_50_49_12_2_v,64,train,55
vvvvv4_vvv8_v5_v3_v1_v5_v4_v10_5_v11_v13_v13_2_v12_vv14_v20_19_v6_v21_v18_11_v18_15_13_6_v9_7_1_v7_v27_20_7_v23_9_2_v13_12_4_v28_15_4_2_v29_1_v28_4_v31_12_v26_22_21_v28_15_8_v36_8_6_5_4_v36_33_15_5_v33_28_21_10_9_v40_39_32_12_v26_23_6_v33_29_20_v39_29_28_8_2_v25_18_14_v44_42_13_8_5_v46_43_6_1_v47_45_39_26_11_v33_31_30_18_7_v43_36_31_25_14_8_v44_37_30_8_v50_46_18_14_v32_25_10_2_v42_24_20_15_14_v32_12_v49_42_31_5_v53_40_34_22_v47_46_38_32_27_18_13_v42_36_16_6_4_v52_49_48_36_21_6_v60_58_48_37_13_v45_34_30_9_3_v61_60_57_41_24_v56_51_40_4_3_v,64,train,125
vvvvvv6_4_v6_2_v2_v4_v10_3_vv4_v8_vv4_vv14_v13_9_vv17_6_v20_16_14_8_v14_10_6_v23_13_v20_5_v22_13_8_5_v23_17_8_v11_v20_12_6_vv22_14_3_2_v25_23_19_6_v31_25_13_v27_25_3_v31_17_16_11_8_v25_16_11_3_v19_11_5_v24_16_v31_28_6_3_v10_6_v35_33_30_17_v27_v26_20_15_v41_39_19_14_8_v33_25_2_v33_23_v43_37_20_9_v45_41_18_14_8_4_v47_27_11_v49_47_43_39_v45_32_27_16_10_v49_41_16_8_2_v48_33_28_23_13_9_v41_39_33_28_8_v35_27_24_21_15_12_10_2_v41_14_10_2_v53_42_36_15_10_v52_48_44_20_11_v47_43_12_3_2_v59_53_42_36_25_23_v54_29_24_1_v46_16_6_3_v21_7_6_4_v52_48_41_21_19_18_2_v,64,train,10
vvvv1_vvvvvv7_6_v7_vv9_3_2_v9_vv14_5_3_vv17_3_v19_v13_v16_7_2_v15_11_4_2_v17_v17_4_v13_v23_18_16_v19_15_1_v13_12_10_v28_5_v28_15_v8_6_v22_19_2_v25_23_7_v17_14_10_v21_16_14_v35_21_v31_14_v37_31_20_16_14_9_v30_27_14_8_v38_25_24_12_10_v32_24_12_v41_13_1_v34_26_9_4_2_v14_12_11_v43_32_29_15_13_v35_30_28_24_18_v44_35_21_20_v47_33_30_12_v15_10_6_v50_42_31_17_15_6_v51_46_43_32_30_24_v45_28_14_v53_45_3_2_v49_31_27_23_17_3_v54_19_13_v50_47_33_25_21_17_15_v47_25_24_13_v53_52_44_23_21_4_2_v47_39_37_25_20_10_v48_35_33_29_6_v58_57_50_49_39_14_2_v38_33_28_21_v46_29_22_1_v,64,test,5
v1_vvv1_vv3_vv3_v9_vvv10_v4_v10_vv5_v3_2_v8_v17_8_v9_4_3_v21_12_8_v17_12_4_v15_v24_23_14_v15_1_v19_15_7_v25_v10_7_6_v28_v19_14_4_v31_30_24_v18_17_15_v33_12_v18_2_v34_28_6_4_vv11_7_1_v35_32_15_v25_15_14_7_v28_12_v11_5_4_v40_30_29_21_14_2_v27_14_13_9_7_2_v27_6_v42_41_39_31_20_6_v37_33_v18_12_11_4_v48_41_17_v49_40_36_3_1_v35_18_16_v41_33_23_v45_26_25_4_3_v43_32_25_2_v54_44_33_30_21_1_v50_47_33_27_v54_43_29_14_7_4_v49_34_29_17_2_v57_34_29_26_24_19_15_v44_43_42_39_25_9_v55_54_52_50_38_37_35_22_15_v58_57_47_44_23_17_v55_36_27_26_25_15_v61_44_37_36_11_v,64,test,8
vvvv1_v5_v6_4_1_vv1_v7_4_3_vv9_vv13_7_1_v13_6_v15_v13_12_5_vv11_v1_v19_v9_v2_v16_15_5_4_v22_13_v8_v24_14_5_2_vv25_18_v9_7_v23_12_5_3_v20_15_10_7_5_v24_13_9_v8_3_v16_15_7_4_2_v35_23_22_20_v35_29_28_22_v36_29_23_17_15_5_v33_23_9_v29_11_v37_19_9_v38_37_13_v39_8_2_v39_27_v41_16_2_v40_36_16_7_v42_18_7_5_3_v35_26_12_7_v46_37_v48_40_29_20_4_v33_25_v41_23_17_9_7_v50_43_35_4_v42_37_36_10_7_5_3_1_v44_21_20_15_3_v54_48_30_25_19_v41_34_27_18_v54_41_26_17_v33_25_19_12_8_5_4_v59_54_44_21_v45_38_23_4_v60_52_44_36_12_9_6_v60_56_50_49_36_v36_33_30_29_9_v,64,train,37
vvvvv2_vv1_v6_vvv5_4_v8_v11_v10_v2_v1_v12_5_vv17_11_6_vv17_9_vv14_9_v23_6_v3_v26_4_v24_22_v24_8_v25_24_15_2_v30_18_8_5_4_v13_v26_25_23_v31_30_25_20_v25_20_19_18_11_v22_v23_9_v36_27_v38_12_v38_21_16_15_v27_25_24_4_v41_36_29_24_11_v39_29_15_9_6_v39_29_23_20_15_4_v40_23_16_v37_12_v40_35_15_v46_29_23_10_v27_23_v37_28_24_19_1_v41_32_27_19_11_v43_40_38_32_16_6_v51_42_32_15_13_9_v46_40_38_18_v40_38_20_14_v41_28_26_19_15_1_v23_11_v53_52_45_40_28_v51_47_23_7_5_v37_34_33_21_11_v60_57_55_27_22_19_4_v55_52_30_29_15_11_v55_53_47_30_28_9_v53_43_42_35_19_15_11_v,64,test,34
vvvvvv4_vvvv9_7_v10_1_vv4_v7_vv13_12_vv18_v16_15_9_3_v15_v17_12_v20_v15_v12_2_v19_2_v25_23_16_5_v23_12_7_v23_19_v22_v17_12_v22_18_10_5_v17_9_5_v31_27_11_9_8_v30_7_6_v34_24_9_4_v24_14_12_v28_24_9_7_v33_23_18_11_v27_15_v23_1_v41_v42_40_20_6_1_v36_7_2_1_v37_30_27_1_v33_28_9_2_1_v46_44_28_4_v35_30_8_7_2_v24_23_15_v38_20_14_v45_42_22_v49_43_23_14_5_1_v49_48_36_31_26_v40_35_23_22_18_v47_44_43_40_25_5_v53_49_47_32_30_4_v56_49_38_27_21_15_13_7_3_v39_27_20_6_v44_41_19_18_14_4_v54_51_44_36_27_21_9_v55_40_33_32_26_v52_40_33_27_v58_41_28_1_v45_17_12_6_v,64,train,20
vvv2_vv4_v6_v1_vv6_v1_v6_v5_v13_7_6_1_vv11_v14_8_v5_v10_v19_7_6_vv9_4_2_v22_v22_v10_2_v7_5_v18_10_8_5_v20_15_10_v24_13_v15_7_5_v28_14_v29_9_1_v28_12_4_v18_15_8_v20_12_10_3_v24_vv21_18_16_11_7_v19_8_1_v29_4_v30_6_v21_18_5_v27_25_24_21_15_9_v41_12_9_3_v24_12_v31_16_10_6_v43_37_23_10_5_v46_19_15_3_v40_30_23_v49_30_19_18_11_v41_40_10_7_4_v49_43_35_15_8_5_1_v42_38_18_13_12_7_v49_38_33_28_21_20_v34_13_10_v47_35_30_19_14_7_4_v53_47_v48_47_22_18_1_v58_36_27_9_v41_38_33_17_v59_57_37_14_v60_58_56_50_5_v61_39_21_18_15_8_v52_28_7_6_2_v,64,val,10
vv1_vvvvvvv9_vv10_v11_10_v2_v12_vv8_v7_v11_1_v11_v16_5_v6_v5_4_v14_vv1_v23_22_14_11_6_v24_17_v19_5_4_v26_24_3_v15_10_9_v19_v26_25_10_v17_v31_29_7_5_v34_24_23_22_4_v36_20_11_3_v20_19_18_v31_16_6_v30_16_11_v21_3_v41_32_17_16_13_5_v38_28_26_22_12_9_v43_37_36_11_7_v37_36_28_25_8_1_v38_27_23_7_v45_44_32_22_v36_34_24_v23_15_12_6_v36_26_2_v27_26_22_4_3_v46_39_20_v49_42_37_26_25_v51_49_41_27_v49_42_28_25_3_v41_31_30_13_9_7_v56_50_13_v49_41_38_27_17_15_v53_45_31_27_24_23_7_v44_38_29_19_2_v50_45_43_23_20_8_1_v54_43_42_24_17_v60_58_48_20_9_v62_52_17_16_13_v,64,train,32
v1_vvvvvvv6_5_vv10_vvv10_5_1_vv9_v7_vv13_v10_v19_6_v14_2_v16_15_v22_3_v20_18_v9_8_v9_v19_15_14_5_v13_v27_3_v12_v26_20_13_1_v14_2_v31_26_14_12_11_v32_25_15_8_5_1_v24_5_4_v30_14_9_8_v28_21_v38_33_20_v29_25_19_v31_24_23_15_v41_40_29_28_18_v36_27_14_6_v43_33_v27_19_18_15_12_v31_v44_38_24_19_13_v43_31_22_10_v48_30_16_10_5_v45_42_40_30_28_v44_35_26_22_11_v47_42_14_4_2_v24_16_13_7_2_v49_47_46_31_29_4_v42_40_34_31_27_13_9_v55_54_45_35_16_v56_53_51_43_18_15_v43_18_12_5_v55_53_47_27_2_v32_23_14_7_5_v49_31_30_28_25_16_2_v52_44_35_27_21_v52_19_14_v61_60_55_34_5_3_v,64,val,30
vvvv4_v2_vv6_v1_v5_vv1_v8_v11_9_4_1_v3_v5_4_v10_7_vv15_v1_v15_v21_17_15_12_5_v21_2_v23_19_v22_15_v15_3_v17_10_v19_18_3_v22_v26_24_10_v13_v21_20_16_v28_9_v16_15_v32_26_23_20_10_7_3_v34_v31_16_14_11_v32_27_12_8_1_v37_18_16_3_v33_22_9_v39_33_18_15_v39_29_28_v36_14_12_3_v39_31_11_v38_18_5_v42_40_25_7_v44_36_35_34_32_5_3_v45_33_13_1_v18_6_v42_39_18_v24_12_6_v48_33_32_22_v49_35_34_19_v30_25_11_5_v37_36_35_24_21_6_v46_29_28_20_17_5_v54_47_43_32_v51_41_31_13_v58_52_37_35_30_5_v56_42_20_14_7_v53_52_29_26_11_v60_54_53_34_26_6_v24_23_18_17_12_3_v56_53_38_23_14_v,64,train,12
v1_v1_vvvv2_v4_v5_v5_vv7_v6_v13_v6_v9_3_v12_10_7_v14_12_v4_1_v15_v14_v14_v8_4_vv14_1_v16_v24_1_v21_7_v22_13_1_v24_12_11_6_v25_19_13_v16_4_3_v11_v22_3_v33_32_8_v34_33_26_19_10_9_v18_14_13_7_v21_2_v33_v12_8_7_v37_32_26_23_22_v41_28_4_v35_21_10_v24_22_11_v40_38_25_24_17_12_5_1_v44_11_7_v8_1_v47_34_v38_25_24_12_v35_27_13_10_1_v46_43_39_31_29_17_7_v45_39_14_10_v45_20_13_10_v53_52_43_8_6_v51_37_24_21_v51_50_46_44_30_25_v46_18_11_10_3_v52_47_34_33_28_19_1_v46_43_27_17_7_v54_34_33_25_21_14_4_v54_44_23_9_v58_54_28_11_7_v59_55_54_48_23_13_10_v63_62_28_26_22_v,64,train,57
vvv1_v2_1_v3_2_v6_v6_v3_vv2_vv8_vvv6_v8_6_3_v5_3_vv13_6_3_v2_v13_11_v2_v13_6_2_v13_9_v23_20_4_2_v25_23_22_14_vv17_4_1_v2_v30_17_2_v30_v5_3_v6_4_v34_28_4_v23_21_18_13_9_v31_28_20_17_v19_8_5_v37_18_16_v39_33_20_3_v22_20_9_3_v32_30_26_17_4_v24_22_5_v43_34_28_4_v41_37_5_1_v39_32_26_15_11_v46_31_22_18_16_3_v33_27_25_12_v46_44_25_23_v46_44_13_5_v39_23_22_18_13_9_v50_48_44_25_7_v48_40_35_4_v46_9_v53_34_23_16_14_v54_48_24_2_v25_19_16_3_1_v52_49_36_32_v38_29_21_16_v58_37_33_24_21_v43_37_12_8_v41_34_32_28_14_3_v26_23_18_13_v54_26_22_20_19_10_7_v,64,val,9
vvvv4_v3_v6_vvv9_3_v3_v8_vv10_v14_12_10_v12_4_v13_9_6_5_v15_v14_v17_2_v8_v20_v5_3_v15_13_v18_15_12_4_v10_v11_1_v26_v10_vv23_20_7_v18_2_v28_14_4_v32_25_6_v22_5_3_v35_33_30_26_21_v35_25_9_v16_v26_20_18_10_4_v26_11_8_v36_24_12_8_v38_26_16_15_v41_34_19_9_v39_29_3_v43_23_7_v43_38_31_29_15_5_2_v43_33_5_v45_42_28_25_23_v47_25_18_6_4_v41_38_22_16_13_v37_4_v36_26_10_5_1_v40_39_23_21_18_v50_37_v46_44_43_38_31_5_v38_34_v39_34_v29_26_23_19_18_v53_49_34_23_11_v58_42_38_37_23_4_3_v57_47_44_32_21_20_7_v61_57_43_41_23_v62_56_42_38_1_v61_46_42_33_26_19_18_15_8_v,64,test,17
vvvvvv2_v4_v3_vvvvv8_5_v8_v3_v16_v17_5_4_v9_7_v7_6_2_v17_16_14_13_vv19_18_2_vv23_13_v14_v26_3_v15_11_6_v17_7_3_v23_15_v25_4_v29_19_16_v27_24_2_v31_28_18_2_v24_11_v29_28_21_15_v36_24_20_19_9_v35_26_19_12_4_v28_15_12_8_4_v37_14_11_8_2_v36_34_19_12_v40_32_23_v38_20_v40_21_v44_36_v45_37_32_28_1_v38_20_14_v35_26_20_19_16_8_v44_20_8_6_v42_15_v39_26_22_2_v46_39_38_36_32_18_v51_41_34_28_11_v52_29_11_5_3_v45_36_11_v48_41_32_26_21_20_6_v30_26_24_10_v56_48_16_15_4_v55_51_48_24_15_9_v50_16_5_2_v38_18_17_3_1_v61_53_35_17_15_v62_46_39_36_33_7_v57_47_42_36_34_23_1_v,64,val,21
vvv1_vvvv3_v7_5_4_vv4_vvvv12_v15_v12_9_4_v12_v6_2_v8_6_v15_v16_11_v21_19_14_v2_v19_7_4_v22_3_v6_2_v18_2_v19_13_6_v23_16_v30_29_8_v20_v27_17_15_11_v33_11_5_3_v25_10_8_7_v23_22_17_16_v27_21_8_4_v26_6_v38_23_10_5_v36_27_25_20_4_v31_23_16_8_6_4_v34_28_25_23_6_v39_38_34_30_26_3_v41_29_20_v44_43_37_36_14_v35_34_24_14_v35_25_23_1_v43_40_39_3_v35_7_v38_36_30_20_12_v44_40_21_19_13_5_1_v46_31_v50_25_18_9_v44_31_25_v43_40_31_11_8_v53_52_41_16_v55_26_12_v52_37_36_34_6_v47_44_39_19_4_v53_49_18_v40_37_34_26_17_8_3_v55_48_32_20_13_2_v60_59_37_35_10_v54_41_38_36_10_v,64,train,15
vv2_vv1_vvv7_vv3_v5_v10_7_6_1_v11_vv6_vv9_3_v14_1_v15_v15_8_v8_v5_4_v19_18_12_11_v23_21_3_v24_22_17_8_7_v25_18_12_9_v20_v24_10_9_6_v2_v28_18_17_v16_15_v25_16_1_v28_23_13_11_v5_3_2_v20_4_v22_v35_24_16_v37_8_vv1_v22_19_13_v40_36_30_5_v34_28_12_3_v35_4_1_v30_10_9_v42_41_27_24_13_5_v40_37_30_25_20_14_v47_39_34_33_22_4_3_v46_45_38_26_v47_44_39_29_26_13_8_1_v50_21_13_12_7_3_v13_12_8_1_v8_v24_15_14_11_3_v54_42_34_31_25_17_v49_36_24_v40_30_10_4_v51_48_38_25_2_v52_32_30_27_25_v33_31_29_26_25_v47_25_16_13_v35_27_17_9_5_2_v60_59_45_38_14_v50_47_28_19_11_7_v,64,test,18
vvvvv3_vvv7_vvv7_vv8_v2_vv10_3_v15_7_v13_5_vv13_vv5_v19_v21_16_2_v25_v26_17_6_v21_18_7_6_1_v16_9_v28_27_12_7_v24_21_3_v25_19_3_1_v22_15_14_v30_19_18_v31_24_v32_13_11_1_v35_33_28_12_3_v33_14_4_v36_33_25_17_v33_23_18_12_v30_23_18_6_5_vv41_34_20_18_13_v42_36_7_v38_28_25_16_13_v26_4_1_v35_5_v34_31_26_9_8_v41_28_23_12_5_v49_40_24_23_19_18_v50_30_25_24_2_v48_36_18_v48_41_38_19_15_11_7_6_v46_33_32_26_15_v53_52_25_11_v51_44_v54_49_18_13_3_2_v53_42_34_24_20_v48_40_26_24_3_v56_55_44_25_8_4_2_1_v49_47_42_14_5_2_v59_56_44_43_29_v49_46_21_18_17_16_2_v51_49_44_35_18_11_v,64,train,126
vvv3_vvv4_v6_v7_v4_v6_5_vv5_vv10_vv14_2_vv10_3_vv9_vv7_v8_v19_14_7_v16_11_6_v7_v14_13_11_v28_25_v29_26_9_6_v28_24_16_14_v21_14_10_7_v19_10_v22_16_v14_v24_14_2_v25_16_7_v34_31_24_10_9_v33_29_19_13_12_v31_24_21_19_16_10_5_v28_19_9_5_v15_13_8_3_v41_34_v43_15_10_2_v41_21_15_v23_13_1_v46_35_17_13_10_3_v34_25_20_15_v33_30_26_1_v45_44_40_39_v48_44_34_23_13_v45_23_14_v51_45_18_v52_19_11_1_v39_32_31_10_9_v54_48_47_43_24_15_v50_42_37_31_30_26_v40_36_26_24_22_v55_45_26_21_14_13_v54_42_35_26_21_18_v56_51_46_35_11_v53_27_22_19_8_v55_51_50_42_28_27_22_10_v57_37_35_22_12_7_v,64,train,61
vvvvvv6_v2_v1_v5_vv11_vv11_v14_8_4_3_v14_2_vv4_vvv13_8_v18_3_v20_9_5_v23_21_11_v17_16_12_4_v24_10_v23_22_5_v24_23_1_vv18_13_v17_15_5_1_v30_15_12_v28_23_18_14_11_6_v32_18_2_v27_17_v25_21_v18_15_v21_v33_31_10_v29_11_4_1_v40_17_10_v40_25_16_12_11_v39_23_15_v38_36_23_v41_25_23_2_v26_9_8_v37_18_14_v28_11_3_2_v41_40_36_31_26_24_14_v39_21_10_3_v46_41_23_22_4_v49_38_28_21_11_v47_32_17_9_v51_41_31_30_5_v40_36_22_18_17_9_v39_36_24_18_10_v35_20_12_9_v51_43_22_5_v53_23_20_19_6_v49_45_27_13_10_v60_49_31_30_20_v50_47_45_32_24_7_v61_46_31_21_v63_57_51_43_40_11_6_v,64,train,92
vvvvv4_vv4_3_vv1_v5_v6_vv12_vvvv6_4_v14_11_v13_v6_5_v7_6_1_v8_v19_16_v16_5_v17_6_1_v12_11_5_4_v27_11_9_v16_14_8_v15_9_8_v18_15_10_2_v28_3_v30_v19_11_v10_v27_26_24_22_18_v35_31_25_23_19_v33_14_v36_34_6_1_v37_23_12_7_v34_7_v40_36_29_v34_31_17_7_v25_16_4_v35_10_v42_38_22_14_v46_22_v47_20_13_3_v45_41_34_20_17_v26_12_11_4_v49_37_18_12_1_v41_36_29_25_v46_33_12_v44_40_37_21_18_14_3_v45_38_27_10_7_1_v47_46_31_21_11_v50_37_32_23_16_10_v52_45_16_v56_54_40_20_19_15_v54_49_47_44_29_8_2_v50_38_27_20_9_8_v56_51_50_42_36_19_9_1_v62_38_28_16_15_v62_51_35_32_22_18_14_13_v,64,train,73
vvvvv2_v2_1_v3_vv9_vvv11_v2_vv1_v7_v3_2_v10_2_v11_v10_7_v20_9_v11_vv21_v12_v12_3_v14_13_v5_v26_24_v11_v12_8_3_1_v29_27_26_8_v25_14_3_v32_18_v24_22_13_10_v15_14_1_v24_17_12_v38_29_v14_4_3_v34_26_23_14_10_9_v41_13_v42_41_21_4_1_v31_22_7_v43_33_22_18_v35_32_25_18_v42_40_39_22_14_v37_33_32_20_2_v46_41_2_v44_39_2_v39_37_36_24_23_6_v46_45_36_34_11_4_2_v43_36_31_14_v30_27_13_v54_46_45_38_36_35_26_23_13_v51_49_25_22_15_v35_18_14_4_v56_34_31_29_16_15_13_v38_33_21_19_v57_55_52_51_26_11_4_v37_29_20_7_v59_53_45_43_27_2_v61_50_40_26_19_18_v58_53_43_34_14_5_v,64,train,104
vvv1_vv2_vv7_v2_vvvvv3_v13_9_6_5_3_v14_13_v12_v8_v15_8_v15_3_v12_9_8_6_v8_4_vv23_v20_8_v19_v20_18_14_v23_v28_17_5_v19_16_13_v23_13_9_v29_25_6_v32_28_25_8_5_2_v30_28_24_v31_24_1_v30_26_21_2_v13_9_v30_28_23_20_7_v26_12_v13_1_v40_33_29_26_12_3_v38_31_23_16_12_v26_18_13_10_v24_20_7_v22_16_1_v24_15_13_3_v45_44_43_41_32_31_v36_35_27_25_v42_26_22_9_5_4_v38_27_21_5_2_v41_40_37_33_29_17_16_v43_39_31_25_v51_50_46_37_21_v51_50_28_22_12_v48_46_2_v32_27_12_11_v18_17_8_v45_19_10_v58_35_31_26_22_v58_51_45_7_5_v47_39_31_18_15_v39_23_14_13_5_4_v58_43_35_26_19_v60_53_45_29_v,64,train,3
vvv1_v3_vvvv1_vv10_3_v1_v1_v10_7_v14_10_vvvv2_v1_v14_4_v1_v16_10_v16_9_v16_v10_v7_5_4_v27_17_v28_24_14_vv20_19_18_6_v13_12_10_5_v30_15_v24_23_22_4_v32_29_17_2_v20_7_v27_3_v36_33_29_13_v29_4_2_v27_15_9_v35_31_11_7_6_2_v36_16_v39_36_29_22_v36_33_16_v44_37_30_21_17_1_v44_29_8_v33_29_12_8_v25_v32_30_24_11_9_3_v42_41_39_25_19_v39_38_17_14_3_v46_26_22_11_10_v50_49_47_27_18_11_v53_43_38_25_20_18_v50_47_46_40_31_17_v53_52_42_38_23_9_v40_38_36_35_25_v42_32_28_24_6_4_v46_36_11_8_v58_55_31_14_v45_25_v55_41_40_39_35_v50_44_43_40_36_23_14_v57_50_41_27_25_17_16_13_v,64,train,0
vv2_v3_1_vv4_1_vvv6_1_v5_4_v9_vv6_5_4_v10_vvvv10_v2_v8_4_v16_v21_19_v15_14_5_v20_10_v13_5_v24_v12_v16_3_1_v17_v27_26_6_v2_v25_12_7_v15_6_5_v31_30_4_v30_29_18_16_v11_8_4_3_v34_15_v12_7_v28_27_12_11_v25_22_18_17_v39_35_22_15_6_v33_19_v42_39_v37_36_31_26_12_11_8_v42_36_23_22_8_5_3_v45_31_19_7_3_v42_41_37_26_4_v36_19_17_v43_38_10_6_3_2_v43_34_30_18_v49_45_40_2_v45_36_4_2_v46_40_v37_35_30_23_19_16_v43_39_35_3_v42_35_32_v55_46_45_31_28_19_18_v57_43_36_18_12_v55_45_38_16_12_3_v41_34_22_19_6_v46_43_34_28_21_v57_41_38_27_8_6_v51_15_11_8_v35_33_26_7_v,64,test,13
vvv1_v3_vv1_v7_v6_5_vv5_vv1_vv14_7_v9_v13_8_v15_14_9_v18_4_v13_vv14_v2_v20_7_v23_v12_3_v10_7_3_v22_17_16_vv23_10_3_v17_8_5_2_v11_9_6_v23_v33_32_9_v14_12_6_4_v24_8_v30_21_7_v30_23_19_16_v30_21_8_v22_7_v27_24_10_2_v34_30_29_v36_23_v40_34_26_11_4_v31_28_18_4_v45_27_24_21_12_8_v39_26_25_15_5_1_v36_16_12_6_1_v47_44_39_24_20_5_v40_32_21_19_17_11_10_v30_26_16_5_4_v27_23_17_3_1_v52_51_48_19_9_4_v48_47_43_v44_27_23_19_7_v42_36_30_29_13_11_v33_30_27_v48_29_9_8_v53_52_43_31_v48_47_44_32_1_v53_48_19_1_v55_51_36_30_19_8_7_6_v54_46_24_22_v48_27_4_3_v,64,test,27
vvvvv2_v2_v6_v7_vvv1_v4_v6_vv9_2_v16_v16_9_5_v15_13_2_v15_13_4_vvv19_17_v21_9_v18_9_v15_3_v23_5_4_v26_20_15_10_v3_v13_9_v22_v31_15_2_v22_21_2_v24_13_4_v28_10_v26_2_1_v22_13_8_v33_18_v2_v37_28_v39_33_27_25_8_v20_15_4_v42_v27_25_23_14_v34_23_19_12_v31_22_17_v32_18_10_1_v44_38_29_27_21_14_4_v48_32_10_6_v44_33_31_27_24_v42_39_38_20_18_v51_22_20_18_16_v48_46_43_26_18_17_15_11_5_v52_45_23_21_13_v47_42_41_39_30_27_20_v19_17_13_7_v41_37_35_24_19_16_15_12_v47_46_32_29_18_12_v54_39_21_v57_36_20_14_2_v58_49_48_21_10_v40_39_36_35_17_v37_34_26_24_13_v47_25_15_14_1_v,64,test,3
vvvv1_v4_vvv3_v6_v8_v4_v6_v6_2_v13_9_v9_v15_11_8_vv12_6_3_v19_4_v13_9_v21_12_2_vv3_v19_16_10_v14_5_2_v14_11_8_v3_v24_20_4_v28_15_12_v15_11_4_v19_5_v29_23_13_11_v31_23_v24_v18_12_6_v26_3_v26_24_12_v28_4_v33_27_24_v40_19_1_v32_29_10_2_v39_38_34_26_14_10_v20_18_7_v42_34_6_3_v23_15_v36_24_12_10_v25_24_12_v17_14_10_7_4_v23_19_18_4_1_v28_27_14_7_4_3_v44_37_22_v28_25_24_v53_38_34_14_13_v53_38_37_25_19_7_v46_34_16_15_14_v49_43_42_5_v43_33_30_1_v51_38_35_29_23_7_v46_22_3_2_v38_26_15_14_12_11_v58_57_34_33_9_v28_16_2_v47_44_41_33_31_21_18_16_9_v,64,train,23
vvvvvvv2_v5_v5_3_v8_v7_2_v2_v11_3_1_v9_8_5_v13_5_vv8_6_3_v2_v14_8_5_2_v19_17_v21_v17_v13_v3_v23_12_v16_11_3_v26_v25_8_v13_v29_17_10_5_2_v25_v26_1_v33_12_9_4_v19_13_10_8_v30_29_28_21_v10_v33_28_26_v12_4_2_v38_15_12_v39_37_20_v41_20_12_8_v36_10_7_v36_25_20_8_v26_13_12_9_2_1_v29_19_9_4_v44_31_21_19_7_v41_16_v32_30_25_22_5_3_v36_21_19_v29_16_14_12_9_5_v46_32_29_v51_27_25_22_6_v20_6_v51_50_46_14_v50_48_45_43_33_32_12_v41_32_17_10_v53_46_38_35_6_3_v43_34_24_2_v51_37_10_5_2_v48_47_38_11_5_1_v45_32_20_16_v59_54_34_13_3_v47_45_34_32_30_19_16_10_v,64,val,11
vvvvv4_v5_1_v3_v7_3_vv5_4_v8_vv11_2_vvv9_vv6_1_v2_1_v19_12_v21_7_v19_v3_v14_12_6_vv17_v13_1_v23_21_20_18_8_5_v29_19_v29_24_10_v15_6_v22_20_8_3_v30_24_6_v23_21_15_v10_v27_10_9_3_v21_10_6_v31_22_7_v28_v40_38_26_19_11_v16_10_6_v39_31_20_v40_32_16_10_4_v40_37_28_7_v45_41_31_24_18_8_1_v26_23_v38_32_21_14_v17_10_7_v43_39_29_19_v35_31_3_v16_10_3_1_v49_37_30_19_5_v42_34_31_19_11_v39_35_32_4_2_1_v53_42_38_36_21_v54_45_43_42_29_17_16_v57_47_37_28_12_11_8_v56_46_41_40_29_26_18_3_v32_20_16_3_v56_53_37_15_14_3_v36_35_26_14_11_10_v37_36_35_31_25_1_v56_40_35_3_v,64,train,124
v1_vv1_vvvv2_v8_7_v5_vv11_vv11_10_v6_v11_3_v6_vv15_9_5_v13_vv13_v17_15_8_v3_2_v19_10_2_v21_16_7_v7_v6_v27_22_v29_28_1_v23_13_vv26_24_12_11_9_v31_30_9_2_v32_21_16_9_v28_27_21_14_13_5_v19_6_v27_25_9_v38_27_26_23_10_9_1_v30_13_v34_21_20_8_v35_13_v32_26_23_16_14_5_1_v39_34_33_28_27_4_v42_33_10_v44_39_37_17_13_v43_37_28_v42_40_23_16_14_v31_27_21_18_13_v45_38_34_24_15_11_5_v19_17_4_v15_v32_31_29_25_v47_34_12_11_v23_18_8_4_3_v24_8_4_1_v49_26_20_9_5_1_v40_30_21_9_5_v48_46_43_21_15_v56_26_13_9_v44_34_21_18_17_v41_25_9_7_4_v43_36_23_22_v63_61_55_52_49_39_30_19_v,64,train,101
vvvv2_v5_4_vv4_v8_7_v8_1_vv1_vv12_v4_3_v1_v14_v14_v9_6_v9_v10_9_1_v15_v18_8_v21_19_v21_17_5_v10_7_v23_22_3_v24_23_10_1_v20_12_v18_15_v24_11_9_6_v25_19_v25_15_v23_14_3_v32_18_6_v35_34_30_27_v34_32_v35_33_15_1_v38_30_10_v38_30_26_21_14_v27_25_15_v24_19_v39_18_v43_42_41_38_30_27_6_3_v44_28_16_6_1_v31_23_8_5_2_v32_31_v19_13_v45_41_31_16_v43_39_35_19_16_3_v43_31_30_26_v44_40_31_1_v50_29_24_18_5_v41_22_v47_43_37_25_22_13_3_v51_38_33_28_14_v50_41_25_10_7_3_v33_27_15_v52_46_37_27_16_v47_44_41_34_6_3_v46_45_20_15_v47_39_32_20_7_v41_32_20_5_4_v50_38_24_23_v,64,test,16
vv2_v3_vv4_2_vv1_v4_vv4_3_v9_3_vvv14_11_8_7_v2_v12_vv16_14_10_7_2_v6_4_v19_v13_12_9_vv1_v23_21_4_v3_v26_24_6_v25_11_9_1_v16_7_v20_6_v23_16_v28_26_17_1_v7_v24_23_v21_19_v31_19_1_v23_19_2_v36_32_20_17_v16_15_13_v30_16_10_7_v27_23_4_3_v36_28_22_4_1_v37_23_17_10_1_v21_20_18_9_1_v36_33_v40_15_14_13_3_v46_44_40_32_v27_21_20_12_v46_37_4_2_v34_30_15_7_6_v50_47_30_26_24_v45_39_30_5_3_v43_31_24_19_v47_43_25_20_1_v45_21_15_v49_43_27_4_2_v33_31_24_18_17_v50_47_24_18_3_v42_31_23_11_v42_25_24_23_v53_30_28_21_15_3_v44_41_26_24_14_2_v54_41_18_14_11_v62_60_58_39_v,64,train,109
vv2_vvvv3_vv3_v4_1_v7_4_v3_2_v12_1_vvv8_v9_1_v17_15_5_vv16_13_5_v15_6_v10_9_4_v18_13_v10_v20_2_v21_20_2_v23_v27_25_vv27_v17_14_v30_24_16_5_v24_21_20_18_v7_2_v30_25_23_12_v27_21_15_3_v7_v36_9_8_1_v31_22_20_v34_16_14_v25_24_10_v28_23_18_11_2_v37_24_3_1_v39_32_26_22_18_9_v8_7_v43_17_8_1_v46_34_19_14_v33_28_15_1_v38_21_20_3_v47_22_4_1_v49_22_13_v49_22_15_7_6_v46_33_25_6_5_v48_45_33_18_v53_23_21_v39_37_25_17_14_v54_39_27_13_v56_54_47_31_29_24_7_3_v52_48_31_10_6_v49_31_11_2_v55_46_42_41_40_18_v57_56_52_39_37_36_v59_55_44_43_36_31_24_2_v62_50_48_33_32_23_v,64,train,72
vvvvv4_2_v4_v4_vv6_2_v2_vv5_4_v12_vv11_10_v8_7_v16_4_v17_15_13_10_8_v15_v20_9_v16_6_v3_v9_2_v24_v14_v19_18_17_14_10_v22_v25_19_v13_5_v30_10_6_v9_4_v18_7_v18_11_6_2_v29_19_7_1_v33_v11_4_1_v18_v24_15_6_v36_32_31_27_21_v32_30_24_11_v39_35_30_16_6_5_v10_6_4_v33_19_14_3_v7_2_v26_8_v44_40_26_22_16_v38_19_16_v44_33_27_25_10_v49_39_25_6_v39_36_25_18_v51_38_2_v46_41_32_11_6_v17_16_11_9_v41_37_4_v51_36_18_17_13_11_7_v56_45_43_36_6_5_2_v38_35_12_v54_43_39_36_25_v56_54_32_31_28_12_v23_15_7_v60_56_44_40_v48_45_41_39_12_8_1_v62_53_50_45_14_12_v,64,train,6
vvvvvvv3_v5_vv6_3_vv1_vv14_3_v14_v15_1_v15_12_v3_v13_v11_v15_2_v13_2_vv14_v24_9_v20_v27_13_1_v25_23_11_v26_6_1_v24_9_4_v18_16_13_v31_v26_20_15_2_v32_17_10_2_v25_v33_28_13_7_v34_29_9_v36_33_21_v31_15_4_2_v39_33_30_25_22_16_8_7_6_v34_28_8_6_v37_33_20_v28_27_12_v42_39_33_32_14_12_10_6_v40_36_34_33_3_1_v25_16_14_2_v27_25_24_v48_37_34_21_3_v23_22_1_v33_22_13_11_v34_27_17_12_1_v51_27_20_6_v37_28_v48_35_28_11_v34_30_9_3_2_v40_13_3_2_1_v48_37_12_10_9_8_v39_37_4_3_2_v54_37_36_31_30_17_12_v50_36_25_21_v35_14_12_4_v58_55_52_27_21_v52_49_37_36_33_19_v,64,train,106
vvvvv4_vv2_vvvv8_vv13_6_v14_vv2_v13_11_v10_6_v11_9_1_v11_5_v8_v19_3_v19_8_3_v24_v15_6_3_v24_10_2_v23_21_10_4_v27_23_21_v24_18_17_v26_13_v13_12_9_v24_20_14_3_v1_v21_20_13_v31_5_2_v22_6_1_v34_32_30_26_24_8_v29_v19_16_v7_2_v31_19_16_1_v35_29_21_14_v28_20_16_v29_6_v39_18_2_v45_10_v47_34_33_13_v38_15_8_7_v40_29_11_v36_34_20_14_v50_37_30_23_17_15_9_5_v48_29_17_13_v53_39_37_29_27_v52_30_28_v53_49_39_38_29_25_10_5_v53_45_44_38_34_27_25_v56_52_28_25_24_22_21_11_v56_13_3_v51_49_40_27_26_11_v40_27_25_21_11_8_v28_23_21_12_1_v62_60_47_38_19_18_17_8_4_v54_48_43_25_19_v,64,test,1
v1_vv3_vvvvv6_4_vv8_2_v11_8_v9_8_1_vvv2_v5_v16_v17_1_v2_v19_2_v5_vv9_v17_11_3_v21_13_4_1_v21_v23_19_2_v19_11_10_9_v10_v11_1_v16_v23_18_9_v26_12_9_v21_10_9_7_v4_v30_27_22_4_v26_25_21_16_12_v38_35_34_28_26_v33_32_6_v35_14_v39_33_31_28_26_14_7_v36_22_6_3_v38_17_8_v44_43_27_25_14_v38_32_30_21_19_14_10_2_v37_23_14_v38_28_24_19_1_v39_30_28_20_12_6_v35_13_v24_11_10_1_v37_29_28_11_v52_51_41_36_32_v13_4_3_v48_18_15_5_4_v51_47_45_17_v49_30_17_11_6_v52_22_17_14_6_v36_35_11_7_v45_19_10_8_6_v44_40_39_27_21_18_8_v42_39_32_14_10_3_v47_31_27_5_v63_34_33_25_19_v,64,test,35
vvvvvvv3_vv4_v9_v1_v10_v10_v5_v14_v6_5_v1_v16_13_6_v8_2_vv14_1_v12_6_v12_7_6_4_v18_11_vv20_18_v17_15_5_v25_v24_20_7_2_v29_20_19_11_v30_29_21_v28_25_17_11_v19_18_vv35_29_27_9_v11_3_2_v12_3_1_v16_10_v37_34_30_25_21_v21_v33_27_v22_21_10_2_v43_18_v43_42_30_29_13_11_5_v23_16_7_v38_12_11_5_v30_28_27_7_5_v48_31_28_5_1_v45_42_29_28_6_1_v49_31_20_10_8_v46_39_33_24_22_v44_26_11_v52_38_21_11_3_v45_40_26_25_16_9_v52_41_27_14_3_1_v42_23_22_20_15_10_v57_54_51_44_33_22_v43_33_26_25_22_15_v59_11_2_v60_35_26_25_23_17_14_v57_29_18_12_3_v59_56_49_38_36_10_7_v61_53_51_36_32_v,64,test,37
vvvvvv5_v5_v4_v6_5_1_vv8_2_v7_2_v12_v14_v15_v6_v15_11_v18_4_3_v8_vv2_v13_1_v17_8_5_v22_17_v16_14_v19_16_14_10_v22_17_15_11_v22_11_5_v18_15_4_v25_18_v26_15_4_v9_7_v26_17_7_v10_v31_27_26_12_10_3_v29_3_v35_13_3_v24_20_15_13_9_6_v26_19_v24_7_v34_32_19_17_7_v41_40_29_v40_34_24_22_21_v43_38_31_21_v23_4_v16_5_1_v27_14_11_8_7_v46_28_6_1_v49_36_35_34_20_5_v48_33_22_16_13_v43_42_17_10_v45_40_26_22_11_6_v50_42_34_10_v49_35_33_23_v39_24_16_15_8_v43_36_17_14_8_v49_34_29_22_v50_30_24_8_7_1_v44_36_15_10_v55_39_30_14_6_v40_39_16_15_1_v60_55_26_15_14_v62_61_57_46_21_v,64,val,19
v1_vvvv5_4_v4_v3_1_vvvv1_vv3_1_vv1_vv15_7_vv10_v20_11_v19_18_15_4_v8_7_v23_22_v9_v11_v25_21_3_v24_23_21_6_v12_10_v21_9_v25_12_7_4_v27_v9_2_v15_5_3_1_v22_21_v23_v36_31_18_16_6_v28_v29_19_7_1_v27_26_4_3_v24_12_7_v28_25_17_2_1_v26_1_v32_28_19_v29_22_20_12_11_4_v27_9_6_4_3_v36_33_29_12_v45_35_30_13_12_1_v44_42_41_21_v45_42_20_18_v36_28_27_25_18_13_6_v35_33_23_v52_43_32_29_15_2_v45_44_34_33_24_v46_25_5_v45_44_42_31_14_12_v32_16_15_12_v53_30_26_19_v44_33_21_20_8_1_v56_49_48_42_38_16_v29_11_6_v45_43_19_16_10_v54_43_31_24_9_8_2_v60_49_48_36_20_6_5_4_v,64,train,31
vvvvv3_v4_v2_v4_vv9_vv9_4_1_v11_7_4_vv15_6_v13_v13_v4_v2_v13_v13_9_v17_16_v18_16_3_1_vv16_12_10_v25_16_12_v24_16_15_7_v11_10_v15_11_5_v12_6_1_v14_12_3_v21_12_5_v29_23_16_5_v34_28_21_19_9_v17_11_7_5_4_v25_13_v27_19_9_4_v37_28_5_v37_34_v32_v41_7_v38_25_23_v43_42_17_v44_30_20_18_15_10_3_1_v12_7_5_v42_38_13_6_1_v38_32_9_7_2_v41_39_1_v30_7_v29_v49_46_45_29_12_v48_10_2_v47_29_19_18_9_v50_46_33_4_2_v13_6_5_3_v56_55_41_18_13_9_v47_43_39_31_20_v42_18_11_v57_54_52_50_46_11_v49_48_39_24_11_10_5_v50_41_38_29_25_v59_54_50_46_22_4_v60_56_47_43_36_16_15_5_v,64,val,8
vvv1_vv1_vv6_vv7_6_vvv9_3_v9_v13_7_vv5_1_v13_4_v18_3_v18_12_9_v20_v10_v19_10_v17_v9_8_v11_3_v24_19_16_7_v25_16_6_v7_v25_6_v19_14_10_9_v9_6_v22_13_v33_18_17_15_v29_18_10_v11_1_v11_5_v35_32_28_26_21_10_3_v30_28_6_v35_34_26_v32_8_2_v10_5_v29_25_v23_22_15_13_v36_34_16_6_1_v44_31_26_20_13_9_4_v44_25_20_19_v41_12_v42_33_30_25_24_13_1_v41_29_6_5_v48_47_43_36_28_25_24_v39_12_v31_24_6_v41_14_2_v54_36_34_31_6_v55_39_35_25_22_v51_44_17_3_v35_26_16_15_12_v53_49_46_21_2_v55_42_30_v48_38_18_9_3_v48_22_19_10_1_v58_57_56_39_33_28_27_15_v53_37_35_19_17_11_v,64,train,81
vvv3_vv5_v6_3_vvvv3_v11_8_6_v11_10_vvv7_v4_v16_5_1_v9_8_vv16_v14_12_v18_13_2_1_v17_4_v10_v10_v21_15_v26_15_13_12_2_v26_16_3_1_v20_19_11_v17_v12_1_v32_27_26_9_v12_11_v10_v28_26_14_6_v35_16_12_2_v18_7_6_v36_30_26_22_v26_8_v35_8_3_v39_26_16_13_v28_27_18_15_v42_29_19_16_9_7_v28_6_4_v38_35_30_3_v33_16_15_7_v28_24_15_10_7_v35_9_2_v39_36_19_v45_42_24_10_v49_43_36_13_10_v48_32_28_16_10_7_v49_31_20_v50_47_33_21_9_2_1_v47_29_5_v53_45_v46_44_31_18_1_v50_48_45_43_32_13_9_3_1_v56_28_20_3_2_v57_54_41_37_29_1_v54_51_32_26_v53_52_44_32_13_v55_25_23_19_13_v,64,test,0
vvvv1_vvvv7_v3_2_v2_v5_2_vv4_v11_vv15_v10_1_v18_v4_v15_14_12_v8_v16_13_6_2_v8_2_v9_3_1_v18_16_9_3_v26_23_v11_v24_vv28_26_2_v31_28_13_5_v15_v23_10_v34_22_8_v17_3_v26_21_17_13_3_v36_29_21_17_15_v36_10_8_v36_35_8_v28_6_5_v36_8_v37_29_21_19_9_1_v17_16_9_8_3_v42_40_26_14_13_5_v45_33_27_11_10_5_v40_37_35_33_26_v32_28_18_v38_15_7_v36_28_25_v47_46_36_31_22_21_14_v50_43_41_37_15_1_v49_25_9_v50_27_10_1_v22_19_11_v48_39_38_30_v41_32_27_9_7_v41_40_30_25_14_3_v51_41_40_26_23_v31_30_21_9_3_v41_31_13_10_v60_58_47_45_34_10_9_v57_49_42_20_16_v58_55_53_43_22_15_v,64,val,29
vvvv3_vvvv2_v9_1_v2_1_v11_2_1_v10_9_v7_v10_v14_11_2_v9_v11_2_v13_v14_1_v2_v14_v15_1_v18_4_v17_3_v18_9_1_v26_15_v16_3_1_v28_22_15_v27_11_v23_14_13_8_v20_10_7_4_vv8_4_v20_2_v32_3_v35_21_4_2_v21_17_12_4_v36_33_v34_1_v23_20_3_v38_29_v38_28_v42_39_29_9_7_v20_17_13_v41_19_3_v40_29_24_16_v47_43_34_32_21_19_2_v43_25_9_v46_14_8_1_v36_24_16_8_5_v45_43_41_40_20_v52_44_43_24_v47_40_38_36_v22_20_19_4_v53_43_17_16_14_7_6_v39_38_37_36_16_v51_36_35_26_11_6_v42_41_28_21_18_v41_39_30_26_22_v45_43_41_28_24_4_v55_53_33_9_v43_39_30_27_14_13_2_v61_58_45_34_25_v,64,val,23
vv2_vvvv2_v6_2_vv7_v5_v10_6_4_v12_v7_vvv1_v14_v10_9_v2_v16_v19_7_1_v19_12_5_4_v23_21_v8_v24_v19_v27_21_15_14_v20_10_v12_10_v30_28_10_9_v16_15_7_v17_v8_v32_25_16_11_6_v31_29_3_v22_3_v27_20_15_v32_23_22_6_3_v38_20_14_8_v8_7_5_4_v38_33_23_19_v33_28_24_16_v43_20_v40_38_31_24_v14_6_v41_36_17_9_v47_24_20_4_v43_37_19_2_v32_20_12_3_v42_27_22_16_9_v26_20_18_12_6_v37_21_20_19_12_1_v53_41_33_23_9_v40_33_19_18_14_v50_48_45_37_33_29_13_v52_36_35_21_2_v56_46_28_9_v57_51_44_33_32_25_22_16_v57_50_45_38_v48_47_33_16_7_v60_42_32_22_4_v46_38_24_v54_49_21_4_v,64,test,22
vvvv2_vv3_vv3_1_vv9_7_v4_3_v9_2_v7_v9_v10_7_4_v4_v15_13_v10_vv1_v21_20_v18_9_1_v18_8_v19_16_10_6_v25_6_4_v24_9_v18_12_v14_v23_16_v13_1_v30_25_18_10_9_v25_20_16_v22_18_6_v14_v29_v33_30_24_1_v23_9_v38_1_v38_29_27_21_7_v34_11_v29_25_5_v41_24_18_3_v38_29_20_15_v44_43_30_23_20_7_6_2_v44_42_39_35_14_v27_20_v38_31_20_14_6_v11_10_2_v40_22_2_v21_20_10_v42_10_4_v39_35_23_22_v34_33_32_31_28_19_v35_34_28_20_8_v51_42_38_33_3_v54_52_34_22_3_v55_31_23_3_1_v49_23_22_17_7_v52_48_43_27_26_12_v53_52_42_28_21_v61_42_36_23_15_13_v39_34_25_19_14_v57_33_28_23_13_5_v,64,test,31
