snack,n_node,split,split_index
vvv1_v4_3_v2_vv6_v4_2_v1_v9_7_3_1_v7_5_4_2_1_v11_7_5_4_2_v13_11_8_4_3_v6_5_2_v11_10_7_2_v16_15_8_6_3_1_v14_11_6_2_v15_14_11_10_7_v13_9_3_2_1_v19_17_9_6_3_v18_10_3_v19_16_14_11_9_6_5_3_v17_12_v15_10_9_v23_22_20_13_10_8_4_3_2_v26_22_20_15_14_10_9_8_7_6_4_v24_22_20_16_14_11_5_2_1_v25_24_23_22_19_16_10_4_2_v26_22_19_17_16_13_12_9_4_2_v28_23_17_12_9_1_v27_25_21_15_13_12_9_2_v30_29_28_26_17_14_13_11_7_3_2_v33_32_31_29_20_19_16_15_13_5_4_1_v33_31_25_18_16_14_13_9_8_6_2_v34_32_23_12_6_3_v36_32_30_29_27_26_20_17_15_14_10_9_4_v35_34_30_28_27_25_21_20_17_16_13_11_9_3_v36_28_26_23_20_18_16_15_7_6_2_1_vvv1_v2_v2_v5_4_v4_1_v6_5_2_v7_4_v9_6_5_4_3_1_v10_5_3_2_v4_1_v12_10_v11_7_4_v13_11_9_8_6_1_v12_6_v15_12_9_v15_12_3_v18_12_11_6_v10_6_2_v30_20_9_7_2_v21_14_12_10_1_v21_18_16_11_10_8_7_6_v21_20_19_18_17_16_15_12_11_8_4_v47_23_17_14_8_5_3_2_v53_25_21_19_18_13_7_6_2_vvv1_vv3_v4_v50_v4_3_1_v8_7_v6_4_v8_6_4_3_v10_7_6_3_v15_10_9_5_3_1_v74_13_9_8_5_4_v14_13_12_11_7_5_2_v78_15_11_7_4_2_1_v14_12_2_v16_14_12_11_9_5_v16_1_v19_15_3_v19_15_12_9_6_2_v74_21_19_14_8_7_5_v76_21_19_17_13_8_1_v20_15_11_9_5_v14_13_9_6_4_3_v17_15_11_10_9_5_4_3_v33_24_22_20_19_14_13_11_6_4_v65_25_24_23_22_16_15_9_5_4_3_v28_24_20_15_14_9_8_7_2_v26_25_23_14_3_v26_24_16_9_6_v67_31_30_27_26_18_12_11_10_6_5_1_v28_v1_v1_vv1_v2_v69_5_v7_6_5_3_2_v8_7_6_5_1_v71_4_2_1_v18_8_5_2_v10_5_4_3_v92_12_v110_13_10_6_5_2_v76_7_1_v13_8_6_3_v10_2_v101_5_3_v16_10_5_3_1_v16_14_13_10_2_1_v20_13_5_4_2_v20_18_6_3_v19_17_16_12_6_v18_9_2_v22_17_16_15_11_8_5_v35_21_18_17_10_6_2_1_v55_24_21_18_16_11_8_4_3_v24_21_20_19_17_16_13_9_2_v18_16_13_12_7_1_v29_28_27_24_19_10_7_v28_26_24_22_19_17_16_15_12_10_4_3_2_v25_21_19_13_12_11_9_5_3_1_v30_29_26_21_19_17_8_v29_22_18_8_5_4_v32_31_27_24_23_19_18_10_9_v30_28_27_25_19_18_17_14_12_9_7_6_5_2_v32_30_27_24_8_5_3_1_v116_30_28_24_19_17_16_12_11_10_6_1_v38_37_30_26_25_14_13_11_9_6_4_2_v38_37_34_31_29_27_26_25_24_23_20_14_12_11_4_v48_v1_vv2_1_v3_1_v72_61_3_2_1_v131_5_v7_6_2_v7_5_3_v53_4_2_v8_7_1_v72_11_6_3_2_v30_11_10_4_2_vv14_11_v104_13_12_10_6_1_v14_13_10_9_8_1_v128_90_15_13_10_5_2_v17_13_7_6_4_1_v19_14_9_6_v20_16_13_11_10_4_v21_15_12_11_9_6_v20_19_10_9_8_7_6_5_4_v55_18_17_16_2_1_v90_23_21_19_18_15_13_9_8_3_v25_15_12_11_8_5_3_v25_24_19_14_13_9_7_1_v19_9_7_4_v46_25_24_15_14_13_2_v26_20_17_15_11_5_1_v27_26_25_23_18_16_13_12_9_2_v31_30_25_24_18_17_14_13_12_10_7_5_v32_31_27_26_20_14_12_7_6_4_v30_27_26_23_17_8_7_6_3_2_v111_39_33_26_25_24_22_19_17_16_15_8_v,172,train,89
v1_vvv4_3_2_v4_3_v5_3_v2_v7_6_3_2_v9_8_1_v10_5_v8_7_6_4_3_v8_6_5_3_2_v12_9_3_2_1_v14_11_7_5_4_v6_2_1_v15_11_10_8_5_2_v17_9_8_3_1_v11_7_6_v17_15_14_8_7_6_v20_18_15_7_3_v21_10_9_6_5_2_v18_16_14_11_7_3_v20_19_18_17_14_13_11_8_6_3_2_v20_14_12_9_8_4_3_2_v25_23_18_15_14_8_7_4_3_v23_22_21_15_14_13_11_10_2_v27_23_22_16_12_10_9_4_v28_23_21_19_8_3_2_1_vv1_v1_vv8_4_v4_v9_3_v21_5_4_v7_6_5_2_v9_8_1_v9_8_4_2_v11_6_v11_6_5_1_v28_12_4_2_1_v7_4_v15_14_8_5_3_2_v14_10_1_v9_7_4_2_v18_13_8_v18_14_12_11_9_7_6_3_v19_17_14_10_9_8_7_5_3_1_v38_16_11_7_1_v21_18_17_4_3_v30_21_16_15_14_12_8_7_5_4_3_1_v23_21_16_11_5_2_v16_13_v55_22_19_17_3_2_v21_20_12_9_8_7_3_v23_21_20_19_16_9_v29_23_6_v26_21_17_12_7_vv52_vvv60_21_19_1_vv64_23_5_v6_1_v6_4_3_2_v29_8_6_4_1_v61_9_3_v63_10_9_3_v65_8_7_6_5_1_v8_6_5_v12_11_8_2_1_v15_12_5_2_v14_9_3_2_v16_10_7_4_v18_15_10_7_1_v19_17_16_14_3_v20_11_10_2_1_v58_17_16_14_10_8_6_4_3_1_v34_18_17_14_13_9_8_4_3_1_v23_19_8_5_3_1_v22_20_16_15_12_5_3_1_v25_24_22_20_16_2_v74_21_17_13_12_8_5_2_v24_18_16_4_v26_23_20_11_8_4_v28_26_25_22_19_13_12_10_7_5_v36_29_27_26_25_21_18_15_6_5_3_2_v30_26_20_16_14_12_10_7_4_2_1_v,92,train,90
vv1_v3_v4_1_vv3_v3_1_v5_3_vv7_6_2_v9_8_6_2_v12_11_7_5_v10_7_6_2_v11_10_9_7_5_2_v13_3_1_v12_11_10_8_6_5_1_v14_12_5_3_2_v13_12_7_4_3_v17_16_15_14_12_11_v20_17_15_7_6_2_v21_19_17_13_10_5_v22_18_16_14_13_12_4_v21_19_8_5_2_1_v22_21_20_15_13_12_7_4_3_2_1_v21_20_13_11_5_2_v24_23_20_18_15_10_5_2_1_v20_19_18_16_13_10_7_1_v22_20_18_16_15_10_4_v29_28_27_23_17_15_12_11_8_4_1_v30_28_8_v27_15_11_10_4_v32_31_27_26_15_10_5_3_v29_25_17_16_15_11_10_8_6_2_v33_32_28_27_24_18_17_14_13_12_11_8_6_v32_30_28_24_18_15_13_10_7_5_4_1_vv1_v12_6_v3_vvv3_v32_7_6_3_1_v6_2_1_v8_7_5_2_v10_9_8_7_v6_v10_8_5_2_v12_7_4_v9_7_5_v34_9_7_1_v16_10_5_v14_9_5_v18_15_v19_14_12_11_10_4_2_1_v19_18_17_6_5_1_v53_21_20_19_18_17_15_6_2_v4_2_v57_17_10_9_2_v24_23_22_18_16_9_8_5_1_v,61,train,17
v1_vv1_vvv6_1_v7_3_v5_1_v9_7_1_v10_7_3_v10_8_5_3_v11_10_8_4_2_v12_11_3_v11_6_5_4_v12_11_v16_14_10_9_8_2_v12_11_10_6_3_v14_5_1_v17_13_10_9_8_5_3_v18_10_7_6_5_4_1_v16_11_7_5_3_2_v22_16_13_12_10_4_1_v21_18_17_15_13_12_9_6_v19_17_13_10_9_5_4_v23_21_17_13_5_v26_22_18_16_12_6_5_2_v22_18_12_8_3_1_v22_15_10_2_1_vv1_vv3_2_1_v21_1_v3_vv7_3_v2_v8_5_3_1_v28_6_3_v11_v11_v7_4_3_v12_11_9_7_6_5_4_v14_13_8_3_1_v16_14_12_10_9_6_v43_21_17_16_15_10_3_2_v12_11_5_4_3_v19_16_13_12_3_v18_9_8_7_5_2_v19_16_15_9_8_6_5_3_v22_17_15_14_10_1_v29_18_13_10_7_6_2_1_v18_15_14_13_9_7_5_4_3_2_v24_22_20_19_17_15_11_10_8_2_v37_25_18_13_11_10_6_5_4_2_1_v27_25_24_22_21_18_17_11_6_5_2_1_v23_21_18_17_15_9_7_v27_25_24_20_8_7_6_v57_26_21_20_10_7_6_5_2_v31_27_26_20_13_12_9_6_1_v31_30_28_27_26_25_24_23_22_18_17_10_9_3_1_v31_29_28_27_26_24_20_18_17_10_9_7_4_2_v62_31_29_26_25_24_21_19_18_12_10_6_5_v,64,train,88
v1_v2_vv4_2_v5_1_v4_3_2_1_v4_1_v6_5_3_v6_2_v10_v10_8_6_2_v12_9_7_6_1_v13_1_v14_13_12_11_7_2_1_v15_14_13_6_v13_12_10_9_7_4_3_v16_13_12_10_7_5_1_v13_7_2_v13_8_7_v20_15_12_9_1_v4_3_1_v21_20_19_17_13_6_3_v21_16_10_4_3_v23_21_18_16_13_10_7_5_1_v23_17_15_14_12_2_v26_25_23_18_15_10_4_3_v21_17_14_7_5_4_3_v23_22_20_18_17_15_10_7_6_4_3_1_v27_25_22_20_12_10_9_8_6_5_3_1_v30_28_27_23_15_14_12_4_2_1_v29_28_18_17_13_11_3_1_v32_31_29_28_20_16_14_4_v32_30_22_19_14_13_8_6_2_v33_32_31_26_18_17_16_15_14_13_10_9_1_v33_30_29_25_24_23_22_20_18_15_12_4_v1_vv36_1_vv4_v23_1_v6_5_3_1_v42_3_v7_4_3_v9_6_5_v9_7_6_3_v9_1_v11_9_7_1_v13_11_10_8_v11_7_4_1_v8_7_4_3_2_1_v9_8_7_4_1_v17_9_8_v18_9_7_3_v19_5_2_v16_15_13_9_8_v31_20_19_9_6_4_2_v39_22_20_17_16_15_7_2_v22_20_15_13_12_10_9_4_2_v22_18_17_16_8_7_v44_23_18_16_v20_19_16_12_10_8_7_3_v41_25_22_21_19_18_8_1_v23_21_19_18_17_15_14_8_1_v29_28_22_12_10_4_3_1_v28_25_20_17_16_15_14_13_12_9_4_1_v31_29_25_20_13_12_11_6_v10_v1_v63_v2_vv1_v1_v7_6_2_v31_7_4_2_v8_7_5_v8_4_2_v28_11_5_2_v12_11_3_2_v13_12_10_9_8_3_v13_8_5_1_v64_58_15_11_7_6_3_v44_15_11_4_3_1_v17_14_13_7_5_4_v51_16_14_10_9_7_5_v20_18_16_3_v16_15_14_13_11_8_7_4_3_v12_9_6_5_v18_16_15_11_10_9_7_1_v86_21_19_17_16_10_7_5_2_v31_24_23_21_16_13_11_10_9_6_5_1_vvvv1_vv3_2_v3_v4_v101_v53_4_v102_9_8_7_v6_4_2_1_v8_1_v6_3_2_v19_12_11_8_3_v13_12_8_3_2_v89_35_18_17_14_8_7_2_v98_43_35_17_9_5_3_v72_9_2_v17_15_12_11_5_4_1_v33_25_19_14_13_7_6_5_3_1_v67_17_15_12_11_9_7_2_v,115,train,4
vvv2_1_v2_v4_3_1_v5_v7_4_3_v7_6_5_2_1_v8_6_4_v4_1_v8_v12_11_6_1_v5_v14_9_v8_3_2_v15_12_11_9_6_3_2_1_v17_15_13_9_4_v18_14_6_4_3_v19_17_16_14_v8_6_v20_17_15_13_10_9_3_v22_20_18_11_10_9_6_4_3_vvv5_2_v2_1_vv5_3_v1_v4_3_2_v11_8_v8_7_6_3_1_v10_9_5_4_2_v3_v10_2_v13_10_8_4_v14_11_10_8_7_v15_14_10_8_7_6_5_3_v13_12_11_9_8_6_5_4_3_2_v17_15_11_10_9_6_4_3_v13_10_9_6_3_v16_11_10_5_4_1_v18_12_11_1_v19_18_14_12_10_6_4_3_v19_18_16_14_13_12_11_10_7_4_1_v23_18_13_12_9_8_3_v21_20_12_10_7_3_v23_22_20_14_11_10_8_7_6_3_v39_25_21_16_15_12_9_8_vvvv5_1_vv51_14_5_v33_6_5_v57_7_v4_v8_6_4_3_1_v8_5_v11_7_6_v11_10_8_7_5_4_2_v13_9_8_7_5_2_v5_4_3_2_v48_23_12_10_6_v12_9_6_5_4_3_v41_14_13_9_7_4_2_v11_10_1_v19_9_7_4_3_v17_14_13_9_6_5_4_v19_14_5_3_v22_18_15_14_10_5_3_1_v23_20_17_15_13_9_8_4_3_1_v24_22_21_18_14_13_8_7_6_5_4_2_v75_20_16_14_9_8_3_2_v64_21_8_7_2_1_v27_22_19_13_10_9_8_v26_23_21_18_16_15_13_11_10_6_5_v28_19_15_14_13_10_4_2_v68_29_28_26_24_21_18_17_16_10_5_4_vvv2_1_v3_v62_2_1_v1_v3_v77_v8_6_5_4_v7_3_2_v10_7_3_1_v81_19_10_4_v12_11_10_9_8_6_1_v76_7_5_v37_12_6_3_1_v13_v16_14_12_11_10_8_7_6_5_4_v9_6_v13_10_7_5_v18_9_1_v,101,train,102
vvv2_v4_v5_3_v5_3_v5_v5_v1_v5_4_2_v11_8_4_3_1_v9_7_5_1_v10_1_v12_7_6_4_v11_10_7_v15_14_13_12_10_5_v17_12_v14_13_12_9_8_7_6_3_v16_15_11_7_6_2_v20_13_10_8_7_5_2_v20_19_17_15_13_12_11_9_4_3_1_v15_13_10_9_v20_17_13_9_v23_19_15_12_9_7_5_3_v25_19_17_14_6_5_v23_22_21_19_17_14_11_8_4_3_v26_23_20_16_15_11_10_8_6_5_2_1_v19_14_12_4_2_v29_28_23_22_19_18_17_16_15_13_12_9_8_3_2_v30_29_24_11_4_3_v13_vv1_v2_1_v4_vv2_1_v2_1_v3_1_v9_v9_3_2_v9_3_2_v10_2_1_v11_10_6_v13_5_3_v15_14_13_12_11_9_8_7_3_1_v16_15_14_11_9_6_v24_12_4_1_v12_10_7_4_v18_11_7_5_3_v14_11_7_6_1_v17_16_15_10_8_2_1_v20_19_14_11_5_4_3_1_v50_17_11_6_4_1_v24_23_20_18_16_14_12_8_6_v25_18_16_11_8_7_6_4_1_v25_22_19_18_17_16_14_12_9_8_6_v57_40_26_23_22_18_14_12_8_4_3_v26_24_17_16_11_8_5_v20_18_17_16_14_12_2_v30_29_25_20_19_17_15_14_13_7_v31_30_26_22_16_11_9_7_5_4_1_v31_24_23_19_17_16_13_12_9_8_7_5_v32_31_26_20_18_17_16_13_10_8_5_3_v34_33_30_29_27_26_23_21_18_17_15_14_10_4_3_v35_34_32_27_26_25_24_21_15_13_8_3_1_vv23_v1_v2_v4_1_v4_3_vv3_v3_v61_2_v2_v8_7_4_3_1_v51_10_v3_v12_10_9_7_v14_10_9_4_v69_15_11_6_5_4_v17_13_10_4_3_v17_9_6_5_4_v16_15_14_10_8_7_5_4_v17_12_11_5_4_2_1_v19_17_13_9_8_6_1_v21_19_18_17_16_15_13_12_11_10_9_6_2_v,90,train,107
vv2_v1_v4_v4_1_v4_2_1_v7_2_v7_6_5_4_3_v9_7_3_v8_6_4_1_v11_7_5_1_v12_10_1_v12_11_2_v10_8_3_v15_14_12_5_4_v16_14_12_11_9_7_6_5_3_1_v14_12_2_v17_15_13_11_v16_14_12_5_4_1_v19_17_14_12_11_10_9_7_1_v17_15_14_11_9_4_v22_20_19_11_10_8_2_v20_19_14_11_6_2_1_v24_21_16_14_13_11_6_5_v25_22_17_14_13_v26_21_17_15_14_13_11_10_9_5_v25_24_19_15_14_11_9_5_4_2_v26_24_20_18_15_14_12_10_6_5_4_3_2_v29_27_23_22_21_18_8_7_5_4_1_v28_27_24_21_20_17_7_3_2_v28_25_24_19_18_14_12_9_v27_26_25_21_20_17_16_15_14_13_12_10_6_5_3_v31_25_21_20_17_14_11_7_4_3_2_v34_33_32_31_28_25_19_18_17_13_11_10_6_1_v35_31_26_23_20_16_14_12_3_2_v36_30_28_27_26_21_19_18_15_13_10_5_3_v27_25_18_17_11_8_7_6_5_2_v34_29_24_23_22_19_18_13_10_8_2_vv27_v1_v1_v37_19_4_2_1_v3_1_v2_v7_6_v5_v7_5_3_v6_v11_10_6_4_3_2_v12_5_v13_10_9_8_7_3_2_v11_9_8_4_v15_12_11_8_7_3_2_v14_13_7_4_v9_7_5_v16_14_12_11_10_8_7_5_2_1_v19_15_9_5_3_1_v13_12_7_5_4_v20_16_12_8_7_5_4_2_1_v22_21_20_17_10_9_1_v21_20_19_15_13_11_8_6_4_v23_22_20_18_15_13_10_7_v25_24_23_17_15_13_11_8_6_2_v26_25_23_21_20_15_14_7_6_5_4_3_v23_18_14_13_12_11_8_6_5_4_v17_16_15_7_6_4_2_v26_21_20_8_4_3_2_v25_24_18_16_11_8_4_2_v31_28_26_25_24_22_17_12_6_1_v2_v50_v61_vvv3_v4_3_v6_5_2_v5_v9_6_1_v8_2_v60_11_10_8_7_5_2_1_v18_12_10_7_4_v13_7_v7_5_2_v14_13_6_4_3_1_vv15_11_9_6_4_2_v18_17_15_11_10_8_4_3_v18_14_8_5_4_3_2_v41_10_9_5_v75_67_vvvv40_12_4_2_1_v5_2_v45_6_3_v99_6_2_v8_6_v83_v10_6_v93_3_1_v10_8_7_5_3_2_v9_6_4_1_v12_11_10_7_6_5_2_v15_13_11_10_3_v36_22_15_11_5_3_1_v13_11_7_1_v91_12_10_5_4_1_v21_15_14_12_11_8_6_4_3_2_v11_8_6_2_1_v40_20_18_17_12_10_8_6_4_v18_17_9_6_v20_15_10_8_6_5_4_v24_21_20_17_15_14_9_8_5_4_2_v24_20_15_13_12_9_8_7_4_v22_18_16_14_10_8_5_v27_25_23_18_17_14_12_2_v18_17_15_11_6_3_2_1_v26_19_15_12_11_10_8_6_4_3_2_v25_23_18_17_16_12_11_10_6_5_v,123,train,7
v1_vv3_vv5_v6_5_4_3_v6_5_4_3_2_v8_6_5_v6_v9_8_6_5_3_v4_2_vv13_7_6_3_2_v10_4_v15_14_13_11_10_9_8_5_2_1_v16_13_11_6_5_v17_15_14_10_3_v18_17_15_14_11_8_7_6_3_v11_9_4_1_v19_18_15_14_4_v14_12_8_3_1_v22_14_6_v23_21_10_8_5_4_1_v21_12_11_9_6_2_v25_21_16_13_11_8_7_v25_24_23_22_21_13_12_9_v26_22_19_9_5_4_v26_25_24_21_19_11_7_3_v20_10_9_v29_18_10_9_8_7_2_vvv1_vv1_vv6_v5_v9_8_5_3_2_v7_v10_7_6_v6_2_v12_11_7_6_3_v12_7_1_v9_3_2_v10_3_1_v20_14_6_3_v17_15_10_4_3_v14_9_8_7_2_1_v33_12_10_8_5_1_v19_18_17_14_11_8_2_v16_10_8_7_2_v20_14_13_9_8_4_2_v21_19_16_11_9_8_1_v21_20_13_11_9_8_4_v31_11_9_5_4_v23_22_19_18_17_13_6_v26_24_23_14_12_4_1_v25_23_21_20_19_18_17_12_10_9_8_v24_18_15_12_6_5_3_v52_22_20_19_14_9_8_5_2_v30_20_16_11_8_v31_29_26_23_20_17_13_10_6_4_v32_31_30_27_24_22_16_14_11_7_3_v33_32_30_29_25_21_17_12_11_9_6_5_1_v34_33_30_29_28_27_25_22_18_17_15_4_3_1_v36_30_27_24_22_21_20_14_12_10_7_1_vvv1_v53_v3_2_v55_v72_32_5_3_1_v6_5_4_3_1_v6_5_3_2_v28_9_5_4_2_v9_8_5_4_2_v66_28_8_v11_10_6_5_1_v10_5_3_v8_7_6_5_3_2_1_v15_14_13_8_5_3_v16_15_12_6_5_v16_10_8_2_1_v18_9_4_1_v82_18_16_13_2_1_v20_15_10_7_6_4_1_v16_7_3_v61_18_5_3_v21_19_13_11_10_9_8_7_6_4_v24_23_22_17_16_14_11_8_6_5_4_1_v25_23_21_20_19_18_16_9_8_3_v23_20_19_17_16_15_12_8_4_2_v25_20_14_9_8_4_3_v18_16_15_11_10_9_8_7_5_4_1_v29_26_23_15_12_5_4_3_1_v28_27_23_22_14_12_11_9_8_7_6_4_1_v31_28_27_24_21_20_18_16_11_7_6_v29_25_20_17_8_v56_33_32_27_23_22_21_17_11_8_vv18_v94_1_v2_1_v1_v3_v5_v7_4_2_v60_52_5_v9_8_6_5_4_v56_7_6_v23_9_7_v11_8_3_2_v12_9_8_4_2_v59_14_10_9_4_v14_13_12_11_9_8_7_6_3_v14_12_11_10_9_1_v12_9_7_6_4_v17_16_10_9_6_5_v31_17_14_13_12_11_2_v82_19_16_8_v120_21_19_18_17_14_3_v21_17_14_11_4_3_v21_19_17_15_13_12_11_10_6_2_1_v23_22_21_18_15_13_11_9_5_4_3_v125_101_25_24_15_14_12_10_6_1_v18_16_12_11_9_7_3_1_v121_23_21_19_17_14_13_8_6_v28_22_20_18_17_16_10_7_6_v103_69_29_27_25_23_14_12_10_5_2_v73_26_25_22_18_17_16_9_4_1_v31_28_23_22_21_19_7_3_v29_28_27_23_20_19_16_13_12_11_7_5_2_1_v110_32_30_25_24_23_19_18_15_13_9_2_v29_18_17_7_v34_25_24_18_14_12_11_7_6_5_v31_26_24_23_21_19_15_13_5_v37_36_33_24_16_15_12_10_4_v137_120_37_33_32_31_22_21_8_vvv51_17_v135_17_3_2_v116_v106_101_v61_15_4_2_v57_6_5_3_1_vv9_7_4_v3_1_v70_10_6_2_v52_12_8_6_5_1_v107_12_9_7_6_1_v141_95_14_11_8_7_5_v6_v144_131_14_13_12_9_8_1_v104_77_13_8_4_2_v84_18_16_15_11_9_7_3_v146_132_30_18_12_10_9_7_6_4_3_2_v20_14_11_9_4_2_v159_21_18_15_14_13_12_10_5_v84_61_22_17_15_14_6_v17_13_3_v23_17_13_12_10_8_3_2_v22_17_13_12_8_7_3_2_1_v24_21_20_8_7_3_v,168,train,44
vv1_v3_2_v3_v5_4_3_vv6_5_v8_3_v6_3_v9_8_6_3_v11_3_1_v8_2_v12_11_10_9_3_2_v12_9_8_7_3_1_v11_7_v16_15_13_3_v17_15_8_4_3_1_v18_17_15_9_6_3_v15_14_12_8_6_4_v18_17_16_15_11_7_6_4_2_v20_17_15_13_9_8_5_2_1_v21_20_17_11_9_7_6_5_3_1_v22_15_14_13_v19_17_15_13_10_v25_24_22_18_17_15_9_7_6_2_v26_25_22_21_18_17_12_10_6_4_v25_22_21_20_19_18_16_8_7_3_1_v25_24_23_21_20_16_9_8_6_5_4_v25_16_14_10_8_5_4_3_2_1_vv14_v2_v3_2_v4_2_vv3_2_v6_5_v7_3_2_1_v7_v10_9_7_5_1_v6_5_1_v6_3_2_v43_11_8_6_5_4_3_v23_14_13_9_8_5_4_3_v8_7_6_3_v14_13_12_11_9_6_3_1_v14_9_8_v11_8_v32_18_16_14_12_8_5_4_v16_9_1_v16_15_14_12_10_8_1_v15_12_9_8_7_6_2_v44_20_16_15_14_11_10_9_7_2_1_v24_21_14_11_10_9_8_3_1_v21_15_13_11_10_7_3_2_v50_25_22_20_19_14_12_9_8_v26_21_20_14_10_4_3_v28_27_16_v28_27_24_22_20_18_17_15_10_8_7_5_2_1_v29_26_25_22_16_12_11_8_5_4_3_1_v,61,train,70
vvv2_v4_1_v2_v5_4_2_1_v6_2_v8_4_3_v8_1_v8_4_v11_7_5_4_3_1_v7_6_5_3_1_v9_7_v14_10_v14_11_v14_12_11_10_9_6_4_3_v6_5_1_v18_10_7_6_4_3_2_1_v18_16_13_11_10_9_8_5_2_v17_9_8_v20_19_12_9_4_3_2_v21_14_13_12_1_v23_16_15_12_11_10_1_v18_14_12_11_7_6_3_v19_16_14_13_11_5_4_1_v22_18_13_11_8_7_5_v26_12_10_9_7_4_1_v28_27_20_15_v29_27_22_15_10_9_3_v30_29_26_6_v30_20_15_8_5_1_v27_24_22_15_14_12_11_7_1_v32_31_30_27_25_24_23_13_12_11_v32_25_24_13_12_9_3_v31_30_29_28_24_20_19_12_8_6_4_v34_26_23_20_19_17_6_vv1_vv1_vvv6_5_v18_4_v22_6_2_1_v4_2_v9_5_2_v8_7_3_1_v11_9_2_1_v8_4_3_1_v11_10_8_7_2_1_v14_12_10_9_4_v15_12_11_10_6_2_1_v17_13_5_4_3_1_v18_16_15_12_3_v12_10_8_7_4_2_1_v20_14_11_10_8_2_1_v20_14_3_v18_16_10_9_7_1_v23_21_20_14_13_7_2_v44_24_6_5_4_v23_14_12_4_v18_17_10_v60_26_23_22_18_17_15_14_13_11_10_6_3_2_1_v28_26_24_22_21_18_16_11_10_9_7_2_v29_26_25_23_13_8_4_2_v28_26_25_20_16_12_11_6_2_1_v31_30_28_26_24_22_21_15_13_9_5_1_v32_30_26_13_8_3_2_v7_6_v1_v65_1_v26_2_v9_v5_2_1_v2_v7_6_v8_4_3_v8_4_2_v9_v4_2_v6_4_3_v59_13_9_7_4_v12_7_5_2_v40_7_v14_11_9_4_v10_6_5_4_v16_v19_18_17_15_12_5_1_v49_16_15_v21_19_13_11_10_1_v22_20_15_12_7_6_5_v91_21_19_12_8_4_2_v21_18_16_4_v42_25_24_22_16_12_9_8_7_5_v26_25_22_20_17_13_10_8_7_3_1_v26_23_18_10_9_4_2_v27_25_16_10_6_5_4_3_2_v28_25_21_20_13_12_11_8_7_3_v27_22_21_19_18_17_14_11_7_6_5_4_1_v91_62_61_27_25_22_16_12_10_9_5_v52_32_31_27_26_22_19_18_13_12_11_3_1_v31_25_21_18_10_9_v33_28_22_21_18_16_9_3_v30_26_21_19_17_14_13_11_9_7_5_1_v34_30_29_27_26_22_21_18_16_11_4_3_v36_34_32_17_13_12_11_7_5_4_v36_32_28_24_21_15_12_10_9_7_4_v36_34_29_28_27_24_22_20_18_15_12_9_6_5_3_v10_v75_v38_v1_v54_v25_20_3_1_v112_v7_2_v101_5_2_v9_6_1_v10_8_7_5_v11_10_8_7_1_v11_5_1_v13_9_8_7_6_1_v11_8_4_3_1_v8_6_2_1_v52_16_14_11_7_5_v70_7_v51_11_7_5_4_2_v88_13_8_7_6_5_v,130,val,17
vv1_v2_v3_1_v1_v4_2_1_v7_5_4_2_v2_v6_5_3_1_v6_5_v11_8_7_v10_2_1_v13_12_10_9_7_6_v11_7_5_1_v13_10_9_8_5_3_1_v16_14_11_10_1_v11_2_v13_3_2_1_v18_16_13_12_8_v19_18_15_14_10_6_4_v21_20_19_17_11_9_7_5_3_v22_20_18_10_9_v21_20_18_17_10_9_2_v24_19_15_14_12_8_6_v12_vvvv3_1_v18_5_1_v3_2_v28_7_5_4_v7_2_v9_7_vv9_8_5_1_v12_10_3_v13_7_6_v11_8_v12_11_7_5_4_v15_10_9_6_v37_11_6_1_v16_14_13_11_10_9_7_6_5_2_1_v17_16_12_11_10_4_2_v13_10_9_5_2_v46_21_20_16_14_13_8_5_v22_18_15_12_9_7_6_2_1_v37_22_19_14_7_1_v24_21_15_13_12_9_8_2_1_v50_22_21_20_17_16_14_12_8_7_4_v33_24_23_20_11_v24_20_14_9_2_1_v19_11_8_7_5_v28_23_18_14_12_11_10_6_v55_23_21_18_17_15_14_9_7_3_v28_25_22_18_12_8_7_6_v31_29_10_1_v31_30_27_25_23_21_15_12_11_10_7_6_3_1_v34_33_26_22_19_16_15_14_12_7_6_5_2_v34_28_25_20_18_8_5_4_3_v35_34_32_30_26_22_21_19_18_8_v,62,val,4
vv1_vv4_v5_4_2_1_v2_1_v7_4_1_v7_5_v5_4_v9_8_6_5_v9_8_7_3_2_v7_2_v13_12_10_1_v11_5_2_v15_14_7_1_v15_14_12_9_8_6_4_2_v17_12_8_3_1_v13_3_2_v19_16_14_10_6_3_v18_11_10_6_3_v17_6_5_v19_17_13_11_6_v22_16_15_12_11_8_7_v24_22_18_5_vvv3_v1_v3_v3_v6_4_2_v7_6_4_2_v23_3_1_v4_2_v10_8_5_3_1_v10_8_7_4_v10_7_4_2_1_v12_10_7_3_1_v12_11_9_6_4_1_v15_13_12_11_6_1_v16_15_6_4_v14_12_11_9_8_4_3_1_v15_10_9_8_5_3_v4_v10_5_4_3_1_v16_12_10_9_7_2_v16_14_13_9_7_2_v23_17_15_12_11_10_5_1_v21_19_17_15_12_7_v22_19_13_8_6_4_3_2_v22_20_17_13_11_5_3_v27_26_20_18_14_10_7_6_3_v28_26_21_20_19_12_10_6_5_2_v28_18_16_6_2_v25_23_20_17_15_13_7_2_v28_27_21_20_19_12_4_v24_20_19_13_6_5_v28_25_24_16_15_13_12_10_5_4_2_1_v33_29_25_24_18_17_16_6_2_1_v29_27_26_19_17_14_12_3_v33_24_19_14_11_10_v35_32_29_27_26_24_21_19_14_10_8_3_v38_31_30_29_28_27_24_23_12_11_10_9_7_1_v36_31_29_28_27_23_20_10_5_vv1_vvv3_v5_3_v2_v7_5_1_v2_1_v1_v7_1_v10_8_7_5_3_v8_5_4_v13_10_6_5_3_v26_12_11_7_5_4_3_2_1_v15_14_13_12_3_1_v15_14_8_5_3_v13_8_6_1_v17_16_15_12_10_8_7_4_3_2_1_v17_15_14_9_4_v19_17_15_6_3_1_v19_8_5_v18_14_8_4_3_2_v40_23_20_18_17_15_12_11_10_9_5_1_v30_23_22_18_12_10_8_7_6_3_2_v15_14_13_11_10_8_4_v24_19_15_4_v35_24_22_18_11_7_6_5_3_1_v27_25_24_22_20_17_15_12_11_10_1_v41_25_22_21_19_16_14_12_6_5_4_v28_27_25_21_18_16_12_9_8_4_3_1_v82_28_15_11_6_1_v30_26_23_22_21_20_9_6_4_1_v28_v1_v2_v76_55_3_v50_22_1_v3_v4_3_v6_3_1_v67_5_3_v7_5_v3_1_v70_6_2_1_v7_4_1_v29_11_v10_8_7_6_3_v15_13_9_7_1_v82_16_14_11_10_5_4_2_1_v75_17_13_11_3_1_v14_13_12_9_7_v18_14_13_9_7_6_4_v20_16_10_7_6_v21_20_18_17_16_15_13_12_11_6_4_v87_22_17_16_11_9_8_4_v20_17_16_15_12_11_10_7_6_4_v94_23_21_20_16_12_8_6_4_3_v15_13_v43_24_22_21_12_10_3_2_v73_69_27_25_20_15_14_13_7_6_4_1_v28_16_15_12_10_7_4_2_v89_35_26_25_24_21_14_8_7_6_2_v99_75_27_23_22_21_18_17_16_15_12_11_10_6_v30_28_27_26_22_20_18_17_13_11_1_v26_25_24_23_20_18_16_14_8_6_4_1_v92_30_29_28_27_23_22_6_v34_30_27_26_24_22_20_19_13_11_8_4_v74_34_33_29_28_27_25_23_20_19_17_13_10_9_7_vv12_v2_1_v3_v4_v5_v6_1_v59_53_26_6_4_v79_5_4_vv42_6_v24_6_4_v11_9_2_v9_5_4_3_v14_10_9_6_v140_125_101_67_7_5_1_v16_12_5_1_v14_12_8_7_2_v47_37_18_17_14_12_4_v17_13_11_7_6_v17_15_11_8_7_2_v18_14_13_11_1_v87_35_18_12_11_7_6_5_2_1_v22_20_17_7_1_v20_18_16_11_6_5_4_1_v25_23_22_18_16_11_7_6_2_v23_21_18_17_9_v58_26_19_18_17_15_12_6_4_3_2_1_v134_110_43_28_25_24_21_10_9_5_4_v,163,train,94
v1_vvv1_v5_v6_5_4_3_2_1_v7_5_4_3_1_v8_5_3_1_v2_v10_5_v9_7_4_3_v12_9_7_6_2_1_v13_12_v10_v12_10_6_4_3_2_v15_14_13_11_6_3_v17_16_13_7_v18_15_14_10_5_3_1_v19_18_15_6_5_2_v18_17_13_11_7_6_5_1_v17_16_8_5_4_v19_15_14_13_12_7_5_v22_19_18_17_10_v22_18_15_11_8_7_4_3_1_v24_17_16_13_12_11_10_5_3_v25_23_22_19_14_10_3_2_v27_26_19_15_14_12_11_v24_23_22_19_15_11_10_7_v28_24_22_21_17_15_14_9_5_4_2_v25_24_23_22_16_6_4_v29_25_24_22_21_19_16_6_4_1_vv14_v2_1_v1_v4_2_v5_v5_2_v5_v7_4_2_1_v7_6_5_4_1_v4_1_v11_10_8_5_4_v8_7_3_v29_8_6_3_2_v14_13_12_11_10_8_3_2_v15_14_11_10_3_v16_11_10_6_3_v14_8_7_v15_3_v18_9_8_6_4_v14_12_10_9_4_2_1_v21_18_14_13_11_10_4_v18_17_16_15_11_10_4_v22_17_14_12_v24_20_19_15_14_10_9_5_1_v21_19_18_15_14_11_8_7_6_5_2_v,58,test,20
v1_vvv1_v5_3_v6_5_v5_4_3_v5_v8_6_3_1_v9_8_7_2_v9_8_7_6_v8_4_2_1_v13_12_10_9_8_5_3_v14_12_11_8_3_v14_11_6_3_v12_10_9_8_5_1_v17_14_12_8_4_3_2_1_v17_v13_10_8_7_4_3_1_v20_19_5_v20_19_17_16_15_9_2_v21_14_13_9_7_6_v23_21_11_8_5_4_v23_20_17_13_11_9_v25_21_18_13_12_10_7_2_v25_24_22_18_12_11_9_4_1_v27_16_14_6_5_4_v28_26_24_23_18_15_12_11_6_5_3_v20_18_17_13_9_8_3_2_v26_24_23_8_7_5_v26_25_24_22_21_17_11_8_6_5_3_vvvv3_v2_vv26_5_v5_v6_5_3_2_v5_4_2_1_v9_7_6_3_2_v11_9_7_4_3_2_v10_6_5_4_2_v38_9_8_4_v7_4_v14_13_12_10_9_8_7_6_4_1_v16_12_9_v17_16_14_11_9_6_v18_16_11_7_6_5_2_v19_18_16_14_8_5_3_v19_17_15_11_10_8_2_v19_18_16_14_13_11_6_4_v18_9_8_7_6_4_3_2_v47_20_19_18_13_9_8_v34_23_22_19_18_11_10_9_8_v57_55_24_20_19_17_16_8_5_v26_25_24_20_15_7_6_v23_14_13_12_11_8_7_6_v28_27_26_25_24_23_22_21_20_18_14_6_2_1_v24_17_8_7_6_v27_25_23_22_21_19_9_4_v28_27_26_25_23_21_19_17_16_14_10_8_3_v46_31_29_28_24_19_11_10_9_6_5_v31_22_20_18_3_v33_30_28_27_26_23_14_13_9_8_7_4_2_v64_30_28_23_22_21_18_15_11_10_7_6_4_3_2_v33_30_21_15_13_10_8_7_1_v36_31_25_24_23_16_15_6_1_v32_28_24_19_18_16_13_12_10_9_8_7_6_5_4_3_2_v,71,train,51
vv2_1_v2_v4_3_v3_1_v6_4_1_v3_1_v7_5_3_v7_6_2_vv11_10_1_v11_6_5_1_v12_11_3_v14_12_9_6_v15_11_10_8_7_6_1_v16_8_2_v12_8_4_v14_11_10_8_4_v18_16_6_5_1_v20_17_13_12_9_6_v19_17_15_14_11_9_4_v21_20_12_11_8_5_2_v23_21_20_15_9_4_3_v16_12_8_5_3_1_v17_14_11_7_6_5_v26_14_9_8_5_v19_17_15_12_9_8_3_v25_22_20_19_15_5_4_v28_26_25_23_19_18_16_9_8_2_1_v26_19_18_16_14_11_9_4_1_v27_23_20_15_12_11_10_9_2_1_v27_11_10_9_8_7_6_5_4_v32_29_22_21_17_16_15_12_7_6_3_v29_25_20_19_9_7_v20_19_16_13_11_8_5_4_2_v34_21_20_10_6_4_3_v19_v1_v1_v2_vv11_v2_v25_6_3_2_v7_v9_8_2_v10_3_v10_5_4_1_v11_8_5_3_1_v10_8_v14_7_2_v15_14_13_5_1_v13_11_10_v16_14_12_10_5_4_3_1_v50_32_14_12_7_6_4_2_v23_16_15_13_12_10_9_6_5_3_v20_19_18_14_13_9_7_3_2_v21_16_12_8_6_4_v18_15_14_8_v16_11_8_4_1_v24_20_18_17_13_12_8_7_5_3_1_v22_19_18_9_5_4_1_v22_17_15_12_8_v27_26_25_11_10_8_7_3_v24_22_18_17_12_10_6_v29_27_26_24_19_18_15_12_11_9_8_6_3_v29_26_23_20_19_13_12_8_6_5_v28_26_25_24_22_21_20_18_16_15_8_2_1_v32_30_28_27_25_24_20_19_17_12_10_8_5_v51_33_24_19_18_16_10_8_6_4_1_v33_30_29_17_16_15_11_7_2_v35_32_20_19_17_15_9_4_v34_32_22_21_18_17_v31_30_23_22_19_17_8_2_vvv42_3_2_1_v3_v48_4_3_2_vv69_2_v4_1_v8_7_4_v9_8_v7_4_v11_8_5_4_3_1_v82_10_9_6_2_v78_34_4_3_v45_12_11_10_8_7_4_3_v32_14_12_11_5_v83_16_13_12_10_3_1_v17_13_12_8_5_2_v16_13_3_2_v17_15_12_11_9_5_4_3_1_v15_10_6_4_3_v58_14_12_10_9_8_2_v22_17_12_3_1_v21_18_17_7_3_v52_22_20_14_13_10_8_6_2_v75_25_22_15_12_10_8_3_v26_22_20_18_17_12_6_4_1_v23_22_21_19_17_14_10_8_6_5_v26_24_23_21_19_17_16_8_v29_28_21_17_16_13_11_10_9_7_5_4_v29_28_27_23_22_21_20_18_17_16_11_7_6_5_4_1_v30_29_22_18_5_4_3_1_v32_30_26_25_21_17_15_11_7_6_4_2_v33_25_23_18_14_6_4_3_2_v19_v21_v1_v2_v33_17_1_v4_2_v52_2_v53_13_6_1_v2_v6_4_3_1_v95_9_4_2_v11_9_4_1_v19_11_6_2_v12_8_3_2_v14_12_9_6_3_2_1_v88_18_15_14_8_6_1_v55_16_10_8_7_1_v16_14_13_9_7_v17_14_11_10_9_5_1_v18_17_15_10_v19_16_7_5_4_3_v82_19_16_13_10_8_5_3_2_vvv112_25_v31_2_vvv3_v37_31_6_4_1_v51_28_7_2_v64_30_9_v33_5_v10_6_5_4_3_v12_10_9_6_4_v85_73_66_13_12_v129_112_103_13_10_8_2_v14_11_2_v144_15_14_9_2_v55_11_8_7_2_1_v16_15_12_8_v18_17_13_12_10_6_v18_16_13_7_v149_21_19_10_8_5_3_v116_47_18_17_14_9_7_v68_31_22_14_12_7_2_v22_21_18_17_16_15_10_9_7_3_v,156,train,110
vvv2_v1_v1_v2_1_v7_4_v6_3_v9_8_7_2_v9_8_6_5_4_1_v8_7_6_2_1_v12_7_6_5_1_v10_9_5_4_3_v11_10_6_5_2_v14_12_6_v15_10_7_6_4_v17_13_8_7_3_v15_8_7_2_v18_16_8_6_v14_12_9_5_1_v21_18_17_16_13_8_6_5_3_1_v21_20_18_10_8_6_3_v21_17_14_7_5_4_3_2_v24_22_17_16_11_5_4_3_2_v25_23_22_19_14_11_7_6_4_vv1_v17_2_v2_1_vv3_2_v1_vv4_1_v8_v6_5_v10_9_7_5_v10_2_v13_7_5_v14_12_5_1_v14_13_6_5_4_3_v10_9_8_v15_14_12_8_6_5_3_1_v21_17_16_15_14_12_10_7_4_2_1_v18_17_3_2_v11_6_4_v19_17_16_9_4_3_2_1_v22_20_18_16_15_5_2_v23_22_19_8_7_6_5_3_v24_21_19_14_12_10_9_8_6_5_3_v22_21_20_16_12_9_7_6_5_v25_24_23_22_20_18_12_9_6_5_4_1_vvvv33_27_2_1_v1_v38_32_5_4_2_v4_3_v7_v7_3_v62_8_7_3_vv42_39_11_7_5_2_v12_10_9_7_6_5_4_1_v50_13_12_10_2_1_v24_12_9_4_3_2_v15_9_7_v69_4_3_2_v15_11_7_5_v15_13_8_4_3_v5_3_2_1_v18_10_7_6_v26_15_12_7_3_v21_20_17_15_9_5_v18_17_14_13_12_11_6_3_v,77,test,4
vvv2_1_v4_v2_vvv8_7_6_v9_6_v8_6_2_1_v4_v12_11_9_8_5_1_v5_3_2_v12_1_v10_5_2_v15_8_7_6_3_2_v13_12_10_7_5_4_2_1_v17_14_11_5_3_1_v19_14_13_8_6_v17_16_10_3_2_1_v19_18_14_13_12_10_5_2_1_v22_20_19_18_12_6_5_1_v20_19_15_14_v21_20_11_9_vv1_vv3_v4_2_v4_v6_v6_4_2_1_v19_5_3_v9_8_6_v9_8_3_2_1_v8_6_v12_11_10_8_v11_9_8_4_v13_10_3_2_v12_9_2_1_v15_14_13_11_10_v17_16_15_14_8_4_2_1_v15_14_13_12_8_7_4_3_v17_16_15_14_10_8_7_6_2_v13_12_11_8_7_4_3_2_v16_15_10_7_6_2_1_v22_20_17_15_14_12_2_1_v36_22_20_19_18_17_13_10_9_8_v23_20_19_15_8_4_2_1_v24_18_13_9_6_5_v24_23_15_7_4_v25_22_20_18_5_4_2_v23_21_20_19_14_12_7_5_4_1_v29_19_16_9_6_2_1_v28_24_17_10_9_6_1_v45_31_23_20_19_17_14_13_12_3_1_v35_28_27_21_19_18_17_14_9_v33_32_30_23_22_20_18_17_14_13_9_6_4_v54_43_vv1_v58_3_2_v56_v2_1_vv7_5_1_v6_vv54_9_6_v5_4_2_v11_10_6_4_2_1_v7_6_v12_10_3_1_v48_14_12_6_5_v16_14_9_v12_10_8_6_4_vv19_11_8_6_3_v64_19_18_17_15_13_10_9_6_4_v13_11_5_1_v16_6_3_1_v22_19_17_16_15_13_7_6_2_v24_22_21_9_6_3_v23_19_17_16_13_10_4_3_v20_17_15_13_12_9_8_6_3_2_1_v26_25_24_22_21_15_14_11_8_1_v28_26_24_23_22_17_11_9_3_2_v25_23_21_17_12_10_9_8_7_6_5_v28_26_24_22_20_19_15_13_9_6_4_v74_31_28_13_12_9_8_7_6_4_v31_29_28_16_14_10_6_v72_30_29_27_26_25_20_19_9_5_1_v32_27_26_25_22_19_18_13_11_7_6_1_vv1_vv55_3_1_v22_3_1_v5_3_v34_3_v21_v7_6_3_1_v4_1_v96_7_6_5_3_v3_1_v10_9_7_6_5_1_v12_11_8_5_v13_12_7_5_2_1_v12_5_4_2_v61_15_7_5_3_v15_13_12_9_4_v18_17_16_15_13_2_v109_105_10_2_v19_10_1_v7_5_v22_21_13_12_8_5_4_v39_23_21_20_19_18_15_11_5_4_v114_88_23_22_21_20_14_10_9_6_5_3_v17_15_14_10_6_5_v25_23_22_16_5_1_v90_26_25_20_19_18_15_12_10_9_8_5_4_3_v59_28_27_16_15_11_6_3_2_1_v43_34_25_20_18_4_v99_29_27_26_21_19_17_13_9_v28_27_26_23_21_19_18_17_14_8_6_5_4_v36_32_28_27_26_25_16_15_12_11_v102_33_31_25_24_22_18_16_9_7_4_v34_30_26_22_19_13_11_v28_27_25_18_15_14_10_9_6_1_v36_35_34_32_28_27_24_15_11_10_7_5_4_2_v115_75_33_31_30_20_19_18_17_16_13_12_8_6_4_v47_38_35_34_32_30_22_17_14_9_8_7_5_3_v85_37_36_34_25_21_15_13_12_4_3_1_vv92_22_vvv4_v5_3_1_v83_28_5_v77_v65_8_5_v139_122_6_5_v6_2_v8_4_3_v12_11_9_v13_6_4_3_2_1_v12_9_5_4_v107_27_14_11_3_1_v93_49_14_9_8_6_2_v138_10_5_v121_16_15_14_v18_16_12_8_1_v20_16_15_14_11_4_v38_17_11_7_v78_21_16_15_10_8_7_6_3_1_v22_19_14_6_5_v21_20_19_17_12_11_9_7_5_3_v62_23_22_20_17_12_4_3_2_v37_24_22_19_16_14_13_10_2_v55_23_21_20_13_7_v27_22_18_15_12_11_4_3_v72_57_41_26_24_18_17_14_9_2_v68_26_23_22_20_18_16_11_9_7_5_2_1_v30_29_23_22_19_15_13_8_3_1_v29_11_8_6_2_v30_26_25_21_20_17_13_1_v33_32_31_30_28_23_15_13_12_11_6_3_v,169,train,121
v1_vvv4_2_v4_3_v5_3_v6_3_v3_2_1_v9_8_3_v10_8_1_v7_4_3_v4_v5_2_1_v11_10_6_5_v7_4_3_2_v12_8_4_3_1_v17_16_13_11_v18_16_13_12_5_4_v17_16_14_11_10_7_6_3_2_1_v19_18_10_9_7_6_5_1_v21_19_18_14_12_10_6_4_vv15_3_vv2_v1_v5_4_1_vv5_v8_4_2_v7_3_v10_9_2_v11_6_v12_8_v13_8_6_5_4_v12_10_7_6_4_1_v15_14_12_11_1_v15_13_10_6_5_v17_16_11_10_8_6_1_v17_13_12_3_v16_15_14_11_7_v13_10_9_4_1_v21_19_16_14_11_8_4_2_v18_17_16_9_8_6_5_1_v20_19_14_13_9_4_3_v15_12_7_6_2_1_v24_16_15_13_10_6_5_1_v30_21_20_19_16_14_12_11_8_7_5_3_v25_12_8_4_v25_15_5_4_1_v28_24_22_21_17_9_6_5_v34_17_6_v16_1_v2_vv6_v5_4_v3_2_v6_5_3_v7_5_2_v9_5_3_v10_2_vv10_v65_12_11_5_2_v8_2_v10_5_3_2_v65_16_13_8_3_2_1_v14_9_8_6_3_v17_14_12_10_6_4_1_v62_19_13_12_11_10_v64_47_20_19_12_10_9_5_v18_16_12_1_v21_19_18_17_11_10_9_7_v18_17_15_12_11_9_8_4_3_vvvv1_v63_2_v5_1_v3_1_v6_3_v82_8_5_3_2_v9_6_2_1_v69_10_2_v4_3_vv63_13_10_8_7_6_2_v9_1_v14_10_v4_v40_17_5_4_3_v15_13_8_7_v19_15_12_11_8_4_v17_12_5_4_1_v21_13_12_8_6_v22_17_15_10_4_1_v15_11_10_8_7_3_v54_21_16_14_13_9_8_6_5_v45_25_24_23_22_20_17_16_14_10_5_4_2_v13_12_11_10_7_5_3_2_v87_60_24_22_18_15_9_8_7_5_3_v59_27_25_24_22_20_17_16_13_6_2_v76_28_27_22_20_15_3_v27_25_20_19_15_13_12_10_1_v31_25_20_18_12_11_6_5_2_v28_27_26_25_17_16_5_v33_30_26_25_21_17_16_15_6_2_1_v34_33_27_26_25_23_19_17_16_10_8_5_2_v25_17_13_9_6_2_v36_32_30_24_23_20_16_15_13_10_6_4_v37_32_30_28_27_25_18_15_11_6_4_vv27_v1_v99_32_v3_2_1_v53_14_5_4_1_v21_5_3_1_v2_1_v5_v7_3_1_v10_2_v68_11_10_1_v93_2_v9_6_2_v15_14_10_7_6_5_v12_10_5_3_2_v61_16_15_14_6_5_4_3_v66_16_11_10_8_v16_15_13_11_10_v19_18_17_13_12_6_5_3_2_v18_17_13_11_7_4_3_2_v118_91_21_19_13_12_11_4_v21_16_12_10_7_4_v32_23_22_21_19_16_14_12_8_6_3_v22_21_16_12_11_10_9_7_4_3_v81_59_32_25_16_14_11_7_3_2_v104_26_23_20_17_16_15_13_12_10_8_6_3_v,141,train,35
vvv1_v2_v2_1_v5_v7_v8_2_v9_5_4_2_v10_8_5_3_1_v10_9_7_v12_5_v13_12_10_5_3_v12_9_6_v14_13_12_9_8_6_5_3_2_1_v12_8_7_5_v17_10_3_2_v18_17_16_15_12_11_9_8_5_3_2_v19_16_7_4_v18_13_11_10_9_7_v19_16_13_11_10_8_7_1_v20_19_14_10_8_7_6_3_1_v21_17_16_15_14_10_8_7_5_v20_19_18_14_9_1_v25_24_23_22_19_17_16_8_v25_20_18_16_10_6_5_v22_17_16_15_1_v27_24_23_19_16_9_4_2_1_v27_24_22_16_9_7_v30_29_22_21_19_12_3_vvv1_v3_v4_v3_v4_2_v6_5_v5_3_2_v8_7_6_4_2_1_v10_6_1_v22_9_8_7_3_v30_10_8_5_3_v13_8_7_4_3_2_v14_7_6_v44_13_10_5_4_1_v16_14_9_8_6_v11_1_v17_9_6_1_v19_16_14_4_3_v50_16_14_13_9_7_3_v8_5_v21_20_18_15_13_12_11_10_7_2_v23_22_16_13_10_5_v23_21_18_14_6_5_2_1_v25_23_22_17_15_11_10_5_1_v40_26_20_15_12_9_3_2_1_v27_21_14_13_12_11_6_5_4_v27_26_23_22_12_11_10_4_1_v27_26_24_22_16_14_13_12_10_v29_28_22_20_17_11_8_6_5_v26_24_22_21_18_16_10_8_v42_31_28_27_23_22_17_16_15_12_11_9_3_v30_28_27_25_24_21_19_17_14_10_9_6_4_2_1_vv35_v47_2_vv46_41_3_v69_3_v5_4_1_v9_5_4_3_2_v5_4_v9_2_1_v5_3_2_1_v5_4_3_2_v11_9_6_3_v10_v13_11_4_2_v65_13_9_4_v14_11_8_5_3_v17_v12_11_1_v36_10_8_1_v63_15_12_10_9_4_3_2_1_v20_19_15_9_4_3_v21_20_17_15_13_11_8_7_6_3_v85_21_20_19_16_15_8_7_5_4_2_v85_17_12_10_9_6_5_4_v12_10_5_4_v26_25_24_21_19_16_15_13_v52_25_23_21_17_8_7_3_1_v23_20_19_16_14_12_9_3_v67_26_11_10_7_3_2_v26_23_22_21_19_18_17_14_12_5_4_v27_22_20_19_17_12_10_5_2_v37_31_27_25_23_22_21_14_10_8_4_v24_21_19_17_16_15_4_v32_28_26_25_22_18_16_15_13_11_8_6_4_3_2_1_v35_29_27_22_20_10_v30_28_26_25_22_21_19_18_17_16_14_12_11_10_9_8_5_4_1_v37_29_28_18_17_15_7_1_v,103,train,98
vv1_v1_vv5_4_3_2_v4_3_v5_3_2_v2_v8_4_3_1_v10_8_6_3_2_v9_4_v10_7_6_2_v13_12_10_7_3_v12_10_8_v13_12_7_6_4_1_v10_9_6_4_3_2_1_v17_13_11_10_8_7_4_3_2_1_v16_14_12_8_v15_11_6_v19_18_16_11_9_5_2_v19_14_12_10_9_8_6_5_4_1_v18_13_9_6_5_4_v21_20_19_16_15_11_7_2_v22_21_20_18_14_11_9_7_6_2_v25_23_21_16_7_5_4_3_v25_23_19_18_8_6_4_3_v27_23_14_12_11_10_v28_27_25_18_17_15_12_11_4_3_2_1_v29_22_15_11_7_3_v26_25_18_16_14_12_6_1_v31_29_27_23_22_21_12_11_7_6_v30_25_22_21_20_15_4_3_v33_29_27_26_20_18_17_16_12_11_7_6_1_v34_29_28_21_12_4_3_v35_34_32_29_23_20_18_17_16_15_14_12_7_4_2_1_v33_31_30_29_28_26_25_24_23_21_19_15_14_8_7_6_5_v36_35_28_26_25_23_21_6_5_4_1_v38_34_32_29_27_20_17_12_10_8_2_v39_37_31_30_29_25_23_22_20_18_16_11_8_6_4_3_2_vv25_1_v2_1_v2_v3_v5_3_1_v24_6_3_v4_v5_2_v9_2_v9_3_v11_2_1_v5_4_3_2_v12_9_2_v13_12_4_v23_8_7_1_v52_12_9_8_v15_11_9_6_3_2_v46_14_12_10_v19_18_15_11_8_7_6_2_v19_4_3_v21_15_14_12_9_5_v22_20_19_17_9_8_v13_11_5_2_v22_20_18_12_10_6_2_1_v19_17_13_10_8_1_v24_21_20_13_8_6_v27_23_14_11_10_2_v26_25_22_20_18_17_16_12_8_3_1_vvv2_1_v8_3_2_v1_v10_3_2_1_v37_5_v4_v76_8_4_v30_28_20_6_3_2_v9_3_1_v11_10_9_8_2_v11_10_4_3_1_v9_6_5_v23_14_13_10_6_5_4_v14_5_3_v15_11_10_9_8_7_v52_16_15_12_11_7_5_2_1_v17_11_7_6_3_2_v19_18_17_16_15_14_13_11_5_2_v,89,test,10
v1_vv2_1_v1_v5_2_v5_2_1_v3_v3_v8_4_v10_8_4_v11_10_4_v9_4_3_2_v11_6_5_4_v14_9_8_6_5_4_v10_9_7_4_v16_13_11_9_6_v17_16_14_9_4_3_2_v18_17_13_9_8_5_3_v14_8_7_6_v19_12_5_4_v14_11_4_vvv1_vv4_3_v1_v23_6_5_4_3_2_v4_2_v18_7_6_3_2_v4_v7_5_4_3_v11_9_5_1_v10_v9_2_v14_13_12_9_6_5_4_3_v29_14_12_11_10_9_1_v7_6_4_1_v36_16_14_7_v18_17_14_12_10_v17_15_7_v19_13_11_9_6_5_vv36_v36_v3_v3_v5_2_v5_v7_5_1_v19_9_8_5_v9_8_1_v44_24_5_3_1_v7_6_2_1_v12_11_4_v47_11_8_7_4_v13_9_v10_9_5_1_v9_6_1_v60_55_17_14_13_11_1_v18_17_16_13_8_6_4_1_v19_18_13_8_6_v19_18_15_14_6_1_v20_18_v35_24_22_18_17_16_15_14_10_4_2_v15_11_6_v23_21_13_12_9_8_6_3_v25_24_23_22_21_17_15_12_10_9_5_1_v23_22_18_17_10_2_v30_26_20_16_12_11_8_7_3_v23_22_20_17_10_8_7_5_v16_13_9_7_v29_27_24_20_16_15_13_12_9_8_6_2_v43_29_24_23_22_20_13_12_8_1_v30_20_15_14_12_11_4_3_v32_31_28_27_26_24_23_22_14_7_6_5_4_v33_28_26_24_22_20_15_12_10_5_4_v23_19_15_10_8_v35_33_29_28_26_20_13_8_4_v36_35_29_28_26_25_23_16_10_5_4_v,81,train,11
vv2_1_v3_vv5_4_v6_5_4_3_2_1_v5_4_2_1_v7_2_v5_3_1_v10_7_v9_8_v9_8_3_2_v11_8_3_2_v11_10_6_3_v12_8_7_6_4_1_v13_12_8_6_v9_7_5_1_v18_17_15_11_v14_12_5_4_1_v16_15_13_12_11_10_7_5_2_v16_9_7_v22_18_15_9_8_v20_18_16_13_12_10_6_v23_18_16_14_12_9_8_2_v19_13_12_11_10_7_3_2_1_v23_22_21_20_19_15_11_10_7_5_4_3_1_v24_18_17_15_14_13_12_10_9_5_v22_20_18_12_10_9_2_v25_23_20_18_13_7_5_4_2_1_v23_20_17_15_14_13_8_3_2_v31_25_22_16_14_13_10_9_7_6_3_v30_27_20_16_14_8_7_v32_30_21_19_12_7_6_v31_28_26_22_20_19_15_4_v34_32_26_25_23_21_19_18_6_3_v34_33_32_26_25_23_22_20_14_1_vv1_vvv4_1_v1_vv5_v4_1_v6_5_4_3_v9_6_3_v11_5_v10_9_7_6_3_1_v13_9_8_7_6_v10_7_4_v12_3_2_v12_11_9_6_1_v16_12_10_8_7_v12_11_1_v19_16_14_12_10_9_7_5_4_v19_16_12_9_4_3_v18_v37_12_9_8_5_1_v23_21_19_18_15_14_12_11_9_8_v24_16_14_12_11_5_4_2_v40_24_20_19_18_16_15_13_9_7_1_v25_24_9_6_1_vv17_1_v59_5_2_v56_v50_v20_5_3_1_v23_4_1_v7_5_4_v8_7_6_1_v6_5_1_v10_8_7_4_2_v11_9_6_4_3_v19_9_7_v12_11_10_8_1_v33_10_7_2_v25_11_4_3_v11_10_8_7_4_1_v17_12_11_10_9_6_v14_13_10_8_6_v19_18_13_5_4_3_1_v52_14_13_9_6_3_v18_7_6_4_1_v15_10_9_6_5_v12_10_7_6_5_v,88,train,76
vvvv4_vv4_v6_5_v8_3_v9_6_v7_4_v11_9_4_3_2_1_v9_8_6_5_3_v13_12_9_8_6_5_v14_13_7_5_2_v12_8_7_4_v14_13_11_2_v16_9_4_3_v17_16_15_13_11_6_v18_15_13_5_1_v20_19_18_15_13_9_4_v20_18_13_8_4_v14_11_9_7_6_2_v18_9_4_3_2_v20_17_15_10_7_4_v17_16_10_7_v25_22_19_16_12_11_10_9_7_6_4_vvvv3_v2_v4_v1_v7_4_v8_7_5_3_v6_5_4_1_v7_5_1_v9_6_3_v12_11_10_8_7_6_5_v16_15_9_7_6_3_v14_12_11_9_6_v15_9_8_7_5_1_v12_11_7_4_v2_1_v32_16_13_7_5_2_v17_13_11_8_7_6_1_v28_20_19_10_9_8_7_4_3_1_v20_17_16_14_8_5_3_v20_15_11_10_8_4_2_v19_17_3_2_v17_16_14_13_12_10_8_4_v25_14_9_7_5_4_1_v32_23_21_19_18_16_3_v27_23_20_19_16_15_10_6_v26_24_23_19_10_4_1_v22_21_16_12_v26_25_23_22_20_15_7_5_3_v26_16_14_13_12_10_8_5_1_v32_27_26_25_17_15_10_7_6_2_v28_24_21_19_18_16_15_12_11_8_7_5_3_v33_30_29_25_22_18_17_16_14_6_v34_32_30_28_26_23_19_15_10_8_6_5_2_v34_32_31_26_24_18_17_16_9_8_6_3_1_vvv1_v66_3_1_v3_v4_2_v6_3_v18_7_3_v4_v71_8_v1_v10_8_1_v12_11_10_9_4_3_v10_9_4_3_v14_6_v14_8_7_6_5_3_2_1_v15_14_13_12_10_4_1_v16_13_9_8_v37_20_16_14_12_9_7_6_1_v59_18_17_15_11_10_6_4_1_v20_16_4_2_v20_10_8_7_5_v19_15_4_2_v23_16_11_10_7_4_v64_24_21_13_12_11_10_3_v20_17_16_15_13_10_8_6_3_v26_25_24_23_21_18_16_12_7_5_4_v25_24_22_19_16_15_12_7_2_v28_23_22_16_9_5_2_v22_15_12_6_4_v28_27_26_17_15_14_9_7_3_v74_29_27_25_20_19_17_16_15_14_10_7_5_1_v28_22_16_15_11_5_4_2_1_v33_32_31_27_25_24_23_17_14_13_10_4_3_v33_31_27_25_24_22_21_19_10_8_v34_31_29_27_26_24_23_22_15_9_4_3_2_v36_30_19_14_11_9_3_v37_25_23_22_20_17_14_11_10_4_v91_33_30_19_18_13_7_5_v34_30_28_15_11_8_3_2_vv76_1_v37_21_13_vv30_1_v94_5_2_v75_v63_7_v95_7_4_3_v105_9_8_6_3_1_v8_1_v7_4_2_v52_10_6_3_2_1_v11_9_8_1_v79_14_10_5_1_v12_10_9_7_6_4_v12_9_5_4_2_v15_14_12_10_8_2_v99_15_13_10_8_7_5_4_3_v19_18_11_10_7_4_3_vv1_v109_1_v28_1_v124_4_2_v114_82_3_v116_1_v7_4_v87_39_5_1_v4_3_2_1_v10_9_v11_4_v6_4_v13_11_5_1_v99_57_14_8_7_v15_12_9_1_v14_13_12_9_8_3_v14_13_8_7_4_v114_18_14_13_11_10_7_2_1_v18_14_13_11_9_6_4_3_2_v127_19_14_12_10_3_2_1_v21_20_16_12_9_8_7_5_v22_21_18_14_12_7_3_v22_18_15_14_13_11_8_7_3_v146_137_20_19_12_10_2_1_v21_20_17_15_8_1_v88_26_20_13_5_4_v26_25_22_14_10_4_2_1_v27_20_19_18_17_13_8_5_4_2_v29_24_23_18_17_15_7_6_5_v66_29_26_21_14_12_11_8_6_2_v82_54_31_29_21_19_14_12_8_4_v140_127_32_31_28_26_22_20_19_18_15_11_6_5_2_v27_26_19_16_15_13_8_7_6_2_v34_29_28_20_17_14_12_11_7_v111_32_31_30_29_27_26_22_21_9_8_v103_96_34_31_29_28_25_22_19_13_11_9_v75_37_36_32_27_24_22_17_16_11_10_9_7_6_2_v33_27_23_22_21_19_16_12_8_7_6_5_1_v161_159_39_38_35_34_33_29_27_25_24_20_18_16_15_7_4_1_v,164,test,19
vvv3_1_v1_v5_1_v5_2_1_v7_3_1_v6_3_1_v9_8_6_5_v4_3_v10_8_7_5_v11_9_7_6_5_2_v9_4_3_2_v11_3_1_v6_2_v16_15_14_9_8_1_v12_10_3_2_1_v16_15_14_12_9_7_6_4_3_1_v15_10_6_5_4_v16_13_10_6_3_v20_18_17_13_12_8_6_5_v19_17_16_14_11_6_5_4_1_v23_22_21_20_16_14_11_5_3_2_v22_18_15_9_6_4_1_v22_17_16_15_12_7_4_2_1_v26_17_16_12_4_v21_19_17_15_6_5_4_2_v24_23_14_12_11_6_5_3_1_v26_25_24_23_22_17_16_15_12_9_5_2_1_v28_26_21_20_14_13_12_11_10_v30_15_10_3_v31_24_23_22_19_17_15_9_7_4_3_v29_26_25_18_16_14_v30_27_22_20_18_16_15_14_12_10_9_8_4_1_v35_22_20_11_10_7_6_5_2_1_v36_35_34_23_22_21_15_6_3_2_v19_16_15_14_4_vvvvv4_2_v5_4_1_v4_v7_6_5_v42_7_1_v17_1_v25_v4_2_1_v12_10_9_8_7_6_5_4_3_v34_12_11_8_7_v14_12_6_4_1_v15_13_11_9_7_6_4_1_v16_14_12_9_v17_14_13_12_11_6_4_1_v16_15_12_8_7_6_3_2_1_v38_19_11_9_7_5_4_3_2_1_v15_12_7_v31_17_16_3_2_v22_14_11_9_3_v18_12_8_7_2_1_v17_16_15_12_10_2_v25_24_22_20_17_16_9_6_v26_24_18_15_11_6_3_2_1_v36_16_12_1_v28_13_11_7_2_1_vv1_vvvv4_1_vv11_7_v3_1_v9_8_v10_9_v11_10_9_7_2_v11_10_9_8_3_v10_7_6_v14_10_9_6_3_1_v15_14_5_3_2_v16_13_12_3_v13_12_1_v18_16_13_12_10_6_v43_19_16_8_7_v30_18_14_12_11_3_1_v,88,val,20
vv1_vv4_v4_2_v4_3_v7_2_v7_6_v9_8_7_6_3_2_v6_3_2_v10_7_6_5_3_v4_3_2_v13_9_8_5_3_2_v13_10_9_8_1_v13_8_6_3_v15_10_8_6_4_1_v16_13_12_4_v16_12_9_6_5_2_v18_17_15_13_12_9_8_7_v20_18_7_5_4_3_1_v18_17_16_15_10_6_3_1_v17_13_9_7_6_5_2_1_v1_vvvv4_3_1_v1_v15_2_1_vv8_4_1_v9_6_4_1_v3_1_v10_7_3_v12_3_2_v7_6_5_3_v10_v14_11_3_1_v14_11_8_7_3_v17_15_14_12_11_10_v18_16_15_6_2_v16_12_10_9_8_5_v14_13_11_10_6_3_v21_4_3_1_v18_17_11_9_8_4_3_v28_19_18_15_14_13_12_11_8_7_6_2_v20_18_16_4_3_2_v19_16_15_13_11_10_1_v21_18_16_6_5_2_1_v27_25_23_13_10_9_7_v28_27_24_22_19_18_17_15_8_3_2_v27_25_23_22_21_13_8_6_1_v28_27_22_18_7_4_v31_17_15_13_11_8_6_3_1_vv53_vv1_v4_1_v5_4_3_v3_1_v56_55_5_4_1_v2_v5_4_3_2_v9_8_6_5_3_1_v11_7_5_4_3_2_v60_10_v11_10_8_6_1_v10_2_v13_2_v15_11_9_5_2_v13_12_11_8_2_v16_13_11_10_7_5_v52_29_17_13_2_1_v18_17_10_8_6_2_1_v18_16_11_10_8_5_v71_21_20_14_10_6_5_2_v44_23_22_19_15_10_2_v63_33_23_22_18_17_15_11_10_9_8_7_5_4_v69_25_19_15_10_8_7_6_2_v21_18_17_15_11_9_6_v26_25_17_16_12_11_8_4_1_v28_21_19_18_13_12_9_8_3_vv28_v1_v1_v85_4_v86_v5_4_v1_v5_3_2_1_v85_71_14_9_7_6_2_1_v87_7_5_v79_14_7_6_5_4_2_v12_10_4_v73_17_7_4_v4_2_v51_26_15_14_13_8_7_3_v16_12_10_7_v16_14_13_12_10_8_v51_15_14_11_9_4_3_v18_14_13_7_5_4_v64_11_9_8_2_v21_19_14_12_9_8_3_v20_18_14_11_7_4_2_v23_20_17_16_14_13_11_8_6_4_1_v24_19_17_10_7_3_v18_17_12_6_5_v26_25_24_19_17_15_13_1_v30_27_21_15_14_13_11_9_5_1_v84_28_22_21_14_7_4_3_1_v27_23_22_11_5_v25_24_23_20_16_13_8_3_2_1_v31_30_24_15_14_5_1_v31_26_23_20_18_16_14_12_10_5_v,117,train,78
vv2_1_v3_2_vv5_3_2_vv5_4_v8_3_2_v8_4_1_v2_1_v10_6_v10_9_8_4_3_2_v12_11_10_9_8_v13_11_9_6_4_1_v14_12_10_9_5_1_v14_13_6_5_4_v12_10_9_7_5_v18_13_11_10_8_7_5_4_3_2_1_v13_12_10_9_7_6_4_3_vv1_v2_1_v2_v3_v4_3_1_v3_2_v25_7_5_1_v7_3_v8_v9_8_4_1_v7_2_1_v32_11_6_4_2_v1_v14_13_9_7_4_3_v9_7_4_v16_12_8_5_3_v2_1_v14_12_11_9_6_v14_13_10_7_6_5_2_v20_19_17_16_12_10_8_5_4_3_v17_15_14_10_9_7_6_3_2_1_v20_15_14_11_10_2_v19_16_13_12_10_5_vv37_v2_v30_3_1_v19_4_v3_1_v2_v4_3_v3_2_v9_6_v9_7_3_1_v6_1_v14_12_8_6_1_v13_3_v14_13_9_5_3_v15_11_10_9_3_1_v16_14_12_11_v15_6_5_1_v51_18_9_6_5_4_3_2_v18_15_9_v19_18_17_10_7_2_v51_13_4_v22_18_17_15_13_10_8_6_5_4_3_v22_19_15_6_5_4_1_vv1_vvv2_v5_4_v5_4_v7_4_3_v6_3_v9_8_v8_6_5_2_v9_7_3_v12_8_7_6_4_v51_37_6_2_1_v8_v12_10_9_4_3_1_v15_11_6_3_v21_17_13_10_8_7_6_1_v13_11_9_8_5_v19_16_14_11_10_8_7_4_2_vv8_vv48_v85_43_4_3_v4_3_1_v3_2_1_v5_4_v5_3_1_v9_7_6_5_4_3_v6_v10_7_6_4_3_2_v74_10_9_8_v12_10_8_5_4_1_v14_13_11_8_5_2_v58_15_11_9_7_6_5_2_v89_16_15_14_9_5_4_3_v25_13_7_3_v17_16_13_11_8_4_3_2_v51_16_13_5_1_v20_16_10_9_8_7_v21_18_13_5_v20_11_10_7_6_1_v22_21_20_16_7_v108_24_23_18_17_11_10_6_v25_23_4_v25_22_16_15_14_10_8_7_6_v86_25_24_19_14_7_v92_21_18_12_9_6_v48_29_27_26_23_17_13_10_7_2_v26_25_22_17_15_14_12_11_10_6_5_v100_17_14_12_10_8_7_5_v31_29_28_25_24_22_18_16_15_10_9_8_6_5_1_v32_28_26_15_13_10_3_v39_34_30_27_25_22_21_16_14_13_12_9_7_3_1_v34_33_29_28_26_18_17_16_12_11_10_7_3_v120_35_34_30_21_18_17_16_13_7_3_1_v82_36_32_29_23_21_15_14_12_11_10_8_7_v60_31_27_25_24_20_18_17_12_11_4_v35_32_30_23_22_17_5_3_v,128,train,122
vvv1_v4_v5_3_v2_v5_4_2_v7_6_5_v3_2_v10_9_3_v9_7_2_v11_5_4_v13_8_6_v13_10_2_1_v12_10_8_v16_14_6_4_v14_13_10_7_6_4_v15_11_10_8_2_v15_13_10_8_5_3_v6_3_v19_18_17_13_v22_20_17_15_12_11_9_1_v14_13_11_8_5_4_2_v22_21_20_18_17_11_4_1_v25_24_16_10_4_v24_21_20_18_15_7_4_2_1_v19_14_9_7_3_v23_20_19_18_16_10_4_2_v28_22_21_19_11_10_5_4_3_v28_24_22_18_16_13_5_4_3_v31_28_27_17_13_10_8_7_vvvvvv5_4_3_1_v5_3_v27_v7_6_5_2_v7_6_5_3_v9_v9_8_v11_7_v11_3_2_1_v14_12_11_9_5_4_2_1_v14_12_9_8_3_v16_14_11_10_7_v13_6_5_v16_12_3_v12_6_v11_7_1_v21_16_10_8_7_2_1_v19_18_8_4_3_v17_8_5_3_2_v22_18_17_16_15_11_10_8_7_4_2_v26_23_21_20_19_13_4_1_v22_17_14_13_11_6_5_3_2_v53_39_27_23_20_19_16_15_12_6_4_2_1_v53_26_22_15_13_10_9_7_6_4_2_v25_24_23_20_15_13_11_7_v30_29_23_2_1_v59_31_26_24_21_14_9_3_v32_23_22_20_10_2_v61_46_29_24_22_18_17_15_11_10_9_5_3_2_1_v31_27_23_22_19_17_15_8_7_4_2_v31_25_19_16_11_5_v36_35_31_30_26_22_15_14_13_10_7_v,69,train,46
v1_v2_vv4_3_v5_vv6_4_2_1_v8_7_5_3_2_v6_4_3_v9_7_2_1_v11_3_2_v12_11_9_7_4_1_v13_5_4_v14_7_4_2_v15_12_9_7_v14_9_7_6_5_v16_14_12_v16_13_12_10_9_8_6_5_3_v19_17_13_8_1_v16_10_7_2_1_v20_19_17_14_11_10_3_2_1_v21_18_10_5_3_1_v16_15_14_13_12_5_4_v24_23_19_18_12_8_6_2_1_v25_18_14_13_12_9_7_3_1_v22_21_20_14_11_10_8_4_v27_26_16_15_14_11_7_6_4_2_v28_27_26_23_21_18_14_13_10_9_8_6_4_3_vvvv2_1_vv4_v2_v7_v24_4_v26_20_9_8_1_v10_7_3_2_v17_7_3_v11_3_v13_6_1_v13_11_8_7_3_v15_10_8_7_1_v15_11_9_8_2_v17_15_9_7_2_v17_16_13_10_9_6_5_2_v19_17_16_15_9_8_2_v19_15_13_v21_20_19_17_15_13_12_10_7_6_4_1_v41_17_15_10_9_8_v21_20_18_13_10_9_3_2_1_v24_17_15_12_10_8_v5_v24_22_20_19_16_15_13_9_v25_14_3_v31_22_15_14_13_12_5_4_3_v26_25_23_20_13_12_7_v29_27_25_24_20_14_8_7_3_2_v29_23_21_15_12_10_9_7_4_v32_29_28_27_26_24_21_13_10_9_7_4_3_v13_12_8_3_2_v32_28_22_21_20_17_12_6_v,64,val,14
vvv1_v4_3_2_1_vv5_4_2_v4_3_v7_5_4_1_v9_1_v6_4_1_v11_7_4_v8_5_2_v9_8_5_4_3_v7_6_4_1_v12_10_2_v12_8_4_v12_5_3_v9_6_3_1_v19_18_17_15_13_12_11_10_6_5_v18_17_14_12_10_9_1_v18_11_8_5_3_1_vv1_vv3_2_v2_v5_4_v5_4_3_v7_6_2_1_v8_3_v8_3_2_v9_8_v10_8_2_v10_7_4_3_2_v9_7_v13_9_4_v13_11_6_5_4_2_1_v22_7_5_v17_15_14_7_5_v22_16_8_7_4_2_v18_15_12_9_8_3_v17_11_9_4_3_v18_16_9_8_4_3_v22_21_9_6_5_1_v22_20_18_13_12_8_5_1_v40_24_18_12_2_v24_22_18_17_16_15_6_3_v26_18_16_15_11_8_5_2_v27_25_23_18_17_15_13_12_11_10_9_7_3_v20_17_16_12_4_2_1_v34_26_24_23_22_20_16_14_9_8_4_1_v29_28_22_8_7_6_3_2_1_v31_27_25_24_22_21_15_13_6_v31_29_24_23_21_19_18_14_9_4_2_1_v33_29_28_27_26_21_20_18_15_13_11_6_4_2_1_v33_28_27_22_20_15_13_11_2_1_v34_31_30_25_20_17_14_12_11_10_8_6_3_v,58,train,36
vv2_1_v3_2_vv5_v6_4_vv5_1_v6_4_v3_1_v10_7_6_4_2_1_v10_1_v13_9_6_5_4_v14_9_7_6_4_2_v15_11_8_4_v15_7_6_4_1_v16_12_11_10_9_7_2_v17_16_6_4_3_v17_15_7_6_v15_12_11_4_v17_15_12_9_7_6_3_vvvvv1_v5_4_v6_5_1_v5_4_v8_4_v9_6_v10_8_5_2_v3_v9_7_6_4_v12_10_6_5_v10_7_4_1_v12_10_4_2_1_v16_15_12_4_1_v16_10_8_6_2_1_v17_9_3_v18_12_4_3_1_v14_11_v21_17_13_12_8_5_2_1_v18_17_13_12_11_6_2_1_v22_20_19_18_17_15_14_11_8_7_1_v39_23_21_20_16_15_11_10_6_v24_22_18_17_15_11_7_4_v18_11_v27_23_21_18_11_7_4_3_v27_25_20_17_16_14_7_4_1_v26_25_22_18_15_14_13_10_8_7_6_5_4_2_v29_28_25_23_22_18_16_15_11_10_6_2_v30_27_22_21_19_18_9_5_3_1_v40_29_24_21_20_18_17_16_15_14_12_11_8_7_4_2_v33_32_31_29_26_20_14_5_2_1_v33_32_28_26_22_21_20_16_15_13_11_4_v35_34_30_26_25_24_21_19_18_17_15_12_3_2_1_v36_29_19_18_13_7_1_v25_22_16_12_9_8_6_5_1_v33_v34_vv3_vv47_4_v46_8_3_2_v5_vv8_v68_53_10_7_6_4_3_v6_1_v59_12_2_v13_12_6_5_3_v13_10_6_5_3_2_1_v14_12_2_1_v25_16_5_v17_15_7_2_v13_12_11_10_5_4_v19_18_9_8_5_2_v17_14_13_12_11_9_6_5_4_3_1_v21_13_10_7_5_v38_8_6_4_v22_17_15_14_5_3_2_v22_21_18_16_14_13_11_9_8_7_5_2_1_v25_17_15_10_7_5_1_v24_22_18_17_13_11_10_8_7_5_2_v26_22_17_13_10_7_5_2_v25_22_21_15_13_8_6_5_v44_26_25_20_15_12_9_5_2_v28_25_23_21_18_13_12_8_2_v29_28_27_10_8_2_v24_17_11_v29_24_23_20_18_13_9_v33_26_21_14_11_8_6_4_3_vvv42_2_vv3_vv99_93_2_v4_3_2_v7_5_4_v47_4_3_v9_8_v11_7_v45_12_9_8_5_4_2_v102_96_12_11_9_1_v63_13_12_8_7_6_5_v15_12_8_4_3_v13_12_11_9_v29_17_14_12_10_7_6_5_3_2_1_v69_18_17_15_13_11_9_2_v16_12_5_2_v19_16_14_10_9_4_2_v17_11_9_4_2_v20_18_12_11_7_6_vvvv5_3_v63_1_v97_4_3_2_v6_3_2_v15_5_1_v8_6_v5_4_v102_88_10_8_4_3_2_1_v100_87_51_9_5_3_v8_4_3_2_1_v12_11_9_8_v14_11_10_9_7_6_4_2_v84_21_14_11_8_6_4_3_2_v16_13_7_2_v17_15_13_4_v81_78_17_14_11_8_3_v122_18_17_12_11_10_9_v46_19_16_6_3_v20_17_13_12_10_9_6_3_v22_18_17_15_5_3_v22_12_8_5_3_v46_24_22_16_15_10_6_2_v17_15_13_11_10_8_5_4_3_v25_19_17_12_11_4_2_v81_25_23_21_15_5_v28_24_22_18_8_7_3_2_1_v20_19_16_13_5_4_1_v30_25_24_20_19_18_16_12_11_9_4_v79_71_21_15_14_6_4_3_2_1_v135_40_31_30_26_23_11_8_5_3_v33_30_28_26_24_23_19_2_v,152,train,103
v1_v2_v2_v3_v5_1_v6_1_v7_4_2_vv9_5_4_3_1_v9_6_4_3_2_v7_6_2_v12_7_v12_11_10_4_v11_9_7_5_4_v10_7_4_3_v13_12_10_8_6_4_3_v17_16_15_14_10_4_v18_16_12_11_7_4_v7_5_v19_16_14_9_8_v21_13_7_3_1_v21_20_18_14_13_10_7_5_v22_19_15_5_2_1_vvvvv1_v5_vv6_4_3_v7_5_4_v6_5_4_3_v9_6_5_3_1_v15_11_9_6_v10_6_4_v10_5_3_1_v12_11_2_v10_6_4_3_1_v15_13_12_9_v24_14_9_3_2_v17_15_13_9_5_4_3_2_v43_19_11_10_5_3_1_v19_17_8_7_vvv9_v36_vv4_2_v1_vv8_7_5_2_v26_9_7_6_4_v9_7_5_v8_7_6_4_3_1_v24_10_8_7_6_4_3_v48_9_6_2_vv14_12_10_8_7_2_v15_13_10_4_v17_7_3_v62_34_10_6_v16_12_6_1_v31_14_11_10_7_2_v49_32_21_19_7_3_v20_17_16_15_5_4_1_v22_15_11_3_1_v24_23_21_20_19_17_14_11_v22_21_18_15_9_1_v23_20_15_12_7_6_v27_21_20_8_6_2_v22_21_18_14_12_9_2_v44_29_28_23_20_14_13_12_9_8_4_3_vvvv2_v4_2_v5_4_v2_1_v7_6_3_1_v62_26_7_6_v61_1_v6_4_v11_9_4_v11_10_7_5_v12_11_10_9_6_5_4_v52_14_6_5_1_v14_9_7_3_1_v16_11_10_9_8_7_6_4_v16_14_7_3_2_1_v8_1_v18_15_14_9_8_1_v19_18_11_9_8_5_v20_17_16_13_12_8_3_v,97,train,117
v1_v2_vv3_1_v1_v3_v7_3_v3_v6_5_4_v8_6_4_v10_2_1_v6_4_2_v12_11_v14_4_v9_8_5_3_v16_13_12_11_7_4_v17_16_12_11_9_7_5_3_2_v15_13_4_v17_16_14_10_9_7_2_v18_16_15_14_12_11_7_6_4_3_2_v19_17_9_5_3_v22_21_20_17_11_10_8_4_v23_22_13_11_6_v24_20_17_15_14_12_11_7_3_v24_22_19_17_15_14_13_11_9_v26_19_18_14_12_8_7_6_3_2_1_v27_22_20_17_16_15_8_3_1_v28_27_24_23_17_16_13_8_v29_28_26_21_20_18_16_15_12_11_9_7_5_v30_29_23_22_21_20_17_15_11_9_6_v29_25_22_20_19_v32_28_27_21_20_17_16_10_8_3_vvvvv4_2_vv3_1_v36_6_5_4_v6_4_v9_v30_7_6_5_2_1_v9_8_5_1_v12_10_4_v13_9_7_6_v12_11_10_5_3_v13_10_9_4_2_v15_14_11_10_v16_13_12_7_6_5_v17_16_15_9_8_7_4_v13_2_v20_18_15_12_9_8_6_5_v19_17_15_13_11_9_6_v22_15_9_4_3_2_v23_17_15_14_13_12_9_2_v19_17_16_13_12_11_9_8_3_1_v24_22_15_14_11_7_2_1_v25_15_10_5_4_v25_18_16_11_5_2_1_v60_28_21_19_14_13_12_11_8_4_3_v29_27_26_23_6_v29_28_27_26_25_24_23_22_21_13_11_8_7_3_v30_24_23_22_20_19_11_10_7_6_v28_27_22_20_18_17_16_12_10_2_v33_31_27_25_24_17_13_9_6_5_v32_30_26_22_21_20_18_17_16_v32_31_24_20_18_16_14_13_12_5_4_v32_22_21_20_14_11_10_6_3_1_v35_28_27_26_23_22_21_20_16_15_8_5_2_v29_28_25_21_20_19_14_2_1_v63_39_38_37_35_33_29_23_21_20_18_14_13_11_10_4_vv18_v1_v3_v2_1_v5_4_v3_2_v5_4_v4_3_v9_7_3_v10_6_5_v6_3_v7_5_2_v12_7_4_v51_9_3_1_v2_v16_15_13_4_1_v83_16_11_10_5_4_3_1_v18_16_12_9_3_2_v18_17_11_7_6_4_2_v20_17_16_14_11_10_8_1_v21_19_15_14_10_9_6_3_v12_4_2_v30_vv24_1_vv4_v85_76_65_9_v3_1_v5_4_v7_6_5_1_v30_8_6_v10_7_2_v74_16_10_5_4_3_v8_4_2_1_v8_7_4_2_1_v57_14_13_8_7_5_4_1_v57_15_14_10_7_5_4_v68_30_28_13_11_10_8_v9_8_7_5_v53_28_16_15_6_v19_18_14_13_11_5_v20_18_13_6_v78_20_19_17_16_11_8_7_6_5_v48_22_21_20_19_15_14_7_6_3_2_v21_20_17_16_14_12_11_9_v22_19_15_12_10_2_v25_23_21_20_18_14_12_11_10_6_5_4_v86_26_25_20_18_17_15_13_12_11_8_4_3_v121_67_20_19_18_16_14_12_8_4_v42_28_26_21_19_13_11_8_2_v80_38_24_21_12_8_6_2_1_v83_27_25_21_16_15_14_13_8_6_4_2_v104_30_24_21_20_16_4_3_v29_20_18_14_12_7_6_4_3_v32_31_25_23_21_18_17_15_13_11_10_7_6_v82_32_27_22_20_17_16_13_10_2_v35_31_29_27_25_24_23_20_17_16_13_12_6_1_v34_27_26_22_17_16_3_v107_36_34_30_23_16_14_13_11_9_v112_91_25_v43_v2_1_vv4_v4_vv36_13_4_3_2_1_v3_2_v121_v5_v10_4_v9_7_6_3_v76_12_10_7_1_v12_11_3_1_v76_12_3_v9_7_4_2_1_v15_14_13_11_9_3_v125_18_15_12_10_8_7_4_v110_17_9_8_6_5_3_v19_18_17_16_4_2_v21_17_15_14_13_11_9_8_2_v112_89_16_12_11_10_3_2_v21_18_15_11_10_9_4_v21_15_14_13_11_8_7_6_2_1_v44_21_20_16_12_7_4_3_1_v26_22_18_17_14_11_9_8_7_5_v25_23_21_17_13_12_v107_26_23_21_20_17_16_15_9_6_4_2_v29_26_22_19_17_16_15_13_12_8_v52_30_26_22_17_13_4_2_v27_25_19_18_15_8_7_5_3_v,166,train,108
vv1_v2_v4_3_vvv5_2_v8_7_1_v8_1_v9_8_5_4_v9_8_1_v9_8_3_1_v10_9_8_4_v13_8_6_5_3_v14_10_7_6_3_2_v15_13_11_3_2_v15_14_13_12_3_1_v17_10_1_v18_16_10_9_7_6_2_v20_19_15_14_7_6_2_1_v20_19_12_11_v18_16_15_12_10_8_2_v19_17_11_8_5_3_1_v20_18_15_14_12_7_5_1_v23_22_21_19_18_9_8_v24_22_21_19_18_11_10_8_v22_19_18_17_15_12_5_3_1_v28_24_22_19_v29_28_27_19_17_16_15_11_6_2_1_v27_22_18_15_13_11_3_v31_28_25_10_5_3_1_v32_29_26_24_23_19_13_10_6_2_v32_29_28_18_17_15_11_9_6_5_3_v30_27_14_13_7_1_v35_34_32_31_30_22_20_18_14_12_5_3_v33_31_23_21_14_10_5_3_vvvv3_2_1_vv3_1_v6_3_v5_v4_1_v8_7_2_v10_3_1_v21_8_7_4_1_v19_6_5_4_1_v12_10_9_4_2_v11_10_9_8_6_v45_14_12_6_4_2_v24_14_11_10_9_1_v12_10_7_v13_12_1_v17_13_6_1_v13_12_11_8_5_3_v41_21_20_19_13_7_5_4_2_v21_19_14_12_2_v14_12_8_5_2_v24_17_14_13_10_8_7_6_v25_23_20_19_17_12_10_8_5_2_v39_26_24_22_16_10_v27_20_19_17_14_v48_28_23_22_17_16_12_11_7_5_3_v24_23_10_9_7_5_3_2_1_v27_26_24_22_15_9_5_3_2_v25_15_13_11_4_3_v63_43_30_29_25_24_23_22_21_17_11_7_6_3_2_v32_30_29_28_25_22_19_16_14_13_12_11_8_v34_27_25_23_19_16_15_13_10_9_6_3_v26_18_15_11_9_7_v50_38_v1_v5_v41_3_1_v48_4_v24_3_v79_52_v9_6_5_v44_6_1_v30_9_6_1_v10_2_1_v1_v54_19_12_11_10_9_8_5_2_v30_13_12_11_9_6_4_v14_10_9_1_v32_12_8_6_4_1_v14_13_10_8_7_5_1_v16_14_13_8_6_2_v16_5_3_1_v19_12_11_7_6_5_v19_18_15_13_12_11_10_8_2_v21_20_15_12_11_10_8_6_5_3_2_1_v22_21_20_19_18_8_6_5_v71_20_16_13_12_9_1_v21_9_2_v24_23_21_13_9_6_5_3_v26_22_16_12_11_4_v23_19_15_6_5_v,101,train,83
vvvvv4_3_vv4_3_v2_1_vv10_9_7_4_3_1_v10_3_v12_11_2_v13_8_3_2_1_v12_10_6_2_v9_8_6_1_v13_4_3_v17_12_9_6_2_v18_11_9_7_6_1_v19_18_14_6_4_3_v17_12_11_8_7_6_2_v17_16_13_7_3_2_v20_18_17_16_14_13_10_7_4_1_v18_13_11_8_7_2_1_v23_18_17_15_14_13_1_v24_23_19_18_17_15_14_7_v26_25_22_20_18_13_7_2_v26_25_20_19_14_11_4_3_1_v28_27_26_18_13_10_8_1_v28_23_14_2_1_v29_23_12_8_7_3_vv1_v4_1_v3_1_v4_v2_v3_v3_v3_v3_v28_4_2_1_v11_7_6_5_4_1_v11_7_6_v5_3_1_v11_10_8_4_2_v46_12_11_10_8_5_1_v15_13_12_8_v17_16_14_13_11_10_9_8_4_3_1_v18_14_6_1_v43_39_17_11_10_9_7_5_v16_15_14_11_8_4_v21_15_14_13_8_5_4_3_1_v17_15_14_9_6_5_2_v23_22_21_19_7_v24_22_20_15_10_5_2_v22_21_20_16_15_10_1_v18_13_12_3_v27_26_21_20_14_8_5_v16_14_13_11_3_v28_26_21_13_11_9_2_v26_22_7_5_v30_26_23_21_20_14_13_12_10_7_5_v34_21_15_14_12_11_9_6_3_v29_25_24_21_14_7_2_v28_24_21_10_9_7_6_3_2_1_vv63_1_vvvv43_4_v59_v5_4_v7_6_3_2_1_v51_7_6_5_1_vv51_7_2_1_v6_v13_8_5_v14_12_9_v73_2_v16_13_11_10_5_v79_13_12_8_4_v14_10_9_8_7_6_4_v35_19_14_13_12_10_8_7_6_v41_17_9_5_2_1_v14_7_6_4_v82_22_11_7_3_1_v22_21_19_18_16_15_14_12_11_10_2_v20_19_16_14_9_7_4_1_v22_21_19_18_17_9_2_v19_18_16_15_14_12_1_v26_25_24_22_8_5_v20_17_16_13_7_5_3_v29_27_25_23_21_19_18_15_13_11_8_1_v59_26_24_21_19_18_12_8_5_4_2_1_v28_26_25_24_20_17_14_13_11_9_7_3_1_v31_29_23_19_16_14_12_11_10_6_v33_32_29_28_26_24_18_12_11_9_2_v34_30_29_20_19_3_v93_43_35_34_31_30_24_22_21_19_15_14_13_11_6_5_4_v36_27_24_23_21_17_13_6_4_3_v36_34_30_28_25_24_23_21_20_17_13_7_5_4_2_v38_35_25_23_18_12_9_2_v34_22_20_16_13_11_2_v,106,train,119
vvv2_vv5_4_3_2_v5_2_1_v1_v7_5_v8_5_3_v9_7_2_v11_4_3_v11_9_7_6_3_v12_10_3_v13_12_10_2_v10_2_v13_12_8_6_1_v11_8_6_5_1_v18_14_11_5_v17_16_12_8_7_5_4_3_1_vv1_v1_v3_2_1_v2_1_v19_5_4_v5_4_2_v7_6_5_2_1_v7_5_4_v7_2_v9_4_v15_11_10_9_4_v12_8_7_3_v13_11_5_4_2_v12_7_2_v15_14_11_9_5_v16_4_3_2_1_v14_12_11_10_9_8_2_v18_13_9_6_2_1_v19_18_16_14_13_4_3_v18_17_14_13_10_9_5_4_3_v21_19_16_14_13_1_v26_17_11_10_8_5_4_3_1_v22_19_13_9_8_7_6_5_v22_20_18_16_14_13_11_7_6_3_1_v25_22_17_16_14_8_5_4_v21_20_19_18_17_11_4_2_v18_3_1_v26_18_14_11_5_4_v16_15_12_10_8_6_3_2_v29_25_16_9_8_7_6_5_1_v28_27_23_22_20_16_10_8_4_1_v29_28_27_24_15_13_11_9_2_v33_29_26_23_20_18_17_14_13_11_9_1_v34_31_26_23_21_20_13_9_2_1_v34_32_25_22_18_16_15_13_11_8_1_v35_32_29_28_23_21_20_19_17_15_9_6_4_v,57,val,28
vvvvvv5_4_1_v7_v6_1_v9_8_4_3_v5_2_v10_8_4_2_1_v11_10_v12_6_4_2_v13_10_8_6_5_3_v14_13_10_9_v15_12_5_4_v15_9_5_3_1_v13_9_7_4_2_1_vv18_14_13_10_7_6_4_v21_15_14_13_8_4_3_v21_19_17_16_14_13_11_v15_11_10_9_5_v20_19_17_15_4_1_v25_24_21_18_17_16_15_10_4_v20_11_6_4_2_v26_20_17_15_14_7_5_4_v21_16_15_12_10_6_3_v29_25_23_19_15_10_6_3_v29_27_26_24_11_5_3_v30_29_26_16_11_5_2_v28_25_19_18_17_9_3_1_v33_31_22_13_9_6_4_3_v33_22_19_12_10_9_7_6_5_4_3_v32_30_29_22_17_16_14_2_v35_33_31_29_21_20_19_11_9_6_3_v37_36_27_25_23_20_15_9_8_6_5_v37_36_31_26_25_21_18_17_13_12_11_10_8_7_5_2_1_v38_v1_v2_v3_2_v1_v12_3_1_v22_8_6_3_2_1_v5_1_v5_v8_7_4_v3_2_v11_9_7_5_3_v8_6_3_v26_12_v10_3_2_v15_14_11_9_8_7_v12_5_3_1_v16_15_11_4_2_v16_11_2_1_v17_15_7_v17_11_4_2_v31_20_15_11_10_7_4_3_1_v18_15_14_11_4_v23_22_19_15_12_10_9_6_2_1_v24_20_16_15_14_13_12_9_8_2_v20_18_15_14_5_4_3_2_v25_21_18_14_10_9_6_1_v46_26_24_22_16_15_10_9_8_2_v28_27_24_23_19_13_10_4_1_v29_28_27_26_25_22_18_12_9_3_1_v29_26_25_24_20_19_17_15_13_10_8_6_4_2_v31_25_24_22_20_18_16_15_14_13_12_10_9_8_7_v31_24_22_21_20_17_16_12_11_9_6_5_1_v32_31_28_22_20_19_17_16_12_v34_32_31_28_25_23_22_10_9_8_7_3_1_v35_33_32_29_28_23_21_19_16_13_11_8_6_4_3_v36_22_9_7_6_5_v,76,train,67
vv2_v2_vvv4_2_1_v6_5_vv7_6_2_1_v10_3_v7_6_5_3_1_v5_v13_12_11_8_7_4_3_2_v10_8_6_5_4_3_v13_12_11_10_4_v15_11_8_v14_13_6_4_3_1_v17_15_12_9_7_6_v16_14_13_12_11_9_8_4_3_v20_10_7_4_2_v21_20_16_15_11_1_v22_16_13_4_v22_21_20_17_6_v16_15_5_1_v22_17_14_13_11_9_4_3_v25_24_17_14_11_3_2_v23_19_15_12_10_7_2_v27_26_22_21_17_12_11_10_8_5_2_v29_28_27_26_24_23_18_17_13_8_v28_27_26_21_20_18_16_12_11_8_2_v31_30_27_25_23_20_19_15_12_11_7_5_v30_29_27_22_11_8_5_4_3_1_v33_25_13_12_8_7_6_v28_26_19_18_16_11_10_8_6_5_4_v32_31_24_14_13_9_v36_35_15_13_12_9_8_2_v36_34_33_30_29_19_18_17_13_12_8_1_v38_34_33_32_26_22_21_19_14_10_9_7_5_vv1_v15_2_1_v27_1_v1_vv5_v4_v8_6_2_1_v7_4_v5_4_1_v11_10_7_1_v27_12_10_9_8_7_6_4_2_1_v11_9_6_1_v14_11_8_7_6_1_v15_12_10_8_7_4_v16_13_7_6_3_v17_15_13_2_v33_16_13_10_9_6_3_1_v18_17_9_6_2_1_v16_14_6_5_2_v21_12_11_9_6_4_2_v50_21_15_14_13_10_7_6_5_4_1_v22_14_12_9_5_3_v44_24_23_20_19_12_6_2_v25_24_17_11_7_5_4_1_v23_21_15_14_13_12_11_8_7_4_1_v24_21_13_11_10_9_4_3_2_1_v37_28_27_25_14_12_8_7_4_2_1_vvv50_2_v3_1_v51_vv7_2_v66_6_4_2_v70_8_1_v71_4_2_v10_9_8_7_6_5_v10_5_v13_10_6_5_4_3_v55_13_12_10_7_6_2_1_v13_9_8_v81_64_5_2_1_v16_15_13_5_4_v14_10_8_5_4_1_v17_15_9_5_1_v19_16_13_8_4_v20_16_12_6_4_3_2_v21_19_6_5_v74_20_18_16_15_14_13_9_7_6_4_1_v37_v15_1_v1_v2_1_v4_v5_4_1_v4_v8_5_2_v5_2_v6_5_v63_5_v11_v51_10_8_7_6_5_v21_12_3_2_v14_11_10_5_3_v28_15_12_9_8_6_3_1_v80_14_12_11_10_4_v16_10_9_4_v17_14_13_7_6_2_v98_33_19_17_13_11_7_5_v11_7_1_v75_21_18_12_9_4_2_v16_15_14_11_9_8_4_3_2_1_v24_19_18_11_1_v,115,train,42
vv1_vv4_v3_v2_v5_3_v8_7_5_3_v7_6_3_1_v10_9_6_4_3_1_v9_7_6_1_v9_5_2_v12_7_2_1_v10_9_7_6_1_v14_11_9_2_1_v16_15_13_10_5_2_v15_14_13_6_1_v13_9_4_3_2_v19_18_15_10_9_1_v19_16_14_10_7_vv22_v2_v3_v4_3_v5_4_3_v6_2_1_v7_v7_6_5_4_v11_v9_6_v10_9_2_1_v12_9_4_2_1_v12_11_3_v16_14_11_9_8_3_1_v14_12_10_4_3_1_v8_5_3_v21_17_16_9_5_3_2_v13_11_7_4_v19_16_13_11_9_5_4_v19_9_5_v41_18_17_16_15_14_6_5_4_v18_11_9_8_7_3_v23_19_16_14_13_12_3_v22_18_15_10_4_3_v21_16_9_3_v26_25_23_22_21_20_17_14_12_11_3_1_v23_20_17_16_10_6_v18_11_v27_25_19_8_7_v30_29_27_24_17_15_10_4_v,52,train,62
v1_vv3_2_1_vv4_1_v3_2_v7_4_v7_6_4_2_v9_4_1_v8_7_6_v11_10_8_7_3_2_v10_7_1_v13_10_7_1_v14_12_6_2_v9_8_7_5_4_v15_11_10_9_8_3_2_1_v16_15_13_10_7_5_v16_10_9_6_5_4_v17_14_9_7_5_2_v20_19_18_15_14_10_9_7_4_2_1_v19_18_17_13_v16_11_9_7_3_2_v23_19_17_16_9_v23_22_18_12_10_5_4_v25_23_22_21_20_16_14_12_9_8_3_1_v19_18_8_6_3_v27_20_19_18_17_13_12_v28_27_24_21_18_16_15_14_12_10_9_8_6_v19_18_17_15_13_4_v26_25_24_23_18_11_9_6_1_v29_24_23_22_21_11_10_5_2_v30_29_28_23_16_12_11_5_4_3_v32_29_22_15_14_13_3_v30_28_26_22_20_19_17_16_14_9_7_6_3_2_v32_31_30_28_27_25_24_17_14_13_8_5_3_v35_34_32_28_25_19_17_16_15_13_11_10_1_vv36_1_v36_v1_v27_3_v5_2_1_v4_3_2_v6_v6_3_1_v20_9_5_v8_7_6_v4_1_v11_4_v13_12_9_7_v13_9_8_5_4_1_v11_9_8_6_5_2_1_v16_15_14_12_7_6_4_3_2_v17_4_3_2_v16_14_8_3_1_v16_15_9_5_4_v20_2_v21_20_16_14_10_9_8_5_v15_13_7_4_1_v19_18_15_12_7_1_v28_24_18_12_4_3_v23_13_8_2_vv1_v1_v6_3_2_vv67_4_2_v3_v5_1_v8_5_v6_4_3_2_1_v8_4_1_v71_7_3_2_v12_11_10_5_3_v21_12_11_10_3_2_v13_10_5_4_1_v36_11_4_1_v50_10_7_4_v17_16_15_14_8_1_v48_45_18_15_7_4_1_v19_17_15_7_v18_17_16_15_13_11_6_v21_20_19_14_12_5_4_1_vvvvv49_4_2_v57_4_3_v85_v72_51_7_5_2_1_v63_7_4_1_v36_1_v66_44_8_7_v11_6_5_v6_5_4_v10_9_6_v8_4_v10_8_6_5_3_2_1_v16_14_11_9_6_4_v15_13_10_6_5_4_1_v52_17_13_9_8_3_v19_17_14_12_6_2_v20_17_15_14_12_11_10_5_4_3_1_v20_16_14_13_12_11_9_6_4_3_2_v18_17_15_13_12_11_6_2_v22_20_19_16_13_12_11_7_5_4_2_v24_13_8_7_3_v24_17_15_13_12_5_2_v26_25_21_19_18_16_10_8_7_6_5_4_3_1_v,112,train,5
vv1_v3_2_v4_vv4_3_2_v7_4_3_v6_2_v8_7_5_4_3_v6_v11_10_5_v8_7_5_4_3_2_v13_7_6_v9_8_7_5_3_v14_13_8_5_4_2_v14_13_9_7_5_3_2_v16_12_9_7_4_v18_8_7_3_v17_16_15_13_11_10_5_2_v20_19_16_14_12_10_1_v17_14_13_11_9_3_v22_20_17_16_13_11_v21_20_11_10_8_7_5_2_v20_18_17_16_15_10_9_8_v24_23_15_8_5_4_v26_23_22_9_8_6_3_v22_8_6_5_4_v22_21_19_18_15_13_5_1_v28_26_24_18_17_16_10_9_8_2_v29_28_25_21_20_19_17_15_14_7_5_4_3_1_v31_30_21_16_11_8_7_2_vv4_v1_v3_1_vv5_v3_v3_v4_1_v6_2_1_v9_6_5_2_v11_10_2_1_v3_v14_13_5_v12_10_9_7_5_1_v13_10_6_5_3_v16_9_3_v10_9_6_4_3_2_1_v30_16_10_9_2_v19_16_14_13_10_9_v24_17_15_13_11_10_6_5_4_3_v17_14_13_10_9_3_1_v22_19_17_16_15_12_11_10_9_8_7_4_2_v23_22_20_19_15_8_6_4_3_2_1_v20_18_14_11_10_9_7_5_2_v23_19_17_16_v18_13_8_7_v24_21_17_16_14_10_6_5_4_1_v28_25_21_10_9_3_2_v58_24_16_2_v18_14_12_5_3_v28_24_22_19_12_11_9_7_6_4_3_2_v,64,train,52
vv2_v3_2_vv4_1_vv4_3_v6_5_1_v8_7_v8_7_4_3_v6_4_3_v1_v12_5_v12_8_5_3_v15_8_5_4_3_v16_14_12_11_10_4_3_v16_5_3_v18_15_8_4_2_1_v16_7_v17_14_12_4_3_2_1_v21_18_16_11_9_7_v18_16_15_13_11_6_5_v23_22_20_16_8_4_2_v23_22_21_19_16_13_9_8_7_6_5_2_1_v21_20_19_17_15_12_7_6_2_v26_23_18_17_11_6_4_v22_17_12_7_5_vvvv3_v3_1_v5_3_2_v2_v7_6_5_2_v7_1_v22_8_5_3_1_v3_v9_8_4_3_1_v9_5_v6_3_v14_13_6_3_2_1_v12_7_5_2_1_v14_7_6_5_v12_11_10_9_1_v17_16_11_9_v12_2_v20_19_18_3_v20_19_17_12_11_10_8_7_3_2_v11_4_v23_22_21_20_17_13_11_8_7_6_5_v17_15_14_7_2_v19_17_13_11_8_2_v24_20_16_15_10_4_v27_22_21_17_16_13_8_7_2_v20_11_8_7_5_4_v28_26_21_17_15_5_4_v52_28_27_26_21_19_18_14_9_8_7_6_3_2_v28_27_22_17_13_12_1_v26_22_19_17_14_13_12_8_2_1_v59_31_30_29_26_25_19_17_9_6_v29_27_25_24_22_18_16_15_9_7_6_5_4_3_2_1_v,63,test,23
vv2_v3_v4_v2_v4_v5_3_v8_1_v7_5_1_v10_8_5_3_1_v11_10_8_6_3_1_v11_5_4_2_1_v13_12_7_2_1_v14_13_10_9_5_4_v14_12_10_8_7_6_1_v15_11_8_7_2_1_v17_16_14_13_11_7_4_v16_13_12_10_5_v17_15_9_8_7_6_3_v20_9_4_v20_19_16_15_12_3_v21_19_18_17_16_1_v16_13_10_6_5_1_v24_21_19_17_10_7_4_v23_21_20_17_15_8_5_4_v25_16_15_14_12_11_10_9_8_5_2_v27_24_21_19_18_16_12_2_v28_27_26_24_17_16_10_2_v27_22_20_19_16_12_8_1_v28_27_22_14_10_6_5_4_v27_26_19_18_15_13_11_9_8_4_v27_23_15_14_12_9_8_7_5_1_vvv1_vv4_vv5_4_1_v5_2_v7_6_5_4_v8_7_6_5_v8_4_3_1_v18_7_6_v34_8_7_4_v11_9_2_v14_13_12_11_10_8_3_2_v14_8_7_3_2_v13_v16_14_13_8_4_3_2_1_v14_13_6_3_v17_14_3_1_v18_13_11_10_9_8_7_5_v19_18_15_6_4_2_v22_20_17_14_13_10_5_1_v21_18_16_11_6_5_2_1_v22_17_12_11_4_1_v24_22_7_6_5_4_3_v25_24_15_4_3_2_v31_20_14_12_10_6_5_4_v28_20_17_16_12_11_7_6_3_2_v39_21_5_3_v28_25_19_11_8_v31_26_24_22_18_11_10_9_5_3_v14_6_2_vvv21_v2_v11_4_2_v4_2_1_v4_v70_6_3_1_v3_v4_1_v4_v6_5_3_2_v10_9_6_v67_10_v14_13_12_11_8_7_6_5_2_v65_14_13_5_4_v16_15_7_v17_8_v21_15_13_12_8_6_1_v58_18_11_5_2_v58_48_13_12_11_7_v17_15_14_9_8_v46_23_20_18_7_v22_21_19_17_15_14_7_v14_2_v24_18_16_7_v18_13_10_3_2_1_v26_21_19_17_15_14_5_2_v66_28_24_21_20_18_17_14_11_9_7_4_v27_25_19_15_5_3_1_v27_23_20_18_17_16_14_12_10_4_2_v31_30_29_28_25_19_16_13_10_7_4_2_v97_32_25_18_16_14_13_12_11_10_7_6_5_v29_27_25_22_20_16_15_3_v33_31_26_25_17_15_11_8_6_5_2_v87_32_31_28_26_25_20_18_15_9_5_4_2_v36_35_28_21_18_10_8_v36_27_22_4_1_v37_36_33_31_25_24_23_21_20_18_15_14_9_1_vv41_1_v1_v1_v3_v85_2_1_v6_5_4_1_v28_6_5_2_v8_7_v9_7_4_1_v6_v31_11_6_4_v12_8_4_1_v72_13_6_4_3_v8_7_6_5_3_1_v13_11_6_5_v15_1_v16_5_3_v49_33_18_11_6_v14_10_7_5_v19_16_8_7_6_4_v52_21_17_16_13_11_3_v22_19_18_12_11_5_3_v45_22_21_19_18_11_10_6_4_2_v16_13_11_10_9_4_2_1_v24_23_12_11_10_9_7_4_1_v86_23_22_20_19_17_15_11_8_7_6_4_2_1_v54_24_21_8_2_v32_26_25_22_17_9_5_vvv2_1_vv1_v41_v111_9_6_3_2_v139_5_1_v41_6_4_v6_5_2_v10_6_2_v34_9_8_6_1_v70_8_7_3_v123_11_3_v14_9_5_3_v14_12_10_9_8_v148_46_14_12_7_3_1_v125_12_10_9_5_4_v106_15_14_9_8_7_6_5_v65_16_11_9_8_6_v37_19_11_7_6_2_v94_18_15_13_6_5_2_1_v37_17_16_14_13_12_10_7_6_3_1_v148_18_17_3_1_v24_22_21_18_17_10_9_6_5_3_2_v21_19_16_15_14_11_9_8_7_3_2_1_v153_42_15_9_6_3_1_v26_21_16_14_12_11_4_v100_82_43_27_26_24_23_18_7_6_v22_20_17_14_13_10_8_7_5_4_v105_28_26_22_20_17_15_13_5_3_2_v66_31_29_27_25_24_23_8_7_5_2_v30_27_26_23_22_18_16_3_2_1_v20_18_15_14_13_8_7_4_1_v26_25_17_14_12_11_8_7_6_5_4_2_1_v,169,train,59
v1_vv3_2_v3_2_vv3_v6_v6_2_v9_5_3_v9_6_4_v6_v7_6_3_v11_5_3_v9_8_v14_10_8_2_v16_14_12_10_8_7_6_v15_13_12_11_7_4_1_v16_14_6_2_v14_11_10_8_5_1_v20_18_17_13_12_11_8_6_v18_17_16_15_14_11_8_6_5_4_3_1_v21_20_4_1_v19_17_14_12_11_10_6_3_v20_19_15_11_8_3_v24_23_20_15_14_13_10_8_7_5_3_2_v24_23_19_16_13_10_9_5_1_vvvv2_v23_3_2_v2_v6_4_3_v5_2_v1_v24_9_5_v8_5_v11_9_v11_v13_8_v9_4_v13_10_8_6_3_v5_4_3_2_1_v16_13_9_7_6_2_v11_7_v25_16_15_12_11_4_3_2_v20_19_13_11_10_4_v16_11_9_6_5_1_v21_20_16_12_10_7_5_1_v19_13_12_10_6_2_v17_15_14_12_11_8_7_6_v21_19_7_6_1_v26_25_24_22_20_19_15_14_13_7_4_v,54,test,26
vv1_vv4_v5_3_2_v6_5_4_1_v7_6_5_4_3_v8_7_6_5_4_3_v9_8_6_4_3_1_v2_1_v7_v9_6_5_v12_7_v12_8_7_6_5_3_v13_12_11_9_8_7_6_v11_10_9_7_5_4_2_1_v17_14_7_6_3_v15_14_9_4_v17_10_9_7_5_4_1_v20_13_8_5_3_v21_19_17_15_9_6_5_v22_21_13_11_8_6_3_v21_12_5_3_1_v24_22_21_20_12_6_2_1_v22_21_18_16_15_12_11_7_v21_19_18_12_11_5_vvvv3_2_1_v4_2_1_v4_2_1_v2_1_v6_v5_2_1_v6_3_v10_6_3_2_v11_7_1_v11_10_9_2_v17_12_8_7_6_4_3_v12_7_6_3_2_1_v15_14_7_v16_15_13_9_8_v16_14_12_11_9_5_2_v17_16_15_2_v19_17_13_11_8_5_2_1_v19_18_16_15_9_7_6_5_1_v18_16_11_7_3_1_v19_18_17_13_11_10_4_1_v22_19_18_10_6_v24_21_20_16_13_12_11_6_5_v24_18_11_9_4_3_v20_13_12_10_8_7_5_4_1_v26_19_17_16_12_10_4_3_v28_27_25_22_19_15_13_12_11_6_5_1_v26_21_19_15_12_10_9_8_7_6_2_v23_20_18_12_7_5_4_v31_22_21_19_14_11_8_6_5_4_2_v29_25_23_20_16_14_12_8_5_4_2_v32_31_30_27_26_24_20_16_6_2_v34_31_18_14_13_9_4_v32_19_18_9_2_1_v36_33_28_24_11_4_3_v30_27_26_25_20_19_13_12_3_2_v42_v1_vv3_v51_2_v61_54_4_v25_5_1_v31_5_v41_7_4_3_1_v8_7_4_3_1_v39_8_7_v7_6_5_v9_8_5_v13_11_7_6_4_3_1_v8_5_3_2_v13_11_5_v14_6_4_3_v77_11_10_6_5_3_v10_7_1_v17_16_14_13_12_9_3_v33_20_18_15_14_13_12_11_6_v20_19_17_16_15_13_8_6_5_2_1_v21_20_19_13_11_10_9_8_6_4_1_v23_19_13_10_4_2_v22_20_17_12_10_7_4_3_2_v,90,train,53
v1_vv3_v3_v5_2_1_v6_1_v7_2_1_v8_6_4_2_v8_7_1_v5_1_v11_7_4_v11_10_5_4_3_v13_6_5_4_2_v6_5_3_v14_1_v16_14_11_8_5_3_2_1_v16_15_14_11_9_1_v12_11_9_4_1_v19_16_15_12_9_5_v18_17_15_3_2_v20_18_12_2_1_v17_9_v23_18_9_6_3_v24_5_4_3_v24_16_12_7_5_4_2_1_v18_17_14_13_12_6_5_3_v27_26_21_19_18_16_14_13_7_6_5_1_v28_24_12_11_9_4_v28_17_8_5_3_2_1_v27_25_17_15_10_9_6_v30_25_24_12_10_8_5_4_2_v30_28_25_23_13_12_11_9_4_v26_25_23_22_17_13_11_5_v29_25_21_20_19_11_10_7_5_4_3_v34_28_21_19_18_17_11_10_9_6_4_3_2_v34_29_27_26_24_22_11_5_4_2_v30_28_23_19_15_11_8_7_6_5_2_vv1_v4_2_v19_vv5_2_v3_v13_4_3_2_v7_6_5_v4_2_v10_7_6_3_2_1_v10_8_7_5_2_v37_11_8_4_1_v5_v13_11_4_1_v5_4_1_v13_11_8_7_v12_11_6_2_v17_12_9_7_3_2_1_v19_14_9_5_4_2_1_v19_15_13_12_9_8_5_v18_16_14_12_9_5_4_3_v18_17_15_14_9_5_2_1_v8_6_1_v24_23_21_12_11_10_6_4_3_v24_21_18_11_10_2_v39_vv2_1_v2_v4_3_1_v5_4_v1_v7_6_4_v6_5_4_3_v7_6_5_v42_8_7_v10_v8_3_2_1_v29_8_7_5_4_v14_6_4_1_v14_11_10_9_8_4_2_1_v15_14_13_12_11_7_5_1_v17_16_11_10_8_7_6_1_v14_12_6_2_v18_14_13_5_v19_15_12_4_3_2_v70_35_21_18_14_9_5_v22_20_18_16_15_12_7_6_3_1_v23_18_15_13_12_4_3_v24_21_20_12_11_5_3_v44_21_19_18_16_12_9_5_v26_25_24_19_15_12_4_3_1_v21_19_15_13_8_vv76_35_v2_vv37_3_1_v17_3_v4_1_v7_6_5_4_3_1_v60_5_3_1_v6_v8_7_4_3_2_v81_8_5_4_v9_7_5_1_v13_11_9_5_v10_7_3_v12_8_3_v101_14_13_8_7_v12_7_5_v16_12_11_5_2_v20_18_16_10_9_v16_10_8_5_4_2_v91_18_14_12_10_2_v20_19_16_15_12_10_9_8_1_v18_15_14_12_10_4_2_v24_22_19_16_15_13_2_v25_24_22_17_15_14_7_2_v26_21_19_17_10_9_7_5_2_v37_25_24_23_21_19_16_15_11_5_3_1_v25_22_19_18_14_12_10_8_v29_26_24_23_22_21_20_18_17_13_11_9_7_v15_14_3_v61_30_27_26_25_24_22_21_20_19_16_15_13_9_8_2_v88_48_32_30_28_24_23_22_21_14_13_12_10_9_2_v30_19_18_17_16_13_10_7_2_1_v29_26_20_17_16_13_6_v34_33_31_26_24_23_18_6_v36_35_34_32_30_29_23_21_19_18_14_7_5_4_v,129,val,15
vvv1_v3_v5_v4_v6_3_1_v7_v9_8_7_6_5_v10_7_5_v7_5_4_v1_v12_9_8_6_5_3_v14_13_11_8_7_v14_11_9_7_3_2_v14_13_12_11_9_v11_10_8_7_v14_13_10_8_7_5_1_v19_17_15_v18_15_14_12_v20_19_18_12_9_8_3_1_v22_17_11_7_5_v22_4_2_v24_23_17_16_15_14_13_12_10_9_v22_19_18_13_12_10_3_v25_20_19_18_9_6_3_v27_26_24_23_22_20_19_17_15_11_2_1_v28_25_24_22_21_17_15_13_9_8_3_2_1_v28_27_20_18_15_12_9_7_2_v28_22_18_17_15_13_9_7_6_5_v31_26_20_17_16_15_14_8_6_4_2_v32_29_25_20_13_8_6_3_2_v32_30_25_20_17_16_14_11_10_8_7_6_5_4_3_v34_32_30_29_22_16_15_13_12_4_vv19_1_v34_2_1_vv3_vv6_3_1_v2_1_v4_3_v5_3_v8_2_1_v9_8_7_4_v8_2_v13_8_4_v14_12_4_3_2_1_v15_7_4_2_1_v16_15_14_12_10_9_8_v14_9_2_1_v17_16_13_12_10_1_v17_14_11_9_7_6_4_vv17_16_15_14_13_12_11_v22_19_18_17_13_11_9_7_4_v21_16_3_1_v23_21_20_14_13_9_7_5_3_v18_15_10_7_6_5_4_3_1_v24_23_20_19_18_17_12_11_9_6_4_2_v27_17_16_15_13_9_7_6_4_3_1_v28_27_26_24_16_11_1_v27_21_19_17_15_11_7_v23_21_20_14_13_7_2_v30_28_27_22_21_20_11_8_6_4_v30_29_28_24_21_17_13_11_8_7_6_5_1_v31_30_29_28_25_22_19_17_12_8_6_v28_25_22_19_18_17_16_9_8_6_2_v34_28_25_21_12_10_6_5_3_v35_31_26_24_19_18_15_5_4_3_1_v36_34_33_32_29_27_26_24_21_19_16_9_4_3_v38_37_35_32_31_30_28_21_17_15_7_6_vvv1_v2_v4_v3_2_1_v9_6_5_1_v1_v81_7_6_4_v9_8_6_v9_6_2_1_v60_11_6_3_2_v28_11_10_7_2_v13_10_6_4_3_v14_13_12_11_9_8_6_v7_3_1_v35_16_8_7_6_4_3_v68_15_12_9_8_7_6_5_2_v16_12_11_10_8_6_3_v14_7_6_v46_11_1_v19_18_15_11_7_2_1_v18_16_15_13_12_9_8_6_5_1_v23_15_14_13_7_4_v24_22_21_16_15_11_6_1_v24_22_18_13_10_8_6_5_1_v42_25_24_22_19_18_17_6_4_3_v27_24_22_20_19_16_13_11_10_6_v100_27_25_22_18_14_13_11_8_6_5_4_v96_29_25_16_15_v103_90_30_29_24_23_19_17_9_3_v,105,train,13
vvvvv3_v1_v7_6_5_3_2_1_v4_3_2_v9_7_6_4_3_1_v10_9_7_4_v11_9_5_vv9_7_5_4_1_v12_7_6_3_2_1_v14_11_6_3_v13_12_11_9_8_7_3_v14_12_9_v18_10_9_8_1_v17_2_v19_16_14_2_v17_13_8_5_4_3_v22_18_8_5_4_vvvv2_v2_vv5_4_3_1_v3_2_v23_7_6_1_v6_5_2_v6_1_v1_v12_8_3_2_v5_3_1_v30_13_6_5_2_v14_7_5_3_2_v16_7_v39_16_10_6_3_v15_13_12_4_3_2_v18_11_8_4_3_v20_17_15_14_8_2_v18_16_15_10_7_2_v22_21_17_15_5_3_v23_22_7_6_5_1_v20_14_12_11_9_3_v23_20_19_16_9_8_v23_21_19_18_12_7_5_1_v26_25_21_15_12_10_4_2_v24_23_21_20_10_7_v26_25_22_21_13_6_v,53,train,39
vv2_v2_1_v3_1_v3_v6_5_vv8_4_v6_2_v9_8_4_2_v11_9_4_v11_10_8_1_v13_12_10_9_8_3_2_v9_8_3_2_v14_9_6_v16_15_11_10_7_2_v17_16_v18_15_13_12_10_9_4_2_v19_16_15_14_13_11_7_6_1_v17_13_6_3_1_v21_17_10_v22_16_11_9_1_v20_19_18_15_14_8_v24_21_20_13_2_v23_13_2_v25_24_20_17_13_4_3_2_v25_23_22_20_19_17_16_15_14_13_12_10_5_v28_26_25_17_5_1_v26_25_19_15_14_7_6_5_v18_15_v31_v24_vvv3_1_vv6_5_3_vv24_5_3_v7_6_v10_7_6_4_2_v10_8_5_4_v12_10_8_6_4_3_v12_10_7_4_3_v12_2_1_v14_6_3_v16_15_13_11_6_v17_12_11_7_4_v16_13_8_6_3_v13_10_9_8_7_6_4_v25_15_12_9_7_3_1_v21_20_15_14_12_11_10_5_v,53,val,27
v1_vv3_2_v1_v2_v6_v7_2_v5_1_v9_2_v9_8_4_2_v9_8_7_5_3_2_v11_10_8_6_4_v12_8_6_5_4_3_2_v1_v13_11_8_6_v7_6_4_v17_16_7_6_2_v18_17_15_10_7_6_4_3_v11_10_8_7_5_4_2_v14_11_10_9_8_7_2_vvv14_2_1_v1_vv3_2_v5_1_v7_5_3_v25_4_3_1_v9_5_4_2_v10_8_7_5_3_v11_7_4_v11_10_8_5_v12_6_4_1_v14_11_8_7_6_5_3_v12_11_10_8_3_v15_12_11_9_2_v14_12_10_6_4_1_v18_12_6_2_v19_8_5_4_1_v11_6_5_2_v18_15_12_9_5_3_v20_18_12_10_8_7_5_v17_16_13_12_11_2_v24_19_14_13_6_5_4_v23_20_18_17_16_15_7_6_2_v25_20_11_10_8_v26_23_20_19_18_16_11_10_9_8_1_v23_17_14_13_7_5_4_v23_22_21_16_14_13_11_10_8_6_2_v30_27_25_24_22_17_15_11_8_6_5_3_1_v48_30_29_25_17_v32_31_27_24_20_16_11_8_3_2_v33_32_27_25_24_23_19_9_8_6_4_3_v,55,train,69
vv2_v1_v4_3_1_v1_v5_v7_4_2_v1_v8_5_4_1_v10_9_8_6_4_3_1_v11_2_1_v10_v11_7_6_v9_8_4_2_v15_13_11_7_2_1_v14_13_11_10_4_v14_5_4_v15_13_11_v17_16_15_14_10_6_v18_17_16_15_11_8_6_4_3_v1_v17_16_15_14_12_10_9_3_1_v22_19_18_17_15_12_8_v21_18_17_4_3_2_v21_19_13_12_9_1_v25_23_20_17_16_14_11_10_5_2_1_v23_21_18_8_3_v28_17_13_4_v29_28_17_14_13_10_6_4_vv16_vvvvv1_vv8_7_6_4_v8_6_5_1_v9_8_6_1_v10_9_6_5_v12_9_v8_7_3_v11_6_1_v15_14_12_2_v12_9_3_1_v17_13_11_8_7_6_2_v15_14_13_12_10_7_5_4_2_v17_9_8_2_1_v20_16_14_12_11_2_v20_18_11_9_3_v20_17_15_14_13_11_9_6_4_2_v,53,train,29
v1_vv3_v2_v5_v4_2_v6_1_v5_3_v5_3_2_v9_6_1_v9_5_v7_6_2_v12_10_9_7_6_2_1_v12_7_6_4_3_v14_12_11_10_9_8_v14_7_6_v10_6_3_2_v17_10_7_5_v19_15_14_13_11_6_1_v20_14_9_6_5_4_3_2_v20_17_16_14_9_4_1_v14_13_12_6_v23_21_17_14_5_1_v17_15_14_11_10_9_7_6_5_2_v23_21_16_15_11_6_5_2_1_v15_14_13_8_3_1_v21_19_17_16_15_14_13_10_8_6_4_3_v22_20_19_18_17_15_13_10_8_7_5_4_3_v29_27_16_14_13_11_9_7_4_2_1_v26_21_16_12_11_2_v28_25_24_23_22_15_14_6_2_v30_29_24_23_17_15_14_4_3_2_v19_16_12_11_9_6_3_1_v31_29_27_24_23_15_14_10_vvvv1_v4_3_2_v2_1_v30_5_4_v4_3_1_v8_v6_v10_9_7_4_2_v33_10_4_3_1_v39_31_12_10_8_7_3_v12_10_8_6_1_v13_11_8_7_5_v10_9_8_6_4_3_2_v16_14_13_4_v14_12_8_7_4_v35_17_15_9_6_2_1_v19_16_13_12_6_1_vvvv2_1_v4_3_2_1_vv5_v7_4_v16_11_4_v9_7_6_3_2_v10_6_5_v11_8_4_v31_12_7_6_3_2_v11_9_8_5_v14_13_10_8_6_3_1_v11_7_v10_3_2_1_v11_10_9_6_1_v18_12_11_10_9_6_4_v19_18_17_3_2_1_v18_5_v61_16_13_11_9_4_1_v57_22_19_15_13_10_8_5_1_v22_21_17_16_12_6_5_3_v24_11_10_6_5_3_v20_13_12_11_10_7_6_v63_21_19_17_15_14_12_11_9_6_5_2_v24_22_20_18_13_10_8_3_2_v27_19_13_9_3_v24_22_18_15_14_12_9_8_4_v25_21_19_18_13_10_9_5_4_3_2_1_v30_27_24_23_14_12_10_9_8_3_v31_30_29_28_25_24_20_17_9_6_5_4_2_v,88,train,9
vv2_1_vv2_1_v1_v4_1_v6_3_2_v8_7_5_2_v6_v8_5_3_1_v11_9_8_7_4_2_1_v11_9_8_6_5_2_v12_11_8_5_3_v14_13_10_6_4_2_v14_12_9_4_v16_7_2_1_v17_14_13_8_6_5_4_v18_16_13_9_8_6_v19_11_8_6_5_v20_18_11_10_7_6_v17_11_9_8_v14_11_7_6_5_2_v22_21_16_5_v16_13_10_9_7_4_1_v22_18_15_11_10_7_4_v21_20_15_10_8_7_5_4_3_2_1_v25_8_v26_24_20_16_15_11_10_5_4_2_v26_25_23_21_19_18_15_9_2_1_v29_28_24_19_17_15_14_8_7_6_v31_25_22_20_16_15_9_6_v30_29_28_22_21_19_18_17_11_10_9_8_6_v29_27_21_16_12_11_6_4_v34_28_27_22_20_18_13_10_3_2_v35_26_19_18_17_12_6_5_3_vvv2_v29_2_v4_v18_2_v6_5_2_1_v5_v36_4_1_v6_5_1_v10_4_3_v9_5_4_3_v5_3_v13_6_1_v11_9_8_7_5_4_2_v9_8_6_v13_12_8_6_4_3_v46_14_13_12_11_7_6_3_2_v50_16_15_13_12_9_8_v13_12_11_8_5_4_2_1_v19_15_12_10_8_3_v20_16_10_6_4_1_v22_18_17_15_11_10_1_v21_20_17_15_12_10_8_4_1_v19_13_11_v24_21_12_9_7_5_4_v24_23_21_20_17_16_14_11_8_3_2_1_v26_25_24_20_13_12_7_6_5_v28_25_24_19_13_11_6_5_2_1_v,65,train,87
vvvv2_v4_v5_3_v6_4_3_1_v6_v6_5_4_3_v10_8_2_v11_10_8_3_1_v10_5_1_v10_7_v14_10_2_v8_2_v16_15_12_10_8_v14_2_v10_6_5_v19_18_17_7_6_3_2_v20_19_18_17_15_13_9_8_7_5_v20_18_13_8_v18_17_14_10_8_4_vv1_v2_vv2_v18_1_v6_5_1_v7_6_4_v3_v8_v6_5_4_v10_8_7_6_4_v12_10_8_5_4_2_v13_9_8_v13_8_v15_10_v7_5_4_2_1_v17_14_11_10_7_5_2_v10_7_6_4_v19_12_9_6_5_2_v20_16_13_5_4_v13_12_11_8_5_4_2_1_v20_16_9_6_1_v20_19_18_17_14_12_11_4_3_v21_19_11_6_5_3_1_v24_22_12_10_9_7_6_4_3_v23_20_19_18_16_12_4_3_v25_23_20_18_10_5_4_v1_v37_27_24_18_7_4_v27_6_5_v28_27_17_15_11_9_7_6_5_4_1_v31_26_24_23_15_13_11_9_6_v33_32_31_18_13_10_v30_24_22_19_14_11_9_8_3_v35_31_29_28_25_22_20_18_8_7_4_v35_32_30_29_26_19_18_13_12_8_3_v35_32_31_30_27_25_23_22_19_16_10_6_3_v30_25_23_21_18_16_13_11_10_7_6_3_vvvv48_vv14_4_1_vv7_3_v5_v5_3_1_v9_8_4_2_v5_4_3_v10_7_2_v10_9_8_6_v6_v43_15_14_9_8_v10_9_5_v14_13_12_10_v14_11_9_7_4_3_2_v64_16_14_13_7_5_4_v19_17_9_5_3_v18_17_12_10_9_4_v25_19_18_5_1_v18_13_9_5_v21_20_18_17_15_12_7_5_3_v21_20_14_7_v23_18_14_7_6_5_1_v40_23_20_18_12_9_6_2_v27_23_17_15_13_11_10_4_2_1_v28_27_26_20_18_15_13_12_11_v26_22_18_9_v58_27_26_23_20_19_17_14_13_6_3_v32_27_25_19_12_10_6_4_3_1_v29_15_12_8_4_v34_33_30_29_24_15_9_6_1_v35_34_31_23_3_v82_39_vv1_v2_1_v91_3_v44_36_2_1_v4_v5_v8_7_5_4_2_v54_36_8_4_1_v98_10_5_v4_2_v59_11_10_6_4_2_1_v10_9_7_4_2_v27_4_3_v10_9_8_7_4_3_v11_v84_43_17_15_10_9_8_2_v104_16_15_13_12_10_9_8_5_v55_18_14_13_11_8_7_6_5_2_v53_18_17_16_15_12_11_4_3_v59_18_17_15_8_7_6_4_2_v20_18_12_v17_12_9_3_1_v98_71_25_22_21_18_16_13_12_7_6_5_4_v20_17_12_5_3_1_v26_21_20_18_15_14_13_12_10_6_5_v21_16_12_3_v28_27_24_13_10_9_8_7_5_3_v,127,train,97
vv2_vvv4_3_2_1_v3_v6_1_vv8_6_3_v8_5_3_v8_7_5_4_3_2_v6_2_1_v13_7_4_1_v10_9_8_5_3_v14_7_1_v13_6_v14_5_v16_9_5_4_3_v18_14_7_6_5_2_1_v20_17_16_14_12_10_5_4_v21_18_17_15_9_3_v21_18_17_16_15_10_6_v23_22_16_15_11_7_6_3_v24_21_20_16_15_12_10_8_v24_23_18_11_10_8_4_3_1_v21_19_17_15_13_11_10_4_3_v26_25_24_22_21_16_15_13_4_v28_26_20_17_15_13_12_8_7_v29_27_21_11_2_v30_28_27_15_11_8_6_1_v31_28_26_24_22_7_v31_29_27_25_24_21_20_17_14_12_11_10_9_8_1_v31_24_14_13_11_10_9_4_3_2_v34_32_25_21_16_15_13_7_v35_28_26_20_17_16_9_5_v33_32_30_28_23_22_16_14_12_11_7_6_4_2_v35_33_31_28_26_24_18_17_16_14_7_2_1_vv3_v2_vvv1_v5_3_2_v6_4_2_v7_3_1_v9_7_5_3_1_v10_8_6_3_2_v2_1_v12_11_9_6_v13_11_9_8_1_v13_12_8_6_3_2_1_v13_12_11_10_6_1_v54_35_16_15_13_11_8_7_5_3_v8_5_3_v18_14_12_11_10_9_7_4_3_v17_15_10_2_v11_8_6_5_3_v19_15_14_12_6_5_2_v14_7_v23_19_10_9_v26_24_22_16_13_11_8_v24_23_20_13_9_6_2_v25_24_23_21_15_12_6_5_v42_19_18_14_13_12_7_4_v25_17_10_8_6_v29_23_20_18_11_9_8_4_2_v30_29_28_24_19_18_15_14_8_5_4_1_v31_29_28_27_26_24_23_19_18_13_8_7_6_v28_22_20_18_17_10_7_6_v50_32_29_28_22_16_15_13_12_2_1_v30_28_25_19_17_16_11_8_1_v35_34_29_28_23_21_19_17_v34_30_20_18_17_15_14_11_8_7_3_2_v37_36_33_31_28_27_26_22_21_18_17_16_13_9_6_v33_31_30_28_27_24_15_14_12_8_7_4_3_v,77,train,93
v1_vv3_1_vv2_v5_2_v4_vv7_5_4_3_v9_8_2_1_v4_3_1_v7_6_1_v12_11_10_v12_7_3_v11_5_3_v11_10_8_4_1_v16_14_12_3_1_v14_9_5_v13_8_3_v20_15_14_6_3_v21_18_14_11_9_8_v21_19_16_14_13_5_4_3_2_1_v21_19_14_11_5_3_1_v21_16_15_7_5_2_1_v25_24_23_20_16_15_14_13_5_v26_12_11_10_8_7_4_1_v24_22_13_8_v27_22_17_15_14_11_10_9_7_5_4_1_v29_28_23_20_19_18_13_9_8_3_vvvv3_v4_3_2_1_v5_1_v6_5_1_vv4_3_v9_8_7_5_3_v8_7_5_3_v7_v11_9_8_6_5_1_v13_12_8_6_v9_1_v7_5_4_v16_15_14_12_11_10_9_v11_9_1_v35_17_14_11_7_6_3_v16_11_10_6_3_v16_13_10_7_5_1_v8_7_6_5_2_v21_18_14_11_9_7_4_2_1_v23_20_19_17_16_15_8_v20_19_18_15_14_12_10_7_5_4_2_v24_17_13_5_2_1_v23_22_21_17_16_9_8_5_3_2_vv38_3_v1_v9_3_v19_2_1_v1_v6_5_3_v6_4_3_2_vv32_7_6_3_1_v9_6_v11_5_v11_9_2_v40_11_8_7_v12_11_7_6_2_v15_12_10_9_6_2_v12_11_8_v53_13_5_2_v36_14_13_v75_37_18_16_12_11_3_v11_10_6_3_v36_21_19_17_13_9_8_5_3_2_v55_22_21_20_16_9_8_7_v23_21_17_16_14_8_v80_24_20_18_16_15_5_2_v25_24_23_21_17_13_11_10_8_6_5_3_2_v20_16_5_v24_21_19_16_12_9_7_5_1_v28_26_25_22_21_20_19_15_7_5_1_v29_27_21_18_16_15_12_11_7_3_v26_20_10_7_5_v30_27_26_18_16_12_7_5_3_2_1_v32_28_26_24_21_19_18_14_11_9_7_6_v33_31_30_26_24_20_19_16_15_13_v25_19_13_12_11_9_3_2_v35_34_33_30_27_25_20_16_15_14_9_4_2_v36_35_31_22_21_20_17_13_10_9_4_1_v,94,train,127
vvvvv2_v5_4_1_v3_v8_7_5_2_v8_7_4_3_1_v10_7_6_5_3_2_v10_9_8_7_3_v11_8_6_3_1_v13_6_4_v12_10_8_3_v15_14_12_7_4_3_2_v3_1_v12_8_4_2_1_v17_15_13_8_2_v19_17_16_15_11_7_6_3_v20_19_15_14_5_v15_14_10_6_v22_20_19_14_13_11_2_1_vv1_v1_v1_v2_v10_5_4_3_vv5_4_v8_6_v9_4_1_v10_7_2_v24_6_v12_10_6_3_2_v12_5_3_2_1_v9_6_4_1_v12_10_9_8_4_2_1_v12_11_9_6_5_3_v17_12_3_v16_9_7_6_2_v18_10_8_7_2_v17_13_7_5_4_2_v20_17_16_14_10_9_8_5_4_2_v22_21_18_17_14_13_9_8_2_v23_18_17_9_6_3_v17_12_9_2_v25_24_23_22_21_19_16_12_11_9_8_5_2_v38_24_18_14_13_11_6_v15_14_9_5_v25_24_23_17_8_5_4_3_v29_28_27_26_20_15_11_10_6_1_v30_27_22_21_19_18_17_11_8_v27_14_10_6_3_1_v31_30_25_24_19_17_16_12_11_7_4_v32_28_25_23_20_19_17_12_10_9_5_4_3_v,57,val,13
v1_vv3_2_v2_vv6_4_v3_v7_6_4_3_1_v7_6_4_3_v10_6_1_v10_6_3_2_v7_6_5_4_3_1_v5_4_3_1_v8_5_2_v10_9_8_7_4_3_1_v11_8_7_3_2_1_v15_12_10_9_7_6_v15_14_12_8_5_v18_16_15_11_8_5_3_1_v16_10_9_6_4_3_v20_18_16_15_10_9_5_3_v21_20_19_18_16_11_9_4_v23_21_18_15_13_5_3_v23_21_20_10_7_1_v25_24_23_18_15_10_5_4_1_v25_24_22_15_7_1_v21_20_19_11_10_9_3_2_v27_24_23_22_5_v24_23_22_16_6_3_2_v24_21_17_16_15_11_10_8_5_1_v29_28_26_24_17_16_15_13_9_4_v32_31_29_27_20_15_12_10_9_7_6_5_v24_19_17_10_7_3_2_v32_28_26_21_20_18_14_13_12_11_8_7_4_vv5_v2_vv4_3_v4_3_v27_3_v2_v2_v8_3_1_v10_5_v9_8_6_v15_9_8_6_5_4_v9_3_v14_11_10_9_7_5_v13_12_3_2_v15_13_9_5_1_v16_13_12_6_5_1_v14_10_9_7_5_4_1_v19_13_8_6_5_3_v51_16_15_14_12_10_3_2_v19_14_1_v42_19_13_10_8_7_6_v23_19_17_13_11_4_1_v22_21_18_16_13_10_9_v18_9_7_4_2_v26_21_19_15_14_9_8_5_4_3_2_v23_15_14_7_5_3_v29_23_20_18_14_11_10_9_4_2_v28_25_22_18_17_12_7_6_5_3_2_1_v27_20_14_13_5_v30_28_17_12_10_8_6_3_2_v64_30_29_28_25_24_23_17_15_12_11_10_8_6_1_v33_31_30_26_25_22_20_15_8_2_v34_29_27_21_15_13_7_4_v34_33_29_25_19_18_8_5_v36_35_33_31_30_18_14_9_8_7_6_4_3_v36_32_31_30_24_21_19_14_13_10_9_8_7_1_v38_34_33_24_23_22_15_10_8_7_5_v39_34_29_24_23_21_18_14_13_11_5_vvv1_v2_1_v4_2_1_v5_3_2_v56_2_v31_4_2_1_v7_5_2_v9_8_4_v81_40_22_7_5_2_v25_8_4_3_2_v84_12_11_10_9_4_1_v8_v12_7_6_5_3_2_v14_13_12_5_3_v79_16_13_12_6_v68_15_14_12_10_1_v92_13_10_9_7_v15_14_13_11_10_9_v48_19_13_12_7_6_v74_21_15_13_12_2_v22_21_18_17_6_4_3_1_v17_12_11_10_6_3_v22_19_16_9_v86_vvv37_1_v4_2_1_v5_2_v3_v100_49_40_1_v26_8_5_4_3_1_v2_v79_10_7_1_v11_9_7_5_1_v11_10_7_6_2_vv97_5_2_v56_9_8_4_2_v4_2_v63_16_13_12_9_6_4_3_v18_14_3_v19_18_15_11_3_1_v13_12_5_3_v17_14_11_7_3_2_v18_17_13_12_8_6_2_v22_21_20_17_16_12_5_4_v53_24_23_22_17_16_12_8_6_5_4_v105_23_17_15_12_10_8_7_6_5_4_1_v25_20_16_15_13_12_11_7_6_v27_16_11_8_6_4_v13_6_v29_26_25_22_18_14_11_9_8_5_1_v99_28_27_24_23_20_13_12_7_v28_27_26_21_16_15_12_10_v45_30_29_28_24_22_17_16_12_10_v32_30_29_24_22_21_15_7_6_1_v33_31_29_28_26_25_23_21_16_13_12_6_5_v35_33_29_25_24_23_16_12_4_3_v47_32_31_13_12_v51_40_36_34_20_17_15_13_9_8_5_v98_36_33_30_28_23_20_14_11_5_3_v,139,test,9
vv2_vv2_v5_4_v3_v6_4_2_v8_6_5_1_v8_2_v9_v10_9_7_6_5_v8_7_6_3_v11_5_4_v14_12_11_7_2_v13_10_8_7_4_2_v14_12_9_8_5_3_v17_11_8_5_2_v15_14_11_7_6_v15_11_5_3_v19_9_4_v21_20_19_13_12_7_6_4_v18_17_6_4_3_1_v23_18_16_13_12_8_5_1_v24_20_16_13_11_9_5_1_v20_19_15_12_11_v25_24_22_20_13_11_8_4_2_v24_21_15_13_vv1_vvv2_vv6_4_2_v7_6_v12_7_4_2_1_v8_7_2_1_v7_2_vv8_4_2_v8_6_3_2_1_v6_v13_11_5_3_v15_14_9_3_v15_13_7_1_v7_6_v14_11_10_6_v16_13_10_8_v20_17_14_8_5_2_v13_11_2_1_v21_17_13_11_10_9_8_6_3_v24_22_10_7_5_v52_20_19_17_10_v26_13_12_9_3_2_1_v14_12_4_1_v,56,train,65
v1_vv2_v4_2_v2_vv4_2_v8_7_6_4_v6_3_1_v5_v9_8_7_5_v7_6_v11_10_9_7_6_3_v10_7_4_1_v14_13_10_9_1_v6_4_v14_13_9_7_5_3_v15_13_12_8_2_v16_14_9_8_2_v20_17_13_8_6_v16_12_9_7_6_3_v21_20_19_17_10_9_8_7_v22_20_15_14_11_10_8_1_v24_23_21_12_11_v22_16_15_13_11_9_8_3_v25_24_23_18_15_12_2_v22_20_19_18_15_13_9_6_4_3_2_v28_26_24_21_17_15_7_6_5_v29_24_20_13_11_7_v26_24_22_21_19_12_11_4_v27_21_17_15_13_12_9_7_v29_24_23_16_13_9_7_6_4_v33_29_25_24_23_22_21_17_16_5_3_v25_vv2_v2_v4_v4_3_vv6_4_v3_1_v2_v29_10_5_4_1_vv24_12_11_5_v9_4_3_1_v48_12_11_9_5_3_2_v13_v15_14_5_3_v16_15_13_11_9_5_3_2_v18_16_11_8_v19_18_14_8_7_6_5_4_3_v18_16_15_6_2_v19_11_9_7_v22_20_18_17_16_14_11_9_8_6_5_1_v20_19_15_10_4_1_v24_20_19_18_17_12_4_v25_19_12_11_9_8_3_1_v16_14_12_9_6_5_3_v26_25_20_15_13_10_4_3_v49_28_27_23_12_11_3_v55_27_22_21_18_17_14_8_4_3_v30_27_26_25_23_22_14_10_9_v28_23_21_19_5_v27_23_21_14_9_7_v33_21_19_17_15_12_10_9_6_5_v29_26_25_23_19_18_11_9_4_1_v50_35_29_25_19_17_14_11_v36_34_33_30_27_25_17_16_13_11_10_4_vv55_v19_v3_2_1_v2_v4_v6_4_1_v1_v47_8_7_5_v7_2_1_v63_6_2_v22_8_4_v80_9_8_7_4_1_v34_12_7_6_2_v8_7_6_4_v32_15_13_5_v16_v30_15_12_9_1_v32_16_10_7_2_v76_40_19_14_11_9_2_v15_9_8_7_5_2_v13_12_10_6_v32_19_18_17_16_14_12_v22_vv1_v80_3_2_v2_1_v87_4_v1_v76_71_21_7_1_v4_v8_v8_5_4_3_v74_26_8_5_1_v25_11_6_v8_7_5_2_1_v83_61_42_8_6_3_2_v72_23_6_v16_10_9_6_v16_11_7_5_4_1_v18_15_10_8_4_3_v18_17_12_10_v110_20_19_18_16_5_3_v21_16_11_10_7_2_1_v20_18_17_16_8_3_v55_13_7_5_4_v34_18_13_2_v25_22_15_14_10_8_7_6_5_4_3_1_vv1_v14_2_1_v97_3_v2_v4_3_2_v38_3_2_v5_3_2_v60_59_8_3_1_v13_6_3_1_v113_8_4_v57_8_5_v11_8_7_4_v9_6_v41_23_13_10_4_3_2_v15_9_7_6_v15_11_7_5_v15_14_13_11_7_1_v25_10_6_5_v4_1_v50_18_15_14_12_3_v137_20_16_11_10_6_2_v21_18_16_14_13_12_6_v66_23_21_19_15_14_10_3_2_v48_47_24_23_18_12_9_v27_23_22_21_18_17_12_2_1_v26_25_23_20_19_16_15_12_4_1_v24_18_12_10_6_4_2_v,148,train,58
vvv3_1_vvv5_1_vv7_2_1_v7_5_2_v9_6_v11_10_9_6_2_v11_10_9_7_6_4_3_v13_7_4_1_v13_11_8_4_v15_10_8_4_1_v9_7_3_v17_16_14_13_12_11_9_4_v10_7_4_3_v18_16_14_9_8_4_v18_11_9_8_7_5_v16_vvv2_vv4_v3_2_1_v1_v7_6_2_v9_8_7_3_2_v10_9_8_7_2_v6_1_v11_5_2_v12_10_v14_13_11_5_4_1_v18_12_11_9_6_v5_4_v12_7_6_3_v17_16_14_13_11_10_9_3_v16_14_11_7_5_2_v18_16_9_7_5_3_2_v14_13_11_6_v17_8_7_4_2_v22_20_19_16_13_8_7_3_v20_19_16_11_9_1_vvvv3_1_v45_35_4_3_1_v39_19_8_5_3_2_1_v5_4_3_v19_4_v8_6_2_v8_7_6_4_vv11_1_v6_v12_1_v14_11_10_6_5_2_v6_3_1_v16_15_14_8_2_1_v16_12_10_8_5_4_3_2_1_v18_15_13_12_8_v18_14_13_11_6_5_4_v18_16_13_11_8_4_3_2_v42_21_15_6_5_v20_16_14_11_10_9_2_v23_20_16_14_12_4_v33_15_13_3_1_v71_25_21_19_14_12_9_6_5_1_v72_23_21_19_18_12_9_7_6_v25_24_21_14_13_12_9_3_v59_25_21_18_16_13_11_10_4_v28_24_18_15_14_7_4_2_v27_26_25_24_22_15_14_1_v30_29_27_21_17_14_12_9_2_1_v28_17_12_10_v,79,val,5
vvvvv4_3_1_v4_v6_4_3_2_1_v7_5_1_v4_3_2_v3_2_v11_10_9_8_5_v10_8_4_2_1_v11_9_6_5_2_v2_1_v14_13_10_8_1_v12_8_7_3_v16_12_11_10_2_v18_13_11_9_8_7_5_4_3_2_v17_15_14_5_2_1_v20_17_15_11_9_7_4_v21_19_18_17_12_7_4_v15_11_9_7_3_1_v21_19_17_13_12_10_8_4_3_v23_14_13_12_10_5_4_3_v23_16_13_10_v24_18_14_8_6_5_3_v26_25_21_20_19_18_17_16_12_10_9_2_v28_24_22_v21_20_16_15_13_12_10_9_8_6_4_v30_27_26_25_20_15_11_9_7_1_v24_20_18_14_12_9_8_6_5_3_v32_21_11_6_v33_30_27_23_19_14_12_7_6_5_2_v32_28_27_24_23_18_17_12_6_2_1_v35_33_29_28_27_25_24_23_20_19_15_13_8_7_2_1_v35_34_31_29_26_24_23_17_15_11_7_5_4_1_vv15_1_v1_v3_1_vv3_2_v13_3_v3_v1_vv9_8_6_2_1_v10_7_6_2_v10_9_7_6_v12_9_7_3_1_v11_7_2_v12_11_10_6_5_4_v16_15_14_9_5_1_v30_16_10_8_4_3_v17_15_5_2_1_v19_18_17_13_11_8_4_v11_7_6_3_1_v,58,train,86
vv2_vv4_v2_vv3_v3_v9_6_5_v2_v10_7_3_v12_9_7_3_1_v13_9_7_1_v13_6_1_v14_5_2_v11_10_8_4_3_1_v13_11_4_1_v16_14_9_6_v19_18_17_8_5_1_v20_19_16_15_14_11_9_5_v21_20_19_18_17_12_10_6_5_4_3_vvvv3_v4_3_v2_v22_3_v4_3_1_v8_6_5_4_1_v9_7_5_4_1_v10_9_7_6_v3_v7_2_v13_11_10_8_5_3_2_v12_11_9_7_6_2_1_v31_12_9_7_6_5_v13_11_9_8_7_v13_12_11_10_9_6_4_3_v17_15_10_9_2_v16_15_13_10_4_3_2_v18_10_9_6_1_v17_14_12_11_7_6_v19_18_17_14_10_6_5_2_1_v23_21_11_8_v24_22_20_12_10_9_8_3_v25_24_21_15_13_12_6_2_v25_24_20_19_9_6_v26_25_24_22_18_17_14_10_6_v27_26_23_22_17_15_12_11_8_v25_23_18_17_14_13_5_4_1_v28_18_16_15_14_13_12_8_6_5_4_3_2_1_v31_30_29_27_25_22_21_16_13_8_2_1_v24_20_17_16_14_7_6_v31_30_28_21_20_17_16_11_9_8_5_1_v30_26_21_18_14_13_10_2_1_v34_33_32_31_26_24_22_7_6_4_1_v35_33_30_27_23_21_20_18_2_v34_33_32_28_26_21_20_17_14_13_1_v51_38_37_34_31_30_29_28_26_25_24_22_20_16_12_6_5_vv1_v2_1_v2_1_v4_2_v1_v4_1_v55_7_6_2_v5_4_v9_6_v1_v22_9_8_v9_7_3_v10_9_3_1_v49_10_3_2_v8_6_3_v16_15_13_2_1_v12_11_10_8_6_2_1_v17_14_13_8_6_2_v19_18_9_4_v19_18_10_8_v21_20_17_12_10_9_8_4_3_1_v22_18_17_13_12_11_9_8_7_3_2_1_v20_19_16_15_13_8_7_v24_21_10_3_2_v25_23_19_16_12_10_7_4_3_2_v26_23_18_14_13_8_5_1_v15_11_2_v22_19_18_16_12_11_9_8_5_2_v29_27_24_22_21_18_17_15_13_11_10_7_5_4_2_v17_9_8_4_1_v29_22_21_19_18_12_11_8_5_v31_25_24_23_22_20_16_12_11_9_2_1_v,94,val,12
vv2_vv2_v5_2_v5_2_v7_5_3_v8_4_3_v9_6_4_2_v8_6_4_3_2_v10_8_v11_9_7_6_4_2_v13_4_3_1_v11_10_8_7_4_v11_8_4_2_v14_10_8_3_2_1_v17_13_12_11_v17_15_13_5_v17_9_7_3_v14_5_1_v17_15_12_9_8_2_1_v20_15_14_11_10_5_v23_22_17_12_7_5_v23_21_17_16_15_12_7_6_4_3_v22_21_19_17_13_11_v21_20_19_18_17_14_10_8_3_v25_17_15_13_10_9_8_7_1_v28_27_25_24_22_14_12_8_5_3_v24_23_21_20_18_17_13_12_7_5_3_v30_26_20_17_15_13_8_5_v30_28_26_25_24_18_16_14_10_9_8_6_v28_27_22_19_16_15_11_6_v32_26_22_16_11_9_8_4_1_v34_27_26_20_18_17_14_13_11_4_2_v34_23_20_12_9_7_6_5_3_v33_28_22_19_18_12_10_7_4_2_1_v34_25_24_22_7_3_v37_36_27_24_21_13_10_9_7_5_3_1_v37_31_24_23_20_18_14_13_12_10_3_vvv2_1_v3_1_v3_v5_4_3_vv42_3_2_1_v7_6_vv7_4_1_v10_9_v12_8_6_3_2_1_v34_13_8_5_4_v14_13_12_11_10_7_2_v13_10_9_8_v16_15_14_11_9_7_6_3_v16_13_12_6_3_2_1_v17_15_11_10_9_6_v18_16_14_13_3_v14_12_8_v21_13_10_7_6_3_1_v21_20_14_12_v45_23_21_20_12_7_6_5_4_3_v21_19_12_8_2_v23_21_20_18_9_5_3_v26_25_23_21_19_11_10_2_1_v20_17_14_4_2_v28_25_22_20_9_2_v36_26_24_23_19_17_16_13_12_10_8_6_v27_25_8_7_4_v25_23_22_18_16_11_9_7_4_1_v30_29_22_19_18_17_15_10_9_8_5_4_v25_24_23_15_14_11_9_8_7_4_v34_30_26_23_22_14_11_1_v35_34_33_26_25_19_15_14_12_10_v36_35_33_32_28_24_21_18_15_13_9_3_v37_36_35_34_31_28_27_23_22_19_16_14_13_12_10_6_2_1_vv59_v76_vv2_1_v82_65_4_3_2_v51_6_4_v4_v46_6_1_v7_6_4_3_v10_3_v81_11_10_9_4_v82_6_5_2_1_v36_13_12_2_v14_4_3_v12_8_7_6_5_4_v15_4_2_1_v92_53_14_13_10_8_v13_6_3_v65_18_16_10_8_4_v18_13_9_7_5_v41_19_16_15_5_4_v18_14_10_6_3_2_1_v21_17_11_10_4_3_v24_21_18_15_14_13_10_4_v24_21_20_18_17_16_15_12_7_6_2_v62_61_25_24_23_21_18_13_3_2_1_v24_21_20_19_17_11_3_v95_25_21_20_12_11_10_8_6_4_3_2_1_v29_28_25_22_13_9_6_3_v96_34_30_26_22_21_17_13_8_6_2_v30_21_9_8_7_6_v29_18_17_14_13_10_7_5_3_2_v109_52_31_24_23_21_15_9_8_5_4_2_1_v,112,train,75
vvv1_v2_v5_4_1_v5_4_2_1_v5_4_2_v7_v8_v10_9_5_4_v7_6_4_1_v8_7_6_2_v13_12_10_9_8_6_5_v11_10_2_v12_5_4_2_1_v14_12_6_5_4_1_v17_13_12_9_6_v17_12_10_9_8_7_v19_12_11_9_7_1_v20_16_15_12_9_v21_20_14_12_10_3_1_v22_17_16_15_13_12_9_5_1_v17_16_3_v24_22_21_18_11_8_4_v25_24_19_18_17_16_15_12_6_v25_22_18_11_10_2_v25_24_21_20_16_14_9_7_4_2_1_v16_14_13_12_10_8_6_1_v29_21_15_12_8_v29_28_17_14_12_7_4_1_v18_16_7_4_2_v31_28_27_26_20_19_17_16_15_6_4_vvv31_1_vv4_v4_3_2_v7_4_v3_v7_5_1_v8_6_5_3_2_v1_v9_8_7_5_v11_9_6_2_v11_v1_v42_21_9_5_4_v16_15_14_11_7_5_4_3_2_v30_12_10_9_8_v22_18_5_v27_19_4_1_v32_18_16_11_10_9_8_4_3_v20_18_9_8_7_5_3_v19_10_9_8_5_3_2_v19_18_17_16_13_7_v22_20_18_17_11_10_8_7_v25_17_16_14_13_8_5_3_v26_22_21_18_14_7_5_4_v27_26_24_23_20_17_14_9_7_1_v27_22_14_v27_22_19_15_10_7_6_v29_26_24_23_17_8_6_4_1_v30_28_20_15_11_8_7_5_4_v43_29_26_24_22_15_6_2_v33_26_25_23_21_19_18_14_12_10_6_4_3_2_1_v34_33_29_28_25_24_21_17_12_10_9_7_6_3_vv1_vv64_v2_v2_v6_2_v7_v3_2_1_v6_v6_3_v10_9_2_1_v12_11_9_v41_12_9_7_6_5_3_v16_13_12_11_7_3_v79_15_13_9_8_2_1_v15_10_6_v34_15_10_8_6_2_v14_12_9_8_5_4_2_v19_18_13_12_9_7_6_5_v15_9_8_5_4_2_v19_15_12_10_8_v21_18_12_11_5_v23_15_14_6_5_v21_20_16_13_12_6_4_v24_16_15_12_8_2_1_v24_19_18_17_16_15_11_9_6_5_4_3_v74_24_20_13_9_7_3_v95_27_21_19_15_14_8_7_6_v22_18_9_4_3_1_v29_28_26_24_22_21_19_18_12_8_v,99,val,0
vv2_vv2_vv4_3_vv1_v8_1_v10_9_8_6_1_v9_8_7_v12_11_7_3_1_v8_3_1_v13_11_9_5_4_1_v15_12_11_10_8_7_5_v16_15_12_10_8_4_v11_4_3_v15_14_13_12_8_v18_10_9_7_2_v16_12_5_v21_18_14_9_6_4_3_2_1_v20_12_11_10_5_4_v20_17_16_11_9_6_1_v23_21_20_17_16_14_7_5_3_v25_21_19_18_13_10_5_4_2_1_v25_24_22_20_17_16_13_9_8_4_3_1_v20_18_17_11_8_7_6_3_v23_13_10_9_7_5_v7_v1_v4_v3_v2_v3_2_1_v1_vv8_5_1_v9_7_5_2_v15_3_v5_4_2_v11_7_3_2_v9_8_5_v14_12_8_7_4_2_v12_11_8_7_5_4_2_v16_13_9_6_4_v17_16_13_7_3_2_1_v17_16_13_11_9_8_4_3_v19_17_15_14_10_7_4_2_v28_11_9_8_5_3_v20_15_11_9_6_4_2_v21_20_19_18_17_11_8_5_4_2_1_v23_22_15_14_6_4_3_2_v23_19_13_10_9_8_5_4_3_1_v25_22_19_10_9_6_3_v21_18_17_10_6_5_4_1_v52_27_26_20_19_18_17_16_15_11_6_4_3_v27_25_22_21_20_17_15_14_13_12_11_9_8_1_v23_20_16_15_7_4_3_1_v26_20_19_15_11_9_7_3_v52_30_29_24_20_18_17_12_10_8_5_3_2_v28_16_11_7_5_1_v32_28_26_25_23_21_19_15_12_6_4_2_v27_22_19_10_5_v33_32_30_28_26_22_21_15_7_5_3_v47_36_34_30_25_16_15_14_9_7_5_4_v32_30_24_23_22_21_14_12_8_6_5_3_v60_33_32_29_26_24_17_16_12_9_6_v38_33_25_17_15_11_4_1_vv66_1_v16_2_1_v35_1_v3_v70_2_1_v6_v6_3_2_v8_v9_7_1_v45_16_10_3_v9_7_6_2_v11_10_3_2_v69_18_8_5_1_v12_11_9_7_v75_14_12_9_7_2_v14_12_8_6_3_1_v13_v14_11_10_8_6_3_v18_15_12_11_10_9_5_4_v,89,train,84
v1_vv3_1_vv5_4_1_v5_4_v4_3_1_v3_v7_6_5_1_v8_5_4_v10_4_v12_7_5_4_1_v10_6_5_2_v14_2_v13_12_7_4_3_v16_12_11_1_v15_10_8_7_3_1_v15_11_9_8_4_2_v18_17_16_7_1_v17_12_11_4_1_v13_12_9_8_6_2_v20_17_15_8_6_v22_21_17_13_4_v22_19_17_11_5_v20_16_15_14_11_9_8_5_4_v24_23_16_10_1_v26_25_24_20_16_6_5_v28_22_21_20_19_17_15_14_11_10_6_4_2_v28_27_23_19_13_v29_28_25_24_21_20_18_14_13_12_7_4_v29_24_9_7_5_2_v32_30_27_25_21_18_17_16_11_4_v33_31_28_27_18_15_10_8_7_5_4_2_v32_22_21_19_16_12_11_8_4_3_v34_33_29_26_24_19_16_11_9_6_2_v34_29_27_25_23_17_14_11_9_1_v36_34_32_31_28_27_26_25_17_16_15_12_7_4_2_1_vvv1_v1_vv3_v6_5_v6_4_1_v8_7_5_4_v41_8_4_2_v34_5_4_3_2_v11_10_9_6_2_1_v12_9_7_6_1_v12_10_5_4_v13_12_1_v11_6_5_2_1_v13_8_7_5_3_v14_9_4_v14_8_2_1_v18_14_13_8_7_6_1_v20_14_13_11_10_7_v21_19_16_15_11_10_7_6_5_v20_18_14_12_10_v16_15_14_10_5_1_v22_17_16_13_8_2_v60_38_25_23_19_15_1_v21_20_18_12_7_2_1_v27_9_8_4_3_v27_19_15_11_9_5_2_v24_18_11_9_5_1_v28_26_19_14_11_6_5_1_v66_30_28_25_21_18_15_10_6_3_2_v31_30_28_26_17_7_4_v30_29_20_19_16_12_11_8_7_5_v34_33_29_26_23_21_14_12_7_4_v35_28_25_21_18_15_14_12_11_7_6_1_v50_27_26_25_24_22_19_17_7_4_2_v,75,test,21
v1_vv1_vv4_v1_v4_3_vv9_8_7_5_4_3_v10_6_v11_7_5_4_2_1_v12_11_6_5_2_v10_9_8_7_5_4_2_v14_10_2_v15_12_10_5_4_v13_8_5_1_v11_8_4_v11_10_8_6_2_v19_18_14_12_11_v15_10_9_8_7_5_1_v9_5_3_v21_16_12_11_10_7_1_v23_22_21_18_11_7_3_v24_13_12_9_8_6_3_v17_16_4_v26_24_23_22_21_18_16_15_7_5_3_v25_23_18_16_15_12_8_7_5_v20_16_14_13_11_9_8_2_1_v23_19_16_15_11_9_8_7_5_2_1_vv28_vv1_v2_v3_v6_5_3_v4_v5_4_3_2_v9_7_5_2_v12_10_9_7_6_3_2_v10_7_6_2_v12_3_1_v11_8_5_1_v11_10_v21_13_10_3_1_v12_9_8_5_2_v16_13_12_10_v10_5_v16_12_11_10_8_7_1_v46_16_12_9_7_6_3_1_v20_18_17_15_9_v24_22_10_8_7_1_v22_21_17_15_13_7_6_5_1_v22_15_13_10_6_5_3_1_v16_10_9_6_2_v35_26_21_19_14_4_v22_21_16_12_v41_27_26_18_17_11_5_v28_27_26_23_18_14_11_5_v29_26_25_18_7_4_2_v8_7_v45_32_29_28_25_20_18_14_v31_22_19_12_9_4_1_vvv9_v2_v47_3_v1_v5_v7_6_5_2_v3_2_1_v5_4_v70_7_3_1_vv11_6_4_v76_65_11_9_4_3_1_v28_13_8_5_4_1_v74_14_13_11_8_6_4_v15_14_13_11_6_v43_15_14_6_2_1_v14_9_8_6_1_v18_17_11_10_9_6_5_4_v14_12_8_3_v20_19_17_12_9_4_1_v18_12_10_5_v22_19_14_13_12_v24_20_18_13_12_2_1_v29_25_20_19_11_10_9_5_4_1_v24_23_20_19_16_11_9_7_2_v70_25_24_23_22_17_16_13_11_10_3_v28_24_22_18_16_12_11_6_5_4_3_2_v25_24_23_19_12_11_6_4_2_v29_26_23_21_19_16_15_14_10_6_vvv17_v65_vv69_3_v85_2_v73_4_v78_7_2_1_v9_8_6_1_v10_9_8_3_v11_9_8_6_4_3_2_v12_5_1_v95_13_12_9_7_6_4_3_v14_11_7_v61_11_9_6_2_v15_11_9_2_v15_13_10_9_6_2_v14_12_4_2_v112_19_18_9_6_5_4_v20_19_11_10_8_3_2_v19_17_16_7_2_1_v76_vv42_1_vv4_v88_82_5_4_v3_2_1_v75_74_7_v96_7_6_1_v5_2_1_v10_6_5_2_v7_6_2_v42_12_11_10_6_4_3_2_1_v13_11_8_7_6_2_v66_13_9_4_2_v15_14_13_9_8_6_3_v13_10_7_4_1_v14_9_8_3_1_v16_12_10_8_3_2_1_v19_17_6_3_v,137,train,63
vvvvv5_2_1_v4_1_v4_3_2_v8_2_1_vv2_v9_5_v11_9_7_5_v10_3_2_1_v12_7_4_v8_v16_11_10_5_1_v16_14_11_10_7_5_4_v18_11_9_8_6_5_2_1_v15_14_10_8_6_3_2_v20_19_10_6_4_v17_14_12_4_1_v22_20_18_15_12_9_6_v23_20_19_11_8_5_v23_22_21_15_13_11_9_6_4_3_v20_18_15_13_12_9_8_7_4_vv22_v1_v3_v9_4_3_1_v19_5_4_1_v3_v12_7_5_4_2_v8_5_3_v8_7_6_4_v10_9_5_4_1_v18_9_6_4_3_2_v11_4_v13_v9_5_3_2_v12_6_5_4_v7_6_3_v15_14_9_7_3_v16_v19_18_14_13_12_11_9_7_5_2_v15_11_6_5_3_v21_17_15_12_10_3_v20_19_15_14_9_8_2_1_v13_12_10_7_4_3_v15_8_3_v24_23_22_18_17_16_14_10_6_v22_17_16_1_v26_23_21_15_14_13_8_7_4_v28_27_23_21_19_12_8_2_v27_24_23_22_20_19_17_15_13_7_6_2_v29_27_24_16_15_13_11_5_3_2_v29_25_20_19_12_8_7_6_v25_24_23_21_16_15_13_11_9_8_6_2_v33_24_18_14_13_8_2_1_v34_31_26_23_22_21_18_13_10_9_3_v35_26_25_21_17_12_9_v35_34_33_31_28_26_20_17_16_3_2_1_v,63,train,2
vv2_v3_1_v2_v4_3_v3_v3_1_v7_v7_6_4_2_1_v2_1_v7_6_3_2_1_v11_9_v12_11_8_7_4_v13_12_2_1_v14_9_6_5_3_v15_12_11_6_v16_15_12_8_6_4_3_2_1_v16_v19_14_9_5_2_v20_17_13_12_10_9_8_7_6_5_4_v18_16_12_9_8_7_4_3_v20_17_14_13_12_11_5_4_2_v20_17_15_14_13_12_10_7_6_5_vv20_1_vvvv2_v14_6_5_3_2_vv8_5_v6_3_2_v9_7_6_4_2_v11_7_3_1_v8_5_v13_v14_13_12_9_8_4_v15_14_9_8_v11_7_3_2_1_v10_8_2_v12_5_v14_13_10_v18_6_4_2_v21_17_13_12_5_3_2_1_v22_20_18_16_10_9_3_2_v36_17_14_10_3_v19_17_15_14_12_11_10_9_8_7_5_4_v25_24_22_20_16_12_5_4_1_v39_23_18_17_12_10_v22_17_14_12_9_7_1_v26_25_13_11_4_3_1_v28_26_19_18_15_14_10_7_6_5_4_2_v29_22_17_11_4_3_v30_29_28_22_20_14_10_9_8_1_v30_29_28_26_24_21_17_13_12_7_6_3_v31_26_22_20_19_18_8_7_3_1_vv7_1_v2_1_v1_v4_v4_1_v3_v6_5_4_2_v8_6_4_v9_8_2_v7_4_3_1_v11_7_v62_6_v13_12_7_4_2_v7_5_3_1_v14_12_4_2_v12_10_9_7_5_v16_14_13_6_5_4_3_2_v17_16_15_14_10_9_5_4_3_1_v19_18_16_9_8_5_4_2_v4_v21_20_17_12_10_7_6_5_3_v16_15_13_5_1_v75_23_21_20_19_16_15_12_7_6_5_1_v21_12_11_7_6_3_v25_22_20_13_10_6_v22_21_9_8_7_1_v26_24_18_17_14_9_v22_20_19_17_13_1_v29_28_23_21_20_11_10_6_1_v13_10_9_8_6_4_v85_vv53_v43_2_v4_2_v3_v93_6_v70_17_v29_8_7_6_v5_3_v10_2_1_v5_4_2_v12_10_9_7_4_2_v58_11_6_v14_4_2_v13_9_8_6_2_1_v16_10_6_3_v13_11_9_7_3_v18_16_12_10_9_7_v95_19_17_14_10_7_3_v19_18_16_14_13_11_10_9_v105_29_20_17_16_9_7_6_v21_19_18_13_8_2_v85_22_18_17_14_13_7_5_v54_22_21_18_17_10_9_8_6_4_v24_21_18_13_11_9_7_6_5_2_v,115,train,26
vv2_vv4_v1_v6_5_4_1_vv3_v6_1_v6_3_vv8_4_v13_12_9_6_1_v10_7_3_v15_11_9_8_4_2_v14_9_7_5_3_2_v14_9_8_5_4_2_v18_17_16_13_12_11_7_6_4_2_v19_18_17_16_15_13_12_6_5_4_3_1_v19_16_15_8_5_3_2_1_v19_15_13_10_6_3_2_v22_20_16_15_14_12_9_8_5_v22_21_19_16_10_4_1_v23_16_15_9_2_v25_24_18_14_10_8_3_1_v22_21_19_15_8_6_3_v16_15_11_9_8_5_2_v27_25_20_19_15_12_10_8_7_3_v29_27_23_20_18_15_12_9_7_4_v29_27_26_25_24_21_11_8_6_4_1_v31_27_25_20_14_12_10_6_4_v31_26_19_8_7_1_v29_24_22_20_19_18_16_13_5_v33_32_28_25_20_17_5_4_3_1_v32_31_23_21_18_15_13_10_5_2_v32_24_21_20_14_11_6_4_3_v36_32_26_25_22_20_19_16_12_11_6_1_vvv2_v2_v2_v5_4_3_2_v4_3_v6_5_1_v8_6_4_v7_v25_9_5_2_1_v8_v12_8_v13_12_11_10_9_6_v12_9_6_1_v12_9_1_v16_15_12_7_4_2_v13_12_11_5_1_v11_9_2_v19_10_4_v18_13_12_2_v38_20_19_17_16_6_4_3_2_v20_18_17_12_9_8_6_v17_12_11_9_v15_14_13_8_7_6_3_2_1_v25_20_19_16_14_7_3_2_v25_18_17_12_6_5_3_v25_19_17_16_13_8_3_2_1_v28_21_19_13_11_10_8_v40_34_24_22_14_11_10_9_8_3_2_v19_18_16_15_14_8_5_v29_25_16_12_8_6_2_v41_35_32_30_29_25_21_19_14_13_9_4_3_2_v33_32_30_27_23_21_17_13_12_5_2_v34_33_30_28_24_23_22_21_13_12_v33_32_30_27_23_22_20_16_14_13_7_4_3_vvv1_vv3_v74_3_1_v2_v6_5_3_2_v69_4_v83_13_7_6_4_v9_8_6_2_1_v6_v12_10_v13_11_7_2_1_v62_14_12_10_8_6_v14_13_11_9_8_1_v10_9_1_v15_11_10_7_4_3_1_v20_8_6_5_v17_16_12_11_6_5_3_v94_84_16_11_10_8_6_2_1_v64_19_17_16_8_6_4_2_v92_22_14_13_10_8_4_3_v19_17_16_11_6_v14_12_10_9_7_2_v24_21_18_12_7_5_4_1_v26_25_24_22_21_18_17_14_11_8_5_1_vvvv82_20_v3_2_vv6_v4_2_v62_8_5_v9_5_4_3_v108_7_5_v10_9_7_1_v75_50_12_10_9_8_6_v13_12_8_5_3_v20_7_5_1_v15_10_8_4_v78_14_11_3_2_v10_6_5_4_1_v15_14_11_10_4_2_v63_35_17_16_14_9_8_4_v18_10_1_v21_20_15_8_1_v95_91_22_21_5_2_v117_101_17_11_9_8_7_6_3_v76_56_22_19_15_9_6_4_3_v25_21_20_14_13_12_9_7_3_2_v26_24_20_19_15_14_12_11_10_v27_23_22_14_12_6_1_v26_22_21_20_16_2_v28_26_19_18_15_14_1_v83_29_28_27_26_25_22_21_15_13_12_7_2_v46_30_29_24_23_20_16_15_13_v32_28_27_25_23_22_19_18_13_10_8_5_4_2_1_v89_33_30_25_24_16_15_13_7_5_2_1_v34_33_30_27_20_18_15_13_11_9_7_6_4_3_2_v108_28_21_18_16_15_13_11_9_8_2_1_v136_vv98_55_vv3_2_1_v5_4_3_v6_3_1_v3_v5_4_v138_9_5_v10_7_5_1_v8_7_2_v4_v13_10_9_8_7_4_3_2_v12_10_9_6_4_3_v93_76_25_14_13_11_10_1_v16_14_13_12_11_3_v16_12_11_10_8_2_v70_18_17_14_10_4_2_v15_14_13_9_4_v122_20_14_11_9_6_4_v116_76_19_18_17_13_4_3_1_v,159,train,49
vv1_v3_vv4_v5_4_2_v7_6_4_v8_6_5_4_2_v9_5_4_2_v10_8_5_2_v11_2_v11_8_7_5_1_v12_1_v10_6_5_4_1_v14_7_6_4_2_v13_12_9_7_v17_14_13_5_v11_8_5_v19_18_14_12_11_9_4_1_v17_16_15_10_6_v21_11_9_8_6_v22_19_13_12_11_9_3_v14_7_2_v14_13_12_10_3_2_v24_23_20_14_6_v25_24_23_22_18_15_14_12_10_9_8_4_2_1_v24_23_21_19_17_13_11_10_3_v28_26_20_18_16_15_10_6_v29_27_25_24_23_20_19_15_11_8_7_2_v30_26_25_24_23_20_19_15_12_10_v20_17_16_14_10_5_4_2_v31_27_26_19_14_8_7_3_2_v33_22_15_13_11_9_5_3_2_vvvv3_v4_3_2_vv5_3_1_v4_3_v2_v7_5_4_vv9_v12_11_v9_5_4_v13_8_7_1_v14_11_7_6_3_v10_v17_14_11_8_v17_16_12_9_6_4_v15_13_10_7_5_3_1_v18_15_v21_16_13_11_6_4_v19_14_12_8_v14_11_9_5_4_v20_17_11_10_7_4_2_v25_23_16_15_13_12_10_1_v26_24_23_21_16_15_12_8_2_v25_24_23_22_20_13_12_7_6_5_3_1_v28_27_26_23_22_20_15_5_3_1_v25_24_23_20_16_13_12_10_4_v30_26_19_18_15_9_5_1_v31_24_21_19_12_10_9_5_v24_19_6_v32_24_23_13_12_5_1_v34_32_29_27_24_21_19_18_17_16_14_12_11_8_7_2_v35_29_28_16_14_v36_33_29_26_21_19_18_16_15_13_12_11_8_v33_31_29_26_25_24_23_17_12_v36_33_32_29_24_21_15_8_7_1_v28_26_23_18_15_12_11_9_7_5_4_3_v,74,val,16
v1_vvv2_v4_1_v5_4_3_v4_3_1_v7_5_v6_2_1_vv2_v10_7_5_v12_5_4_3_v7_2_1_v12_11_5_3_1_v16_11_10_3_v16_13_7_5_v15_12_11_8_7_6_3_v16_4_v20_19_18_17_16_12_9_5_2_v19_17_12_11_9_1_v22_5_3_2_1_v20_19_10_2_v24_22_17_15_13_10_9_6_1_v24_22_16_15_13_9_7_5_3_v26_23_14_5_1_v26_20_17_16_14_10_9_5_3_2_v25_20_11_9_1_v28_21_19_14_13_12_11_8_1_v29_28_25_23_22_17_16_15_13_12_11_9_6_4_1_v31_29_25_24_10_8_7_6_5_4_v31_24_23_20_16_9_8_7_5_2_v22_19_14_7_6_1_v33_32_28_27_22_20_19_18_8_5_4_v35_31_30_28_26_25_21_20_19_16_13_8_4_2_1_v33_32_31_28_23_21_20_18_14_9_8_5_v37_30_25_19_16_15_v38_36_33_31_29_25_24_19_17_10_2_v33_vv2_vv1_v3_2_v3_1_v7_4_3_v8_7_v3_v10_9_8_v10_7_v11_9_4_2_v11_7_5_v53_4_v14_12_10_7_4_3_2_v12_10_8_5_v17_14_8_7_6_v13_9_v10_8_6_4_2_1_v20_19_14_9_5_3_1_v20_19_14_9_7_5_4_2_v22_19_17_16_12_11_7_1_v12_v24_22_19_13_8_3_v64_23_20_19_14_12_4_v26_20_15_13_11_8_5_4_3_1_v25_12_11_2_v44_22_8_5_4_3_2_v41_28_25_15_14_13_12_11_9_8_7_6_5_4_v29_28_26_17_15_v30_29_22_19_18_17_7_4_2_1_v31_25_22_16_14_11_10_7_3_2_1_v,72,val,6
v1_vv2_v3_2_vv1_v2_v8_3_v9_8_v10_6_5_v10_7_4_1_v12_v11_7_4_3_2_1_v1_v14_13_12_9_6_4_2_v14_13_10_7_5_2_1_v16_15_10_6_5_1_v15_5_4_v15_12_11_10_7_6_4_2_v20_16_15_13_6_5_4_v20_19_9_6_5_v17_6_1_v19_18_17_13_9_8_4_3_1_v22_21_17_15_13_9_7_3_1_v21_15_14_12_11_9_8_5_1_v18_17_16_13_9_7_3_v27_26_25_12_11_5_4_3_2_1_v28_26_23_22_20_13_8_6_4_1_v22_14_11_4_v30_28_26_24_19_18_17_11_4_v31_30_27_25_24_18_12_6_v32_23_20_15_12_11_10_5_2_1_v31_30_29_28_26_18_14_13_12_9_4_v34_29_28_27_23_10_9_8_5_2_v35_20_18_17_11_1_v35_32_28_26_25_19_17_11_6_5_3_1_v37_36_35_33_31_29_26_24_15_9_5_1_v37_34_32_31_29_27_26_25_24_21_18_17_9_5_3_v39_38_37_34_33_28_27_26_24_20_16_9_7_4_3_2_vv1_v9_v1_v4_3_vv13_6_v7_6_4_v6_5_3_2_v9_7_3_v11_10_9_3_2_v11_7_v51_7_2_v7_6_v10_9_8_7_4_3_2_v15_9_8_7_2_v15_12_7_6_v17_6_4_3_v17_16_14_13_6_5_1_v18_16_14_6_5_v19_3_v20_19_14_5_2_v22_14_13_11_9_8_7_5_2_1_v43_20_17_16_14_12_v22_20_17_16_11_10_4_v58_25_21_18_14_12_10_5_2_v26_25_24_21_20_17_16_9_5_3_2_1_vv17_v6_v3_v4_v2_1_v4_3_v4_2_1_v8_3_v9_3_2_v59_10_8_4_3_v5_4_v30_12_8_4_2_1_v12_v13_12_11_10_8_6_v19_15_v15_14_8_7_6_2_1_v17_16_14_8_6_5_4_3_v34_15_11_10_8_5_4_v14_13_12_9_4_1_v12_7_v20_17_16_11_8_7_6_1_v69_21_17_10_4_3_2_v23_22_19_17_11_8_6_5_4_v21_14_13_8_7_6_5_1_v13_10_7_3_2_1_v26_25_24_20_17_16_15_13_11_8_7_4_2_1_v26_24_21_18_11_10_9_7_6_5_3_2_v27_26_24_23_22_20_15_11_8_5_4_3_2_v50_28_24_21_19_12_9_6_vv1_v59_1_vv99_3_v73_5_1_v35_20_4_3_1_v4_3_2_1_v7_5_4_v6_v9_6_3_1_v79_7_3_1_v12_11_7_5_4_3_v64_54_13_12_11_10_9_8_7_5_4_v93_13_8_6_v107_22_15_12_9_8_5_4_1_v16_15_10_7_6_3_v12_11_8_7_6_2_1_v18_14_12_11_5_1_v19_17_15_13_8_7_3_2_1_v20_11_8_7_5_3_2_v17_15_14_10_7_5_3_1_v14_12_10_9_7_4_3_v112_50_20_14_10_7_4_2_v24_22_19_14_13_3_v20_18_13_v21_19_16_11_9_4_3_v21_20_16_15_14_11_8_7_3_1_v87_54_28_25_19_17_16_12_11_9_8_4_3_v27_25_21_18_16_15_13_12_10_6_3_2_1_v89_24_15_14_8_2_v104_101_30_25_23_21_20_16_15_12_5_1_v,129,test,15
vvv3_v4_3_vv2_v6_v4_3_1_v6_5_2_v3_2_1_v9_8_v4_3_v11_6_4_v7_3_v15_14_13_12_8_1_v14_12_4_2_v17_14_13_11_10_9_7_3_v17_13_12_11_5_2_v17_16_5_3_vvv2_1_v2_v4_1_v21_v5_1_v5_4_2_1_v4_3_1_v11_5_v7_3_v10_9_7_6_2_v8_7_6_2_v13_11_9_4_3_v8_vv16_15_5_2_v15_14_5_4_v18_17_16_15_14_13_9_v17_16_15_9_5_3_1_vv23_18_15_12_11_7_6_v20_19_16_14_11_6_5_3_1_v22_20_17_14_12_9_7_6_4_1_v37_20_19_18_13_12_11_9_7_4_1_v23_21_18_16_10_9_6_4_2_v32_20_18_17_16_14_13_11_6_v24_22_13_12_11_10_9_8_1_v26_25_14_10_9_8_7_4_3_2_1_v29_27_23_20_19_9_8_6_5_vv1_v1_vvv1_v6_1_v4_1_v3_v5_v7_3_2_v10_3_v11_9_6_3_1_v11_7_4_3_v13_12_1_v15_4_3_v14_12_11_8_7_6_4_v3_2_v16_15_13_9_v68_17_16_13_11_5_3_v20_18_17_16_15_14_1_v17_16_13_6_1_v23_22_13_12_8_4_v23_22_21_10_7_6_4_3_v70_24_19_12_11_4_3_v25_23_16_8_7_6_4_3_v48_18_13_12_11_10_7_6_v47_29_25_23_21_19_13_12_10_4_1_v26_22_17_13_2_1_v64_32_29_25_23_20_18_16_12_11_10_9_8_6_5_4_1_v30_26_20_15_14_13_4_3_2_v29_27_24_23_20_19_13_10_8_6_2_v31_30_21_17_15_14_10_7_6_v32_30_21_14_13_5_4_v41_31_25_21_20_19_14_10_5_v30_26_19_16_15_12_7_5_v35_31_29_27_25_24_21_17_15_7_4_v85_66_53_vvvvv64_3_v67_5_v47_4_3_v47_32_7_4_3_2_v35_24_8_6_v9_2_v6_5_v10_5_v12_10_9_3_1_v64_13_12_10_9_8_v13_11_10_5_3_v15_14_13_7_6_4_v91_17_16_14_11_6_3_v18_13_8_3_v18_15_9_7_5_4_v13_11_6_2_v15_11_10_5_2_v22_21_18_15_9_7_1_v21_16_9_6_3_v20_19_17_15_10_9_7_5_3_v99_21_15_12_11_9_8_6_v94_26_23_20_15_13_12_11_7_v27_24_23_19_17_12_11_5_4_1_v26_21_13_11_8_v27_18_16_14_11_9_8_7_5_v22_18_10_8_6_1_v23_21_20_19_17_16_15_12_9_v15_10_9_6_v27_26_24_18_15_10_8_v33_29_27_22_21_20_13_11_10_5_2_v31_28_27_26_25_24_21_16_7_6_v74_29_24_15_14_12_6_2_v,124,train,22
vvv3_2_vv4_3_2_v3_2_v2_v7_4_1_v6_v9_3_v8_6_1_v11_7_1_v12_v14_5_2_v15_11_10_8_5_4_v13_11_10_9_8_7_6_4_v15_14_13_12_11_9_8_7_5_4_v14_10_8_5_2_1_v15_14_13_11_7_5_3_v20_19_14_13_9_6_5_v21_20_17_16_15_12_11_6_4_v19_16_14_4_2_1_v18_17_12_9_v22_20_19_10_7_6_2_v24_15_12_8_7_3_v26_25_16_12_10_5_v23_21_11_7_2_v27_23_20_17_15_13_8_7_5_3_1_v28_24_23_22_21_19_16_15_12_10_6_5_1_v30_25_22_21_20_19_14_13_9_6_1_v23_16_11_5_v25_23_18_16_13_12_10_7_5_v30_28_27_25_23_19_13_8_v34_30_29_24_23_20_15_8_3_1_v35_31_21_17_8_4_vvvvv3_v13_3_v35_6_4_3_1_v3_1_vv7_1_v10_7_5_1_v9_7_5_2_v45_10_8_2_1_v12_11_v14_12_8_5_v46_15_14_10_9_8_3_v16_11_7_6_5_v14_6_v49_18_15_11_2_v18_17_14_13_11_7_6_v20_14_13_8_6_3_v18_17_16_15_13_9_6_1_v19_12_9_7_v22_18_17_12_9_8_6_5_4_3_v20_19_17_16_13_10_7_6_2_v25_20_18_17_10_7_6_3_v24_15_14_12_11_4_v47_27_26_25_24_23_18_17_12_4_v24_22_18_15_14_13_12_11_2_v27_26_22_21_14_13_9_7_5_4_v37_30_29_25_12_11_8_7_5_v28_24_23_22_20_19_17_15_11_10_9_7_6_5_4_v30_28_27_26_24_20_14_11_10_9_7_4_3_1_v29_23_21_16_15_13_8_7_5_4_v28_25_24_23_15_14_10_5_4_3_v57_33_27_24_19_18_16_11_3_v,72,train,19
vvv3_2_v4_3_v3_2_1_v6_v5_1_v6_5_v7_6_v10_7_5_v8_v12_7_5_4_3_1_v8_4_v14_11_9_3_2_v13_10_9_v11_9_3_v15_13_8_5_3_2_v16_14_13_12_11_8_6_4_v16_13_12_6_4_3_1_v16_12_8_7_6_5_v19_14_12_6_1_v22_21_13_9_8_6_5_4_v17_16_13_11_6_1_v12_10_9_5_2_1_v25_24_23_19_17_7_6_4_v25_22_21_16_11_8_2_v24_20_13_9_8_6_4_v28_24_18_7_3_v28_24_20_12_8_7_6_2_1_v26_18_15_14_12_7_2_v31_14_10_6_1_vv1_v2_v1_v2_v2_v6_v6_3_1_v5_3_2_v9_8_3_2_v7_6_2_v4_1_v6_2_v9_8_5_v13_12_9_8_1_v10_3_v15_13_11_5_4_2_v28_16_14_8_6_v18_16_13_12_10_9_7_1_v17_15_11_10_1_v17_10_8_3_1_v21_17_16_12_10_7_6_5_4_2_v20_19_11_10_9_8_7_6_4_3_v31_23_18_12_9_4_3_2_v52_23_22_21_16_7_1_v21_14_12_9_3_v24_21_19_11_9_6_4_3_v50_26_13_9_8_7_6_v25_18_13_11_10_6_3_2_v29_27_24_21_18_12_10_vvv2_v2_v2_1_v21_5_3_v14_6_5_v62_12_4_v8_6_v40_9_7_5_v8_7_6_5_3_1_v10_9_7_3_2_1_v11_10_5_4_3_v42_4_3_2_v43_10_9_8_4_1_v12_7_3_2_v42_14_11_3_v15_13_5_3_1_v18_15_9_8_5_1_v19_18_13_5_4_v20_17_14_11_8_7_5_2_1_v55_20_15_10_9_8_6_3_1_v22_20_18_16_14_10_8_5_4_3_2_1_v14_11_9_7_5_1_v20_15_14_13_v21_17_12_11_10_3_v26_22_21_20_19_17_13_11_8_4_v27_25_22_17_12_4_3_2_v27_26_25_20_11_10_9_5_2_v26_22_14_11_7_5_3_v75_29_19_9_7_3_v29_27_26_19_v30_23_16_14_13_6_3_1_v31_28_27_24_22_18_16_14_12_10_9_6_1_v29_27_26_23_21_17_v84_35_34_33_30_23_21_16_14_13_11_8_7_4_3_1_v41_35_32_31_28_23_22_14_6_1_v,99,train,34
vvv3_v3_1_v5_3_2_v3_1_v4_1_v7_v9_7_5_3_v9_8_5_2_v9_7_6_1_v9_7_4_3_1_v13_11_3_v10_9_6_v15_6_4_3_2_v15_10_8_4_v15_8_6_4_v16_7_v19_16_15_13_10_6_4_1_v18_16_13_12_11_10_7_3_v21_19_15_11_10_8_7_4_3_v21_20_19_16_14_4_v18_6_2_v24_23_22_15_14_13_12_10_6_3_2_1_v25_21_11_10_8_6_v26_22_19_12_9_8_5_3_2_1_v27_26_20_19_16_13_12_8_7_6_5_1_v24_23_22_20_18_5_4_2_v17_14_13_10_4_3_v20_16_15_12_10_5_1_v31_30_29_23_22_17_11_7_5_4_2_v28_26_16_10_9_4_3_2_v31_27_24_22_20_19_18_17_13_9_v33_30_29_28_27_22_21_19_16_12_10_8_6_5_2_1_v34_33_29_18_16_15_9_8_5_2_1_v35_34_21_20_15_13_12_2_1_v37_30_27_26_22_17_16_10_5_3_1_v36_34_30_27_25_23_20_17_16_15_14_8_5_v39_32_29_27_26_19_18_17_12_6_5_vv41_1_v2_1_v3_1_v4_v11_4_3_v38_3_2_1_v6_5_v2_v6_4_2_v8_1_v8_3_v12_6_v53_12_9_7_v14_13_9_8_4_3_v11_9_7_6_v15_13_6_5_4_2_v15_11_8_6_5_4_3_v18_17_13_7_6_5_4_3_1_v15_12_11_2_v13_9_7_3_1_v21_18_15_14_13_12_11_10_8_6_3_v23_18_14_13_9_8_7_6_2_v26_23_22_20_19_17_7_5_1_v24_23_19_15_12_10_7_6_5_4_3_1_v22_19_16_15_8_6_1_v24_19_18_15_11_7_2_1_v26_17_14_11_6_5_2_v25_23_22_21_18_13_9_5_4_3_vvv6_v36_v3_v4_3_vv6_v8_5_v8_7_5_4_2_v10_8_7_4_3_1_vv12_8_v11_10_2_v29_13_7_2_v30_23_12_9_8_7_6_1_v13_11_5_1_v17_14_13_12_10_7_1_v62_23_18_14_4_v68_65_15_13_12_10_v16_14_12_10_9_5_3_v21_14_13_9_3_v36_19_18_16_8_5_3_2_v92_25_22_21_20_19_16_12_10_9_7_v68_22_21_17_15_14_13_9_5_2_1_vvv2_1_v3_v28_4_1_v5_4_3_2_1_v3_1_v6_v88_8_4_3_1_v46_v10_8_v11_7_6_4_v12_9_8_4_3_v13_10_3_2_v14_4_v13_9_6_3_v74_15_10_7_5_4_2_v63_15_12_10_7_5_4_3_v12_11_6_5_4_3_v15_10_9_3_v28_18_17_15_13_5_v56_20_17_15_13_11_4_v18_15_12_10_9_7_v48_18_13_10_9_4_v105_57_14_13_6_2_1_v24_23_21_19_14_10_7_v26_24_23_20_19_15_13_11_10_9_8_6_2_1_v27_25_24_21_20_19_16_14_12_v70_25_23_22_20_14_10_9_v112_28_17_16_11_8_6_2_v29_25_24_23_18_17_15_13_11_10_1_v31_29_27_24_20_13_12_10_8_6_4_v113_30_29_28_27_21_16_13_12_9_8_4_1_v32_26_24_19_18_11_10_9_8_7_3_1_v54_32_28_22_3_v33_27_21_20_19_12_11_10_9_7_1_v88_35_34_28_27_24_21_20_19_15_10_5_2_v36_34_29_17_16_12_7_v10_v133_v2_1_v3_1_vvv126_48_21_5_4_v98_5_1_v42_5_v139_94_89_9_1_v9_7_6_3_2_v9_6_v85_61_18_11_4_v3_1_v64_12_9_8_6_4_3_1_v62_41_15_13_12_10_8_3_v148_126_16_15_8_7_4_3_2_v17_16_11_10_9_8_7_5_4_3_v17_15_14_8_4_3_2_v117_83_17_16_12_5_3_2_v141_42_19_16_15_6_5_2_v67_17_8_7_6_v17_15_14_13_10_9_v108_81_23_22_21_18_16_15_11_5_2_v119_113_24_22_21_15_13_11_9_8_v22_18_14_13_9_8_5_4_2_v88_23_20_6_5_1_v62_24_22_20_19_14_10_6_4_3_1_v157_63_24_23_17_12_9_6_5_1_v153_90_28_27_24_22_18_7_4_2_v28_25_24_20_11_9_7_5_v147_134_32_27_22_19_17_16_14_2_1_v29_28_22_17_14_9_8_7_6_2_1_v80_37_33_29_20_16_14_12_10_2_v,166,train,116
vv2_1_vv3_2_v5_3_1_v3_1_v7_5_4_3_1_v8_7_1_v2_vv11_8_4_3_2_1_v11_10_8_6_v10_8_1_v6_4_v9_8_2_1_v16_14_13_12_11_10_7_5_v17_15_12_10_8_6_1_v11_10_8_7_6_5_4_2_v17_13_10_8_7_1_v19_18_12_8_1_v19_17_15_10_8_7_v22_18_15_10_7_6_5_3_1_v22_20_15_10_7_6_4_1_v23_21_18_16_15_9_v21_15_2_1_v26_19_17_15_14_8_4_v27_26_22_20_8_7_6_2_v28_27_21_13_7_6_v29_27_26_23_20_17_16_5_1_v27_20_13_11_10_v24_20_18_17_13_10_5_4_3_v32_31_26_24_22_18_16_14_9_7_6_4_v32_29_19_16_15_11_10_6_v34_33_26_24_23_22_19_18_16_12_11_7_6_1_v31_22_21_18_14_12_10_9_8_7_4_3_v35_33_31_28_26_23_22_19_18_15_14_9_6_4_1_v29_23_19_9_7_6_4_3_1_v37_30_23_18_9_6_v35_31_28_25_21_18_17_5_3_vv20_v2_1_v3_2_v2_v1_v20_6_5_1_v1_v9_4_v9_7_6_v9_8_5_4_3_1_v8_5_3_2_1_v8_v53_44_13_9_3_v11_5_4_1_v12_11_8_7_4_2_1_v16_15_13_12_11_10_7_3_v14_13_9_6_v18_16_14_13_12_2_1_v18_17_16_9_5_v16_10_9_6_5_v18_12_10_9_5_3_v12_4_v55_15_14_8_6_3_1_v22_21_18_11_8_6_3_1_v17_14_9_5_2_v58_23_21_19_17_13_12_10_6_4_1_v32_26_25_22_21_14_9_8_3_2_v25_23_20_16_12_11_9_6_5_4_2_1_v29_28_19_17_13_11_8_v30_28_22_17_1_v26_22_16_9_7_6_4_3_2_v31_28_27_20_19_13_7_4_v60_v54_vvv3_2_v62_v47_3_2_v7_1_v4_v2_v9_6_v11_9_8_6_1_v8_1_v78_11_9_7_3_v12_10_6_5_2_1_v71_14_9_6_v14_11_10_9_8_7_v13_11_7_6_5_2_1_v15_14_13_12_11_8_7_v17_14_11_8_7_5_1_v76_17_14_v83_17_13_12_10_9_3_v21_15_11_8_6_5_4_1_v32_21_20_9_1_v21_13_9_6_2_v25_23_18_17_14_12_9_2_v23_12_9_7_v26_25_17_10_7_v26_25_21_13_7_2_v96_27_23_22_19_13_12_9_v28_27_24_23_20_19_16_10_7_6_4_v27_26_20_19_15_9_8_6_5_3_1_v32_31_29_27_26_17_12_11_6_1_v98_31_25_23_15_13_7_3_1_vv97_v1_vvv2_v61_6_2_1_v65_6_5_1_v8_4_2_v106_9_8_2_v104_6_v50_38_8_4_3_2_v12_11_7_v104_9_5_v12_9_4_2_v15_14_8_7_5_3_v39_14_8_3_1_v16_12_8_5_2_v65_17_7_5_4_3_2_v84_12_9_6_5_4_2_1_v57_54_15_12_11_10_9_7_6_1_v30_21_19_15_10_8_v27_17_12_2_1_v23_18_17_16_14_13_10_6_v91_18_17_16_15_13_11_7_6_v40_24_21_17_15_12_10_9_8_7_v76_26_23_22_21_17_14_11_7_2_1_v26_25_24_23_20_18_15_14_13_8_3_1_v22_21_20_18_17_16_14_12_11_10_7_4_3_1_v31_29_23_21_14_8_6_3_2_v102_29_27_22_19_15_12_11_9_4_v31_28_27_20_14_13_6_4_3_v25_24_23_13_12_4_2_v35_30_29_28_27_23_22_19_15_14_13_11_8_7_v32_30_20_19_17_16_15_13_11_8_7_2_v56_31_23_8_6_2_1_v59_35_32_29_27_26_24_21_19_14_13_8_6_5_3_v125_v1_vv1_v136_122_4_3_v141_3_v78_4_2_v120_7_5_v6_3_2_v116_26_8_7_3_v3_2_v59_4_3_2_1_v12_10_6_5_v13_12_9_5_3_v39_7_v101_10_7_6_v14_12_8_6_5_1_v16_14_13_8_7_1_v15_14_12_9_8_6_5_v18_15_12_8_7_v,164,train,95
v1_v1_v3_2_v4_3_v4_3_v6_5_v6_4_v8_v5_2_v9_4_2_1_v10_3_1_v10_9_4_2_1_v5_2_1_v12_4_2_v14_12_10_9_4_v15_8_v17_14_v17_15_7_6_4_3_v19_17_15_10_9_8_v17_15_14_8_5_1_v19_15_14_13_12_7_5_v19_15_8_7_6_4_3_v22_20_19_10_7_4_3_2_v24_21_20_18_17_16_14_11_2_vvv2_v2_v3_v5_v5_2_v18_7_5_4_2_v6_3_2_v9_7_6_v16_9_7_6_4_2_v11_10_7_5_vv12_8_6_2_v14_11_3_2_v14_13_11_7_6_5_3_v15_11_9_6_4_v16_15_11_3_v18_17_14_13_8_3_v17_14_11_10_8_7_6_2_1_v20_18_16_15_9_8_7_3_2_v14_7_3_v19_18_9_8_6_3_1_v23_15_12_8_2_v24_21_19_18_15_14_5_4_2_v25_14_7_4_v24_21_20_19_18_11_9_v27_25_24_19_13_12_11_3_2_v19_17_16_13_10_4_v29_24_23_17_8_7_v30_28_27_26_23_21_19_15_9_6_v31_20_17_14_10_9_5_4_v24_21_20_18_16_15_13_11_10_7_6_3_1_v26_24_23_22_20_19_15_13_v34_32_29_24_19_18_17_13_10_9_5_4_v33_32_29_24_22_21_17_16_11_9_5_4_3_1_v33_28_26_25_20_19_18_12_11_4_v34_31_30_27_20_19_18_17_14_11_4_3_vv44_v1_v2_v4_1_v4_3_1_v3_2_vv7_5_v3_v10_8_6_1_v6_2_v9_8_3_2_v13_8_7_5_2_v14_12_8_6_5_v15_7_6_4_3_v16_15_13_12_11_10_9_8_3_1_v15_14_10_7_6_4_3_v44_15_9_8_4_1_v21_15_12_10_3_1_v21_15_14_v12_10_4_2_v22_20_16_13_12_9_7_6_v26_20_18_16_12_7_6_4_1_v21_18_17_14_11_10_9_6_3_v24_19_9_7_1_v23_22_19_15_13_6_4_1_v75_53_27_23_12_6_v24_20_16_10_9_6_5_v13_3_v70_26_21_19_17_11_5_4_v31_29_28_25_18_16_11_10_9_8_4_3_v92_26_23_19_18_16_15_10_7_6_5_4_3_2_v33_32_31_29_26_25_23_18_15_12_10_8_3_1_v27_17_1_vv94_vv42_v4_2_v4_1_v21_2_1_v11_1_v71_8_v8_4_3_2_v12_4_2_1_v17_11_10_8_1_v46_11_v10_9_8_5_4_v23_13_7_v15_13_10_9_6_3_v72_11_9_4_2_v13_10_5_4_v16_13_12_9_8_v47_17_14_12_v19_16_12_11_10_9_8_7_1_v90_13_12_5_4_v22_19_18_13_10_9_7_6_5_vv1_v111_v116_v3_v4_3_2_v2_v2_v2_1_v8_5_2_v124_23_9_8_7_6_4_2_v131_9_2_v12_10_5_v12_10_9_8_6_5_3_v64_14_13_12_11_v11_8_7_2_v16_14_13_7_6_4_v46_16_15_14_13_8_7_5_4_2_1_v98_17_16_15_13_12_7_5_v101_17_8_4_v20_16_13_10_6_5_2_v22_21_18_16_15_11_9_8_5_4_v34_14_11_8_7_6_5_v22_16_6_2_v24_23_22_20_18_17_13_12_11_9_6_5_3_v69_25_24_12_7_5_3_1_v97_70_25_24_20_18_17_4_v111_67_27_23_18_12_9_8_2_v24_23_19_16_15_13_12_8_5_4_3_v27_25_16_13_4_3_v151_28_27_26_25_24_23_22_9_8_v93_31_29_28_27_8_7_1_v31_27_26_23_21_18_17_15_13_12_10_8_6_4_v29_24_20_17_15_v135_111_29_23_21_20_18_16_11_10_9_8_7_1_v31_28_26_21_18_17_16_13_12_8_6_2_v22_21_16_14_13_10_6_5_1_v54_34_31_30_28_24_22_20_13_10_6_4_2_v35_30_27_26_19_17_16_9_4_1_v,160,train,21
v1_v1_v2_v3_2_1_v4_3_2_1_v5_v6_5_4_1_v6_4_v8_7_5_2_1_v6_v9_6_2_1_v8_v13_5_4_2_v14_13_9_6_5_v11_7_5_4_3_2_v12_10_5_4_2_1_v17_6_3_2_v14_12_10_4_3_v18_17_14_12_11_10_9_4_2_1_v20_17_16_13_12_9_8_3_v15_13_8_7_5_3_2_1_v22_19_18_15_10_9_6_4_3_v15_14_12_10_5_4_vv1_v1_v2_v3_v5_4_v2_1_v1_v18_3_2_1_v6_3_2_v10_8_5_4_3_2_1_v7_v12_11_10_8_7_4_v5_1_v12_11_10_6_1_v31_14_10_6_1_v11_3_v15_9_7_4_2_1_v18_15_13_11_7_1_v25_19_14_13_12_9_8_7_6_3_1_v20_12_10_v17_16_14_12_7_6_5_v22_20_19_18_14_7_4_v23_18_17_15_12_1_v24_18_17_5_v35_vvv3_vv4_v5_v23_7_5_4_3_v4_v1_v10_9_v8_7_4_2_1_v8_5_4_2_v35_12_11_6_1_v9_8_3_1_v20_15_4_2_v15_9_1_v9_8_6_3_1_v28_7_6_4_v18_16_11_9_8_2_1_v18_15_14_10_v19_17_16_13_10_4_v21_20_16_6_5_4_2_1_v29_20_18_15_5_3_1_v20_19_18_17_4_2_v25_23_18_15_11_5_2_v22_18_15_12_11_8_7_6_3_v25_24_20_18_17_13_v25_20_19_17_16_14_12_11_v28_19_11_9_3_v42_29_28_23_21_14_7_6_5_4_1_v,80,train,18
vvvv3_1_v4_2_v6_2_1_v3_v7_6_v4_v7_5_2_v11_10_7_v11_9_7_4_1_v12_9_7_6_5_v14_13_9_7_4_3_2_v15_12_7_6_v14_v17_12_8_2_v17_9_7_6_5_4_3_v13_12_8_6_2_v19_18_17_16_15_11_10_4_v18_16_15_12_11_7_3_2_1_v16_4_v22_19_12_9_6_5_v19_17_16_15_3_v25_20_16_14_5_2_v25_23_22_21_14_10_7_3_1_v27_26_22_19_15_14_13_8_6_3_v26_23_21_19_11_8_6_5_4_v27_23_19_18_15_12_10_9_v29_21_15_6_v29_28_26_25_22_19_16_13_11_10_7_6_4_3_2_1_v27_23_22_21_20_17_13_12_8_6_v29_28_26_19_18_5_3_1_v33_32_28_22_21_20_16_11_10_6_2_v34_32_16_13_11_9_4_vvvv2_1_v30_v5_v14_1_v7_6_2_v5_v9_8_5_4_2_1_v9_8_7_6_5_v8_4_v10_9_3_v13_2_v49_13_10_9_4_1_v13_4_1_v15_12_9_5_2_v21_15_12_10_v14_11_10_8_1_v18_16_12_10_8_5_4_v16_15_11_10_v21_20_17_10_9_7_4_v22_20_19_17_12_10_7_5_v21_17_14_1_v23_22_19_18_15_14_11_9_8_6_5_4_2_v,61,train,71
v1_v1_v2_v3_2_vv2_v5_4_v8_7_vv8_5_3_v9_1_v12_10_9_7_v9_8_v12_7_6_v15_12_11_8_7_6_2_v16_13_6_2_1_v15_14_12_7_4_v15_13_12_10_6_3_2_v13_12_11_10_5_v19_17_16_15_14_12_10_7_v21_18_15_12_10_8_6_3_v22_20_9_8_7_4_v21_11_10_9_8_v20_18_17_10_v24_23_21_19_12_6_5_4_3_v21_18_16_12_11_9_8_3_2_v22_14_7_5_4_3_1_v20_19_18_17_16_15_9_4_3_1_v22_21_15_12_11_7_4_v28_26_20_19_17_13_7_3_2_v29_28_27_26_24_23_21_19_18_16_8_7_5_2_v29_28_26_24_22_14_9_8_4_3_v33_31_24_23_20_19_15_13_12_9_7_4_v34_32_30_28_20_19_12_9_7_5_4_3_v28_24_16_15_11_6_5_3_2_v24_17_15_14_13_5_v37_36_32_31_26_24_22_19_14_13_12_11_9_8_7_4_v38_35_32_29_23_20_16_13_10_9_8_5_2_vv40_35_v15_1_vv3_v3_v6_v29_v7_5_v9_2_v24_9_8_2_1_v11_10_6_4_v12_10_8_5_1_v8_v36_9_8_6_3_1_v15_8_7_6_3_1_v14_12_7_4_v30_14_13_10_6_2_1_v17_16_13_6_1_v16_13_11_7_v19_18_15_14_12_10_9_8_v17_16_15_12_11_6_3_1_v22_20_17_14_8_4_v18_9_6_1_v19_16_14_8_5_4_2_1_v21_20_19_15_13_12_10_8_5_3_v52_26_25_22_14_13_12_7_6_v27_23_19_18_16_15_14_9_8_v28_26_25_24_23_17_15_9_7_5_2_v44_29_22_13_7_6_4_v55_30_28_27_26_21_14_11_10_8_7_2_v26_24_21_19_15_5_1_v31_30_22_20_18_17_16_14_13_12_8_5_2_1_v48_33_29_27_23_22_20_18_14_11_10_6_5_v33_30_26_25_17_9_8_7_4_3_1_v35_vv1_v2_v54_4_2_1_v5_1_v27_4_3_2_v7_6_v8_7_2_vv7_1_v9_7_v86_69_12_v10_3_2_1_v13_12_5_v61_15_10_4_v15_v17_15_14_12_11_9_6_5_v86_11_8_5_v17_11_5_3_v13_10_7_2_v20_16_15_8_3_1_v79_21_19_18_17_15_14_13_9_6_4_2_v23_20_17_4_v20_17_16_15_14_7_5_4_1_v18_13_12_11_9_7_6_3_v22_19_18_17_15_14_13_12_11_7_5_4_v26_23_15_14_5_4_v27_23_19_17_13_11_7_4_3_2_v27_22_20_15_12_10_8_7_6_4_2_v28_27_24_23_18_15_13_12_9_8_6_1_v29_21_19_17_15_9_7_6_3_1_vv4_v70_v1_v36_v31_12_2_1_v5_1_v50_6_4_v41_5_3_2_1_v7_6_v70_9_7_6_2_1_v11_10_7_6_4_v10_9_6_3_v12_9_6_4_v47_33_13_10_9_6_5_4_3_1_v15_4_3_v90_40_15_14_8_5_v4_2_v109_16_8_7_1_v19_17_14_13_10_7_4_3_1_v30_19_12_11_8_7_v20_19_17_14_12_8_7_3_2_1_v31_22_18_16_14_12_4_3_2_v23_21_12_8_5_3_v18_17_15_11_9_2_v25_19_15_13_12_5_4_2_v23_20_16_15_14_3_1_v44_25_24_20_18_17_16_9_8_3_2_v48_28_27_26_25_19_17_15_5_1_v26_16_12_7_6_2_v27_25_23_22_21_15_12_10_6_3_2_1_v21_20_19_17_13_10_8_6_v,138,train,105
vvv3_2_v1_v5_3_v4_2_v7_v6_5_4_v6_5_1_v10_9_3_2_1_v11_9_v10_7_5_3_v10_8_1_v12_11_9_5_3_2_v11_5_4_1_v15_12_1_v17_15_6_v15_14_12_7_6_4_v19_11_3_1_v18_15_7_5_1_v21_17_13_10_9_8_5_3_1_v20_19_16_14_6_4_2_v17_16_13_10_vvvv3_vvvv29_4_2_v7_1_v9_v8_vv32_12_11_10_8_4_2_v9_6_1_v13_10_7_5_4_v15_3_v15_11_5_v11_10_7_5_3_2_v16_11_7_4_1_v17_12_9_v17_12_8_6_4_1_v12_10_9_6_v17_14_10_5_1_v21_12_10_9_8_5_3_v22_20_15_14_9_8_2_vv28_vvv2_v4_3_v3_v7_6_5_2_1_v3_v6_2_v8_7_6_5_4_1_v23_3_v9_7_v51_12_3_2_v11_10_9_4_3_v19_15_10_8_7_6_v16_14_12_9_7_v17_14_13_12_9_v10_8_3_v13_6_v19_15_12_11_10_5_4_v20_19_14_12_10_9_8_7_2_v51_18_16_15_14_11_10_9_8_v22_11_6_5_4_v16_15_13_7_v25_19_18_17_16_13_10_9_1_v71_25_23_21_14_9_7_6_4_2_v24_22_21_20_16_15_14_13_11_7_5_3_v24_23_22_21_18_17_13_6_3_v,78,train,48
vvv3_v4_3_vvv7_4_2_v5_v7_3_2_v8_7_1_v10_5_2_v7_2_v6_v14_13_3_2_v14_12_9_8_v14_13_3_v13_12_10_7_3_v14_7_4_v19_16_14_13_11_1_vv21_17_15_11_7_3_v21_13_12_8_7_4_1_v23_20_17_15_13_9_8_4_v22_16_12_11_10_8_6_5_v24_23_20_19_17_16_14_13_12_3_v23_14_11_6_5_v27_26_22_21_18_16_15_14_9_7_5_1_v28_14_13_7_5_4_1_v21_20_13_11_9_8_4_2_v30_28_24_13_12_6_4_3_v31_29_25_22_18_16_14_7_2_v32_31_28_26_25_24_23_17_12_8_7_v25_24_22_19_18_13_11_7_vvvv8_3_v4_3_v5_1_v23_3_v4_2_v5_v43_3_2_1_v9_3_v7_v9_6_5_3_2_1_v8_6_4_vv15_9_3_v34_16_15_11_9_4_3_2_1_v11_10_2_v18_17_10_7_2_v13_11_7_6_5_v19_18_17_16_13_12_10_7_6_3_v21_19_18_16_14_8_6_4_v16_14_6_3_2_v19_17_16_15_10_6_3_v23_18_11_8_1_v25_19_17_16_15_14_13_10_9_2_vvvv57_1_v3_2_v4_v4_1_v7_6_4_3_v5_1_v5_4_2_v5_4_v11_9_8_4_2_v12_9_6_4_v12_11_7_5_3_v11_9_7_6_3_1_v15_11_9_6_4_2_v16_13_10_2_v16_15_13_12_8_7_5_4_3_2_1_v71_56_17_13_11_3_2_v64_18_16_14_11_2_v41_20_16_13_12_6_4_v19_16_15_13_v76_21_17_16_15_11_1_v,83,train,38
v1_v1_v3_1_vv5_3_2_1_v3_v6_4_3_1_v7_6_5_v2_v7_4_v7_3_2_v6_4_v13_12_9_4_3_v13_8_v11_10_9_4_3_1_v14_13_10_3_1_v14_10_9_7_4_v18_14_9_2_v18_14_13_10_4_3_2_v13_11_8_7_5_v20_14_13_12_11_9_6_v20_16_15_14_11_6_4_v20_18_16_15_14_8_7_v20_9_5_2_1_v21_20_19_17_15_14_7_2_1_v26_24_23_20_15_12_10_9_8_7_4_v24_23_19_15_12_11_3_v24_16_13_12_10_5_4_2_v25_22_20_18_12_7_4_v30_29_27_25_23_20_14_5_1_v29_23_17_16_7_4_3_1_v32_31_29_21_19_16_13_11_7_1_v30_28_22_21_18_17_13_12_8_v33_32_29_20_19_13_12_6_4_3_v2_vvv3_2_v3_2_v3_v6_2_v7_6_1_v7_v12_8_5_v10_3_v18_14_10_8_6_v9_7_6_v6_4_2_v11_5_4_3_v21_13_10_4_3_1_v15_14_10_5_v16_7_5_v11_6_5_4_3_1_v10_7_6_2_1_v20_19_17_12_11_10_6_3_v21_17_15_9_8_1_v16_13_12_5_v20_16_14_11_10_8_v22_16_14_13_8_5_v21_15_14_7_3_v26_23_19_17_6_5_v50_26_25_22_20_18_9_5_3_2_v28_26_25_24_22_18_15_11_9_8_6_4_3_v27_18_17_15_14_10_9_8_5_3_2_v48_30_27_15_11_8_7_5_1_v26_25_14_13_12_8_7_5_4_2_v34_v1_vv2_v70_47_v3_2_v2_v4_2_v4_3_v9_7_6_4_1_v5_v11_9_8_4_v63_12_7_3_2_v66_5_2_1_v9_8_7_6_v16_15_8_6_3_v46_13_10_9_5_v13_10_9_8_6_4_3_v16_10_8_5_3_2_v53_19_15_12_11_7_5_1_v18_16_15_11_4_v17_7_5_3_v21_19_14_12_8_5_3_v22_21_20_18_17_15_14_12_7_4_1_v22_18_9_8_4_v25_23_22_19_18_14_12_5_4_v23_21_20_17_12_7_4_v35_24_23_20_17_8_7_5_v28_18_2_v28_25_17_15_13_3_vv31_1_v12_v100_v4_v1_vv3_v6_v8_7_3_2_v10_8_4_v7_6_4_v11_10_9_7_5_3_v12_11_9_8_7_v13_12_10_7_5_3_v10_5_4_v14_6_3_v16_15_13_9_1_v18_17_16_14_12_10_4_v104_13_8_6_v18_17_16_12_9_8_1_v58_21_20_17_14_13_8_5_4_3_2_1_v22_20_16_13_8_v23_17_15_10_8_4_v72_18_16_13_12_10_9_7_4_1_v26_24_19_17_14_8_7_6_5_1_v21_20_18_17_16_14_10_2_v102_44_21_17_14_12_9_6_4_v28_26_24_18_10_9_1_v75_29_28_27_26_25_24_19_18_16_15_12_10_9_8_v26_25_24_19_17_12_11_9_5_2_1_v27_13_4_3_1_v104_46_32_27_13_10_9_4_1_v32_31_27_26_25_24_20_19_14_9_vv68_vv3_v3_2_v135_5_3_vv6_v12_3_1_v125_4_2_v6_v115_22_9_6_5_v119_39_5_v13_10_v25_13_11_8_6_4_v15_13_v15_14_13_12_11_9_3_v106_15_13_11_9_6_4_1_v17_14_12_8_5_1_v14_13_1_v20_18_17_15_14_12_11_5_4_v17_14_11_10_9_6_5_1_v22_21_20_19_14_7_6_5_v135_126_20_16_10_9_4_v24_18_13_8_6_5_4_3_2_v86_25_24_19_8_7_5_3_v23_22_21_17_15_5_4_v131_27_26_19_15_2_1_v26_24_23_22_14_12_7_5_1_v26_22_20_16_15_10_9_7_6_5_v28_26_23_19_17_13_8_6_5_4_v65_34_30_28_26_25_24_19_16_6_v32_28_25_21_19_18_16_13_7_5_1_v86_31_30_29_24_23_22_20_17_16_10_8_7_v33_24_23_19_17_13_11_10_8_3_1_v34_33_32_27_25_23_22_20_19_18_13_10_7_6_4_v,167,test,32
vv2_1_v1_vv5_4_1_v6_4_2_1_v4_v5_2_v3_v7_2_v11_8_6_3_v9_8_1_v13_12_9_5_3_v10_4_v9_4_2_1_v13_6_2_1_v13_12_11_7_5_4_3_2_v18_15_14_13_10_9_v19_13_12_10_9_7_4_3_1_v19_18_5_1_v21_20_18_17_12_11_9_3_1_v22_21_19_18_14_8_3_v23_22_18_16_12_3_v14_10_7_6_5_4_3_1_v25_22_21_14_13_10_9_v24_22_19_18_6_v6_2_v26_24_23_18_17_16_15_13_10_9_6_4_2_v27_24_23_20_17_14_9_8_5_v26_25_24_23_19_17_15_13_7_v24_16_14_13_10_7_6_4_3_vvv1_v3_v27_3_vv6_4_1_v14_v7_6_4_v28_8_7_v7_6_v11_8_v3_v11_9_3_1_v14_11_10_4_3_2_v15_12_10_9_4_v14_12_10_9_5_3_v14_12_6_4_3_v18_16_5_3_v15_13_12_10_8_7_2_v20_10_4_2_v15_10_5_v18_15_13_12_8_6_v23_19_13_9_6_2_1_v20_19_15_12_11_5_4_3_v25_23_18_17_16_14_4_3_v25_23_16_15_14_11_8_4_3_v41_27_26_24_20_18_17_15_9_8_2_v28_22_21_20_19_18_16_12_11_4_1_v23_21_15_12_11_10_6_5_4_3_2_v30_28_26_24_23_21_20_15_14_13_10_5_2_v31_29_25_24_21_16_11_10_6_4_3_v31_26_23_18_17_13_5_3_v35_31_30_29_27_26_24_19_18_16_11_9_8_6_2_v65_34_31_29_28_27_24_23_22_20_17_11_8_6_5_v34_33_30_28_26_25_23_21_20_15_14_13_12_9_7_3_1_vv68_v41_23_vv3_2_vv55_25_v38_7_2_v8_6_5_4_1_v71_9_8_7_5_2_v50_23_10_7_5_3_1_v43_9_5_4_v12_11_10_9_4_1_v26_7_v13_11_10_7_5_3_v13_12_8_6_4_1_v16_14_13_7_6_v16_13_11_7_v18_15_7_3_v15_13_10_9_8_5_3_1_v19_18_14_11_9_8_v23_21_17_14_13_12_11_9_7_5_4_3_1_v80_54_11_v84_v1_v47_39_2_v3_v4_3_v70_4_3_v2_v93_7_6_4_v5_4_3_v66_7_2_v86_11_6_5_4_1_v92_9_8_7_4_3_2_v11_6_v12_v14_7_2_v12_4_v15_13_11_5_v15_14_13_9_8_4_1_v71_18_4_v23_19_15_14_12_10_9_5_3_2_1_v97_20_16_15_14_12_8_6_5_4_3_v18_16_14_11_10_7_vv55_vv71_v53_4_2_v2_1_v5_4_v96_23_6_5_2_1_v5_4_3_1_v117_8_7_6_2_v10_7_v110_3_2_v59_v95_5_3_v85_44_10_1_v84_15_14_13_12_11_9_4_v115_108_16_14_10_2_v101_14_12_8_5_4_v16_13_10_7_3_v19_12_8_7_6_5_2_v94_20_17_16_9_8_5_4_3_v62_21_20_19_17_14_13_11_6_v17_13_5_1_v98_60_18_17_15_14_12_10_6_5_3_1_v44_24_22_17_14_12_3_2_v25_23_17_13_10_8_3_v25_19_18_16_12_8_7_5_3_v19_16_10_8_4_2_1_v112_24_23_19_15_13_12_10_9_6_5_2_v29_20_14_10_6_3_1_v80_35_26_25_20_19_13_11_10_4_2_v30_29_28_20_15_13_12_11_6_2_v29_28_21_15_14_9_8_6_5_4_3_v24_21_18_15_12_7_4_3_v,147,test,11
v1_v2_vv2_1_v5_v4_1_v1_v7_6_4_3_2_v6_2_v10_9_8_3_v7_6_4_1_v12_9_8_7_1_v8_v13_12_11_10_9_4_3_v13_8_6_5_v15_13_11_7_2_v17_15_12_7_v16_15_13_10_5_4_3_v19_15_14_11_9_6_v20_13_v19_18_14_12_6_5_v22_19_17_16_15_11_8_6_2_v23_21_17_15_14_7_5_3_2_1_v24_22_21_18_15_8_v24_21_20_19_18_17_16_12_11_9_3_v16_vv1_vvv2_v1_v3_2_v8_3_1_v7_6_2_v19_10_5_v10_9_5_2_v11_9_5_1_v12_10_8_7_6_4_3_v14_11_10_6_5_3_1_v14_12_7_1_v16_14_13_12_11_9_8_4_2_v17_13_10_8_7_1_v15_14_13_12_11_9_5_v34_18_12_10_8_4_2_1_v20_13_10_4_3_vvvv50_2_1_v2_vv18_6_2_v3_v28_6_4_v6_v5_2_v9_7_4_1_v17_11_9_6_2_v27_12_11_9_8_7_6_3_v6_4_2_v17_11_10_5_v16_15_13_12_10_7_4_3_v38_34_16_15_14_13_5_v26_16_15_14_12_10_8_7_4_v19_15_14_13_7_3_1_v19_18_17_14_13_9_8_5_v18_12_9_6_v16_12_11_9_4_v,70,train,8
vv2_vvv3_vv4_2_v7_5_1_v9_5_4_v7_3_v11_7_3_v12_9_6_3_2_1_v13_2_1_v10_8_1_v14_9_8_1_v16_12_10_9_7_6_5_3_v17_8_v15_14_8_7_4_1_v18_9_8_2_v20_19_14_12_11_10_5_v17_14_8_6_3_v22_21_20_10_8_4_v22_18_17_14_13_11_9_6_4_v24_22_21_10_9_vvvvv4_3_1_vv5_v7_3_v6_3_v7_5_v33_3_v11_9_8_5_1_v12_11_10_6_2_v12_11_9_v14_13_12_2_v15_13_6_5_2_v16_v17_13_9_5_v17_12_8_6_5_v19_17_15_14_6_3_1_v20_19_17_9_4_v16_12_10_5_v21_18_9_6_v20_13_12_10_5_2_v23_22_21_20_7_5_4_3_v17_16_11_9_8_vv30_v2_v2_vv30_3_2_v4_v4_3_2_v4_v2_1_v9_3_v7_6_3_1_v12_10_3_v40_8_6_3_v14_12_7_6_2_v9_8_v16_15_14_13_10_8_7_4_2_v63_17_8_4_2_v18_12_11_5_v19_18_17_14_10_8_5_4_2_v38_20_19_16_10_5_4_3_2_1_v21_19_17_11_6_5_4_2_vv49_18_1_v40_v33_27_1_v36_20_4_v3_2_v5_1_v63_4_2_v6_5_4_3_1_v3_1_v49_14_8_4_v4_2_v80_53_9_6_5_1_v67_10_4_3_2_v12_11_5_4_v7_2_v38_14_5_v8_v29_16_12_11_1_v19_17_14_12_3_1_v56_20_12_3_v19_13_12_10_6_4_v22_13_11_10_v23_22_20_18_17_12_v21_20_10_5_4_v24_23_22_19_16_9_6_1_v,99,train,47
v1_v1_vv4_2_v2_v6_4_v5_2_v5_v9_6_4_v6_4_v11_9_6_v2_v6_2_1_v14_12_10_7_6_5_3_2_1_v15_12_8_1_v15_13_v13_10_5_3_2_v16_14_13_12_6_4_v16_14_13_9_8_7_4_3_2_v20_18_15_14_12_10_7_v19_18_16_5_3_2_v22_19_9_8_5_4_1_v17_4_v23_20_18_14_13_12_6_3_2_v20_19_16_10_9_8_6_3_v26_24_18_17_15_14_13_11_4_v25_24_22_16_13_10_6_4_3_2_v28_27_26_25_18_17_16_14_9_7_4_v29_24_19_18_13_6_5_4_3_vvv2_1_vv8_v2_v6_2_1_v6_v7_3_v9_8_5_4_1_v27_23_9_8_v8_4_2_v10_9_8_7_5_3_1_v10_9_4_3_2_v30_21_14_10_8_4_v14_11_4_v15_14_10_6_5_4_3_v15_14_10_8_7_6_5_4_2_v15_13_11_9_7_6_5_v17_15_14_12_v20_18_15_14_13_7_3_v18_14_8_6_2_v20_12_11_5_3_v21_20_18_11_8_7_4_3_v22_21_16_15_8_3_1_v24_23_19_17_16_14_13_11_7_1_v25_24_20_19_17_5_v28_26_22_14_12_10_8_6_v25_23_19_13_1_vv50_1_v1_v2_vv5_4_3_v61_4_vv8_4_v28_9_7_2_1_v45_9_6_v4_1_v9_8_7_6_5_3_v20_12_9_8_7_6_2_v12_9_4_v14_11_8_7_4_v8_6_1_v57_15_13_12_11_6_3_2_v22_18_14_12_8_2_v19_18_17_14_10_6_v20_15_9_6_3_2_v21_13_10_9_7_6_4_2_1_v22_18_17_16_14_11_4_3_2_v46_22_21_20_19_12_2_v50_20_19_18_14_11_7_6_1_v20_18_15_14_10_9_v47_31_26_23_21_19_18_17_14_12_11_9_4_3_v27_25_24_22_19_13_12_6_5_1_v27_24_21_20_19_17_14_10_3_v29_26_20_19_18_14_13_12_10_1_v51_28_26_25_22_15_14_12_11_10_8_4_2_v22_21_18_17_15_13_9_6_5_4_1_v,91,train,14
v1_v2_v2_vv4_v4_2_v5_4_v7_5_v8_4_3_v10_7_v11_10_5_2_1_v12_11_7_v9_4_v14_10_6_5_2_v12_9_v14_9_8_6_4_1_v12_7_2_v13_11_10_2_1_v15_14_10_6_2_v20_14_12_10_5_4_2_vvvv3_v4_2_v4_2_v6_3_2_v5_3_1_v7_5_3_1_v6_v9_7_6_v9_v12_9_7_6_v9_6_4_v12_11_8_5_4_v15_11_10_9_6_5_3_1_v16_13_12_7_5_v16_12_7_6_4_v18_15_11_7_6_2_v16_14_11_9_7_6_v31_18_14_9_v38_21_20_9_5_3_2_v22_18_17_5_4_2_v23_18_15_8_v17_16_15_14_11_9_6_4_3_2_1_v22_21_20_19_18_16_15_12_3_1_v24_3_v20_19_18_16_14_13_9_6_3_v28_27_25_24_8_3_1_v26_23_22_21_20_17_14_7_4_2_v28_25_21_20_19_16_7_3_1_v31_26_23_20_17_14_7_5_3_2_v30_24_22_16_11_10_8_6_5_4_3_2_v52_28_27_20_16_15_v26_23_19_17_11_5_v34_26_23_21_14_11_6_1_v36_34_33_32_30_27_24_14_8_4_v31_29_27_26_21_17_12_11_10_9_1_v38_35_34_32_27_24_23_22_16_15_11_9_7_5_4_2_1_v,60,test,39
v1_v2_vv4_v1_v3_2_1_vv2_1_v6_v10_6_4_2_1_v7_3_1_v11_6_v12_10_8_2_v13_7_6_5_v15_10_5_v15_14_13_10_8_3_2_v13_12_11_8_7_v18_17_14_12_3_2_v18_15_13_10_6_5_1_v18_17_9_5_3_1_v12_11_8_6_v18_17_13_11_10_7_1_v13_4_v21_13_6_v23_21_19_18_16_12_6_vvv2_1_v28_11_2_v2_v5_4_2_1_v5_v4_3_1_v5_v9_7_4_v8_7_2_v10_9_7_4_v12_11_2_v8_4_2_1_v14_9_8_2_v10_8_6_5_3_2_v23_14_11_8_6_v17_11_7_3_v18_16_15_14_11_10_6_4_v19_15_14_9_1_v21_20_9_6_1_v15_13_4_3_1_v45_18_13_12_8_5_4_3_v23_17_16_10_7_4_v49_24_17_9_8_6_2_1_v25_22_16_13_5_4_2_v25_7_v27_26_23_15_10_9_6_2_v25_24_20_5_2_v29_27_23_20_17_15_14_13_12_10_3_1_v39_30_22_16_9_2_1_v30_26_25_24_12_11_8_5_4_3_2_v29_24_7_2_v29_26_25_24_21_17_13_7_4_3_2_1_v33_32_29_26_8_3_1_v35_31_29_26_21_19_5_1_v34_32_30_21_19_8_6_v43_37_35_34_32_24_23_18_17_13_8_5_4_1_vv7_1_v57_v62_3_1_v6_2_v2_v6_4_vv7_v4_2_1_vv63_11_4_3_v32_10_3_2_v12_11_4_v13_10_4_1_v12_9_8_7_5_2_1_v14_12_11_2_v15_11_7_v17_14_8_5_1_v17_16_13_11_8_3_1_v84_10_7_6_5_4_2_1_v17_16_15_13_12_9_3_2_v15_12_9_8_7_v38_20_18_17_16_12_6_1_v24_22_21_19_11_v29_24_23_22_20_18_16_15_6_v22_10_3_2_1_v68_27_24_23_21_19_16_15_14_13_10_8_v40_26_21_19_16_15_12_10_9_8_7_6_5_3_v22_8_7_v28_26_23_22_21_19_15_14_12_10_8_7_6_3_1_v95_28_18_17_16_15_12_11_8_7_4_v32_31_30_28_27_18_17_11_10_1_v31_30_27_24_23_20_19_17_16_13_11_7_5_4_v32_31_30_28_23_20_19_18_17_16_15_8_3_2_1_v33_32_30_28_27_26_20_18_13_7_4_v33_31_29_23_21_20_19_4_v37_35_30_18_15_11_6_4_3_vv52_v2_v11_v3_v5_4_3_v31_3_v6_2_v39_7_6_3_v77_8_5_3_1_v10_9_2_v11_6_5_4_1_v42_11_10_7_6_4_2_v12_11_10_9_7_3_v20_10_8_5_v74_54_37_14_12_8_4_3_2_1_v15_5_3_2_v110_17_12_11_10_7_5_2_v18_15_14_10_8_7_3_v16_15_9_5_4_v17_16_14_10_1_v67_19_17_13_11_2_1_v21_20_16_7_6_5_4_3_2_1_v23_21_17_16_15_8_7_5_v72_24_16_9_8_7_1_v59_23_21_18_16_12_3_v72_26_24_23_22_21_15_4_v23_21_20_17_16_10_9_7_v22_16_11_9_8_2_1_v26_23_16_15_14_5_4_3_2_v30_26_24_23_22_20_18_15_10_v132_50_30_25_23_21_20_19_12_10_9_8_2_v36_27_25_20_14_10_8_6_v,135,train,113
vvv2_vv4_v5_v2_v3_1_v7_6_5_1_v4_v8_7_6_v11_6_1_v11_9_7_6_5_1_v11_9_7_4_1_v15_13_4_v11_8_7_5_3_v16_9_2_1_v15_13_9_8_4_v19_15_14_11_10_8_2_v15_8_5_4_2_v15_12_8_2_v22_21_19_14_13_8_7_4_v19_11_7_6_2_v23_17_14_11_9_4_2_v19_16_15_13_7_4_3_2_v24_23_22_17_8_5_4_v24_18_17_15_8_6_4_v25_24_11_8_7_5_2_v23_18_17_16_13_8_7_6_5_3_v30_29_28_26_24_23_21_18_14_13_9_8_6_5_3_1_v28_27_24_21_14_11_10_8_7_6_1_v32_31_29_23_22_21_15_11_10_7_3_v32_25_21_20_17_16_14_12_11_9_7_3_1_v32_31_30_21_18_10_6_4_v35_33_24_19_18_13_10_4_3_1_v36_32_23_22_19_18_13_11_6_5_2_1_v37_35_28_27_26_24_23_22_21_18_16_12_11_9_8_6_4_1_v30_29_25_17_14_11_8_2_1_vv1_vv3_2_v18_4_v4_v6_5_v7_v2_1_v32_9_8_7_6_3_v41_8_6_5_v10_5_2_1_v11_7_v52_5_3_1_v11_8_4_2_v27_8_5_1_v10_8_5_v17_11_8_3_1_v22_9_7_2_1_v51_19_15_9_5_3_v20_17_15_13_8_v55_34_14_12_11_9_6_5_1_v48_16_10_9_8_7_5_v21_18_13_11_10_7_v18_14_10_9_1_v24_22_21_19_15_12_11_3_2_1_v11_4_1_v27_25_20_18_2_1_v23_17_13_11_7_6_4_1_v27_25_23_17_15_10_9_v21_16_11_10_6_4_3_2_v46_38_29_28_18_16_14_12_9_8_4_v31_29_22_15_14_11_10_9_8_2_1_v32_30_29_27_21_16_8_6_v,73,val,26
vvv2_v3_v5_3_v5_v7_2_v8_5_2_v9_4_2_v10_8_2_v6_2_1_v12_10_4_2_v11_9_7_2_v11_10_9_4_3_v13_12_10_8_7_3_1_v13_11_10_7_6_5_1_v15_13_10_7_4_v16_13_10_9_7_6_4_2_1_v18_12_9_3_2_v18_16_13_10_8_7_5_2_v14_11_10_v22_19_18_15_12_10_7_v23_18_15_11_9_8_6_v24_21_20_17_14_12_11_10_8_7_5_2_1_v25_23_17_16_13_v24_22_19_17_9_1_v26_25_18_16_15_14_8_6_5_v28_25_12_11_5_v29_25_21_17_13_10_v28_23_22_17_13_12_4_v31_30_27_25_19_13_10_7_3_v32_29_27_26_21_16_13_12_6_2_vv20_1_v1_v2_1_v7_3_2_vvv5_1_v8_4_3_1_v9_8_2_1_v26_10_6_5_3_2_v5_4_1_v11_9_8_7_4_v7_6_3_2_v13_8_7_5_2_v13_v33_13_v5_3_v14_13_12_7_4_v22_19_16_11_5_3_2_1_v19_17_16_13_12_8_7_v18_15_12_9_7_4_1_v36_18_15_v20_18_16_14_11_8_2_v20_19_17_13_12_11_9_4_3_v25_24_22_16_15_13_10_4_v25_24_21_16_12_9_3_1_v24_20_12_10_8_6_vv1_v1_v27_3_1_v39_4_3_1_v4_vv4_2_1_v7_6_5_3_v8_6_1_vv5_2_v12_8_5_2_v12_9_5_2_v14_12_8_1_v9_1_v16_15_10_7_6_4_v15_10_9_4_3_v15_13_8_7_2_v12_11_10_5_4_2_1_v62_20_19_18_17_15_14_12_11_6_2_1_v20_6_4_3_1_v18_17_12_10_9_v18_17_13_6_5_v24_22_21_20_18_16_11_7_6_4_v32_8_6_2_v26_21_18_15_14_5_3_1_v26_21_18_15_14_13_12_10_2_v24_23_21_13_12_2_v22_18_14_9_4_v23_21_18_8_4_3_2_v58_24_23_21_19_15_14_13_12_v31_29_24_23_21_18_13_11_10_8_5_4_3_2_1_v33_32_24_22_14_10_8_7_6_vv62_vv42_3_v3_2_v2_1_v68_6_5_1_v6_vv6_v8_7_4_3_v11_9_7_1_v43_12_v66_41_24_13_12_8_2_v25_13_8_5_1_v15_11_10_v93_13_10_9_7_5_1_v12_5_v18_16_15_7_1_v25_12_9_6_5_4_2_v54_28_18_16_15_12_10_8_4_vvv111_v58_v1_v99_v5_2_v1_v6_5_2_1_v67_41_6_2_1_v8_6_3_v8_6_5_1_v85_12_11_10_9_8_7_2_v78_12_7_6_3_v96_14_13_6_2_1_v63_15_14_5_4_v13_10_8_6_v12_11_3_1_v16_3_1_v15_14_13_11_7_4_v17_15_13_6_3_2_1_v21_15_11_v92_22_21_19_15_14_13_11_8_7_v,139,train,111
vv2_v3_2_vv5_2_v3_v2_v7_4_2_v7_vv11_8_5_1_v12_11_10_8_6_2_v11_7_3_v5_4_2_v13_11_10_v4_2_v16_13_9_7_6_v18_15_8_5_4_v17_12_6_v19_10_8_v21_12_9_7_5_3_1_v22_21_20_11_7_6_4_v18_14_5_3_v22_17_16_8_5_1_v23_22_20_11_9_8_2_v26_25_19_18_14_12_8_4_3_v27_26_23_21_16_15_12_10_9_5_4_2_1_v26_23_21_19_15_10_8_2_v25_23_22_18_16_15_2_v24_19_18_16_15_12_8_v30_29_27_24_22_21_16_15_11_4_3_v30_29_27_18_15_13_12_7_2_v33_32_31_30_27_22_14_13_10_9_5_4_v26_23_22_17_14_9_5_3_v35_31_30_16_14_13_12_11_6_2_v33_30_28_26_23_20_19_18_16_15_14_13_12_11_9_8_3_1_v37_32_29_28_26_22_21_14_13_12_10_9_4_v38_35_31_28_27_24_18_16_10_7_1_vv1_vvv4_3_1_v1_v4_2_v6_5_v29_24_8_6_v5_4_1_v4_3_1_v10_9_7_6_4_3_1_v12_11_7_3_v33_11_6_v14_11_8_3_2_v15_8_7_v11_5_v13_11_8_2_v18_10_9_v19_11_1_v15_14_13_12_8_6_4_2_v21_17_9_8_7_4_1_v21_20_15_12_11_7_v23_20_19_9_8_5_4_3_2_v24_19_11_10_8_5_3_v23_22_19_14_13_10_6_5_v24_22_20_16_14_12_7_5_2_v21_20_14_13_9_7_5_v28_27_20_19_15_12_6_v29_17_12_6_5_2_1_v28_18_17_6_5_v28_26_23_20_17_10_9_3_v28_23_21_18_16_9_5_1_v33_25_24_23_22_11_3_1_v40_34_29_27_21_15_2_1_v34_31_30_29_27_26_20_16_15_10_8_6_3_vv1_vv1_v1_v2_1_vv57_4_v38_4_1_v1_v10_7_v11_4_3_v71_51_49_12_5_2_1_v9_6_3_v14_10_9_7_2_1_v31_v69_16_8_6_v17_14_12_8_1_v16_14_8_2_v23_16_14_9_8_2_v20_15_4_3_v19_15_12_6_v,97,val,25
vv1_v2_vv3_v6_4_vv8_2_1_v9_8_7_5_3_2_1_v10_8_7_4_v11_5_2_v12_5_3_v10_9_4_3_v13_11_6_3_v15_13_12_9_1_v9_8_7_5_1_v14_12_2_v17_14_13_10_9_7_1_v16_14_7_5_vvvvv4_2_1_v5_1_v3_1_v18_6_5_1_v8_2_v6_3_v10_8_2_v11_10_8_3_1_v7_4_3_v7_6_4_v12_v13_12_9_6_5_3_v12_10_7_5_v17_10_8_7_6_v17_16_14_13_12_11_9_6_4_1_v19_18_17_16_15_10_7_6_v15_11_v21_19_14_8_7_4_2_v22_19_18_16_12_v21_20_18_14_11_6_5_1_v23_18_17_14_12_10_8_7_3_v21_15_13_6_2_1_v21_16_15_10_9_7_5_2_1_v26_25_24_23_15_14_11_9_8_7_5_4_2_v28_25_23_21_18_14_13_11_10_9_6_5_4_v21_20_16_15_12_11_8_5_1_v30_29_28_25_23_13_11_8_7_v30_28_25_24_21_19_18_17_14_10_9_8_6_3_2_v32_28_20_19_13_10_5_4_2_v33_30_26_25_17_12_11_9_8_5_v30_25_22_12_10_9_6_3_v30_20_19_18_17_16_15_13_10_7_6_v33_30_28_26_18_12_8_6_5_3_v36_32_30_28_19_18_14_3_2_v37_36_31_29_27_21_20_15_11_8_7_6_5_2_vvvvv3_v43_39_5_v3_v7_5_4_v7_4_3_2_v45_7_6_3_v52_10_7_6_v10_v10_8_4_2_v9_2_v11_6_2_v15_9_1_v16_11_3_v17_15_13_5_3_2_v10_9_5_v7_1_v16_15_14_12_4_v44_19_15_12_8_6_v22_18_17_15_10_9_3_v22_18_15_14_12_10_8_7_5_4_2_v24_21_20_19_13_6_4_1_v,84,train,112
vvvv4_v1_v5_3_vv8_7_4_v7_4_3_1_v8_6_5_2_v11_10_9_6_v10_9_v13_11_10_8_6_v11_8_6_4_3_v15_9_8_v13_12_11_10_9_8_v15_14_10_4_3_v14_8_7_5_4_3_2_v17_16_11_10_6_5_3_v19_13_11_8_7_6_5_2_v19_17_14_8_7_5_3_2_1_v18_13_10_7_4_1_v19_15_9_3_2_v23_21_20_17_16_15_13_10_4_1_v17_13_11_7_5_3_v26_16_14_8_7_5_v27_26_23_20_19_16_9_8_v27_26_23_21_20_19_17_14_7_6_4_v22_16_11_10_5_3_v27_26_24_21_19_15_14_4_2_v30_25_22_21_20_12_10_7_v25_22_21_17_15_12_10_9_7_6_5_v33_32_31_30_23_16_12_4_v32_30_26_22_19_16_12_8_7_2_1_vv1_vv9_3_vv3_v4_3_v6_v6_3_v9_3_v10_7_6_4_3_v11_10_7_5_v4_2_v12_10_5_v10_8_v14_10_1_v13_11_8_4_2_v32_16_14_13_12_9_8_5_v17_16_14_10_9_5_1_v19_13_9_6_1_v20_10_6_5_2_1_v18_10_9_5_1_v22_21_15_13_5_2_v45_19_17_15_11_9_5_2_1_v19_18_14_13_9_8_4_1_v25_19_18_16_13_12_6_3_vv1_v2_v3_v4_2_1_vvv6_1_v36_3_v60_36_8_5_2_v10_2_v11_5_v12_7_6_4_2_1_v12_10_9_8_v52_6_3_v40_14_12_v13_11_10_9_7_v27_10_8_4_v58_40_18_14_7_3_2_v17_11_10_6_v12_11_10_4_v32_19_16_13_12_11_10_4_2_v53_22_10_v23_22_16_14_12_11_8_7_2_1_v76_24_19_18_7_6_4_2_1_v25_24_22_20_16_15_5_vv1_v32_vv3_v3_2_1_v5_3_2_vv7_4_3_2_v47_v78_7_6_5_v36_32_21_5_v12_9_4_v10_6_5_4_2_v63_11_6_5_4_v59_6_v56_16_15_7_1_v16_12_8_6_v18_16_14_5_4_1_v15_14_v20_15_13_12_8_6_4_v18_17_16_11_8_7_3_v22_21_18_10_8_4_v22_20_18_17_16_15_13_12_8_6_2_v23_22_20_13_10_4_v70_29_19_16_15_14_12_8_7_v,113,val,3
v1_vv2_1_v3_2_vv5_3_v6_v8_5_2_v3_v9_8_4_v10_8_6_5_3_2_v12_9_3_2_v10_7_v12_11_8_6_5_v14_13_6_v16_14_10_9_2_1_v13_10_4_3_v18_15_12_11_7_5_3_1_v18_16_13_12_11_6_5_3_v20_18_17_12_9_8_7_3_v13_6_2_v22_21_20_19_16_14_13_12_10_5_4_2_1_v20_18_11_10_9_5_2_v24_17_12_7_6_v17_14_9_8_6_5_v26_17_13_7_v27_25_21_20_17_9_5_3_v25_23_19_18_17_12_9_6_2_1_v26_25_23_20_17_13_7_4_2_v27_26_22_19_15_10_2_1_v26_24_22_21_18_13_12_v28_27_26_25_24_21_16_11_10_7_4_v32_30_29_28_25_22_20_19_16_14_12_8_4_v34_32_31_27_25_21_20_18_17_10_6_5_4_v35_28_26_24_13_10_4_v35_33_32_21_20_19_14_11_7_v35_vv1_v3_2_v3_vv3_v7_4_3_v2_v3_1_v10_7_5_v9_8_4_2_v41_12_8_5_2_1_v34_12_10_8_2_v12_10_9_2_v13_12_8_3_v15_13_9_8_3_v17_14_11_10_9_v18_17_2_v17_16_13_11_10_9_1_v20_18_16_13_11_10_2_v20_17_16_13_9_8_6_5_v19_16_12_5_v20_15_5_4_3_v17_9_2_v23_22_16_14_10_9_5_v26_24_23_22_21_15_12_7_6_1_v25_22_19_16_14_12_11_8_3_1_v34_28_24_22_19_17_15_13_11_4_3_2_v29_28_18_15_3_1_v41_30_26_19_17_13_10_8_7_4_v34_27_26_16_13_10_7_v28_27_23_19_16_v67_31_30_23_22_13_12_7_2_v70_52_33_31_30_28_23_22_19_18_11_10_6_5_4_3_v34_31_30_29_24_22_18_17_14_11_10_v,73,val,22
vvvv4_3_1_v4_3_1_v5_4_1_v2_v8_6_5_4_1_v6_5_4_1_v10_8_3_2_v11_8_6_2_1_v10_7_5_2_1_v4_2_v13_8_5_3_2_v14_13_12_10_9_7_6_3_2_v9_8_6_5_4_3_v17_9_4_3_v11_8_7_2_v14_6_4_2_v20_19_13_8_6_2_1_v19_18_17_13_11_9_7_4_v21_19_18_17_15_14_5_3_2_v19_18_14_12_10_9_2_1_v22_21_19_13_8_6_5_4_3_v21_17_16_13_v24_21_20_17_16_10_7_5_3_v26_20_15_14_13_8_7_6_5_2_1_v26_21_18_17_8_v29_22_19_9_8_7_6_v26_24_21_20_15_9_8_5_4_v31_30_27_26_23_22_21_20_15_12_10_9_4_v29_24_22_15_10_7_6_5_v25_24_20_17_16_13_12_11_10_1_v31_29_23_21_15_3_v35_28_23_22_20_13_6_3_2_v28_27_26_23_22_21_15_14_7_6_2_v36_33_21_13_10_7_5_3_v32_30_29_27_22_21_12_2_v39_37_36_34_32_29_26_23_22_19_12_11_7_2_v18_v1_v2_1_v11_3_2_1_v3_vv3_v7_6_4_1_v42_10_8_7_2_v6_5_2_1_v10_7_1_v36_8_1_v9_6_v51_13_8_7_6_5_3_2_v13_11_10_8_4_v15_14_11_8_6_5_v33_14_9_2_v30_14_13_12_5_4_3_v15_v31_14_9_7_4_3_v6_v20_19_18_17_15_12_11_v29_22_21_19_16_14_8_3_v23_22_21_16_14_13_12_11_10_7_v62_21_13_10_9_8_5_3_2_v21_20_18_10_7_5_4_3_1_v15_10_8_6_1_v25_24_22_18_16_15_10_8_2_1_v28_26_23_17_16_15_13_9_v29_27_24_19_16_15_14_13_11_9_2_v42_vv2_1_vv2_v3_1_v4_3_2_v7_6_3_1_v17_8_7_5_1_v68_8_7_4_1_v10_8_6_5_3_2_v11_8_5_4_v28_12_10_9_6_2_v7_3_1_v14_12_8_2_v12_9_4_2_v11_9_7_2_1_v13_10_8_v17_14_9_7_5_3_1_v84_51_18_14_9_6_4_v18_16_11_7_6_vv80_45_v2_1_v2_v79_v14_4_v45_4_2_v7_v5_v10_9_6_2_1_v9_5_3_v94_11_8_1_v21_12_11_8_7_5_4_3_v77_43_34_8_7_2_v91_14_11_10_8_7_6_1_v12_7_3_v16_15_14_11_6_2_v69_17_16_13_12_7_6_3_v107_93_11_9_7_1_v19_17_11_5_1_v30_19_18_17_15_14_13_12_9_8_6_5_v18_12_11_5_v16_15_14_7_3_v44_22_18_17_15_14_11_4_1_v13_5_4_3_v21_18_12_5_v23_22_19_16_12_7_6_2_1_v24_23_21_12_10_9_7_4_3_v26_21_20_16_15_14_9_2_v27_22_19_16_15_11_10_v25_20_16_14_6_5_v26_23_21_20_19_17_14_13_12_11_9_6_5_1_v31_28_26_25_24_21_17_14_13_9_7_v32_29_28_27_25_24_18_12_10_v6_vvv1_vv7_1_v4_3_2_v6_5_4_1_v51_7_5_1_v97_8_7_3_v10_8_6_v9_7_6_5_2_1_v12_11_6_4_3_2_v8_v14_13_12_4_2_v41_8_6_v12_11_9_3_v15_12_10_4_1_v17_11_2_v134_17_16_13_8_6_3_2_1_v17_13_12_8_7_1_v21_14_13_11_9_3_v20_19_18_14_13_9_6_4_v39_23_22_19_11_4_3_v145_20_19_18_16_10_4_v25_24_23_20_14_10_8_6_5_2_v23_14_13_10_8_5_3_v152_27_17_14_13_10_9_7_6_4_3_1_v37_19_18_13_7_5_4_3_v138_26_18_15_12_1_v29_26_20_19_7_5_2_v30_26_23_18_14_11_9_7_2_v,157,test,38
vv2_v3_v4_vv6_4_3_2_v6_2_vv8_4_v4_v7_4_1_v10_5_v11_8_6_5_v14_12_6_3_2_1_v14_13_9_8_7_6_3_1_v15_14_11_3_v15_11_5_2_v15_12_10_9_8_5_v19_18_10_8_4_v11_8_6_2_v20_18_11_10_8_7_6_v20_19_6_2_1_v22_19_15_11_10_8_7_6_5_3_v22_21_18_15_10_8_2_1_v23_21_20_19_18_15_14_12_10_7_4_2_1_v25_24_21_20_16_12_9_7_3_1_v24_22_20_19_18_14_13_11_10_8_7_v28_27_26_21_20_18_17_16_14_13_12_10_7_6_3_v29_28_27_20_15_14_13_12_10_7_6_2_1_v30_29_26_23_19_16_3_1_v23_19_17_14_11_9_1_v25_18_7_5_4_vvvv22_v4_v4_3_2_1_vvv7_6_1_v8_5_2_v9_6_4_1_v10_7_6_3_1_v8_7_3_v10_7_6_3_2_v6_1_v13_10_8_v10_4_v13_10_4_3_v17_16_12_9_5_4_3_v14_13_9_8_5_2_v20_11_10_9_4_2_1_v17_16_4_2_1_v21_19_17_12_11_8_5_4_3_1_v23_20_14_12_11_9_8_6_5_3_2_v24_22_21_11_7_6_v21_19_17_11_8_5_v20_16_13_9_6_4_2_v26_22_21_20_15_14_13_12_11_8_3_2_v27_24_23_19_14_8_5_3_v29_25_23_20_19_16_6_5_3_2_1_v29_28_25_23_22_19_16_15_14_11_4_3_vv1_v53_1_v2_1_v4_1_v20_5_v6_4_3_v5_2_v39_7_6_2_v9_7_4_v5_3_2_1_v68_10_6_3_v11_8_4_1_v13_12_9_6_1_v13_4_3_v15_6_3_v12_2_v13_12_11_9_4_v16_12_11_8_2_1_v19_12_9_1_v20_18_14_12_11_10_9_2_1_v18_17_16_11_10_7_4_v11_10_8_6_4_1_v58_21_19_16_15_14_10_4_1_v24_21_19_18_16_14_12_10_9_3_v24_23_22_21_20_11_8_6_2_v26_18_15_13_10_7_3_2_v27_26_22_17_13_11_7_3_v27_24_22_21_19_18_16_14_8_6_5_v23_19_16_13_9_6_5_1_v31_22_18_17_13_11_9_8_4_v30_18_15_14_11_9_5_v58_24_22_21_16_14_7_5_4_2_v42_32_30_26_21_12_11_7_v67_33_22_20_16_15_14_13_9_5_4_v99_59_31_27_24_21_20_18_16_15_5_3_v34_30_29_23_22_21_13_11_8_5_v35_32_30_29_27_26_21_13_10_5_4_3_v,102,train,77
v1_vvvv4_1_v2_vv7_1_v9_7_4_3_v2_v11_6_3_2_v11_10_9_8_3_2_v7_6_v10_v13_12_10_7_v14_13_9_6_v17_14_13_12_7_6_v18_16_15_14_12_9_8_6_4_2_v19_18_16_13_9_8_3_v13_12_11_10_8_2_v18_16_15_12_9_6_4_2_1_v19_16_14_10_8_v23_19_17_13_11_5_2_v20_19_18_17_16_14_11_7_v23_21_20_18_17_16_15_14_11_9_7_1_v24_22_20_12_9_v25_19_18_17_15_6_2_v28_23_21_12_10_9_7_4_3_2_v26_23_19_18_14_11_8_5_4_2_v30_29_28_23_21_17_14_v31_28_26_21_13_6_5_4_vvvv2_v2_v4_1_v19_4_1_v26_6_v19_7_vv9_8_5_4_3_2_1_v8_7_5_3_v10_4_v13_6_5_4_3_v9_8_6_4_2_v9_7_3_v16_13_9_7_5_4_1_v26_14_13_6_3_v17_5_4_2_v28_15_8_6_1_v20_15_13_8_7_5_4_1_v21_19_17_v14_8_2_v30_22_18_10_6_v24_23_19_18_16_13_11_10_6_3_2_v53_32_24_18_16_14_6_2_1_v26_24_20_17_9_8_6_4_v24_17_16_13_11_10_8_7_6_3_2_1_v27_26_24_20_17_16_15_10_8_5_v28_26_24_17_14_12_10_8_2_v54_v55_vv7_2_v15_4_3_1_vv5_2_v2_1_v7_6_4_3_v9_4_3_2_1_v10_7_6_5_1_v7_6_4_v61_42_7_2_v9_2_v13_10_5_4_3_v12_10_2_v12_3_v11_4_3_1_v17_13_10_6_5_2_v19_9_8_6_5_2_1_v18_13_10_8_7_6_3_v53_15_11_3_2_v67_22_18_15_12_9_4_v23_17_8_v24_23_20_17_15_14_13_12_9_6_4_3_v71_23_19_11_10_7_6_5_4_v16_12_8_7_5_3_v23_21_20_19_18_10_8_6_5_4_1_v27_26_22_18_13_11_8_4_1_v26_24_3_v29_16_15_11_9_2_v28_26_24_23_21_16_15_13_3_2_v5_vv28_2_v41_3_v4_1_vv95_1_v7_5_2_v86_8_5_v7_6_2_1_v9_4_2_v53_8_7_v40_8_5_v10_9_6_3_1_v13_10_3_2_v16_15_14_11_6_v14_11_10_9_7_3_2_v14_13_11_7_1_v53_29_13_1_v72_16_13_10_9_4_2_v13_10_5_4_v20_19_15_12_6_5_1_v76_19_15_13_12_v23_22_21_18_16_14_10_2_1_v17_16_14_10_8_2_v20_14_11_8_6_5_4_3_v23_22_15_12_5_3_1_v23_18_13_12_11_8_6_5_2_v21_18_15_14_7_6_5_3_v,123,train,16
vv2_1_vv3_v3_2_v5_v7_6_1_v8_7_2_v9_8_7_6_1_v9_7_1_v11_8_7_6_2_1_v9_7_6_2_v13_11_10_v14_12_10_1_v15_5_4_v14_12_9_6_5_1_v12_9_3_1_v16_12_11_3_v17_15_9_8_7_5_4_3_v18_12_7_6_5_3_v17_12_11_5_2_v22_21_16_15_14_12_11_v22_20_17_12_9_8_7_6_v23_22_18_17_15_14_12_7_3_1_v25_20_18_17_16_13_10_8_6_v21_19_16_5_2_v25_22_20_19_17_16_14_12_7_5_1_v25_24_20_16_10_8_5_2_v28_20_19_15_7_6_3_v24_22_19_17_13_9_5_v28_27_24_23_20_18_17_14_13_12_6_v29_28_26_22_19_15_14_8_7_6_v31_30_29_25_21_17_11_8_5_4_2_v33_32_29_28_21_20_19_10_6_3_v35_34_31_30_28_26_23_15_13_11_8_4_3_v32_31_30_27_25_22_18_17_16_15_14_12_11_10_7_1_v33_26_24_22_18_8_4_3_v35_34_27_23_22_19_18_15_13_12_11_4_vvvv2_vv5_v2_v6_1_v7_3_v4_2_1_v9_6_3_2_v8_6_3_v10_9_5_v45_11_v13_10_7_6_5_v14_13_11_10_4_v16_13_9_8_6_5_4_3_1_v17_7_6_4_v17_16_15_8_4_v19_17_15_5_v20_10_9_6_5_4_v15_14_4_3_1_v42_27_20_11_9_8_5_4_2_v20_10_9_6_4_2_v15_10_7_4_1_v24_23_22_20_18_17_15_13_12_8_7_1_v64_25_22_19_16_15_12_6_v27_25_23_19_16_13_10_8_5_v28_23_20_17_13_12_8_4_v29_28_27_23_21_20_17_15_10_7_5_3_1_v28_26_25_15_2_v22_13_11_10_9_8_5_2_v65_32_27_18_15_11_9_8_6_5_3_2_v30_28_27_24_21_18_15_3_1_v31_22_20_12_10_8_v24_vvv1_v4_1_v3_1_v5_4_v67_26_4_v8_6_4_1_v2_v7_6_v11_8_7_6_3_v9_7_5_3_v13_11_6_v9_8_6_v15_10_4_3_v85_44_14_11_10_9_8_6_v16_14_11_10_8_6_v66_18_17_15_14_11_10_9_7_v18_11_8_6_3_2_1_v20_13_11_9_5_3_v43_20_15_13_10_6_v22_21_17_11_9_6_5_1_v23_18_16_15_11_10_8_6_v24_18_13_5_3_v35_25_23_15_13_6_4_v23_vvv2_v1_v3_v5_3_v79_2_v5_2_v4_v6_5_3_1_v14_8_v11_7_1_v12_11_9_8_7_v86_14_12_9_6_5_4_2_v91_15_14_12_11_8_2_v14_8_5_v15_10_9_8_5_4_3_v54_15_11_7_3_1_v21_16_4_2_v68_32_15_13_12_11_10_8_5_4_3_v19_15_14_13_8_6_5_4_3_v121_20_16_9_7_4_v23_15_14_13_12_9_6_3_2_v78_20_19_12_10_9_7_5_4_3_1_v,125,test,2
v1_vv3_vvv1_v4_v5_3_v9_8_7_6_3_v9_8_4_3_v8_5_v8_6_v8_5_4_v12_8_6_3_v6_3_2_v16_12_10_6_v17_15_13_12_10_v15_10_9_3_v16_15_7_v18_17_4_v15_13_12_7_3_2_1_v20_17_14_13_12_10_9_7_v23_17_15_10_9_7_1_v22_18_16_8_3_1_v25_23_16_14_5_v22_19_12_9_4_3_v25_24_17_15_13_12_8_4_3_1_v26_25_23_19_18_17_6_2_v29_27_26_25_23_16_10_9_8_7_v30_26_25_24_21_20_19_15_11_5_4_1_vv1_vv19_vv3_1_v5_4_2_1_vv7_v21_6_5_3_vv10_3_2_1_v11_8_4_v13_12_6_5_4_1_v13_10_4_v12_11_10_9_8_5_3_v15_11_9_8_5_4_v16_14_12_1_v12_11_1_v16_13_12_5_1_v19_17_16_15_12_11_8_7_5_1_v43_20_18_15_13_12_10_3_2_1_v18_16_11_v20_18_16_11_6_2_1_v25_17_6_5_v22_21_16_14_10_7_4_v26_24_19_18_13_12_7_4_v36_24_22_20_14_6_v43_37_24_20_18_13_12_10_5_3_1_v18_17_14_13_12_7_2_v28_19_17_14_13_11_9_5_v26_22_21_19_15_10_7_4_1_v42_32_29_27_21_20_18_13_10_v26_25_23_22_13_8_v31_29_24_21_20_19_18_12_7_1_vvv1_v46_v4_2_v48_5_4_3_2_1_v2_v7_4_v4_3_v9_6_2_v3_v11_9_3_1_v4_3_v12_8_v52_14_8_5_3_2_v14_9_8_5_2_1_v16_15_11_8_6_5_3_2_v81_15_9_5_v16_13_10_8_6_5_3_1_v19_15_14_12_8_5_3_v19_5_2_v21_18_15_13_3_2_v13_7_6_3_1_v59_19_14_13_7_5_2_v16_11_8_3_v34_25_15_12_11_8_7_3_v24_21_20_14_13_7_v26_22_18_14_12_8_7_4_3_1_v28_26_20_19_13_10_8_6_v29_24_23_21_20_18_16_12_4_v28_24_21_20_16_14_11_9_8_5_2_v29_28_23_22_21_20_18_17_15_11_9_6_3_v32_21_20_14_12_7_1_v30_28_15_11_1_v31_29_23_21_20_17_14_8_2_v78_vv2_v44_v74_vvv85_1_v5_v6_5_4_1_v8_6_5_v32_9_7_6_3_2_1_v2_1_v13_12_11_8_5_3_2_v11_6_v110_15_8_6_v53_13_11_10_9_2_v9_8_2_v13_12_7_3_2_1_v15_11_9_8_6_v60_19_17_11_10_6_5_2_v58_19_18_15_12_2_v62_22_20_14_13_9_6_4_2_v21_17_16_14_12_11_7_4_v23_22_21_19_15_10_5_2_v23_22_18_17_16_15_14_13_12_11_10_8_2_v,127,train,96
vv1_vvv5_v6_2_v5_2_v8_7_4_v8_1_v9_4_1_v6_2_v12_8_7_3_2_v13_10_3_2_1_v14_12_7_4_2_v8_6_1_v16_15_14_13_11_7_v17_12_11_9_4_3_1_v18_17_12_10_7_5_4_v19_15_8_v19_13_11_4_2_1_v21_20_15_12_9_5_v20_12_10_8_v22_13_10_3_v21_19_8_6_2_v22_20_19_18_16_14_11_2_v25_22_20_15_14_11_10_7_2_1_v21_20_18_16_15_8_7_6_v25_24_16_14_10_8_5_4_vvvvv3_v29_v1_v4_1_v4_3_v8_7_v10_7_6_4_v9_7_6_5_2_v12_8_6_5_3_v12_10_8_7_v19_10_7_5_3_2_v14_12_8_7_v16_11_9_3_1_v42_16_13_9_6_2_v4_2_1_v17_15_11_9_5_2_1_v20_17_16_13_10_9_8_4_3_2_vv1_v2_v3_v4_v51_4_3_v6_3_1_v7_2_v8_7_3_1_v6_4_2_1_v10_5_4_v9_v11_v13_3_1_v11_7_3_v14_8_2_1_v14_9_6_5_1_v17_15_13_12_11_5_3_v16_12_6_4_3_1_v18_15_7_6_4_3_2_v18_12_7_1_v21_19_18_15_14_13_10_8_4_3_v22_18_14_11_8_1_v14_12_11_9_8_7_v23_21_19_17_15_14_12_10_9_4_v45_25_23_22_17_7_4_1_v26_23_21_16_14_12_7_2_v26_25_24_20_19_9_6_5_4_3_v22_21_20_17_12_v,79,test,36
vvv2_v4_vv1_vv8_7_5_2_1_v9_2_v9_7_4_1_v11_8_7_6_4_2_v5_3_1_v10_8_4_3_2_1_v11_8_6_3_1_v12_11_9_5_4_3_1_v13_10_9_8_3_v16_14_13_4_1_v8_6_3_2_v18_17_16_14_12_11_8_5_4_3_1_v17_15_11_6_3_1_v20_19_18_15_11_7_v21_18_16_12_7_5_1_v20_17_13_12_8_3_v24_23_22_13_11_8_3_v25_24_22_21_19_15_13_11_8_7_v25_23_17_9_2_v27_21_20_18_12_11_3_v27_25_24_22_16_12_4_1_v28_25_24_20_19_18_17_16_15_14_9_6_5_2_vvv2_vv2_v9_2_1_vv3_1_v7_3_v8_4_1_v9_6_4_1_v11_7_6_1_v2_v3_v11_7_6_3_v37_13_8_6_5_v16_13_11_7_5_1_v15_14_10_v14_12_11_9_7_3_v19_17_15_14_12_4_3_v15_8_4_1_v21_v6_vvvv3_2_v5_4_2_v6_4_3_v4_3_v9_7_5_3_1_v24_7_4_2_v7_3_1_v57_9_8_7_2_vv13_12_9_8_3_1_v13_10_8_6_v25_14_12_3_v14_13_12_10_5_2_1_v14_13_6_4_3_1_v17_8_2_v15_9_8_5_v18_16_14_13_12_10_8_7_1_v22_17_16_13_7_v17_16_15_14_13_12_8_3_1_v24_22_20_12_9_7_5_2_1_v21_18_17_14_13_7_v26_24_19_17_14_9_8_7_2_1_v24_23_22_17_15_v79_27_26_25_17_12_11_10_2_v28_27_22_21_17_7_4_1_v74_30_28_27_21_20_17_16_14_13_8_6_2_v37_30_28_27_22_20_18_7_6_5_3_v31_30_27_21_20_18_11_8_7_5_4_v27_25_24_21_13_12_11_3_vv1_vv67_v3_v5_3_2_1_v6_3_2_v5_3_2_1_v6_v9_7_5_2_1_v54_10_v8_3_v10_9_6_4_2_v13_10_8_7_v14_11_5_3_v38_11_3_v12_9_8_7_3_v11_10_9_8_5_3_v61_43_18_15_11_7_5_3_v13_9_5_v16_12_10_v,106,train,45
vvv1_v1_vv1_v5_v8_6_5_4_1_v4_3_v4_v11_9_2_v8_5_v6_3_v14_10_7_5_4_3_1_v14_13_11_6_5_v13_12_10_9_8_6_v16_12_10_8_7_5_3_1_v17_16_9_2_1_v18_17_14_12_7_4_v20_19_17_16_13_12_7_6_5_1_v19_18_9_6_5_1_v20_19_16_15_12_10_5_v20_v19_18_16_15_13_11_9_7_5_3_v21_20_16_14_v26_25_24_16_10_9_8_7_6_1_v26_24_21_20_19_17_15_14_13_9_3_2_v27_26_14_5_3_2_v24_21_18_17_11_4_v30_24_22_18_9_8_7_6_4_2_v19_15_14_9_2_v26_18_14_12_11_4_3_v24_23_19_18_13_12_8_6_3_2_v21_19_18_16_13_11_10_9_8_4_2_v33_26_25_24_21_18_16_15_5_vvvv2_v3_2_v3_v6_3_v37_5_4_2_1_v7_1_v7_4_1_v10_8_2_v8_7_5_3_1_v34_11_5_4_v11_6_4_1_v11_10_9_7_6_4_v15_11_9_6_2_v11_7_2_v8_7_4_v18_16_15_13_10_9_5_2_v18_14_11_10_9_6_5_3_v49_20_19_17_15_14_2_v21_20_17_15_14_13_11_4_3_vvv18_2_1_vv1_v5_v6_4_2_v7_4_1_v8_6_2_1_v12_8_2_1_v10_1_v11_9_6_5_2_v8_4_1_v59_9_7_6_v16_13_7_2_v15_14_12_10_8_7_5_4_v8_2_v14_13_8_7_1_v18_17_16_15_9_8_5_4_3_v65_16_12_8_4_3_v18_16_15_10_7_6_3_1_v19_15_12_8_7_5_v19_18_15_14_10_7_5_3_v,81,test,30
vv1_v3_2_1_vv2_v6_v2_vv9_7_6_4_1_v9_7_4_2_1_v10_4_v11_8_6_v12_11_9_v12_9_7_v12_7_5_4_2_v16_15_13_11_8_5_4_v16_14_11_8_5_3_1_v18_17_14_11_10_8_6_1_v19_18_13_2_1_v17_16_14_7_6_v21_19_18_15_13_9_5_1_v18_16_15_14_11_4_2_v20_18_14_12_11_1_v24_22_21_17_16_11_1_v23_20_15_13_12_11_8_5_3_1_v26_24_15_9_3_1_v21_19_17_15_12_11_7_6_5_vv1_v2_vv2_1_v4_v6_5_2_1_v7_5_4_v3_2_v9_3_1_v7_3_v11_9_v11_5_4_3_1_v8_5_v14_13_4_2_v14_13_7_3_v15_14_10_9_4_v23_3_1_v15_11_8_7_6_4_v19_15_9_7_4_3_v34_16_10_7_5_2_1_vv15_v2_v3_v21_v2_vvv50_29_6_4_v1_v8_6_5_3_v11_10_9_8_v12_1_v12_11_7_6_1_v14_12_11_9_7_6_5_4_1_v11_10_5_4_1_v15_11_10_v14_10_6_1_v50_18_15_11_7_6_4_v12_11_9_4_2_v16_15_10_9_8_7_4_2_v15_11_6_4_3_v59_22_19_11_10_5_3_vvv2_1_vv12_4_v14_5_v69_4_1_v2_v7_5_3_v8_7_6_5_2_v11_10_8_v9_7_5_2_v10_8_5_2_1_v6_4_v14_11_5_1_v39_14_10_4_3_v13_12_3_2_1_v69_16_14_3_2_1_v16_14_12_11_9_6_v17_16_15_6_3_v82_19_16_12_9_6_4_3_v50_19_17_15_14_8_6_v18_8_7_5_v91_21_18_10_6_4_v23_13_12_5_3_2_1_v22_17_16_15_11_8_5_4_2_v22_20_18_13_11_10_5_1_vv48_vvv2_v16_4_v4_2_v7_6_4_2_v89_80_7_6_v31_7_6_5_4_3_v98_14_10_8_2_1_v101_11_8_7_5_2_v11_3_1_v10_9_2_v13_12_11_10_4_3_2_v13_10_9_7_4_2_v11_10_8_5_4_3_2_v48_16_15_12_8_7_v15_13_9_6_5_2_1_v19_13_12_11_5_4_v88_20_16_8_3_v68_25_19_18_16_15_13_12_4_v22_21_20_16_15_14_13_11_9_8_7_v,122,val,31
v1_v1_v2_v3_1_v1_v2_1_v7_6_v3_1_v3_v10_9_6_5_v10_7_5_3_v5_4_2_v5_1_v14_7_6_5_4_2_v2_v16_11_7_6_v16_8_3_v17_14_9_3_1_v15_14_11_9_6_3_1_v20_18_13_8_6_5_3_v12_10_9_7_5_1_v22_19_17_14_11_10_9_v23_20_19_17_16_14_12_8_3_2_v21_19_17_14_11_10_5_4_3_vvv2_v2_v3_1_v3_v5_1_v7_2_1_v5_v6_5_3_v9_6_5_3_2_v9_8_5_v10_9_7_3_v13_12_11_v8_7_6_v13_12_10_9_3_v11_10_9_6_5_v16_15_14_8_v14_7_4_2_v16_15_14_12_11_6_5_v18_15_13_8_6_2_1_vvv2_vvv6_v6_5_v6_2_vv9_6_4_3_2_v10_v7_6_3_1_v12_1_v10_v11_8_1_v8_6_v9_8_7_2_v14_12_6_1_v41_17_14_5_3_1_v19_18_16_15_5_3_2_v17_16_11_10_7_v15_14_7_1_v22_15_8_7_3_1_v21_19_13_10_3_2_v23_22_20_17_15_12_11_7_6_4_3_2_v,71,train,25
v1_vvv1_v5_3_1_v6_1_v7_4_2_v8_7_5_v9_5_1_v2_1_v11_10_1_v12_10_8_7_5_1_v5_4_2_1_v1_v15_13_12_9_7_5_v15_14_12_11_8_7_v14_13_12_6_2_v12_11_9_7_5_v18_7_6_v17_11_9_1_v19_16_15_14_12_8_7_5_4_v22_17_14_1_v22_19_14_12_11_10_7_1_v22_16_12_10_9_3_v24_22_21_20_17_12_10_8_v21_18_16_15_12_9_5_v25_19_15_12_8_2_v26_25_24_20_12_8_5_v28_27_24_21_19_18_16_15_14_13_4_3_v30_29_25_20_19_16_13_3_1_v30_28_27_20_13_10_8_7_4_vvv1_v6_v4_2_1_vv6_4_1_vv8_6_5_4_v8_7_2_v4_v13_11_7_5_3_v12_9_5_4_2_v11_4_v14_8_7_v36_15_13_10_7_6_5_4_3_1_v16_15_13_12_3_v4_2_v12_6_5_3_1_v18_16_8_6_5_4_1_v15_14_12_9_6_v20_3_2_1_v20_19_14_13_12_10_7_1_v23_9_6_1_v23_19_15_13_7_5_3_2_1_v24_23_22_21_20_12_11_10_5_v26_23_22_21_12_11_v49_28_25_24_19_17_13_12_10_6_4_v39_27_26_25_21_20_18_17_14_12_7_5_2_v29_25_19_13_12_5_4_v22_16_14_13_12_9_6_4_v30_29_28_23_13_11_10_6_5_4_v18_13_11_10_9_7_6_2_vv59_v2_v2_v32_3_2_1_v2_1_vv31_3_v8_2_1_v8_6_4_1_v10_6_5_4_3_v8_7_5_4_v11_8_4_2_v11_v10_8_6_v21_13_12_6_4_v16_6_v14_12_8_7_3_v15_14_13_7_v19_18_17_12_9_5_3_v18_15_12_10_8_6_3_v15_3_1_v16_12_9_8_7_v22_19_16_12_6_4_1_v23_21_19_17_16_10_4_2_v25_23_22_20_15_14_12_8_6_5_2_v24_23_16_13_8_7_6_5_4_1_v27_16_13_10_8_6_v90_19_15_14_6_v26_23_18_17_13_12_7_4_3_v90_30_24_23_22_14_13_11_10_7_3_1_v31_20_14_3_2_v32_28_24_13_11_10_9_7_6_v33_26_23_21_20_19_18_15_14_9_8_6_5_3_v39_34_27_24_22_18_11_10_5_4_2_vv81_78_48_vv90_v102_76_4_3_2_v5_4_3_2_v103_86_6_4_v5_2_v37_7_v8_5_3_v95_40_5_4_1_v10_6_4_3_2_v11_10_9_8_5_1_v13_12_10_5_v79_13_10_8_7_4_3_1_v14_12_3_2_v13_10_8_5_2_1_v15_12_7_6_3_1_v98_76_14_13_11_9_v58_19_17_12_3_2_v,120,val,1
v1_vvv4_v3_1_v4_3_v4_v5_2_1_v8_6_v2_1_v11_9_8_6_2_v4_v13_7_v6_3_1_v11_v12_11_5_1_v12_9_4_3_2_v18_16_15_6_5_4_2_v19_17_16_14_12_1_v18_16_13_7_6_5_4_2_v18_11_10_8_7_2_1_v14_11_5_1_v23_20_19_14_11_8_v22_19_13_11_9_7_5_4_3_2_v23_17_16_13_9_7_6_3_v23_19_16_15_12_11_10_8_7_3_v26_18_15_6_3_2_v26_22_19_13_11_9_4_v27_24_20_15_11_7_4_2_1_v30_23_22_21_15_14_12_8_6_5_v31_27_26_25_23_18_17_16_14_12_9_4_2_v31_30_29_28_27_23_22_20_16_14_10_8_5_2_v32_29_27_26_25_23_21_17_16_12_2_v33_32_31_28_27_26_25_24_21_17_14_11_8_3_v31_26_25_19_18_15_12_3_2_v33_20_16_13_11_10_6_5_vvv2_v30_3_vv5_2_v3_v4_v6_4_3_v9_6_3_2_1_v7_v9_7_6_3_2_v12_10_9_7_3_v11_7_4_2_v11_9_1_v15_11_10_9_4_v16_9_v14_13_10_7_5_3_2_v18_13_10_4_v42_19_15_13_9_8_6_1_v38_7_4_1_v21_19_14_12_9_8_4_3_2_1_v22_16_12_2_v22_17_15_13_12_5_1_v24_17_16_9_4_2_1_v46_21_20_17_16_9_5_3_1_v22_16_15_14_9_3_v27_26_25_20_19_16_14_8_5_1_v26_23_22_18_16_15_6_5_3_2_v26_20_19_18_12_10_4_2_v27_25_23_16_15_9_4_v31_30_29_28_27_24_20_19_18_12_9_4_v31_29_27_26_21_20_18_16_8_6_4_v33_24_19_17_15_v29_28_27_25_24_17_15_12_6_2_v33_30_28_23_21_20_18_17_16_15_13_12_v34_32_31_28_21_20_19_18_13_11_2_v37_36_35_32_29_27_26_24_23_22_21_20_17_12_9_3_1_v36_34_28_26_24_21_17_16_15_9_5_3_1_v,76,train,50
vvvv4_3_1_v2_v6_5_4_3_2_v4_3_v8_5_3_2_v7_5_3_1_v6_v11_10_7_6_5_1_v11_10_9_8_3_v10_9_8_6_4_3_v14_12_10_6_v13_9_8_6_5_v15_14_12_11_4_1_v16_10_7_6_5_3_2_1_v17_12_8_7_3_2_v15_8_6_5_4_v20_19_17_12_10_9_5_3_v19_18_12_10_9_4_2_1_v20_3_2_v21_13_12_6_v22_20_17_11_9_8_6_4_3_v21_19_17_15_4_v25_24_22_18_13_11_10_6_1_v25_23_19_16_15_14_13_10_vvv2_v1_vvv6_2_v7_v1_v8_7_4_v10_v39_7_4_3_2_v11_10_8_v10_9_v25_12_11_10_2_v36_15_14_10_8_7_3_2_v14_12_5_3_2_v17_14_9_8_6_2_v13_11_9_3_v18_16_12_11_v19_13_3_2_v47_21_19_16_11_9_7_6_v17_15_14_12_8_4_3_v22_17_15_14_10_6_5_4_v44_40_24_21_19_16_12_8_v25_23_21_18_9_4_v21_20_19_18_12_11_9_8_4_v25_24_23_22_18_11_3_v28_24_22_19_18_10_5_4_3_vvv43_2_1_v3_2_1_v2_1_v50_v3_1_v46_7_v7_6_5_v12_4_v7_2_v11_5_1_v6_1_v68_8_5_4_2_v43_14_11_5_2_v11_10_8_3_1_v50_16_11_7_6_5_2_v67_51_17_12_10_8_4_3_v18_17_15_13_5_4_3_v9_7_6_3_v20_15_14_11_5_3_v9_2_v15_14_11_5_2_v60_44_17_15_10_5_4_v24_23_16_13_12_5_3_v25_18_16_13_9_8_3_v21_17_16_11_2_v27_23_22_19_16_15_8_v,85,train,28
vv2_1_v2_v1_v3_2_1_v1_v7_v8_6_3_2_1_v6_2_v10_8_7_4_3_2_v9_5_v11_10_v10_9_8_4_3_v14_10_7_5_2_v15_14_13_10_9_8_6_5_3_2_v12_8_6_3_2_1_v16_13_12_10_9_8_6_2_v14_11_9_8_4_2_v16_11_9_4_v13_12_8_4_v12_11_9_6_1_v22_13_11_8_6_2_v13_11_9_8_5_3_v23_18_5_v23_15_9_4_3_v24_23_22_17_16_15_2_v27_26_25_23_20_18_14_13_11_5_1_v28_26_24_13_12_10_6_4_2_1_v25_22_17_14_11_6_v30_28_26_22_14_12_11_6_1_v31_28_24_22_21_17_16_15_14_13_11_2_v28_25_20_19_17_11_9_8_5_v30_26_21_20_16_13_10_5_3_1_vv1_v2_1_vv2_1_vv6_3_v5_1_v8_4_v43_19_8_6_3_1_v8_4_2_v11_v12_6_4_2_v11_8_5_v30_12_11_9_8_5_v10_8_7_6_4_2_v11_6_2_v49_17_14_12_10_7_v1_v17_6_5_v17_15_12_v44_16_14_13_4_1_v17_16_3_v19_18_17_14_7_6_4_3_v24_23_19_16_15_14_11_8_7_v40_22_16_8_4_1_v26_20_17_15_11_10_7_6_5_1_v46_36_26_25_23_19_18_15_14_13_1_v16_15_14_11_10_v29_28_24_23_21_18_13_6_3_1_v27_23_15_11_5_3_v28_27_26_25_21_19_17_16_15_14_10_7_5_v32_30_25_24_20_19_12_9_8_3_v33_32_28_27_26_25_20_17_15_13_12_5_1_v34_33_29_28_25_20_14_12_11_v64_34_33_32_26_24_22_20_19_17_14_9_v34_33_32_31_29_28_27_26_20_18_15_5_4_v37_31_30_22_19_15_14_11_10_2_v38_37_36_32_29_13_8_2_1_v50_38_35_34_33_30_26_25_11_7_5_4_vvv2_v3_v4_v53_36_v2_v7_5_2_v8_7_4_v5_2_v9_5_4_2_v4_v74_12_9_7_6_v13_12_5_1_v82_10_5_4_2_v12_10_5_v16_15_11_10_8_5_3_2_1_v17_10_8_4_v45_18_15_13_12_8_5_v13_11_7_4_v17_13_12_10_6_5_4_3_1_v94_19_18_13_8_4_v22_21_16_15_14_12_11_10_9_8_4_v12_9_v,98,train,40
vvv2_1_v3_1_v3_vv7_2_v8_6_5_v7_6_5_vv4_3_1_v11_10_6_4_v12_9_1_v5_3_v15_13_4_v15_14_12_9_5_3_1_v11_10_9_8_7_2_v18_11_9_8_5_2_v13_11_9_7_5_3_2_v17_14_11_9_6_v12_v1_vv2_v16_2_v3_v11_v5_3_2_v7_5_3_v24_9_8_7_5_3_v7_v29_10_2_1_v12_9_6_3_v13_6_v11_9_7_5_4_v6_5_4_2_v10_v17_9_6_3_v18_17_7_3_2_v10_9_4_2_v7_6_4_1_v20_17_10_8_7_6_5_1_v20_18_13_12_11_9_4_3_v19_18_13_12_4_1_v24_21_19_18_17_16_14_8_7_4_3_2_v25_19_16_15_11_6_v22_21_19_13_9_4_1_v22_14_6_v25_15_14_13_7_v27_25_23_18_15_9_7_3_v19_16_15_14_10_7_3_2_1_v21_20_19_10_7_6_4_2_v23_21_20_17_16_13_8_7_4_2_1_v27_24_23_15_12_3_v,55,val,18
v1_v1_vv4_v2_1_v6_v4_2_1_v7_v5_4_v9_7_6_5_4_vv12_11_7_v12_11_9_8_4_3_v12_9_8_5_4_2_1_v12_11_10_1_v15_11_10_9_5_3_1_v15_8_5_2_v18_16_13_7_v15_11_9_5_3_v19_10_7_6_5_v13_12_8_5_4_3_2_1_v21_13_8_6_3_2_v19_15_12_v20_18_10_6_v25_22_21_17_16_15_12_7_4_v16_13_12_11_6_3_v27_26_21_18_15_14_13_12_10_2_v28_27_23_22_18_16_15_8_7_5_2_v27_19_16_15_12_10_8_5_4_v30_24_23_17_13_11_8_6_vvv13_1_vv10_3_2_v5_v5_4_v5_4_2_1_v4_3_v5_2_1_v9_7_v2_v12_11_9_8_7_5_v6_3_1_v14_12_7_5_v12_11_8_2_v32_14_8_4_2_1_v17_14_9_5_3_v18_17_16_15_13_11_9_8_5_1_v30_18_14_8_6_v15_13_12_10_9_v19_18_17_13_11_2_1_v20_16_15_5_v23_19_15_14_12_vv49_1_v56_v3_v2_1_v5_3_v4_1_v62_5_v6_3_1_v8_5_2_v9_8_5_4_3_v10_9_8_3_2_1_v9_3_v13_9_8_7_4_1_v13_11_9_7_v10_8_4_3_v13_9_8_5_2_1_v16_8_v18_17_16_3_v20_17_15_13_9_8_4_3_2_v19_16_13_12_5_3_2_1_v19_17_15_14_9_7_4_v21_15_12_7_5_2_1_v18_13_12_9_3_2_1_v24_22_21_20_18_13_11_8_1_v24_23_22_17_14_11_10_9_8_6_v30_v1_v57_v83_54_v3_1_v19_4_3_v74_3_1_v6_v31_6_v77_8_7_6_5_v84_4_2_v10_9_6_5_v32_12_9_3_v9_8_3_v14_13_9_4_1_v14_10_6_v12_2_v85_16_14_11_10_9_7_6_3_v11_9_v50_18_13_11_10_9_2_1_v19_14_10_7_5_4_2_v21_20_19_18_5_v21_20_17_5_3_1_v12_v24_23_19_16_7_3_1_v24_23_21_15_14_12_10_9_8_4_2_v95_25_22_20_17_15_5_3_v26_23_22_21_20_19_3_2_1_v34_28_13_8_6_2_1_v27_23_22_11_vv49_1_vv3_v4_3_v65_v86_v60_6_4_1_v4_2_v32_9_7_6_4_v6_5_3_v11_10_4_2_v90_86_12_10_4_v11_10_7_5_2_1_v13_12_9_6_v14_13_12_8_3_2_v122_76_16_13_9_1_v17_16_15_9_7_4_1_v16_8_6_3_1_v14_13_2_1_v20_18_17_14_13_10_7_4_v21_20_12_11_10_7_3_2_1_v99_21_15_12_11_8_7_v72_23_19_16_14_12_11_10_v24_20_17_15_13_10_6_5_1_v26_24_23_18_16_10_7_4_v17_15_9_6_5_3_2_1_v26_25_23_22_21_15_14_12_11_2_v80_27_25_21_16_14_13_5_4_3_v109_95_83_28_26_24_22_20_18_16_14_13_12_10_6_4_v89_71_30_29_23_22_21_20_19_15_11_10_v,142,train,41
v1_v2_vv4_2_vv6_4_3_v5_3_2_v7_6_4_3_2_v9_8_3_1_v10_9_8_v8_7_v11_10_6_v12_9_5_v14_10_9_7_4_2_1_v5_v13_11_10_9_8_6_5_4_2_1_v16_15_11_10_8_5_2_v18_17_16_10_8_7_2_v18_16_14_12_3_v16_13_11_10_5_4_2_v20_19_16_6_4_v21_20_17_16_14_10_3_v19_13_12_7_6_5_4_v23_18_17_9_5_4_1_v24_17_12_11_10_8_7_5_2_v25_19_17_16_11_9_8_7_6_5_v27_21_16_11_10_8_7_4_v26_25_22_21_13_8_6_3_2_1_vvv1_vv2_1_v18_3_v6_4_v6_v1_v28_8_3_v9_5_v36_9_6_1_v12_6_1_v10_6_3_v11_8_7_1_v15_13_9_4_3_1_v15_14_13_v14_7_1_v17_16_14_11_v18_16_14_12_8_6_3_v19_18_13_11_10_8_6_3_2_v21_17_14_11_10_9_2_1_v19_17_16_15_14_13_11_5_2_1_v31_20_17_14_12_10_8_7_v15_11_6_2_v36_25_21_20_17_16_14_12_v25_21_19_18_16_15_10_8_3_2_v50_26_24_23_22_14_5_3_2_v27_25_12_10_7_2_1_v25_24_23_14_13_12_9_8_v29_28_23_18_13_9_6_3_2_v24_22_20_17_16_13_10_8_7_3_1_v31_30_27_22_18_13_9_8_1_v29_27_21_17_15_12_4_3_2_1_v31_29_28_22_21_19_12_9_6_4_2_vv55_v1_v41_35_3_2_1_v4_3_vv19_6_v6_v56_7_4_3_1_v9_v9_8_5_2_v10_9_4_2_1_v12_8_5_4_2_1_v11_3_v12_9_8_3_1_v58_18_14_10_7_4_3_2_v15_13_7_6_3_1_v11_6_v46_33_17_16_8_6_5_v83_11_10_6_v43_13_10_6_5_4_v16_15_6_5_v21_17_14_11_8_7_3_2_1_v37_22_21_18_14_9_8_4_1_v41_9_7_5_2_1_v47_29_23_21_19_16_15_v25_17_15_14_13_10_9_3_2_1_v17_14_11_10_6_v23_17_14_7_6_4_1_v26_20_19_17_16_15_14_13_12_11_9_3_2_v23_22_18_11_5_v30_26_23_21_12_11_9_6_2_1_v89_27_24_22_21_12_7_3_v90_33_16_15_11_9_6_5_2_v34_31_29_26_24_23_18_16_15_12_9_8_5_4_1_v74_34_33_28_26_20_16_15_13_11_8_6_v33_23_22_21_19_17_12_11_10_8_7_5_v67_34_32_30_26_24_13_7_3_1_v36_35_34_33_28_27_24_14_11_8_5_3_v39_37_30_29_26_23_22_21_18_17_13_10_8_7_5_4_v33_vv2_v2_v3_v5_2_v6_5_4_2_1_v8_6_2_v3_1_v1_v66_59_8_7_v98_24_17_11_9_8_4_3_1_v10_v13_10_8_3_2_v23_9_7_4_v14_10_9_7_6_4_3_2_v12_11_9_8_5_v14_8_7_6_5_4_3_2_1_v17_16_13_5_3_1_v69_50_19_16_13_12_9_7_2_v20_19_16_13_12_v107_21_17_15_12_3_v18_14_11_7_6_1_v58_21_20_17_16_13_12_9_8_5_2_v23_17_15_14_13_8_6_v40_22_17_13_9_6_5_v25_22_20_17_13_9_8_7_6_5_3_2_v55_26_25_21_18_17_16_11_10_4_3_v81_24_14_6_3_1_v57_28_23_21_19_18_17_11_8_6_5_2_v30_26_23_21_17_16_9_3_v31_29_27_24_23_18_11_4_2_v32_23_15_6_5_3_v96_33_30_27_24_21_14_12_v25_24_21_18_16_13_10_9_4_3_v87_30_25_23_22_21_20_17_15_12_11_5_2_1_v135_46_36_34_30_25_19_18_9_8_7_6_vv95_12_vv77_66_v1_v76_44_43_v69_6_5_1_v6_v83_8_6_5_3_2_1_vv49_9_8_6_4_3_1_v29_10_8_7_5_1_v8_7_5_2_v116_43_10_2_v34_13_9_8_2_1_v15_13_12_4_v16_14_10_9_v8_5_1_v119_51_17_8_6_4_v19_18_12_11_8_3_v144_16_13_11_10_9_8_5_4_3_v125_18_10_9_6_5_1_v21_17_15_12_10_8_7_3_1_v15_14_12_10_4_1_v138_24_19_18_16_13_12_8_7_6_5_4_v78_22_21_20_17_12_9_7_5_v66_20_19_16_14_12_11_6_4_3_v,168,train,54
vv2_1_v3_v4_v2_1_vv3_v6_5_4_v6_5_1_vv8_7_5_3_2_v9_6_1_v13_v14_7_6_3_v10_7_6_3_v13_7_4_v12_6_v17_13_12_10_3_v15_13_10_7_6_vvv16_2_v2_1_v2_1_v3_v4_vvv7_4_3_1_v30_9_5_4_v3_2_1_v11_10_3_v5_v14_13_1_v14_13_10_2_v13_6_1_v4_2_v18_17_13_8_2_v13_12_4_2_v19_15_13_10_1_v38_20_15_14_13_7_5_3_1_v22_20_18_12_10_6_4_v16_11_10_7_6_v24_23_22_20_16_13_12_4_2_1_v24_23_21_8_7_5_2_1_v26_15_12_6_4_2_v25_21_10_9_v27_25_24_23_15_6_4_2_v28_27_26_24_17_12_10_6_4_v27_24_23_18_17_14_7_6_3_1_v30_29_28_27_25_23_22_20_17_9_8_v32_31_29_27_26_22_20_19_17_15_14_13_12_11_10_9_6_2_v33_30_26_23_17_14_13_9_4_2_1_v34_25_23_18_17_16_10_8_5_4_3_vvvvv3_v1_v5_4_v7_v4_3_2_v9_8_5_vv11_3_v10_5_3_v13_7_6_v35_12_10_4_3_1_v8_7_5_4_v48_8_7_5_v16_15_9_6_5_2_v12_10_7_6_v17_15_11_10_7_4_2_v26_19_16_9_7_6_5_v21_14_12_10_5_4_2_v22_21_20_19_18_17_16_7_6_v22_20_19_16_15_13_7_6_1_v22_19_v24_14_11_3_v53_23_22_20_14_12_7_6_5_v27_23_20_16_15_3_2_1_v28_27_26_25_20_10_7_4_3_1_v47_20_19_8_4_v30_28_25_21_18_15_13_12_7_4_3_v31_27_24_22_21_17_7_4_2_v24_23_21_18_12_11_4_2_v31_27_26_25_18_16_13_11_7_5_4_v33_28_27_13_11_4_2_1_v46_35_34_31_30_28_25_17_12_11_9_5_v26_25_23_17_15_14_13_10_5_3_2_v36_34_33_31_30_29_26_24_22_19_8_3_v36_32_30_28_26_22_20_19_13_11_10_6_v37_31_29_21_18_15_14_5_4_v74_v28_v89_1_v2_v3_2_v4_3_2_v12_6_v7_v8_6_5_2_v72_2_v6_5_v20_v60_12_5_4_v12_9_7_1_v14_13_5_4_2_v15_8_7_v106_57_15_14_13_10_9_7_6_v49_19_10_9_7_5_3_v17_16_15_14_13_7_6_4_2_v16_15_10_9_8_v77_37_20_15_12_11_9_7_2_1_v41_20_14_10_9_7_6_5_v53_31_20_14_10_6_1_v69_14_11_9_7_6_v92_21_20_18_16_15_14_13_10_v58_22_20_19_17_11_10_8_4_v110_25_23_21_20_13_6_4_v116_105_46_27_25_24_22_21_19_18_16_8_7_3_v25_24_23_22_15_14_11_9_7_5_2_v29_26_25_23_22_18_6_4_1_v24_17_16_14_12_11_9_8_6_5_3_v30_29_21_18_13_12_4_2_1_v27_17_14_13_11_10_1_v33_31_29_28_26_20_17_14_7_1_v32_29_28_27_20_11_7_2_1_v34_31_28_19_13_8_2_1_v103_33_30_29_27_24_23_20_17_15_4_vv56_v39_v1_v102_v69_4_3_v5_3_2_1_v14_7_v7_6_5_1_v5_4_1_v134_8_6_v11_9_4_3_1_v144_20_9_6_2_1_v10_v85_63_14_10_8_v13_10_8_5_4_2_v47_25_16_15_12_11_2_v50_31_12_7_v90_18_3_1_v19_16_15_14_11_10_9_6_2_v15_12_11_9_8_7_4_v19_18_15_12_1_v102_75_21_20_18_14_8_3_2_1_v104_22_19_18_16_11_9_7_1_v23_19_11_4_2_v22_20_14_9_6_1_v118_44_26_15_12_11_10_9_8_6_3_v21_20_18_17_15_10_9_7_4_1_v150_116_43_24_23_18_17_14_13_11_7_3_2_v,161,test,12
vvvv4_v3_2_v1_v6_5_3_2_v5_3_v9_8_v6_4_2_v10_6_3_v8_6_3_v11_9_8_7_5_3_1_v10_4_1_v11_8_5_3_v14_10_9_6_4_v15_8_4_v18_16_14_11_10_8_7_6_5_3_1_v14_11_8_6_3_1_v18_15_12_9_7_1_vv1_v1_v21_1_v6_2_v14_5_4_3_v6_5_4_3_v6_5_2_v1_v4_v10_3_2_v6_5_v11_10_5_3_2_v13_11_8_5_4_v14_13_8_6_v15_14_12_10_9_7_2_v35_16_15_10_5_v8_6_v18_13_11_9_4_v18_16_15_13_12_11_9_7_6_4_v18_12_v20_19_18_17_13_12_9_7_5_4_2_v22_21_20_18_16_15_5_3_v23_22_19_18_15_14_12_9_2_1_v24_22_21_19_10_6_4_3_1_v25_22_9_8_5_3_1_v20_19_16_12_7_3_v25_18_8_6_3_1_v28_25_23_15_7_3_1_v28_27_26_24_22_21_19_18_14_9_8_6_5_4_1_v30_24_18_14_13_9_8_4_v,52,train,79
v1_v2_vv4_2_v1_v6_v6_4_3_v7_2_1_v6_v1_v11_8_6_4_v11_8_v10_6_3_v14_11_7_3_1_v9_4_2_v11_9_7_4_2_v17_15_11_8_5_v13_6_5_3_2_v13_10_7_6_5_4_3_2_v17_14_10_9_5_4_v16_14_10_2_v19_16_12_2_v21_19_18_16_12_11_9_4_1_v23_22_20_17_16_13_12_9_7_v23_20_18_17_5_4_1_v19_10_9_8_7_5_2_1_v27_26_25_23_22_21_20_13_12_9_8_7_1_v28_27_23_20_18_17_14_11_10_7_6_5_v26_24_19_18_17_16_15_13_10_7_6_3_2_1_v25_24_22_16_2_v31_30_25_23_22_19_14_11_8_6_v32_22_19_16_15_6_5_v31_29_26_20_18_16_14_13_11_10_7_1_v18_15_6_4_3_1_v35_31_23_19_16_15_10_8_7_6_2_vv1_v1_v2_1_v4_1_v36_2_v6_v7_3_v5_2_1_v9_3_1_v46_22_10_6_5_4_3_1_v7_5_v11_10_6_2_v13_12_10_5_v21_14_12_11_9_8_v13_12_9_3_1_v14_v15_14_12_11_10_9_8_7_6_2_1_v18_15_13_9_6_3_v18_17_16_11_10_5_3_1_v20_18_15_10_8_5_1_vvv2_v2_1_v3_1_v5_2_v44_4_3_1_vv58_7_v7_6_2_v3_v10_9_7_2_v54_10_7_4_2_1_v11_7_3_v12_8_3_v15_14_12_7_4_3_2_1_v55_15_11_10_5_4_3_1_v17_14_13_12_11_9_7_v18_13_6_5_1_v9_7_3_2_v17_15_14_12_11_7_3_1_v16_10_9_8_5_v19_11_3_1_v23_12_5_2_1_v21_20_18_12_10_5_4_3_2_1_v20_13_8_6_v37_15_4_3_v23_22_21_16_15_14_13_7_2_v25_23_22_21_20_18_16_11_9_6_v29_26_23_19_17_16_15_10_7_4_3_v30_28_27_25_23_10_v31_29_27_24_23_20_13_7_3_1_v31_28_24_22_18_17_8_5_4_2_v25_23_21_19_16_15_9_8_5_3_2_v29_25_24_13_12_7_6_3_v,92,train,80
vv2_v3_v2_v3_v5_2_v6_v6_5_1_v4_3_2_v9_5_1_v9_8_3_2_1_v11_7_6_5_4_1_v12_7_6_3_2_1_v12_11_9_5_1_v12_8_1_v16_13_9_2_v17_13_12_7_3_v18_17_16_15_13_11_8_6_v18_16_8_2_v18_17_15_14_12_9_5_4_3_1_v20_19_14_6_5_4_3_1_v21_18_17_15_12_8_6_2_1_v23_21_20_14_13_6_5_2_v22_21_9_8_5_v25_22_4_v24_17_11_7_6_5_1_vvvv3_2_v4_v5_4_3_v2_v4_v8_4_3_2_v28_9_7_4_v5_v11_10_9_3_2_v10_8_7_3_v13_10_5_4_3_v14_13_11_10_7_4_1_v14_11_9_1_v41_8_7_2_v28_15_11_4_2_1_v14_9_8_7_5_2_v18_17_14_12_10_3_2_v5_2_1_v19_18_15_13_12_7_6_5_v20_16_14_13_10_7_v18_16_13_10_9_8_6_v25_24_20_14_2_1_v46_25_19_14_13_12_11_6_4_3_v25_24_22_17_15_13_11_9_5_1_v27_25_24_18_15_11_9_8_2_v26_23_22_21_17_16_14_6_4_2_v29_28_20_19_18_14_12_11_10_8_5_4_2_v27_21_14_13_11_7_1_v31_30_24_20_19_18_15_12_7_6_5_4_3_1_v31_30_28_27_26_21_18_16_14_13_8_v33_31_30_26_21_20_19_16_15_12_5_4_v32_30_26_23_22_21_11_1_v35_34_32_30_29_23_22_21_20_19_15_14_11_9_7_2_v63_34_27_25_20_19_17_16_10_8_7_2_v37_34_33_29_24_22_20_19_13_8_vv1_v9_2_v2_v3_v54_50_1_v70_6_1_vv7_2_1_v55_46_8_7_v9_8_1_v9_7_2_v37_10_8_1_v10_9_6_5_4_v11_2_v13_11_7_4_1_v16_12_7_5_4_2_1_v79_17_16_10_7_6_4_1_v15_14_8_5_4_2_v19_10_9_5_v20_19_16_14_12_8_6_3_v64_20_19_18_8_v73_33_21_16_13_12_10_9_4_v21_15_14_4_3_v85_23_22_20_18_13_11_10_7_5_3_v24_22_14_9_8_3_1_v46_23_20_16_15_10_9_3_v72_24_22_20_19_17_16_14_13_12_10_9_8_vvv2_v24_3_2_v92_2_v32_5_3_v5_3_2_v69_4_v7_4_2_v92_9_4_2_v6_1_v11_10_8_7_5_4_v9_1_v37_11_8_7_4_2_1_v13_6_4_v11_10_8_v16_11_5_1_v17_14_13_11_7_1_v17_15_12_11_10_9_8_2_v38_19_18_14_9_7_6_5_v20_18_15_14_13_11_10_9_7_3_2_v78_21_20_13_11_8_4_v20_18_11_9_2_v18_10_6_v20_19_18_17_15_14_7_5_2_v21_16_14_13_9_8_v26_10_9_8_7_6_2_v44_26_25_23_18_15_14_11_9_7_v86_26_23_22_15_4_3_v25_23_21_19_18_8_7_5_3_2_v29_25_23_22_20_19_14_12_10_9_8_2_v29_23_19_17_14_13_6_5_v32_31_26_25_21_19_17_16_5_4_v71_33_31_30_29_26_25_22_20_18_15_14_12_11_3_v98_33_32_29_25_19_18_16_15_13_6_v127_vvvv95_93_80_3_2_1_v93_4_v6_5_v135_4_2_v98_1_v83_v5_v8_7_3_v90_8_5_2_1_v89_22_12_6_4_v12_7_4_v10_8_7_6_4_v16_13_12_11_9_6_5_4_2_v17_13_10_1_v102_66_18_12_7_v19_18_13_11_8_6_5_4_v20_18_11_8_4_2_v81_21_17_15_13_10_7_5_3_v22_21_20_17_13_11_2_1_v22_18_17_14_10_8_5_3_2_v24_17_16_15_12_11_8_4_3_2_v19_10_9_8_7_4_2_1_v64_24_20_19_18_11_10_5_v128_25_22_10_8_4_2_v15_12_5_3_1_v153_93_27_25_23_22_20_18_13_11_9_8_6_1_v112_30_29_28_27_23_16_15_12_10_v102_31_29_28_26_20_16_15_11_2_1_v33_32_29_27_21_20_19_16_14_12_10_8_7_6_v32_30_28_26_21_15_14_11_6_4_v33_32_31_30_29_27_16_15_14_10_7_v,163,train,56
vv2_1_v2_v3_2_v3_1_v3_v5_4_3_v8_6_3_v6_5_v9_8_7_1_v8_7_5_4_3_v12_11_9_6_5_v11_8_7_5_1_v14_7_5_v5_2_v15_14_8_6_v17_15_11_10_8_6_2_1_v16_12_7_5_4_1_v18_16_11_10_8_7_6_2_v19_11_6_v17_10_8_6_3_v22_19_15_12_5_4_v23_18_17_10_8_4_v18_15_14_13_11_9_5_4_3_v24_22_21_17_16_1_v24_17_15_14_13_9_v26_25_21_15_14_11_10_9_1_v28_27_26_23_19_14_12_5_v29_23_21_10_9_4_3_2_v25_19_12_11_7_6_2_v29_23_21_19_16_10_9_8_7_3_v26_25_19_13_6_v29_28_27_17_16_15_12_10_1_v32_29_27_24_20_13_12_10_8_7_6_5_2_v35_32_30_27_26_25_22_21_14_10_2_v36_34_25_24_22_14_12_3_1_v37_32_27_25_24_21_17_14_9_8_4_3_1_vv18_v2_v2_v4_3_v5_4_v14_2_v5_1_v6_4_v8_5_4_2_1_v9_8_2_v23_5_4_3_1_v8_5_4_v9_6_5_v32_11_2_v9_5_v7_1_v17_15_13_11_9_2_v14_11_8_4_2_v17_13_11_8_7_2_v19_13_12_8_7_v17_12_11_1_v22_19_17_9_4_v23_22_21_20_18_16_15_8_7_3_v24_23_22_21_19_17_15_13_10_9_5_3_1_v32_25_21_19_13_3_v21_12_7_6_5_v26_25_24_22_17_12_9_8_7_6_5_3_v33_26_23_14_11_6_5_4_3_v28_25_18_11_6_5_4_3_2_v29_28_27_26_24_20_16_15_7_3_v27_23_19_18_17_16_13_12_9_7_4_v70_vvv3_v20_4_v3_v5_4_1_v11_6_5_2_v5_2_1_v7_5_3_2_v10_7_4_v53_7_4_3_1_v79_12_v13_8_3_v74_52_12_11_10_6_3_2_v15_2_v57_44_16_8_7_3_v16_12_11_10_7_6_3_v76_18_9_8_6_5_3_v15_13_10_9_5_4_1_v20_17_7_6_3_v14_13_11_6_5_3_2_v22_21_20_17_13_11_9_3_1_v78_41_23_22_21_20_14_11_9_5_4_3_v10_9_8_2_1_v24_19_14_13_12_11_9_4_2_v26_23_22_21_20_17_14_13_7_6_v67_30_27_26_25_21_14_13_12_11_7_1_v28_24_16_13_11_9_6_3_v27_16_14_11_7_4_v28_26_25_22_21_20_18_14_13_12_11_7_5_4_1_v64_30_23_20_19_18_16_13_12_7_6_4_3_1_v28_27_26_25_21_17_6_4_2_1_v33_30_18_14_13_11_10_5_4_v34_33_32_27_26_23_20_15_11_2_1_v71_35_31_29_18_11_7_6_4_2_v34_33_31_30_27_26_24_17_13_11_10_7_4_3_2_v34_28_23_22_18_12_9_8_2_vvvvv4_v4_2_v5_2_vv8_6_3_1_v6_5_v50_41_2_1_v32_v108_42_12_10_5_4_v14_1_v86_20_14_10_2_1_v7_6_3_2_v16_15_14_13_12_9_8_5_4_v48_17_15_9_6_3_v85_14_11_10_9_8_7_5_1_v17_5_3_2_v96_19_18_16_11_v66_57_20_15_10_9_4_3_v22_20_17_13_9_5_3_2_v23_22_20_16_15_14_13_11_8_5_2_v23_22_19_17_16_12_10_2_1_v17_13_6_5_3_1_v26_21_20_18_17_16_14_13_11_7_6_v21_19_10_4_3_2_v27_24_23_22_18_17_15_13_8_4_2_1_v28_26_23_20_13_7_4_3_2_v84_30_27_23_21_19_14_12_11_7_v33_31_28_26_25_24_17_16_7_6_v87_66_57_26_22_18_16_9_8_2_v33_22_13_12_9_8_6_5_2_1_v134_86_55_33_32_30_21_18_12_10_8_5_1_v43_34_33_31_25_24_22_20_19_14_12_5_4_v34_33_28_23_18_17_12_11_9_5_4_3_v134_42_33_32_24_19_16_15_10_8_6_1_v88_38_37_36_31_29_28_27_26_25_20_15_14_13_12_11_9_8_7_6_4_2_1_vv97_v41_18_v2_v4_3_2_1_v4_2_v4_v133_6_v4_2_v6_5_2_v7_v157_5_v109_10_7_2_1_v152_13_8_5_4_v14_3_1_v75_15_12_7_6_4_3_2_v16_15_9_1_v142_62_60_15_13_12_11_4_v149_16_9_4_v14_12_10_3_2_1_v127_67_18_14_13_10_8_7_4_3_2_1_v20_12_11_8_2_v145_128_20_18_17_15_14_10_6_5_3_v116_85_23_20_14_13_8_1_v104_22_12_10_7_4_v133_23_20_16_14_6_4_2_v68_26_23_20_15_14_7_1_v24_21_18_11_10_5_3_1_v27_26_25_19_18_17_16_11_10_5_3_v28_12_11_10_7_3_v103_30_29_28_24_15_v30_24_23_18_15_12_10_8_7_2_v29_23_21_15_14_11_10_7_6_5_v32_29_28_25_24_18_13_12_3_v92_29_27_26_22_21_15_11_9_7_6_5_4_1_v114_34_31_29_21_19_16_13_11_10_8_v121_33_31_30_29_27_22_18_11_10_5_3_v176_44_37_34_29_26_22_18_15_14_12_11_7_2_1_v179_36_34_32_31_30_29_25_21_19_16_13_9_7_4_3_2_v63_33_31_29_28_27_22_7_2_v,187,train,82
vv2_vvvv1_v7_4_3_vv9_6_5_2_v10_8_4_2_1_v8_6_4_3_v11_5_v12_10_9_7_5_v12_3_1_v14_10_4_2_v16_11_8_7_4_3_v17_15_11_7_3_v18_17_14_12_10_5_4_3_v17_16_15_11_7_1_v18_15_12_10_9_8_1_v21_17_15_12_9_5_4_v22_21_20_18_3_v20_14_3_1_v23_21_20_17_12_5_v25_21_20_15_9_8_7_6_vvvv2_v4_1_v4_3_v1_v6_1_v5_4_v5_4_3_v3_2_v11_5_4_v19_11_10_8_5_4_2_v10_v11_10_9_6_5_4_v13_12_11_8_6_v14_11_10_6_4_v16_12_v17_14_13_7_3_2_1_v19_17_13_12_11_10_9_7_3_v19_18_16_14_11_9_6_1_v20_18_16_14_12_11_v45_19_15_8_6_3_1_v22_16_14_11_9_1_v47_20_18_15_12_10_6_1_v22_20_17_13_11_9_6_5_4_v26_25_20_13_9_8_2_v25_22_21_20_16_13_6_3_v25_24_17_13_6_5_4_v29_26_25_21_15_11_4_3_2_v30_24_23_18_7_3_2_v31_29_27_17_13_12_9_8_v30_28_24_17_16_15_14_13_11_10_8_6_vvvvv35_4_v1_v36_v6_5_4_3_v49_5_4_v2_v7_5_v8_7_2_1_v11_10_9_5_3_v12_11_5_v39_14_12_7_v11_10_3_v2_v11_10_8_v18_17_16_11_8_3_v18_13_12_8_7_5_2_v65_16_15_13_1_v51_33_19_17_13_11_1_v19_18_16_15_14_12_v63_49_22_20_8_6_5_2_v21_19_4_v25_21_17_10_6_3_2_v25_23_16_13_12_10_v22_21_20_9_v28_27_25_24_20_17_16_4_1_v29_24_22_20_18_14_12_11_8_7_4_3_2_v29_27_22_19_15_8_7_v,90,train,114
v1_vv2_1_v3_v1_v5_3_2_v6_5_1_v8_4_v4_1_v9_3_2_v8_5_4_1_v10_9_8_4_1_v12_10_3_1_v10_7_4_2_v13_12_11_6_v16_4_3_v15_12_8_7_4_vv14_10_v19_14_13_10_5_v21_20_17_15_13_12_10_7_v21_19_16_15_7_2_v22_21_19_18_10_v24_22_19_15_10_8_2_v20_19_18_16_8_1_v23_22_19_18_16_15_8_7_1_v25_24_23_20_15_10_7_6_3_v28_26_25_24_22_18_17_14_11_4_2_v25_23_17_16_11_10_8_4_3_1_v28_27_22_17_16_10_7_1_v31_22_21_19_18_17_16_15_13_11_10_6_2_1_v30_27_24_21_20_19_17_5_3_2_1_v28_27_25_24_19_15_13_2_v27_23_22_21_13_10_8_6_5_2_v27_v1_vvv4_2_v3_vv24_6_v8_4_v7_5_4_3_2_v10_6_3_v11_6_5_4_3_2_v12_9_7_5_2_v12_10_9_8_5_1_v14_13_10_7_6_5_v13_12_10_7_1_v26_16_15_14_13_11_6_5_4_2_v15_11_10_4_v18_14_13_10_9_5_2_v18_17_16_11_6_v19_18_14_9_8_5_4_2_v21_20_19_17_14_10_9_4_v26_19_17_15_14_10_9_8_6_v56_21_6_5_v23_19_18_16_14_4_1_v21_18_15_12_11_10_9_8_6_v24_17_15_10_6_4_1_v27_26_24_21_18_16_14_4_1_v20_18_9_8_5_1_v29_28_22_20_18_8_6_v24_vvv1_v3_1_v3_v1_v7_6_5_2_1_v5_v6_5_3_v6_5_4_v11_10_7_v30_8_6_3_v12_9_7_4_v13_10_6_2_v15_12_11_1_v79_16_14_13_10_8_v20_16_14_13_10_7_v9_4_2_v48_21_15_14_13_10_6_2_v19_16_12_11_3_1_v30_21_19_17_13_11_10_7_4_v21_20_16_12_v21_19_5_3_1_v23_19_13_11_10_8_7_3_1_v55_v67_1_v39_2_vv3_2_v92_5_3_v27_4_3_1_v79_24_v3_v4_3_2_v6_5_v5_2_v38_11_10_v11_5_3_1_v83_69_28_12_9_5_3_v15_14_10_9_8_7_4_v14_6_5_3_2_1_v44_42_13_9_6_3_v16_14_12_11_7_v11_8_7_6_4_2_v17_14_8_7_6_4_v19_17_14_5_4_2_vvv92_32_1_v10_3_v87_61_4_v5_v3_v64_6_5_v4_3_v51_20_9_5_1_vv8_3_v64_10_6_4_1_v9_6_3_1_v72_7_5_4_v16_8_4_1_v13_12_7_6_v26_16_8_7_4_v18_12_11_10_8_6_4_2_1_v68_19_15_14_13_10_9_6_3_v131_7_6_4_1_v19_12_10_8_v134_21_18_16_14_13_12_10_4_1_v20_17_14_13_12_10_8_3_v18_13_11_8_7_5_3_2_v68_31_25_23_21_19_18_16_15_12_9_7_6_5_v117_25_19_10_2_v121_18_15_10_9_2_1_v119_34_26_25_24_22_18_17_16_14_12_9_8_6_1_v27_24_22_17_14_13_12_8_2_v85_35_28_25_23_13_3_v29_27_23_22_21_18_17_15_14_12_11_5_3_v,144,test,25
vvvv3_1_vv1_v6_5_4_v5_1_v8_6_3_2_1_v3_v11_5_v3_2_1_v9_8_4_3_v12_9_7_6_4_2_1_v13_8_6_3_v12_11_5_1_v17_16_9_v15_13_11_5_2_1_v17_15_14_9_2_v17_16_14_12_6_3_1_v17_14_11_5_v20_16_15_14_13_12_11_10_8_4_v20_14_12_9_6_5_2_1_v21_18_14_11_9_8_7_6_5_3_1_v25_15_12_7_1_v25_22_20_13_11_1_v24_23_20_19_18_17_11_10_9_8_5_v28_25_23_18_15_14_10_v27_22_19_8_v29_22_20_17_16_11_10_9_8_7_v28_27_26_25_23_21_20_14_6_1_v27_25_19_18_13_v30_29_24_22_19_18_5_v33_31_27_24_22_19_17_13_11_8_3_2_v34_33_32_30_27_23_20_15_14_12_10_3_2_1_v35_34_28_23_21_18_15_8_7_5_4_1_v29_28_27_20_15_14_10_9_7_6_4_vv1_v1_v1_v3_1_v4_v4_2_v3_v2_1_v7_6_v10_9_v8_6_2_1_v12_5_v2_1_v8_7_1_v43_15_13_12_10_8_5_4_v15_10_6_5_1_v17_14_11_6_4_2_v51_15_14_13_8_2_1_v40_17_10_7_4_3_2_v18_12_8_5_v,59,train,1
v1_v2_v2_v4_1_v3_1_v6_v2_1_v7_6_5_v6_v10_7_1_v8_v10_v13_11_10_8_7_2_v14_9_6_5_4_v13_9_7_4_v16_13_4_1_v15_14_13_7_5_v18_14_11_9_7_6_4_3_2_1_v16_13_10_6_3_2_1_v16_14_7_5_4_v18_15_11_2_v22_4_3_1_v23_22_20_19_18_16_14_13_11_10_8_7_3_1_v18_14_13_12_11_10_8_5_2_v25_24_23_18_17_16_11_4_3_1_v20_13_12_10_9_8_6_3_1_vvv1_vvvv3_2_1_v7_5_3_v6_4_v8_7_v7_6_4_v3_1_v11_10_9_7_4_v25_5_4_3_1_v36_13_12_7_5_v14_13_11_9_8_4_1_v15_14_8_6_v17_16_13_11_1_v13_6_v17_14_13_7_5_v18_17_12_9_3_1_v21_18_16_13_12_7_1_v21_16_11_10_7_6_4_2_v45_14_11_10_7_6_4_3_v21_18_14_12_11_6_v46_25_21_14_11_9_8_7_5_4_1_v24_23_20_17_15_14_12_3_1_v20_18_17_11_8_6_1_v48_28_25_21_19_17_14_9_v37_24_23_21_17_9_v30_24_22_21_9_4_1_v31_30_29_19_18_12_10_8_7_6_1_v31_30_21_18_17_10_4_3_v39_32_31_25_23_22_20_17_15_11_9_5_4_3_2_v34_33_28_24_23_20_17_16_14_10_5_4_v32_23_22_20_18_14_12_8_7_6_3_2_v29_25_19_12_8_7_3_2_1_v37_28_25_24_23_22_20_17_16_14_13_8_4_2_vv1_v32_v32_2_v2_vv4_3_2_v24_7_6_v5_4_3_2_v8_5_4_v6_5_4_3_vv12_7_6_4_3_v11_7_6_2_v32_10_3_v12_11_5_2_v13_12_11_9_6_5_v9_4_1_v16_14_10_7_2_v16_13_11_4_v20_18_15_14_12_7_6_3_v20_7_4_3_v21_20_18_12_8_5_2_1_v22_16_14_10_9_v24_21_20_12_11_8_7_3_vvv35_vv13_4_3_2_v4_2_v2_v7_5_4_2_1_v45_8_6_3_1_v87_19_9_7_3_v9_6_4_3_v11_10_7_6_4_2_v29_9_8_6_5_3_2_v12_8_7_2_v14_12_7_5_2_v11_7_5_3_1_v11_9_8_3_2_v62_38_16_15_14_v14_11_8_6_5_2_1_v14_10_8_2_1_v39_19_17_15_8_5_2_v14_10_8_4_3_v69_53_49_21_19_17_14_11_10_9_8_4_3_2_v22_20_11_6_5_3_v108_101_24_21_9_2_v20_14_8_7_5_v26_22_11_9_1_v63_23_21_14_12_7_5_4_2_v27_26_18_17_16_12_7_3_v43_29_28_25_21_18_16_15_13_9_2_v22_21_20_19_18_17_15_11_9_7_4_2_1_v31_30_27_26_25_20_15_12_9_7_1_v108_35_29_25_24_21_20_17_15_12_11_9_v39_vv109_v38_v18_2_vv6_4_v1_v8_6_v9_5_4_1_v10_8_7_2_1_v11_10_8_7_6_5_4_v12_9_6_v107_v7_5_3_1_v95_13_11_v111_14_13_10_4_3_v15_12_7_6_5_3_v125_79_16_13_10_3_1_v104_22_18_13_11_6_5_3_1_v47_45_18_17_15_14_12_1_v14_11_10_6_5_4_3_v19_17_15_14_10_7_6_1_v22_21_19_17_12_4_3_2_v22_19_16_13_12_11_9_3_2_v80_25_20_17_16_14_13_11_10_8_1_v76_24_21_19_17_16_12_11_6_2_v26_24_22_17_15_14_12_11_10_6_4_v45_31_23_15_13_11_2_1_v129_85_73_46_25_22_21_20_18_17_15_14_10_7_5_2_v24_22_11_1_v31_28_18_16_14_12_8_5_4_2_v128_71_30_29_25_21_20_18_15_11_10_9_4_v93_32_31_29_17_16_11_6_5_v,157,train,27
vv1_v3_vv2_1_v1_v7_4_2_1_v8_7_5_1_v6_2_1_v7_6_3_2_v11_9_1_v10_3_v7_5_3_1_v14_11_7_6_3_2_v15_12_11_8_7_4_1_v14_4_1_v17_12_9_8_3_1_v18_14_4_v14_7_6_5_2_v17_11_10_8_4_3_v21_20_18_8_6_2_v20_19_18_17_3_1_v23_22_18_17_16_15_10_9_6_5_3_v21_18_14_10_9_8_v24_23_20_19_14_13_9_v24_21_16_10_7_2_v18_14_10_8_vv1_v1_v1_v4_2_v5_4_2_v5_1_v4_1_v6_5_4_v9_1_v8_3_2_1_v9_5_3_2_v10_4_3_2_v11_9_4_2_1_v12_11_1_v14_13_11_7_5_v12_9_2_v10_7_2_v30_10_9_8_6_3_1_v19_14_10_7_6_v19_17_16_14_13_8_5_4_2_v20_17_16_12_11_8_7_5_2_v22_17_14_13_12_11_7_3_v23_22_16_9_8_7_3_2_1_v24_23_22_19_18_17_13_11_8_2_v44_vv3_1_v10_v3_1_v44_5_2_v4_1_v24_5_4_v6_5_4_v9_7_4_3_v8_4_2_v10_v12_10_9_4_1_v40_13_9_5_v52_14_10_7_5_4_2_v13_9_8_1_v15_13_10_9_5_1_v13_4_v17_15_13_1_v17_15_10_7_5_3_2_v15_10_8_v21_18_11_10_9_4_2_v45_21_16_14_5_4_1_v22_20_13_11_10_9_6_v23_21_19_17_15_11_9_3_1_v25_18_14_3_v42_36_21_20_19_13_11_10_7_6_4_2_1_v19_13_10_9_8_7_5_v27_25_24_17_15_10_2_v26_22_17_13_6_3_v26_22_18_17_16_15_12_2_1_v30_27_23_14_10_5_v57_30_28_27_24_19_18_12_11_9_7_3_v29_28_26_19_17_13_9_8_6_5_1_v34_32_26_24_22_19_18_17_16_12_10_8_6_3_1_v35_34_33_31_30_22_17_11_10_5_3_1_vvvv1_v4_v16_4_2_v1_v33_7_4_3_v7_v10_7_6_3_v9_1_v87_10_5_2_v10_9_5_v28_12_9_2_v13_5_v14_8_7_6_5_4_2_v16_14_13_12_9_7_6_4_v15_9_2_v17_12_9_8_2_v107_17_15_13_9_4_v17_16_14_13_10_9_3_v18_10_9_8_7_6_3_2_v22_20_19_17_11_9_4_1_v21_20_8_3_1_v40_21_20_12_9_4_v100_83_25_22_17_16_15_13_12_3_2_v25_24_23_22_21_14_10_5_2_v87_25_22_21_17_14_13_12_9_6_v27_26_25_18_11_9_3_v117_75_24_23_20_15_11_7_5_v99_17_16_10_4_v29_28_25_24_23_16_15_10_6_5_v32_30_22_13_12_8_7_5_v33_32_30_27_25_22_18_15_6_2_v93_87_38_32_26_25_23_18_15_12_10_3_v70_29_28_25_15_11_4_v33_28_27_25_20_19_18_16_8_2_1_v36_33_32_28_19_16_15_12_9_5_3_2_v91_37_32_27_24_22_17_15_13_11_1_v38_37_36_34_31_25_17_16_8_3_v,129,train,115
vv2_vvvv1_v4_1_v7_3_2_v9_8_7_2_1_v9_v11_7_5_v7_v12_10_3_v11_8_6_5_2_v12_6_5_3_1_v16_8_6_v13_11_9_2_v18_16_11_10_9_8_6_3_v9_5_1_v20_18_17_8_7_6_4_2_v12_10_8_2_v22_20_19_18_16_14_6_5_1_vvvv1_vv4_2_v5_vvv9_8_5_3_2_1_v22_10_4_v10_8_v12_9_7_6_4_1_v12_7_6_5_3_2_v14_7_2_v10_9_6_5_v15_11_6_3_1_v15_14_12_v17_14_11_10_8_4_v15_7_2_v42_20_18_16_15_9_4_3_1_v,44,train,24
vvv2_v1_v2_v3_2_v7_6_4_3_2_1_v8_5_2_v5_4_1_v10_v8_4_1_v9_8_7_6_2_v7_1_v12_10_7_6_5_1_v9_5_1_v1_v7_6_v14_11_7_6_3_v15_14_13_12_10_4_v20_17_16_13_8_2_v20_18_17_16_15_14_9_8_5_3_v21_19_15_14_13_6_5_v23_20_19_18_17_10_6_3_1_v23_16_10_9_4_2_v21_17_15_14_12_10_7_3_v26_21_17_15_10_8_5_4_3_2_v21_20_17_13_12_v28_26_18_8_4_v16_13_9_6_4_v27_25_22_15_13_9_8_7_5_3_v31_18_16_13_12_10_4_3_2_1_v31_29_25_21_17_14_13_8_5_3_1_v29_26_23_21_15_13_11_9_4_v25_20_14_8_7_4_3_v35_32_28_27_22_19_17_16_7_2_vv1_vv2_v2_1_v2_v6_5_3_1_v3_v7_4_1_v9_8_6_v43_8_2_v11_10_4_2_v11_7_v13_8_7_5_3_v19_13_12_10_9_7_5_2_v12_v15_13_12_10_7_4_1_v50_16_13_9_6_1_v7_4_2_v15_12_5_3_v19_18_13_12_5_v17_13_9_8_7_5_4_v21_9_1_v23_15_3_2_v20_19_18_16_15_14_10_7_1_v22_19_17_2_1_v25_20_8_v27_21_20_9_8_7_5_1_v24_23_16_15_11_v29_19_18_16_13_12_11_7_v30_25_22_21_20_19_15_12_6_5_2_v31_29_28_24_23_16_13_8_5_2_v27_25_18_16_4_v33_31_23_17_6_5_3_v50_31_29_28_26_14_12_9_1_v45_27_25_19_16_14_12_10_8_4_1_v51_v20_vv25_3_2_1_v71_46_v5_4_v6_4_3_v7_5_2_v6_2_v7_4_1_v7_6_4_2_v11_7_2_1_v8_5_2_v10_7_3_v12_8_6_4_v52_15_14_3_2_v53_31_14_13_6_4_3_2_v16_14_9_6_2_v17_15_11_9_7_2_v18_15_13_10_8_5_2_1_v19_17_16_13_10_8_7_4_v20_17_16_5_4_3_2_v21_17_12_11_9_2_1_v22_20_17_15_11_10_7_6_v23_18_16_14_5_3_v21_17_14_13_5_v25_24_19_17_12_11_v21_20_19_18_15_12_9_8_7_5_4_3_v25_24_23_22_20_17_13_10_9_8_2_1_v23_22_18_14_12_8_6_5_v27_24_20_18_13_11_4_3_v69_30_28_23_22_20_14_11_v28_27_26_24_22_20_19_15_14_11_8_6_5_2_v30_24_22_21_20_17_15_12_11_6_2_vv94_v69_19_v2_v85_3_2_v104_94_3_vv5_3_v35_8_v94_62_36_5_4_v10_7_5_4_3_2_v10_9_7_4_3_v11_9_8_7_6_1_v13_12_10_8_7_3_2_1_v13_12_10_vv12_10_9_7_4_1_v16_11_10_8_v14_12_2_v17_15_11_v36_20_18_16_15_9_8_7_5_4_v101_17_13_11_9_8_7_4_2_1_v20_19_15_5_4_2_v22_10_v121_41_24_23_22_18_16_3_1_v111_73_25_24_20_18_14_12_9_5_2_v21_14_12_8_4_2_v26_24_23_19_12_9_6_v103_62_21_16_15_11_5_2_v37_26_22_21_11_3_1_v30_28_24_21_20_18_16_12_11_10_6_1_v70_29_20_17_16_13_12_8_7_3_1_v76_29_28_23_22_19_18_14_13_vvvv72_3_2_1_v73_4_3_1_v57_2_vv7_1_v7_5_3_v19_6_v42_10_9_8_5_4_v11_7_6_1_v135_11_9_6_1_v11_6_5_3_v14_8_4_v15_12_9_8_6_v131_15_11_10_9_8_7_3_v37_9_3_v116_16_15_6_4_2_1_v81_51_17_16_14_6_5_3_2_1_v19_18_17_16_15_9_4_v17_15_11_10_5_2_v19_13_11_6_4_1_v20_17_6_5_1_v,163,train,99
v1_vv2_v4_2_v5_vv2_1_v8_5_v8_6_5_v9_8_3_2_v3_v11_7_3_1_v9_7_6_2_v12_8_5_v13_12_10_v16_15_14_10_6_2_v16_15_14_6_5_3_v18_16_15_12_11_1_v19_18_17_16_15_11_10_6_5_4_v19_17_14_3_v17_15_12_11_10_9_6_v22_18_15_13_11_7_6_v20_19_15_12_11_6_5_2_v19_17_10_9_8_7_5_4_1_v22_20_18_16_15_13_5_2_1_v18_14_13_12_10_2_1_v25_23_22_21_v28_25_24_17_8_v28_27_25_19_16_14_9_6_1_v30_29_28_27_17_13_v31_30_28_23_15_12_11_10_9_7_3_1_v26_25_24_22_20_14_13_12_10_6_2_v33_32_30_25_22_18_13_10_9_6_5_2_v33_31_27_23_16_14_13_11_10_9_8_v35_33_32_30_28_27_18_16_12_11_8_6_5_4_v36_35_31_30_29_28_26_22_16_8_1_v33_29_28_24_19_18_16_14_13_11_10_3_1_v36_35_34_33_31_30_29_28_26_24_22_21_20_19_16_8_2_1_v37_36_32_25_17_14_13_vvv2_v33_2_vv4_v3_2_1_v6_3_2_v8_4_3_2_v8_6_5_3_v27_8_5_2_1_v41_24_10_7_6_4_3_2_1_v12_11_8_3_2_v50_9_5_1_v10_3_v12_11_6_5_1_v14_6_v17_10_9_8_7_6_2_v18_17_16_14_10_7_4_1_v15_14_13_7_5_2_v17_16_11_9_3_2_v21_19_15_9_8_7_5_v21_17_16_14_12_11_7_6_3_v23_21_20_9_5_4_v24_21_19_18_15_13_12_9_7_v49_38_21_20_19_18_15_14_9_4_2_1_v26_25_23_22_21_19_18_15_10_8_7_5_v22_21_18_14_12_10_9_7_v27_25_23_18_17_16_13_8_7_v25_23_19_16_11_10_9_8_6_5_v28_22_21_20_19_16_10_9_7_6_3_2_1_v24_22_20_18_15_11_7_1_v31_25_10_8_6_3_1_v31_17_15_10_8_5_3_1_v32_29_22_20_4_2_vv1_v2_vv2_v5_3_v3_v6_4_3_v56_3_2_v2_1_v10_7_1_v10_9_7_6_5_1_v17_1_v11_6_5_v12_11_10_5_v14_10_3_2_v14_2_v13_9_v18_16_15_8_7_v19_18_17_14_12_8_3_1_v19_10_v45_44_21_18_15_14_13_12_8_7_6_5_v21_20_19_18_17_16_13_9_8_6_4_3_1_v79_63_45_18_16_10_7_5_4_3_v23_17_13_10_9_8_6_3_2_v22_19_17_10_v83_25_20_19_17_14_5_3_v75_26_25_22_16_13_8_1_v83_21_17_16_14_13_10_9_8_7_v20_17_15_13_12_11_10_1_v30_25_24_23_19_18_15_11_6_5_3_v11_v70_vvv2_v5_4_3_v6_vv8_4_1_v8_7_2_v7_6_1_v32_11_5_v18_12_7_5_v11_10_6_4_v12_10_9_8_5_2_v13_9_7_3_2_1_v1_v116_78_16_14_11_9_8_5_2_v18_13_12_11_3_v18_16_12_10_7_v14_12_7_5_4_2_v81_49_vv98_v121_v3_v2_v89_57_2_v28_1_v40_5_4_2_1_v40_5_2_1_v9_7_6_1_v44_11_7_4_v11_8_6_v10_8_2_v14_6_v84_15_11_10_8_6_5_2_1_v122_15_13_10_8_4_3_v12_10_7_4_1_v18_17_15_14_13_9_8_4_v137_84_7_6_3_v137_19_17_15_12_11_8_4_v122_17_16_13_10_9_4_3_v119_54_21_17_13_6_4_2_v93_22_17_15_11_10_7_4_v126_23_17_16_12_v23_21_19_18_11_6_5_4_v60_18_15_12_11_9_5_v109_72_26_25_18_15_12_11_6_v24_22_19_10_4_3_2_v27_25_24_23_15_14_12_11_4_1_v109_30_25_18_16_15_14_13_10_9_8_v109_31_30_29_28_27_23_19_18_16_14_13_9_7_6_v158_66_30_22_21_20_19_13_10_9_5_v33_28_19_14_12_8_6_2_v31_30_27_23_20_10_4_v,162,val,2
vv2_v2_v4_v5_4_2_v6_3_1_v6_v8_6_2_v8_3_v5_v6_v12_10_7_6_5_3_2_v13_9_7_4_v14_11_4_1_v12_8_4_1_v14_12_5_4_2_v16_15_14_9_v17_16_13_11_8_2_v19_12_9_5_3_v19_16_9_v15_2_1_v20_18_12_6_4_1_v19_13_11_8_v22_21_20_19_14_12_10_8_7_5_v23_19_16_12_11_9_4_2_1_v22_16_8_6_3_1_vv1_v1_vv11_4_3_1_v5_4_1_vv19_7_6_4_3_1_v4_2_1_v8_1_v10_7_5_1_v9_7_3_v17_12_11_v12_11_6_1_v14_12_11_9_7_v15_14_11_10_7_6_v13_8_6_3_v17_15_13_10_9_6_3_v18_17_14_10_8_2_v19_15_13_12_4_v20_16_14_10_9_8_5_4_v37_20_18_16_13_12_9_8_6_4_v13_11_9_8_v38_22_12_9_8_4_v39_21_20_18_14_8_7_6_5_3_2_v24_23_22_18_15_14_10_9_4_1_v26_25_24_23_20_15_11_10_9_5_3_v24_23_21_17_9_7_4_3_v26_24_22_21_17_16_14_12_11_4_3_v26_24_23_18_15_12_4_3_2_v30_24_23_22_18_14_7_6_5_v27_21_15_12_10_9_8_7_v30_28_27_26_19_10_8_7_5_4_3_2_v31_30_29_22_21_20_16_11_8_5_3_2_v61_34_27_22_20_18_15_11_10_v26_23_22_21_17_15_9_7_6_5_1_v52_51_36_30_28_26_25_17_16_15_14_13_11_9_8_6_5_v,64,test,24
vv1_v3_v1_v4_3_vv5_4_v6_v8_6_3_v10_5_v10_9_6_5_v12_10_4_2_v12_9_6_3_2_v11_8_v12_11_6_5_2_v16_14_13_v13_5_2_v14_12_10_9_5_3_2_v19_15_13_10_6_2_v20_18_13_11_8_7_4_v21_19_14_7_6_v22_20_17_16_14_13_12_11_3_v19_16_15_13_6_v24_18_17_13_12_6_4_2_v22_21_20_17_16_15_11_3_2_v24_20_19_14_9_4_3_2_v27_24_21_16_15_14_8_7_5_4_v28_27_18_17_13_8_5_v29_28_24_18_16_15_11_9_5_4_2_v29_28_23_20_19_15_vvv2_v3_v3_2_1_v4_1_v3_v29_7_3_v5_4_v4_v9_7_v36_11_10_v12_8_6_4_v10_9_7_6_5_2_v13_11_2_1_v9_1_v16_15_12_8_v16_15_14_11_9_3_v13_2_v16_15_12_8_7_v17_14_11_3_1_v25_21_18_4_3_v20_19_14_12_9_3_1_v22_18_6_5_v23_22_21_12_7_4_v24_23_21_20_16_13_11_9_5_2_v26_23_20_18_9_7_2_v27_21_19_13_10_9_5_3_2_v56_27_25_20_16_15_11_10_9_2_1_v28_27_22_20_12_8_6_5_1_v27_21_14_11_8_7_5_3_v29_20_19_17_15_13_12_10_9_5_v26_25_21_16_13_10_9_8_7_1_v13_vv2_1_v29_22_1_v3_1_v5_3_v3_2_1_v6_5_3_v4_3_2_v9_4_3_v1_v10_8_7_6_4_3_v45_39_33_10_9_7_1_v10_9_7_5_1_v27_6_v15_9_7_4_3_v14_6_2_v47_17_16_15_14_12_9_1_v14_13_v62_19_12_11_9_2_1_v15_12_10_9_8_6_2_v34_20_15_14_13_10_6_2_1_v18_17_16_14_13_12_9_5_3_1_v56_23_22_21_14_12_9_v23_21_19_15_10_9_1_v25_24_23_20_18_9_6_1_v21_19_17_14_12_7_5_1_v58_25_22_20_18_16_13_10_8_7_6_3_2_1_v25_22_21_17_5_2_1_v91_29_28_27_24_18_17_15_13_12_7_v24_22_16_15_6_5_4_3_2_v26_19_18_17_16_15_13_12_11_6_5_4_3_v85_29_24_23_22_21_18_16_5_4_2_1_vvv1_v89_85_16_1_v3_v5_v5_3_2_v35_26_1_v6_5_v9_8_2_v6_4_2_1_v65_9_7_6_3_v10_6_v12_2_v14_11_10_7_v19_14_12_11_6_2_v58_15_9_5_3_2_v67_14_13_9_8_7_4_3_v107_13_12_10_4_v18_10_7_2_1_v16_14_11_8_4_1_v110_21_18_13_12_10_9_8_3_2_v22_15_12_11_9_7_v36_20_16_15_13_10_4_1_v73_20_12_11_10_6_4_v18_6_2_1_v24_20_19_18_12_9_2_v102_50_vvv2_v90_v2_v6_5_4_3_v46_5_vv8_7_5_3_2_1_v112_71_10_8_1_v9_7_3_1_v97_9_8_7_6_5_3_v79_13_11_10_8_7_6_2_v91_56_14_13_12_11_9_v91_68_9_5_v15_11_4_1_v13_9_8_6_3_v17_1_v18_16_10_1_v17_16_15_13_12_8_5_4_2_v139_50_20_16_8_7_v17_14_2_1_v115_19_11_8_2_1_v23_20_17_14_12_9_5_4_v69_22_20_19_18_14_13_12_10_8_3_v25_20_18_13_10_8_7_6_3_2_1_v102_24_22_15_13_12_8_7_5_4_v26_25_19_17_16_15_12_9_v78_25_23_15_12_9_7_5_v86_30_29_28_27_24_23_22_21_18_16_14_11_5_3_v135_30_29_27_23_15_14_13_11_5_v26_24_17_14_8_3_v,157,train,66
vv2_1_vv3_1_v4_2_1_v6_5_2_v7_6_5_v5_4_2_1_v8_2_v7_4_v9_v8_5_3_1_v13_12_11_10_5_1_v12_5_3_2_1_v11_10_9_8_7_6_5_4_3_2_1_v16_15_14_5_4_2_v13_12_10_6_4_1_v17_16_15_8_3_v17_11_9_8_5_4_1_v18_17_16_12_10_7_6_3_v21_20_19_5_3_v19_16_7_5_v22_21_19_18_14_13_7_v20_17_11_9_7_2_1_v16_14_13_12_11_2_1_v25_24_22_21_19_15_13_11_6_4_3_v26_25_23_22_21_20_17_15_10_9_8_7_v26_25_24_23_20_19_16_13_12_10_7_6_4_1_v22_16_15_12_10_5_v27_21_18_16_12_9_5_4_3_1_v28_23_21_8_7_6_4_1_v31_30_21_19_11_10_8_7_5_2_1_v31_30_28_24_22_20_16_13_11_8_1_v33_31_29_26_23_16_15_14_12_8_4_vv1_v2_1_vv4_3_v5_3_v6_3_1_v7_2_vv3_2_v8_6_v11_10_9_6_v10_8_4_3_1_v12_9_8_v12_9_6_5_1_v14_13_11_8_7_6_1_v10_9_7_3_v14_12_5_v18_13_12_9_7_5_3_1_v19_15_14_11_10_6_4_1_v40_18_14_12_11_8_6_v18_16_14_8_5_4_1_v48_21_20_18_17_16_14_9_5_2_v14_10_4_3_v23_22_19_9_6_5_4_2_v20_13_12_5_v20_9_5_3_1_v32_27_23_18_12_11_8_6_3_v28_27_23_21_14_4_v27_21_19_14_11_10_5_2_v29_24_19_17_13_9_v29_28_27_25_24_22_21_17_16_15_13_12_9_2_vvvv3_v3_vv5_2_v6_5_3_v8_2_v48_37_9_8_3_2_1_v8_2_v10_9_6_v45_9_8_6_3_v13_10_6_5_4_3_v9_3_v15_14_11_9_1_v15_12_4_1_v45_16_12_11_9_5_v18_14_13_11_10_9_8_2_v19_15_13_8_7_2_v24_19_15_14_11_6_5_2_1_v21_17_16_8_6_5_3_v22_20_19_18_17_16_11_10_8_7_1_v81_58_22_20_18_11_7_4_3_v21_20_18_17_15_8_6_5_3_1_v24_22_20_19_18_16_14_10_9_7_6_4_v,93,val,7
vvv3_1_v4_3_1_v4_3_v4_3_2_1_vv3_v9_7_5_1_v10_9_5_3_1_v9_v11_9_5_2_v8_5_3_v12_6_1_v13_11_6_v16_12_11_8_7_5_4_3_2_v17_13_9_8_7_6_5_2_v18_16_13_12_9_4_1_v19_13_12_v17_16_13_10_7_6_3_v18_17_16_15_14_12_1_v21_19_16_11_4_3_v22_20_16_14_11_10_6_4_v20_19_18_15_12_10_9_7_4_v22_20_17_16_11_3_1_v26_21_18_17_16_11_5_2_v26_24_23_22_19_14_12_9_7_6_1_v26_25_24_16_8_7_6_3_2_v24_17_15_14_10_9_6_2_1_v30_23_18_17_15_6_5_2_1_v31_30_28_24_23_19_18_17_14_10_3_2_1_v32_28_27_24_18_17_15_7_3_2_v33_29_14_10_8_5_4_2_v32_27_24_22_20_14_9_8_4_v33_31_29_28_24_23_19_18_15_12_10_5_3_v32_26_18_17_16_7_5_1_vvvv1_vv4_v31_5_4_3_v7_3_2_1_v30_6_1_v8_6_3_2_v10_4_vv9_8_6_5_4_v12_11_8_4_3_v14_10_4_2_v29_14_13_12_11_9_5_1_v16_14_4_v29_9_2_1_v14_11_10_1_v19_17_16_12_11_9_8_7_5_2_1_v20_18_17_11_9_1_v20_16_14_1_v21_20_18_17_16_15_13_10_8_4_1_v20_17_13_10_7_2_v20_17_15_13_9_4_3_1_v24_19_18_17_13_2_1_vvv12_1_v2_v11_2_v2_v23_6_2_v6_1_v4_v9_5_v7_4_3_v57_32_5_1_v8_7_5_2_1_v12_11_7_4_1_v2_1_v14_11_10_7_2_v43_15_14_12_11_8_7_4_1_v15_10_v16_10_1_v47_17_15_vv22_v18_6_v1_vv2_1_v55_5_v4_2_1_v5_1_v8_3_1_v75_10_9_4_v11_7_5_2_1_v58_14_12_10_8_1_v12_7_5_2_1_v11_8_5_4_v15_14_13_11_9_4_v44_14_13_2_1_v17_7_v89_14_8_v68_38_34_25_17_12_11_10_9_6_5_v20_18_16_11_8_5_2_1_v21_19_14_12_10_2_v55_38_18_7_6_3_v22_18_17_15_13_12_10_8_3_v21_7_5_3_v25_17_15_13_9_8_4_2_1_v24_21_19_8_3_2_v63_57_31_25_24_23_22_20_13_11_8_6_5_4_2_1_v22_16_15_7_6_5_v28_25_22_18_16_13_7_6_5_4_3_v111_36_30_29_27_23_17_15_11_10_9_6_5_3_1_v31_28_25_24_22_16_12_v85_59_31_27_26_24_23_22_14_3_2_v89_33_32_28_27_23_20_16_15_10_4_3_2_1_v32_30_28_26_23_15_14_13_6_4_v33_32_26_17_16_13_11_10_7_2_1_v28_27_19_17_16_13_12_11_10_8_6_2_v112_31_28_25_22_21_17_16_13_12_9_6_4_3_vvvv1_v4_v112_5_3_v6_v28_5_4_v91_8_5_4_v9_4_v123_116_87_15_9_7_6_4_2_v49_22_11_3_2_1_v12_10_9_4_v66_53_12_10_9_6_1_v53_13_12_9_8_4_3_v13_11_7_5_v11_8_7_5_1_v16_10_6_v17_12_11_5_1_v19_17_16_7_3_2_v20_16_14_10_4_2_v13_12_8_6_3_2_v,143,train,120
vv1_v2_v3_2_1_v2_v5_v6_v4_v9_5_v8_6_v11_6_5_v9_8_7_6_5_v13_9_v12_11_1_v14_11_4_3_1_v12_11_7_5_v12_8_6_5_3_2_1_v17_15_12_10_6_4_v7_6_3_1_v12_11_8_6_v20_14_5_1_v21_18_17_9_4_2_v21_17_13_11_6_v19_17_15_13_11_10_9_6_5_v20_19_11_10_7_6_5_4_3_v25_24_23_19_18_17_7_6_1_v26_16_13_12_9_1_v22_21_19_17_13_11_10_9_8_4_2_v29_26_21_18_14_12_9_3_1_v29_27_25_19_v27_24_23_20_18_14_13_12_8_6_5_2_1_v27_25_22_19_18_5_2_v29_28_27_21_20_17_10_8_7_3_2_v31_26_25_21_17_8_3_v30_29_27_26_19_17_15_6_2_1_v30_25_20_19_18_17_15_12_3_2_1_v31_vv30_vv4_1_v5_4_v3_2_v4_3_1_v19_7_4_2_1_v4_v8_7_6_v6_4_3_v8_6_4_v8_5_v14_8_7_1_v14_13_7_5_v14_12_10_8_7_4_3_1_v16_12_11_10_9_7_5_2_v18_17_15_8_3_1_v15_9_7_6_5_4_1_v17_16_13_9_4_v6_1_v22_18_13_5_4_3_2_v22_14_4_1_v,61,train,43
vvv2_vv3_v5_2_v6_5_3_v3_v7_3_v9_8_6_5_3_v8_7_6_5_4_2_v9_4_v13_10_7_6_5_1_v14_13_8_5_v15_8_7_4_2_1_v14_1_v17_14_13_11_3_v18_17_16_13_10_9_8_7_3_v19_18_17_16_12_10_6_5_2_1_v20_17_9_7_5_4_1_v18_15_11_8_7_v16_13_12_10_8_7_6_4_v17_16_12_6_4_3_2_v22_20_19_17_15_10_6_5_4_3_v25_22_21_20_14_13_11_2_v21_20_19_17_11_10_7_4_3_2_v27_21_19_18_13_7_6_v28_21_16_14_12_10_4_3_1_v18_14_12_10_7_v30_25_24_23_21_12_11_9_7_4_3_v30_28_22_16_14_2_v32_31_28_24_23_22_19_16_13_8_7_5_v32_31_30_29_27_26_25_24_21_19_18_17_15_13_8_7_3_vvv2_v2_v15_v5_2_v6_5_v2_v1_v9_4_3_2_v8_6_v43_11_10_8_6_3_2_v10_9_8_4_1_v11_5_2_v17_13_12_9_v13_12_11_3_1_v11_6_4_v15_13_11_9_8_5_4_3_v16_14_13_12_11_10_7_5_3_v18_12_11_7_6_v20_19_18_16_15_11_10_v21_18_14_vvvv3_v9_3_2_v1_v61_22_6_v6_3_1_v8_6_v8_7_5_4_v8_6_5_2_1_v3_1_v11_9_7_3_2_v13_11_8_6_4_v38_30_14_12_8_5_v28_13_12_11_3_v15_14_4_v17_11_7_6_3_v1_v7_v20_17_12_10_9_5_2_v15_12_8_5_4_3_v22_21_20_14_12_8_5_2_v19_17_13_12_10_6_v,80,test,6
vv2_v1_vv3_2_1_v4_1_v7_5_3_1_v3_v9_5_4_1_v7_6_4_2_1_v10_8_3_v12_7_6_2_v12_9_7_6_5_4_2_v13_10_1_v15_14_12_11_8_6_2_v16_12_10_8_v16_15_11_7_3_v16_13_12_11_9_7_5_4_v15_14_12_11_4_v20_12_11_5_1_v14_13_12_11_8_6_v21_19_13_8_6_5_4_2_v21_19_16_15_12_8_5_4_2_v24_22_14_13_3_1_v23_22_20_17_11_7_6_v24_10_v26_23_9_6_4_2_1_v26_25_21_17_16_15_10_9_5_v23_21_17_16_15_14_11_10_8_6_2_v29_27_20_16_15_14_12_10_6_5_4_1_v29_26_25_21_20_19_18_16_11_10_7_v26_23_21_19_17_12_7_5_2_v33_29_24_23_22_18_10_9_5_4_2_vvv1_vvv35_5_4_2_1_v40_4_v1_v1_v3_1_v9_v11_8_v12_10_9_7_4_v10_9_8_6_1_v13_12_10_9_8_7_4_3_2_v11_8_6_5_3_v16_10_8_2_1_v15_14_13_5_2_v17_16_14_13_12_9_6_3_v19_17_14_10_8_7_3_1_v46_19_17_11_10_8_v21_13_12_11_9_4_v22_21_18_15_14_11_10_9_8_5_v21_19_18_16_15_14_11_10_5_v24_20_18_17_14_7_2_v58_12_vv2_v3_1_vv50_4_v4_3_v10_6_3_v65_41_8_v8_7_v9_8_6_5_3_1_v7_4_3_v58_11_5_2_1_v13_11_10_9_5_2_1_v13_9_4_2_v12_11_10_9_5_v11_7_6_3_2_v70_15_8_6_3_2_v18_16_15_14_10_9_5_v17_13_12_10_4_3_v24_20_12_7_3_2_v36_17_15_13_12_10_9_7_6_v22_21_17_13_12_10_6_5_1_v23_20_16_9_8_4_3_2_v21_20_18_14_8_v25_16_14_11_8_v25_22_21_20_9_6_3_2_v27_24_22_18_16_13_9_5_v44_27_23_21_20_13_7_v29_26_25_24_22_16_15_13_8_v28_27_26_25_24_23_20_18_16_13_10_v53_31_28_22_21_15_13_12_8_7_6_5_v,91,val,24
vvv1_v3_2_v3_v6_1_v7_6_4_v5_4_v9_7_5_3_v8_3_1_v9_3_2_v11_10_8_7_4_2_v13_10_6_v12_10_8_7_5_v12_11_9_8_7_2_v16_10_4_3_v17_16_15_11_10_9_6_4_3_2_v18_17_16_14_13_11_4_v19_6_5_v20_17_6_5_4_2_v19_18_12_10_9_7_5_4_v16_11_9_8_2_v23_18_14_13_7_6_3_v21_20_19_18_10_9_7_vv1_v1_v1_vv10_5_3_2_v5_1_vv4_2_v5_4_3_v29_v4_2_1_v12_9_8_v13_12_6_v13_11_8_6_5_4_v15_8_7_4_v12_11_10_8_5_3_v16_12_6_5_1_v8_6_v17_14_12_11_9_8_5_1_v17_9_5_3_v19_18_16_14_10_5_4_v21_19_17_1_v23_21_16_15_11_7_5_1_v19_14_9_8_6_5_3_v24_21_20_18_17_14_13_11_9_7_6_v22_21_20_16_14_11_8_v26_24_17_16_14_7_5_3_2_1_vvv2_v2_v4_3_1_v4_1_vv4_3_2_1_v8_7_5_v55_39_8_4_2_1_v4_v9_7_4_1_v12_11_9_1_v12_6_4_3_2_v24_13_7_2_1_v14_8_7_4_2_1_v15_9_v17_9_6_5_v17_16_2_1_v14_13_12_11_10_7_6_v16_13_11_10_v17_15_13_12_6_3_2_1_v22_20_13_9_6_4_3_v20_19_17_16_10_3_v21_18_11_7_2_v25_24_23_22_21_20_16_15_14_12_11_10_8_4_2_v17_15_14_9_5_v27_14_13_v27_26_24_23_21_18_16_15_14_13_12_9_6_5_3_2_1_v26_23_16_14_12_11_8_4_1_v39_23_20_18_17_12_11_10_8_1_v31_27_20_19_14_12_11_8_7_5_v76_66_32_14_11_9_3_v63_43_33_26_24_19_16_12_9_5_4_v34_27_25_24_22_20_18_17_13_12_v33_30_29_22_10_9_8_4_v25_23_22_17_12_7_6_v37_33_31_30_29_19_15_10_9_3_v,91,train,118
vv1_vv3_1_v1_v6_4_v5_3_v8_7_3_v8_3_v8_6_5_4_1_v11_4_1_v12_10_9_7_v9_4_1_v13_12_5_3_2_v11_8_7_4_2_v15_8_7_3_v15_10_8_4_1_v15_12_8_6_3_2_v19_18_12_9_8_6_4_1_v18_14_5_4_2_v21_18_14_13_11_9_8_6_4_3_1_v21_13_12_11_10_3_vv1_vv2_v2_1_v5_2_1_v5_3_v4_3_v8_5_1_v7_5_1_v22_4_v10_8_5_4_2_v11_10_4_v2_1_v11_9_7_1_v15_13_8_7_5_3_2_1_v11_7_4_2_1_v11_9_7_v14_13_10_9_v19_15_12_6_3_2_v34_12_10_8_5_1_v19_16_14_8_6_v21_18_11_10_5_4_2_1_v23_19_17_11_8_6_4_3_v35_21_19_13_11_6_4_3_2_1_v20_14_13_12_10_8_7_3_2_v42_26_24_22_18_17_15_14_11_9_v26_23_22_16_15_12_7_1_v27_20_18_17_15_14_13_12_11_10_vvv40_1_v8_3_v3_1_vv4_v41_v8_6_3_2_v19_6_3_v8_2_v10_9_3_v63_12_10_6_1_v13_12_5_3_1_v13_12_9_8_7_4_v11_10_8_6_3_2_1_v6_4_2_1_v25_13_8_6_v18_17_16_14_8_3_2_v16_13_10_4_v14_9_7_3_1_v38_19_14_11_10_1_v21_18_15_13_12_11_6_4_2_v10_8_5_3_v20_16_11_10_4_1_v51_22_16_15_9_8_2_v24_22_21_19_16_11_10_6_2_v27_19_18_13_9_8_5_2_1_v72_58_28_26_24_23_20_14_13_11_10_8_5_1_v29_28_26_20_18_17_16_14_9_7_4_2_v29_27_26_25_20_18_17_15_14_12_8_6_2_v63_25_21_17_15_10_9_6_5_4_1_v73_30_28_27_25_22_14_13_11_10_7_6_2_1_v47_33_32_30_29_23_16_12_10_8_5_1_v34_33_23_22_17_16_13_11_9_v32_31_26_22_20_12_7_4_v64_31_28_23_21_17_16_13_11_10_9_2_v29_26_22_20_18_17_14_13_12_3_1_vvv1_v74_v77_30_3_2_1_v4_3_2_1_v83_4_2_v7_4_v8_5_4_1_v9_8_7_4_2_v9_7_6_5_4_3_v9_8_7_v12_11_10_8_6_5_4_1_v5_3_2_v14_11_6_v14_11_8_v16_15_13_9_8_3_2_1_v53_11_7_3_2_1_v15_13_11_10_8_v18_17_16_15_13_10_4_1_v18_17_16_15_5_1_v74_18_16_14_9_8_3_v18_16_11_10_9_7_6_4_v74_16_14_4_v102_24_21_17_14_6_1_v23_22_21_20_19_18_17_16_13_4_2_v49_24_22_21_15_13_10_9_6_v27_26_21_13_12_11_10_7_2_1_v28_27_23_22_19_17_14_13_11_3_2_1_v29_25_19_15_13_7_v29_26_23_21_19_9_v33_31_29_20_18_17_11_10_9_7_2_v32_29_25_17_14_8_6_5_3_v31_26_25_23_19_18_7_4_v33_31_25_21_20_14_2_v35_28_19_18_17_16_15_13_11_9_3_2_v32_31_26_20_12_7_v,127,train,68
v1_vv2_1_v4_v4_v4_1_v4_3_v7_6_3_1_vv7_v9_7_6_2_v12_9_v7_1_v13_10_4_1_v15_11_8_3_v16_15_12_11_9_8_v10_9_8_6_5_2_1_v18_15_11_5_4_3_v18_12_11_8_5_v20_18_13_8_7_6_v19_13_5_v21_18_16_15_14_9_8_6_5_v21_20_16_13_12_5_1_v20_19_18_16_15_14_8_3_vvvv2_v3_v2_v6_4_3_v2_v8_7_4_3_v7_4_v6_5_v11_9_8_4_3_2_v8_7_3_v10_9_7_4_3_2_v14_13_10_9_3_v15_12_10_7_3_v16_15_14_6_5_2_v16_13_11_10_9_8_6_3_1_v14_12_7_6_5_1_v16_14_12_10_7_v19_17_14_9_2_v19_18_17_16_13_7_3_2_1_v10_9_7_5_v17_6_v23_22_20_18_17_16_11_3_v18_8_6_5_2_v25_22_19_16_13_12_10_7_5_4_1_v26_23_14_13_12_11_5_v27_20_19_18_15_8_3_v24_23_22_20_4_1_v25_24_23_22_19_16_13_7_3_vv1_v2_1_vvv3_2_v54_6_4_3_2_v55_34_7_6_2_1_v15_8_1_v52_38_2_1_v8_2_v9_6_v9_8_4_v6_v13_10_8_6_2_v10_5_3_v15_10_5_v12_8_v16_14_13_8_7_6_3_1_v12_11_10_3_2_1_v18_14_v8_5_v20_18_17_14_10_8_7_6_v17_14_12_8_7_5_v22_21_18_9_7_2_1_v24_22_21_16_15_14_11_v37_17_12_3_v27_24_16_11_8_7_6_1_v28_24_23_22_19_18_17_16_9_1_v27_24_18_16_15_11_8_4_1_v51_29_26_25_23_13_11_8_4_1_v,87,train,64
v1_vv2_v4_3_2_v4_3_2_v6_3_v7_6_v6_2_v6_5_4_v8_4_3_2_1_vv8_v11_6_2_v10_9_8_5_4_v12_11_9_7_5_3_2_v14_12_9_7_6_3_1_v17_15_10_8_6_1_v18_13_9_6_5_v13_6_v20_19_7_v12_9_3_vvvv1_v4_1_v3_v6_v6_4_2_v7_v6_1_v10_8_v7_v7_2_v13_11_9_8_7_v11_9_7_6_4_3_2_v15_13_9_v16_15_14_11_7_5_3_2_v17_15_10_5_v13_12_11_10_9_3_1_v19_18_15_14_13_12_8_6_5_v20_15_14_13_5_4_2_vvv1_v1_v3_vv33_6_4_2_v3_v8_v21_9_8_7_5_4_v8_7_6_4_3_1_v11_8_6_5_4_v9_3_2_1_v12_10_9_5_1_v57_42_13_8_6_4_v13_12_5_4_1_v53_12_6_3_2_1_v14_12_7_v41_17_6_4_3_2_v35_15_12_10_7_1_v55_45_15_5_3_1_v21_20_13_11_10_9_6_3_2_v18_17_14_11_9_v22_20_18_17_16_15_12_10_8_4_3_1_v19_16_15_13_10_6_v17_13_5_3_1_v25_20_19_12_11_6_5_3_v55_27_26_20_18_16_13_11_8_v19_17_14_13_11_8_7_3_v29_28_23_22_20_18_17_16_15_11_10_8_5_3_v32_27_26_25_17_14_5_3_v31_24_23_17_15_10_9_7_2_v66_32_31_28_10_7_6_4_1_v32_31_27_26_25_23_22_19_15_14_13_11_8_7_3_2_v32_31_26_20_19_18_12_7_5_4_v46_34_32_23_19_16_14_7_4_3_v30_29_12_11_9_8_7_6_v36_35_24_22_13_12_8_6_1_v49_36_35_34_32_26_21_19_18_16_15_14_11_6_5_2_v,82,train,100
v1_vv2_v1_v3_2_1_vv2_1_v5_1_v6_4_v9_5_3_v9_7_4_v10_4_1_v12_11_8_6_4_v14_12_11_10_6_5_2_v11_9_8_4_1_v15_13_11_9_8_5_4_3_v17_10_9_8_5_4_3_v18_16_12_11_8_7_5_2_v19_18_17_12_11_10_8_1_v18_17_14_5_v14_11_9_7_v22_15_14_11_10_9_8_4_v23_17_16_15_11_10_8_7_5_1_v22_20_16_13_7_3_v24_21_19_16_14_12_11_10_7_6_4_1_v26_25_22_20_17_11_v27_19_17_15_14_10_5_2_1_v28_26_20_18_9_6_5_3_2_1_v28_26_23_21_18_17_12_11_10_9_7_6_v28_27_26_25_21_18_17_13_7_v31_21_16_12_10_7_2_v31_28_27_24_20_18_14_12_5_2_v30_29_26_25_23_22_21_18_8_6_4_3_v34_32_31_30_28_26_23_15_14_13_11_8_6_vvvv15_3_1_v4_2_v5_v2_vv8_7_6_v3_1_v17_10_8_5_3_2_1_v11_9_8_7_5_2_v10_8_5_v21_12_9_7_4_2_v44_14_12_4_v8_5_1_v16_4_v15_12_10_7_2_1_v15_14_12_4_1_v19_13_3_v17_16_12_11_10_6_1_v20_18_16_12_5_4_v22_21_20_19_17_12_9_7_6_1_v23_21_14_9_5_4_2_v26_23_18_17_16_15_14_13_11_9_8_1_v23_21_19_16_12_9_7_5_v27_24_23_22_19_16_8_2_v25_24_21_19_18_10_4_3_1_vvvv59_18_1_v1_v3_1_vv33_5_3_2_1_v67_8_7_3_1_v7_6_5_4_2_v9_6_1_v7_3_1_v12_8_7_v13_11_6_v10_7_v13_11_8_4_v10_8_v16_15_v18_15_11_10_9_3_v17_14_13_9_7_v14_10_5_v20_19_17_14_11_10_3_2_1_v19_13_12_8_3_1_v20_19_14_12_8_7_6_4_v80_72_23_15_11_10_1_v61_23_22_20_17_12_11_4_1_v17_15_13_10_9_1_v23_16_2_1_v28_22_18_14_7_5_v28_26_24_15_13_11_v29_26_25_16_15_11_10_v20_18_16_15_13_1_v22_19_17_14_11_10_7_6_5_4_v93_60_31_28_26_24_23_18_17_8_5_1_v49_32_26_20_18_17_v59_32_31_24_22_17_15_14_12_5_v47_35_31_28_27_25_23_20_14_12_8_4_3_v32_31_21_18_17_16_10_9_8_6_v36_30_28_26_25_23_21_20_19_17_12_3_2_v,102,train,91
vv2_v3_2_1_v2_v5_v3_1_v7_5_2_v8_3_v2_v5_2_v6_3_v10_5_3_2_v9_8_6_v14_9_4_v15_12_10_4_v8_7_6_5_v10_8_3_2_v10_4_2_1_v19_17_10_8_2_1_v19_13_12_11_10_8_6_3_v20_2_1_v15_14_11_9_3_2_v20_15_13_12_11_10_6_5_3_1_v22_19_17_15_13_9_8_7_2_1_v25_22_18_13_12_8_7_6_2_v25_23_22_20_18_17_16_15_14_11_8_6_3_2_v24_22_6_v25_24_20_19_18_9_5_1_v26_23_20_16_12_8_2_1_v24_20_15_12_10_9_5_3_v24_19_18_17_12_9_v31_30_29_26_15_13_10_8_7_5_4_3_v27_24_22_17_16_15_14_12_11_10_3_v34_33_32_30_27_26_22_9_8_v35_34_33_30_27_24_23_21_16_7_5_4_v36_33_31_24_23_20_19_17_15_10_7_v29_28_20_7_4_2_v38_37_33_28_24_20_18_15_12_11_6_4_v36_26_vv1_v3_v3_2_v5_4_2_v2_v6_v8_1_v14_4_2_v7_6_5_4_2_1_v11_8_7_4_v5_1_v34_13_8_7_5_3_1_v12_11_8_4_3_v35_v12_8_3_2_v16_15_10_9_6_5_v15_13_9_4_3_1_v18_17_16_15_14_7_v18_12_9_7_v21_20_16_12_9_7_5_4_3_2_v20_18_10_6_5_v21_19_17_15_10_8_7_2_1_v55_22_19_14_13_12_4_v25_22_20_16_14_8_3_1_v23_18_14_6_4_v21_14_12_5_1_v,67,train,33
vv2_vv4_v2_1_v6_3_v7_2_v3_vv8_3_v10_3_1_v12_8_7_v12_10_7_3_v10_3_v14_13_12_9_3_v16_15_13_11_10_8_7_3_v11_7_1_v16_9_8_6_v19_16_15_10_5_1_v14_9_2_1_v21_19_18_17_11_v13_12_5_3_v23_22_16_13_12_8_6_5_4_v24_19_18_16_13_11_6_2_v25_20_19_15_11_7_5_4_1_v23_20_19_16_14_11_10_7_6_3_v25_23_21_16_14_12_11_v27_26_24_13_11_10_9_6_4_3_v25_24_22_21_12_11_10_5_2_1_v29_28_27_26_22_21_18_17_16_15_13_10_9_8_3_v28_24_22_19_13_11_5_3_v30_22_17_15_4_3_v30_27_24_22_20_14_10_9_v34_32_30_29_26_25_24_20_19_13_9_5_4_3_2_v35_33_31_30_29_28_27_26_25_17_16_14_13_11_10_5_3_v8_vv38_2_v25_1_v3_v5_v2_v29_6_4_3_2_v7_3_2_v4_3_2_v4_v10_9_4_3_v11_8_7_4_3_2_v8_6_2_v34_11_10_7_1_v14_11_10_v15_8_7_6_5_v17_14_3_1_v14_3_2_1_v9_5_1_v18_16_13_11_10_8_1_v21_19_17_14_8_3_v20_14_13_12_10_4_3_v51_47_23_22_18_17_15_13_10_4_2_1_v21_8_6_3_2_v25_22_21_20_19_18_13_11_8_5_2_1_v25_20_14_11_10_6_3_2_v23_17_15_12_7_4_2_1_v25_24_17_10_v27_26_25_23_22_21_18_15_14_13_12_11_10_7_6_v53_vv4_2_1_vvv3_1_v51_6_1_vv7_6_v9_8_5_v37_10_7_4_2_v11_10_7_6_4_2_v49_11_5_3_v41_11_8_5_v12_6_3_2_v31_8_7_6_4_2_v12_11_9_7_6_5_v75_16_15_6_4_3_2_v18_v67_41_14_10_5_4_1_v63_18_17_16_15_11_4_2_v22_20_18_12_3_v22_19_16_14_11_6_4_3_2_v55_19_10_9_7_2_v24_20_14_13_12_7_5_v24_22_20_19_16_14_9_6_4_3_2_v22_21_18_16_15_10_7_6_v76_27_20_13_11_10_8_v28_27_25_17_5_v29_21_19_18_7_v60_30_17_16_15_12_8_5_v62_29_27_25_24_21_19_18_12_7_4_1_v65_31_29_28_27_24_21_20_19_8_7_6_4_2_v30_29_28_26_23_22_19_16_15_12_8_6_4_1_v34_33_32_24_11_7_6_5_v35_33_32_26_25_20_15_14_12_9_4_2_1_v31_vv23_v3_v1_v2_1_v6_3_2_v33_5_3_v6_4_3_1_v21_9_7_5_2_v9_v8_6_2_v77_31_12_11_10_9_v95_11_v13_1_v88_13_8_5_1_v15_7_4_v9_3_v17_11_9_8_4_2_v19_17_9_7_6_4_2_v20_19_v80_18_13_7_4_1_v21_16_15_14_7_5_1_v105_86_23_22_11_6_3_1_v23_19_18_16_15_14_12_8_v25_23_21_16_15_13_10_4_3_2_v24_19_16_14_12_8_4_1_v27_26_25_20_11_8_v28_22_21_20_17_15_10_9_4_3_2_v28_26_17_14_13_11_10_7_4_v132_28_27_25_8_7_5_3_v31_26_14_13_10_7_6_5_4_3_2_v33_31_30_29_27_26_22_20_19_16_12_10_7_4_3_2_v89_4_vv2_v2_1_v2_v40_5_3_v3_v7_v45_7_2_v90_8_2_1_v106_36_7_6_5_v70_5_4_3_v142_12_2_v12_11_10_6_5_v27_14_13_11_10_9_2_v102_58_14_13_11_v14_11_9_2_1_v12_9_5_2_v18_11_v22_18_17_14_13_12_8_3_1_v16_11_1_v21_20_19_13_8_7_2_v130_20_19_18_15_13_10_9_7_6_5_2_v97_58_33_23_22_17_15_8_5_1_v159_52_24_22_21_20_19_16_10_7_6_v24_18_10_9_8_v25_20_17_16_14_9_8_3_v25_24_23_19_18_17_13_6_v158_27_26_23_21_19_7_2_v,164,test,7
vvv2_v2_1_v1_v4_3_2_v7_6_5_v8_7_3_v9_6_1_v9_7_5_1_v10_7_5_4_3_2_v11_3_2_1_v13_12_11_9_8_6_2_1_v14_12_8_2_v15_11_5_4_1_v15_9_7_6_4_2_v11_6_5_3_1_v17_13_9_6_5_v18_14_10_8_5_v16_14_11_9_8_7_2_v20_18_11_8_5_1_v22_21_18_16_15_9_7_6_4_3_2_1_v23_22_18_14_13_v21_20_18_15_13_8_7_5_1_v25_23_16_15_11_10_1_v17_15_12_11_10_9_vvvvv4_2_v3_v26_v5_1_vv9_7_v7_5_4_1_v11_10_4_v12_10_5_v12_10_6_5_v13_8_5_1_v9_2_1_v13_11_10_5_3_v15_8_6_1_v14_11_8_1_v14_1_v40_20_18_16_15_14_12_11_3_v21_20_16_13_11_3_v22_21_17_12_8_3_v21_17_7_6_1_v24_23_22_17_11_6_5_3_1_v27_24_21_19_14_11_10_9_4_v37_23_16_12_9_6_5_4_v38_27_23_21_19_18_8_4_3_v27_26_24_23_21_20_16_11_10_9_7_5_4_v28_25_24_20_14_12_7_4_2_1_vvv2_vv42_4_1_v5_4_2_1_v4_3_v6_3_2_v26_4_2_v59_9_7_4_1_v10_4_3_2_v9_v36_12_9_2_v6_5_2_v14_12_4_3_2_v12_6_4_v12_11_7_5_4_3_2_v63_14_13_8_6_v13_11_9_6_2_1_v19_18_12_7_3_1_v19_18_16_14_13_9_8_4_1_v14_11_8_6_5_4_3_2_v17_13_11_3_v23_22_18_17_16_14_11_8_6_1_v19_18_17_11_9_v60_20_12_10_9_8_2_v21_16_10_9_4_1_v26_21_15_14_7_6_3_v25_18_13_12_10_7_6_v75_29_28_26_23_16_11_9_8_7_6_4_3_v30_29_28_26_19_17_16_15_13_7_5_4_v31_30_24_21_18_17_16_15_10_9_4_2_1_v74_26_21_18_15_13_12_11_8_3_1_v29_24_17_7_6_v33_31_29_25_24_23_22_18_17_16_14_5_v33_29_27_21_18_13_10_9_6_v35_34_29_27_26_24_23_20_14_12_10_1_v42_35_32_31_28_25_22_19_13_12_11_5_4_1_v37_35_32_30_29_19_18_17_13_10_3_v37_34_33_24_22_21_19_17_15_12_11_3_v,97,test,33
vv1_v3_v4_v5_3_vv5_v6_5_v4_1_v7_5_4_3_2_v6_5_1_v12_7_6_3_v12_11_7_4_v10_9_7_6_2_v5_4_v16_13_5_4_2_v16_7_2_v14_6_5_v19_18_14_12_6_5_2_v19_18_17_12_1_v16_14_v22_21_19_16_15_14_9_5_v21_19_15_9_v23_22_19_18_5_4_3_vv1_vv2_v2_v3_1_v15_6_3_1_v3_2_v2_1_v9_7_6_5_2_1_v10_9_8_1_v1_v8_6_2_1_v10_9_8_7_4_v9_6_1_v14_13_12_6_5_1_v14_13_8_2_v13_7_6_5_1_v15_12_11_8_3_v17_15_14_11_10_9_7_5_3_v20_15_14_11_4_1_v18_11_8_7_1_v22_21_16_15_10_8_2_v20_11_8_7_6_4_1_v21_15_14_9_8_3_v23_19_18_15_14_13_6_5_4_v25_20_17_14_13_12_8_4_v27_20_19_18_17_16_13_12_6_2_v25_23_21_20_13_6_1_v29_23_13_11_6_2_v42_30_21_19_18_16_14_10_4_v29_28_24_22_1_v30_29_21_16_15_12_vv8_vv15_3_v4_1_v17_16_4_3_v15_5_3_v15_3_1_v4_3_2_v8_7_6_3_2_v53_8_2_v68_10_9_3_2_v4_v13_12_9_4_v11_9_8_v15_14_11_6_3_v16_3_2_v17_15_11_9_8_v75_23_18_17_16_10_9_6_4_1_v19_18_16_10_9_v18_8_4_v21_16_7_4_v18_17_2_1_v47_21_18_17_15_14_13_8_6_3_2_v22_12_11_10_9_8_7_6_4_v20_18_11_9_3_2_1_v26_24_20_13_11_10_7_5_v27_26_25_24_18_5_1_v27_25_21_16_12_8_5_2_1_v29_22_18_13_12_11_8_7_2_v30_27_25_21_13_8_1_v31_27_24_21_19_17_15_8_v31_28_25_18_16_10_7_5_v37_29_26_25_15_14_10_7_6_v,92,test,14
vv1_vvv4_v6_5_4_3_vv7_6_5_1_v8_7_v10_8_7_4_v7_6_3_v5_4_2_v10_7_3_2_v13_12_10_9_v15_8_2_v13_10_9_2_v17_15_13_10_9_6_2_v17_3_v19_13_12_10_9_2_1_v19_15_11_10_7_5_4_3_1_v20_19_18_15_13_8_1_v20_19_17_12_11_6_v19_16_15_8_6_5_1_v22_21_20_18_17_13_5_v23_22_19_17_16_14_13_9_8_6_v24_17_13_7_5_3_v27_26_25_22_21_19_17_8_1_v28_26_20_18_10_7_5_3_v27_23_19_18_9_7_6_5_v29_25_24_23_20_19_14_12_10_6_4_1_vvv1_v1_vvv6_v6_5_v6_5_v4_v10_9_8_4_v11_8_5_4_3_2_1_v38_12_10_7_5_3_v13_11_9_2_1_v14_10_8_1_v11_7_6_4_v14_11_v17_16_15_11_10_9_7_2_v17_10_9_8_2_1_v17_9_6_5_v20_18_14_4_3_2_1_vvvv2_v4_1_v35_4_3_1_v40_4_vv5_4_1_v8_5_4_1_v36_10_8_3_v15_10_6_4_3_2_v7_6_5_4_2_1_v13_8_6_5_1_v8_7_6_2_v15_12_7_4_v14_7_4_2_v12_11_10_8_7_6_v15_11_v19_18_16_13_11_7_4_v19_18_16_14_11_7_4_1_v17_16_15_11_10_8_5_v48_28_22_20_17_15_13_12_10_4_v23_22_21_20_16_15_13_10_9_4_2_v23_21_20_16_13_12_11_8_7_4_v24_22_21_19_12_10_4_2_v22_13_11_3_vvv28_v40_1_v1_v4_v58_v6_5_4_3_2_1_v8_6_3_v9_8_5_4_v10_9_7_6_5_v5_3_2_v44_9_7_6_1_v13_4_v44_13_11_8_2_v12_11_10_8_1_v43_14_11_10_8_3_v16_15_10_9_4_1_v43_18_12_7_6_5_v97_13_12_1_v58_19_18_10_6_3_1_v19_16_14_12_9_7_5_v22_21_11_5_4_3_2_1_v99_20_19_15_14_13_12_1_vv1_vvvv58_5_v6_v76_7_5_4_2_1_v45_7_5_1_v77_9_7_6_2_v8_7_5_4_1_v44_10_9_7_5_v12_4_2_v11_8_1_v93_25_3_v43_14_12_5_3_v16_13_12_5_v13_9_8_6_2_v13_12_5_3_1_v19_18_15_14_10_8_5_4_2_v109_18_17_11_4_2_v20_18_17_16_14_13_10_7_v21_20_17_14_12_11_9_3_2_v19_15_9_7_v23_20_19_7_4_v97_21_18_13_11_6_5_3_2_1_v22_18_15_14_4_3_v114_71_27_22_20_14_9_2_v28_19_17_16_15_14_12_10_8_v124_59_58_26_22_21_20_19_17_9_5_1_v42_29_25_20_19_18_10_9_8_7_6_v114_24_19_15_14_13_11_9_2_1_v32_26_25_20_16_12_10_5_4_2_v84_31_19_18_13_12_5_3_2_v32_29_14_13_10_7_6_2_v120_41_35_28_27_21_16_12_7_4_3_v57_24_22_21_15_9_v,140,test,29
vvvv4_2_1_v5_v5_v6_5_4_2_v7_v8_7_5_3_2_1_v8_5_4_v8_7_2_v7_5_2_1_v13_7_6_v11_10_4_2_v15_9_8_6_v15_12_9_7_1_v16_15_14_11_8_6_5_1_v12_10_9_8_6_4_3_2_v19_17_16_15_7_4_1_v7_6_5_v21_18_17_9_7_5_4_2_v20_19_18_17_16_15_12_11_7_5_v16_11_2_1_v24_22_21_20_19_17_16_15_6_5_2_v21_19_17_15_12_3_v21_16_15_14_12_11_10_5_3_1_v22_21_15_13_v25_23_18_15_10_5_3_2_v29_24_20_18_17_15_10_9_6_4_3_v26_25_19_15_2_v28_27_25_23_21_19_18_9_8_1_v29_27_22_16_13_10_9_5_2_v32_30_29_25_24_22_21_20_18_8_7_5_3_vv1_v2_1_vv4_3_1_v4_3_v4_2_v6_v8_7_2_v8_7_3_1_v26_8_7_3_v10_9_7_6_5_v20_10_8_5_3_1_v29_12_11_v12_7_6_1_v45_10_6_3_2_v16_15_14_13_11_10_8_3_2_v14_9_1_v17_14_13_6_5_3_v19_15_13_12_11_6_4_1_v19_17_16_9_7_6_v18_8_5_4_1_v21_18_16_15_7_6_3_2_v23_20_19_18_15_9_8_3_1_v31_21_17_8_3_1_v16_12_11_9_v26_25_23_20_16_7_4_2_v24_11_8_7_1_v26_24_23_22_21_17_14_13_6_4_3_1_v22_17_9_6_5_v29_27_21_20_19_18_11_10_2_v29_26_22_21_19_14_10_6_4_1_vvvv32_1_vv5_4_v24_3_v8_5_2_v8_4_v28_8_7_v8_7_3_v11_9_2_v11_4_3_1_v36_27_6_5_1_v31_14_11_9_7_2_v81_57_12_10_8_3_2_v22_13_11_7_4_v83_74_15_2_v71_23_11_7_5_3_2_1_v17_9_7_1_v20_13_8_6_4_v15_12_5_3_1_v52_22_16_8_5_2_v21_20_19_18_17_16_14_11_9_7_6_5_3_2_v23_20_15_14_13_12_6_5_2_v22_12_5_2_1_v25_24_22_19_16_15_4_v24_13_12_10_4_3_v27_25_23_22_20_19_18_17_16_15_11_10_7_4_2_v49_26_25_24_22_20_19_16_14_12_8_4_v51_30_29_28_27_26_25_23_19_17_15_11_8_6_v27_23_22_21_18_16_13_7_6_5_2_v32_28_27_22_21_20_19_14_12_9_7_1_v33_30_27_19_18_17_16_13_11_9_1_v32_31_30_26_23_22_17_13_11_7_v34_29_28_21_20_19_13_5_3_2_1_v32_29_28_27_18_17_12_8_4_3_1_v80_36_33_27_26_23_22_19_17_3_1_v,104,train,74
v1_vv1_v4_3_1_vvv6_v8_3_2_v4_1_v9_8_6_v10_9_7_5_3_v7_6_5_3_2_1_v11_1_v12_10_9_7_v13_12_10_8_7_3_v16_11_9_8_6_1_v17_9_6_4_v11_7_6_1_v17_14_10_9_v20_19_7_4_1_v16_11_10_9_8_6_v21_12_10_7_6_v19_16_14_8_6_1_v24_17_10_9_7_5_4_3_v16_13_12_11_10_8_6_2_1_v26_23_22_17_11_4_2_1_v24_21_18_14_5_1_v26_19_16_9_6_2_1_v27_26_22_14_6_3_1_v27_24_23_22_20_16_15_9_8_7_2_v29_27_25_22_19_16_15_13_12_8_6_5_2_v31_30_27_19_15_10_8_v32_31_28_26_25_23_6_4_2_v32_25_19_14_12_11_7_5_2_v31_27_24_20_17_15_14_8_4_3_1_v33_29_26_20_19_12_10_1_v37_35_33_30_27_25_21_18_15_12_9_6_v38_34_32_29_27_25_21_15_11_8_4_2_v39_38_34_25_23_20_17_16_13_12_11_6_2_1_vvv1_v7_2_v4_vv3_2_v2_1_v8_7_5_v8_7_v9_8_6_5_3_1_v10_7_3_2_v11_9_7_3_2_v11_6_2_v11_5_3_1_v14_8_7_6_4_3_v13_12_7_v16_14_9_6_3_v40_16_15_9_5_v19_17_11_4_v19_18_13_v19_17_14_11_6_3_2_v22_18_14_13_12_2_vv58_vvv63_4_3_v49_5_v5_3_1_v4_2_1_v4_v5_v71_7_5_4_3_v10_5_v45_6_4_2_v12_11_1_v14_11_10_7_3_2_v12_8_7_6_4_v13_10_6_2_v73_17_15_13_10_7_2_v22_18_13_11_9_6_3_v28_17_16_15_14_11_10_9_4_3_2_v20_13_11_10_2_1_v28_21_17_11_8_7_6_v72_34_19_18_15_8_7_v75_55_16_10_v23_18_13_9_7_4_3_1_v88_25_24_22_21_16_15_13_11_9_7_5_1_v26_25_24_23_22_20_17_16_15_10_4_v25_22_12_8_4_1_v28_27_22_21_20_10_7_1_v83_29_23_8_5_3_v18_15_12_10_v26_24_16_13_12_10_8_6_5_v29_24_22_21_17_16_15_14_12_5_2_v32_31_28_27_26_19_17_15_8_7_2_v29_24_23_18_14_13_12_6_v32_31_29_28_27_26_25_23_7_2_v32_21_9_7_5_3_2_v37_27_24_20_11_1_v38_36_35_34_31_25_21_19_15_10_vv1_vvv4_3_v2_1_v95_35_5_3_v6_v88_70_6_4_3_v43_8_7_6_v109_7_5_v108_57_9_5_v12_6_5_4_3_2_v13_12_8_3_v11_7_v63_10_9_6_5_3_v9_4_2_1_v16_14_13_10_9_5_3_v18_16_10_8_4_v85_36_17_16_5_v20_13_10_v13_9_6_v21_17_14_8_7_6_4_1_v38_23_22_17_16_12_11_5_1_v30_23_17_16_15_14_12_10_8_v24_21_20_16_13_11_9_8_5_4_3_v25_24_18_11_10_3_v26_23_20_14_13_12_10_9_v28_25_22_19_17_16_6_v100_v89_1_v2_v3_2_v12_4_v88_50_3_v3_v99_71_40_4_1_v8_v9_4_3_v128_126_8_4_v41_8_4_v7_2_1_v13_7_6_5_4_3_v12_9_3_v14_10_3_2_1_v32_16_14_13_12_10_4_3_2_v139_119_13_12_3_v18_17_14_11_9_5_4_1_v16_12_8_3_v14_v126_21_20_14_11_8_4_v22_18_17_10_9_3_1_v22_20_19_15_13_12_11_9_4_v58_35_23_20_10_5_2_v143_49_25_19_16_14_9_5_v38_23_18_17_6_v116_23_22_16_15_14_11_6_3_2_v27_25_24_19_16_11_5_4_v21_10_v92_61_30_27_25_24_19_18_13_11_10_9_3_2_v31_29_25_24_23_21_20_15_13_12_8_7_3_1_v32_31_24_22_21_19_15_13_10_8_5_4_v32_30_26_23_15_14_11_8_1_v,165,train,60
vv2_vvv2_v5_3_2_v5_v7_1_v8_5_3_1_v9_6_5_4_v9_7_v11_8_v5_4_v14_12_7_5_v11_10_v14_13_11_7_2_1_v15_14_13_11_8_v17_16_13_8_6_2_v19_16_12_4_v20_19_18_17_16_14_12_10_9_8_7_4_v21_19_18_14_12_6_1_v18_15_7_6_v21_17_14_6_v22_15_14_11_9_7_6_v24_23_20_9_7_1_v24_19_17_16_10_9_3_2_1_v27_24_23_22_20_18_15_14_10_8_7_4_3_v25_22_16_12_10_7_1_v29_27_25_24_23_22_21_20_11_10_9_8_7_1_v27_26_25_19_11_5_4_3_v19_v1_vvvv4_3_2_v24_6_v7_3_v4_3_1_v7_1_v8_7_3_1_v9_8_6_2_1_v7_2_v12_10_8_3_1_v43_41_12_11_9_7_v14_12_9_4_v15_v17_10_8_1_v17_13_11_9_8_7_6_3_1_v30_18_17_15_13_11_7_5_2_1_v18_17_6_2_v15_13_6_5_1_v22_19_16_15_13_6_3_2_v19_17_10_9_8_7_5_4_v21_20_15_13_7_5_2_v24_23_22_13_12_9_v26_20_16_15_9_8_7_3_2_v24_20_17_16_11_7_4_v27_22_20_19_12_10_9_5_v27_26_25_23_22_20_14_13_12_9_8_7_v56_27_24_15_12_11_4_2_v,62,test,28
vvv2_v4_v1_v1_v7_4_1_v8_5_4_v7_v10_9_5_v11_6_5_4_v1_v9_8_2_1_v9_5_4_2_v14_11_10_8_2_v13_11_9_7_v17_13_11_10_8_6_5_2_1_v15_12_9_6_5_4_v18_12_10_7_5_v20_17_15_14_13_12_9_7_4_v20_17_16_15_11_5_3_v20_8_4_2_v22_21_20_17_8_5_1_v23_13_6_5_2_1_v24_21_20_18_16_15_12_11_9_6_2_v23_22_19_17_12_7_6_5_4_v23_21_18_17_10_5_1_v26_24_20_19_14_12_5_4_v23_20_19_18_14_10_9_6_1_v26_25_18_13_12_vvvvv12_1_v12_4_3_v5_4_v6_v27_7_4_3_v26_9_3_v9_v10_9_8_7_5_2_1_v7_6_5_2_v41_9_8_5_v40_14_12_9_8_4_3_2_1_v21_11_8_7_4_v8_3_1_v15_10_8_7_4_1_v16_15_14_11_8_7_1_v14_11_8_3_v20_15_14_13_7_4_1_v20_17_16_15_13_5_4_v52_21_20_16_15_4_3_1_v23_21_18_17_15_14_11_9_8_5_4_3_v22_19_18_16_12_11_10_9_8_v22_20_17_5_v26_19_16_12_v27_24_23_17_13_10_9_5_4_v28_27_26_22_16_13_12_10_9_7_5_v28_23_21_18_16_9_8_7_6_1_v28_26_21_20_18_17_15_5_4_3_v31_28_24_15_7_3_v32_24_21_18_17_16_13_12_11_9_4_1_v28_24_22_21_16_8_4_1_v31_29_28_23_18_10_2_v57_33_31_30_24_8_7_4_2_v62_29_26_25_24_23_22_20_18_12_7_5_v37_36_35_34_24_23_21_16_14_12_9_7_6_4_3_1_v,69,train,85
v1_v2_v3_2_1_v4_v4_1_vv5_v8_7_1_v1_v10_8_3_v11_1_v10_9_7_5_3_v13_12_9_7_3_1_v12_11_9_6_v11_9_8_7_6_5_4_2_v12_4_1_v16_14_12_5_1_v17_15_13_12_3_v19_15_14_8_6_v20_12_2_v20_19_13_9_8_7_5_1_v16_13_12_11_10_9_7_6_1_v23_20_17_11_10_9_3_v24_22_17_16_12_11_9_7_2_v23_22_20_9_6_3_2_v21_20_14_13_7_6_4_3_1_v26_21_15_14_13_12_3_v28_26_25_20_17_16_15_14_10_9_3_v27_26_25_20_17_16_14_13_11_10_7_v24_21_17_10_5_2_v16_13_8_5_4_v31_21_20_10_4_3_v33_27_26_24_21_19_17_15_12_11_3_2_v34_32_31_28_25_24_21_16_15_14_13_10_8_7_v35_26_22_14_11_8_7_4_2_1_vvvv2_v4_2_v5_4_2_1_v2_1_v7_6_5_4_3_v28_7_5_1_v9_8_7_5_3_2_1_v14_9_5_3_2_1_v26_11_9_4_3_1_v7_4_v8_6_5_v13_12_11_6_v15_11_5_2_v13_11_10_9_7_5_3_v15_10_4_v18_13_10_8_4_v19_18_15_10_2_1_v19_18_10_7_2_v20_v16_14_13_11_5_1_v18_11_4_2_v18_17_15_13_10_9_5_v23_20_18_16_15_10_5_1_v46_25_20_15_14_8_7_5_1_v16_13_7_4_v25_23_22_21_20_16_12_11_4_1_v29_28_27_25_19_17_16_15_14_13_5_3_1_v29_21_18_16_15_13_12_9_8_7_4_v3_v1_v2_v3_v3_v3_v6_5_4_1_v7_5_3_1_v7_6_5_3_v8_7_1_v4_v68_7_3_2_1_v7_6_3_v13_6_3_1_v14_13_11_5_v59_13_12_11_7_2_v13_10_9_6_4_v73_21_17_15_11_7_3_1_v39_20_15_14_10_6_5_v19_18_12_5_4_1_v19_15_9_2_1_v20_18_17_13_12_10_7_6_2_v21_20_18_9_5_4_3_v21_17_10_3_v20_19_18_16_15_3_v24_23_22_19_14_13_12_9_8_6_4_3_v36_16_13_10_9_5_2_v93_27_25_19_11_10_9_3_v28_27_22_19_16_15_10_v47_29_28_23_19_17_11_6_2_v30_28_27_26_23_17_15_11_8_5_3_2_v60_31_25_22_18_10_9_7_6_v31_30_28_26_25_12_7_2_v28_23_21_15_12_7_v33_32_29_28_26_25_21_14_10_8_4_1_v26_23_21_20_19_13_9_8_6_4_v35_30_29_25_17_15_14_12_7_5_1_v37_34_31_29_25_24_14_11_10_4_3_v36_30_25_22_21_17_15_13_3_2_1_v30_28_22_16_15_12_11_10_vv38_1_v25_2_v2_v2_1_v3_v74_3_2_v7_4_2_v8_2_v102_32_9_6_5_4_2_1_v50_5_v71_11_5_3_1_v9_7_5_2_v9_1_v37_14_10_9_7_6_5_3_1_v13_12_10_9_8_7_5_v15_7_5_v121_31_16_14_7_6_4_v18_16_15_10_9_8_7_2_1_v19_17_16_13_11_7_v19_15_7_3_v21_15_14_11_10_8_6_4_1_v97_16_15_13_12_3_v22_11_10_7_3_v20_12_11_5_3_v71_21_20_13_12_11_9_8_4_3_vvv2_1_v98_68_3_2_v3_2_v2_v114_6_v6_1_v139_4_3_1_v47_12_4_1_v10_8_4_2_v10_9_8_5_4_3_v9_6_2_1_v46_9_8_5_4_3_2_v13_12_4_3_2_1_v128_14_7_6_4_v12_10_9_6_3_1_v139_15_14_11_8_5_1_v16_7_4_v73_16_5_v135_17_3_2_1_v21_20_12_11_8_6_5_1_v22_17_16_4_2_1_v,156,train,30
vvv3_1_vv3_2_v6_v7_6_4_3_1_v4_2_vv6_1_v10_6_4_2_v11_10_9_7_v12_11_9_7_v14_13_12_11_8_3_v11_9_v16_15_12_11_7_6_3_v16_13_11_7_v17_12_7_4_v16_15_13_7_6_4_2_v16_15_14_12_6_3_2_v18_16_14_6_4_2_1_v22_21_20_17_4_v23_22_21_10_9_8_3_2_1_v22_20_19_18_12_11_7_4_3_1_v24_23_22_21_19_17_13_10_5_4_v26_25_22_17_13_12_9_8_4_1_v27_25_24_21_19_14_5_2_1_vvvvv1_v18_5_4_v4_v7_6_v7_3_v5_2_v6_5_4_v8_1_v10_8_v13_11_10_7_5_4_v14_9_5_4_v36_9_8_7_6_4_v14_13_12_11_10_3_v11_10_9_5_1_v18_11_4_2_v19_15_8_6_v20_19_13_6_1_v20_18_16_15_14_11_8_5_4_v22_20_19_17_16_15_13_7_6_4_3_2_v23_22_19_12_9_v36_19_12_10_6_5_v26_25_22_18_17_7_v35_26_25_22_13_4_1_v54_26_23_21_20_19_14_10_8_7_v26_23_19_18_16_13_10_8_5_v22_21_19_17_16_15_14_13_11_8_7_6_4_v30_24_20_19_17_9_6_1_v31_27_23_22_19_18_17_15_11_8_7_4_v32_23_20_14_13_11_10_5_1_v,61,train,123
vv1_vv1_v5_3_2_v5_1_v6_3_2_v5_4_v7_4_v3_2_1_v4_3_2_1_v10_8_3_2_v10_4_2_v10_v14_10_9_8_6_3_2_v14_10_3_2_v17_13_8_6_3_1_v12_10_7_3_2_1_v19_18_16_10_9_6_2_1_v19_15_14_13_10_8_7_5_4_v21_19_13_12_6_4_1_v19_18_17_16_11_10_8_7_v18_13_12_7_2_1_v15_14_11_10_9_7_v25_22_19_17_8_6_2_v23_15_5_1_vvv2_v2_1_v4_v3_v5_v6_5_v7_6_v8_5_3_v7_4_1_v9_4_1_v10_v13_11_8_4_3_2_v13_12_v13_7_6_v16_6_4_3_v27_14_13_12_7_4_v18_16_15_14_11_10_7_5_v18_14_13_12_1_v32_26_3_1_v17_13_10_6_5_4_1_v42_19_18_15_14_12_11_6_v22_21_20_16_12_7_5_1_v22_21_15_14_1_v23_18_16_14_8_4_3_v26_22_13_10_8_5_2_v27_24_21_19_18_17_12_2_1_v26_22_21_16_3_2_1_vvv1_v2_v6_v2_v5_v6_1_v3_v13_7_v18_2_v11_6_v51_12_7_3_v6_5_v9_6_2_v14_1_v16_11_10_9_v51_14_6_v19_16_11_8_v19_18_12_7_5_2_v53_19_18_16_9_7_3_2_1_v21_20_17_16_14_12_5_v20_14_5_v22_19_18_14_12_11_9_6_2_1_v24_22_21_17_10_7_3_1_v23_18_16_9_6_2_v23_19_17_14_12_11_8_4_1_v23_19_18_13_6_v16_14_10_2_v,85,train,55
vvv3_1_v3_2_1_v4_v5_2_v6_1_v4_2_v9_2_v9_5_1_v9_8_6_5_4_v11_v13_11_8_2_v13_11_10_6_5_3_2_v13_11_3_v16_8_6_4_2_1_v12_5_v18_16_12_6_2_1_v16_8_5_v17_14_11_10_7_6_4_3_2_v18_17_8_v19_18_16_15_14_12_4_v22_21_18_15_14_13_7_5_v20_16_11_8_2_v23_22_16_15_v12_9_2_vvvvv4_2_v5_v5_3_v7_6_v8_7_6_5_3_2_1_v29_7_5_v10_9_3_v9_v8_4_v13_12_4_2_1_v14_10_8_6_1_v14_13_11_9_5_2_v28_3_1_v23_16_14_13_11_10_8_v13_12_10_9_4_2_v15_14_12_5_2_v20_13_12_6_v25_21_20_15_14_13_10_2_v20_13_12_11_10_2_v21_19_17_3_v23_19_11_9_8_2_1_v25_21_15_14_12_11_10_8_5_4_2_1_v24_23_22_18_16_15_14_10_9_v26_19_17_14_8_1_v,55,train,125
vv2_v3_1_v1_vv3_1_v6_4_2_1_v5_4_3_1_v8_7_6_4_v5_4_v9_8_7_2_v8_6_5_2_v2_1_v13_12_11_10_5_v12_8_4_2_v10_9_7_v15_11_v11_4_1_v17_16_11_9_8_5_4_v19_14_12_9_4_v19_17_16_15_5_2_1_v18_14_12_8_5_v23_22_13_11_10_8_v24_16_14_11_8_7_5_2_1_v23_20_14_9_5_v25_16_15_12_10_9_5_3_2_1_v27_23_22_17_9_7_5_4_3_2_1_v25_22_19_18_16_13_11_v28_27_21_20_17_16_8_7_5_v27_21_17_9_4_3_v29_27_21_19_17_16_8_7_2_v26_25_14_8_3_v33_32_31_30_28_27_20_18_17_16_15_14_13_11_2_vv1_vv2_v1_v4_v1_v7_6_3_v8_7_3_v16_8_v10_9_1_v9_8_2_v9_7_5_3_1_v33_13_12_11_5_2_v13_7_5_2_v40_13_11_2_v10_7_5_1_v17_16_8_3_2_v14_13_10_8_7_5_3_v17_15_10_8_7_5_v20_19_18_15_14_9_6_1_v18_17_10_6_2_v16_13_12_11_10_9_7_6_v23_22_18_17_13_9_4_3_v21_20_19_16_15_12_11_7_4_3_2_v,59,train,10
v1_v1_v2_v1_v3_v6_4_v4_1_v3_v4_v6_v6_v12_11_9_1_v12_11_8_7_1_v12_10_3_v12_9_8_6_5_2_1_v16_14_12_8_7_v15_11_10_6_1_v15_9_8_4_3_v17_16_13_12_10_6_4_v16_14_9_7_4_v17_10_9_8_2_v22_21_18_17_14_11_6_5_1_v23_18_13_7_5_3_2_v19_11_6_v22_18_15_11_7_6_1_v25_23_22_21_16_12_10_7_5_2_v27_21_15_14_9_8_6_4_2_v25_21_18_17_15_14_12_4_v28_27_26_24_22_20_16_15_14_9_1_v30_29_26_25_19_15_12_10_8_3_v29_26_23_21_19_15_14_13_11_3_v31_28_17_16_12_11_8_v31_27_25_24_23_22_17_16_10_v34_32_17_14_12_11_8_v34_33_31_30_27_21_19_17_16_15_13_8_6_2_v30_28_27_26_25_13_11_9_7_5_v36_34_32_30_26_23_3_2_vvvvv1_v27_26_3_1_v3_2_vv7_6_v9_v9_8_7_5_4_2_v11_9_6_5_3_v5_4_1_v8_6_4_2_1_v37_8_5_v15_1_v14_4_2_v11_9_1_v15_11_10_2_1_v15_10_9_3_v19_16_15_14_12_11_9_8_3_2_1_v20_13_11_5_2_v22_21_20_18_13_12_6_4_v54_41_23_19_15_13_12_11_8_6_3_1_v22_21_20_19_17_13_12_8_5_4_v22_14_9_7_6_4_3_vvv1_vv4_3_v4_1_v5_3_v7_v8_7_1_v6_5_3_1_v2_v52_6_4_2_v12_11_10_8_7_3_2_v13_12_10_8_7_1_v40_9_4_v27_13_10_8_5_4_v77_16_14_10_9_8_7_6_v11_2_v14_13_12_11_9_8_7_6_4_3_v15_13_12_3_v72_46_20_16_13_12_10_2_v15_9_1_v26_20_18_15_9_8_4_v35_v1_v88_1_v1_v4_1_v56_43_v1_vv13_7_1_v8_7_6_5_v6_5_1_v9_8_5_v60_9_8_6_v9_2_v13_11_10_9_1_v12_8_5_v15_13_8_7_3_v98_15_7_3_v60_40_10_6_3_2_1_v16_6_2_vvvv106_vv104_5_3_1_v6_4_v7_5_v112_5_v5_4_1_v10_7_6_3_2_v57_10_9_8_1_v62_3_2_v11_8_7_5_4_1_v16_13_8_7_5_3_v15_14_13_10_5_3_v15_13_12_9_8_4_v88_12_11_6_5_1_v73_19_16_15_13_11_v119_18_12_v20_13_12_10_8_6_v17_15_14_10_8_7_v35_22_21_15_14_12_5_4_v19_12_8_2_1_v17_16_10_9_7_v82_23_22_19_18_16_14_8_7_6_5_2_1_v26_23_18_17_15_v25_22_15_12_10_9_1_v28_27_24_18_16_13_2_v19_16_13_12_11_6_4_2_v30_29_28_26_25_24_22_17_16_12_9_6_3_1_v127_30_27_21_18_16_15_11_4_v93_59_31_29_28_25_23_13_9_4_3_v140_32_31_29_27_25_24_20_18_17_12_9_8_3_v34_33_24_18_14_7_5_2_1_v56_35_24_23_21_17_15_13_12_5_4_3_1_v66_31_25_23_21_19_15_13_12_9_7_6_4_1_v,144,test,5
vv1_v1_vv4_v5_4_v1_v6_v8_6_5_1_v10_5_v11_5_2_v2_1_v13_9_7_v14_9_7_4_2_v6_5_4_3_v16_15_12_v17_13_10_3_2_v14_9_8_1_v15_14_12_9_1_v17_16_10_6_5_4_v19_13_12_11_1_v21_20_15_8_6_5_4_3_v14_v13_12_10_6_v25_24_20_17_13_12_11_5_4_3_1_v25_23_20_6_3_1_v26_10_6_5_v28_27_24_17_8_5_v21_13_9_6_3_1_v27_24_22_20_19_9_7_v28_26_21_19_17_15_13_11_7_6_4_2_v31_28_17_16_12_7_4_v33_30_27_24_23_21_19_15_11_3_v33_32_28_23_17_12_3_v31_26_24_23_17_13_7_4_3_vvvv2_v4_1_v13_v2_v5_2_v7_4_2_v5_1_v10_8_2_1_v20_8_7_4_1_v12_9_5_v46_13_12_8_6_3_2_1_v11_v11_10_9_v14_12_11_9_7_v38_15_9_5_v15_11_v19_7_2_1_v17_14_13_5_4_3_1_v19_15_11_8_6_5_3_v22_20_18_14_12_11_10_8_6_4_2_v23_19_18_17_15_v43_24_23_21_20_17_16_15_14_12_11_10_8_6_4_2_v25_24_21_13_9_5_4_1_v25_24_18_16_4_3_v21_18_17_8_5_1_v26_19_9_8_3_v26_22_21_19_18_17_16_13_12_v21_12_6_2_v58_35_30_27_23_18_15_14_9_6_5_v32_31_29_28_25_19_18_14_5_2_v28_27_23_21_19_17_16_12_11_9_8_v28_25_24_19_17_13_11_10_1_v35_33_32_31_29_28_26_24_23_20_10_4_v36_35_32_29_23_20_19_13_10_v37_34_29_19_18_13_10_4_v41_38_37_35_24_17_13_12_10_9_6_4_2_vv49_1_vv3_1_v40_vv1_v6_3_2_v8_7_4_v4_v1_v8_v10_3_v12_10_9_7_5_3_2_v62_11_9_8_1_v14_12_11_10_9_7_v19_13_11_v17_15_11_6_4_3_2_v68_51_17_14_11_10_v40_19_18_15_11_9_3_v20_14_13_10_7_3_v17_16_12_10_8_7_6_2_v23_22_18_16_14_6_v88_22_21_17_16_15_14_9_2_v23_14_8_3_v25_21_20_10_4_v16_14_8_vv1_vv65_v40_v4_2_1_v6_3_2_1_v60_51_3_v4_1_v9_8_3_v10_9_7_5_1_v69_11_9_7_6_5_v10_6_4_2_v12_10_6_3_1_v14_7_5_4_v11_9_6_1_v117_16_13_11_9_7_1_v11_7_6_4_3_v18_16_14_11_10_9_8_7_6_4_v77_18_17_10_9_7_v17_14_9_7_1_v19_14_12_11_9_8_v101_16_11_10_7_v72_29_23_21_19_17_16_9_7_6_v31_19_13_9_8_6_3_1_v119_25_23_19_17_15_12_8_6_5_4_3_v26_23_22_18_10_8_3_2_v46_18_9_8_7_2_v27_25_23_22_21_18_16_15_14_11_7_6_v124_66_29_17_15_12_10_9_6_5_4_2_v,132,test,8
vv1_v3_2_1_vv5_4_2_v6_5_v2_v8_4_2_1_v8_6_4_2_1_v9_6_4_v10_7_6_v12_6_5_4_v13_9_8_5_v12_8_7_3_1_v15_13_11_3_v15_13_10_9_7_6_4_3_v13_10_9_5_4_3_v18_11_7_6_3_v17_11_5_v18_16_15_8_3_2_1_v21_19_18_17_7_5_4_3_2_v21_19_18_15_13_11_10_9_3_2_1_v23_22_19_12_11_9_8_6_v15_14_11_9_3_2_v25_24_23_22_16_10_8_4_v15_10_7_5_2_1_v14_6_5_3_2_v28_26_23_22_19_18_11_8_4_3_2_v29_19_15_9_6_2_vvv2_v1_v3_v1_v5_v6_5_v3_1_v8_6_v13_8_2_1_v8_7_6_5_4_2_1_v11_7_1_v13_11_8_7_5_4_3_1_v12_10_6_3_2_v12_11_10_9_8_7_6_5_3_2_v16_15_12_11_1_v9_7_6_4_v28_18_17_12_8_4_v18_16_11_10_7_5_3_2_1_v17_16_12_8_3_v14_13_7_5_4_3_v18_13_12_9_8_4_2_v21_13_12_9_4_v29_23_18_16_12_11_10_v25_21_16_15_10_8_5_2_v24_22_19_17_16_15_13_12_7_2_v24_19_15_12_11_10_8_3_v28_25_18_11_9_8_5_4_3_v26_21_20_17_15_5_1_v30_28_26_24_23_21_17_16_13_10_8_7_3_1_v57_31_30_29_26_24_19_13_12_11_8_7_4_vv53_1_v44_2_v54_1_v25_4_v5_3_v4_v7_6_2_v7_3_1_v33_1_v27_2_v11_v12_11_8_4_1_v13_v48_13_10_7_2_v10_6_4_3_1_v64_15_14_9_7_5_3_v15_12_10_9_4_3_1_v17_15_8_1_v36_8_6_4_1_vvv2_1_vv1_v1_vv6_5_2_v76_v7_5_1_v31_6_4_3_v9_4_v31_v11_7_6_1_v13_11_4_v7_5_v41_9_8_2_v17_16_15_10_6_5_3_1_v16_14_12_10_8_7_6_3_1_v19_15_8_6_5_3_1_v18_15_13_10_3_2_v21_20_14_12_6_2_v21_17_16_8_2_v21_20_18_17_14_8_5_3_2_1_v63_30_22_15_12_11_3_2_v25_21_17_15_2_1_v104_26_25_24_21_18_17_16_15_14_6_5_3_v98_24_21_18_14_12_6_4_2_v42_v78_1_v2_1_v3_1_v99_94_v104_102_v92_89_6_1_v7_5_v8_7_4_v90_11_6_5_3_v107_54_4_3_v11_10_9_v72_10_6_v110_12_11_9_8_6_4_1_v65_11_9_7_v102_9_8_5_4_v14_v17_15_13_10_9_7_5_2_1_v18_16_14_7_6_3_2_1_v102_28_19_16_12_9_8_7_6_3_2_v16_12_8_7_5_2_v96_18_15_13_11_6_2_1_v21_20_19_18_16_15_6_2_v22_20_18_17_14_11_10_9_7_4_v18_17_11_10_6_4_2_v14_11_7_6_1_v119_26_23_22_16_8_7_3_v126_26_22_21_16_5_v28_23_20_19_17_9_7_2_v29_28_26_25_19_18_13_4_2_v25_20_8_7_v,141,train,37
vv2_v3_v1_v5_4_1_v4_v7_5_v8_v9_7_v10_7_v9_7_6_4_2_1_v7_5_3_v8_v13_7_5_1_v15_14_12_11_6_3_v13_9_3_2_v17_10_6_v11_8_6_5_v19_17_15_14_5_4_1_v17_14_9_7_6_4_3_1_v20_17_9_2_v14_13_11_10_6_2_v15_12_8_5_v22_21_19_9_8_5_3_2_vvv1_v1_v2_1_v3_v3_2_v7_6_4_3_v8_7_6_5_v9_8_6_v7_4_v10_9_7_3_2_v8_7_5_3_v12_8_4_v11_10_9_4_2_1_v4_3_v11_8_v9_v17_13_12_8_4_v15_13_12_11_8_7_5_3_v20_17_16_14_9_7_6_4_3_1_v20_16_14_10_8_7_v20_19_17_16_14_13_v23_21_19_14_12_1_v21_20_17_16_10_7_5_v24_20_17_16_5_2_v25_23_20_18_17_16_14_12_1_v25_22_20_19_7_2_v28_23_17_11_6_4_v29_22_20_16_13_12_7_v29_27_26_23_19_17_6_5_4_v,56,test,34
vvvv4_3_v3_v4_2_1_v3_1_v2_v8_3_2_1_v10_6_5_3_v11_6_4_v7_6_v13_6_5_4_v14_13_12_11_10_1_v12_9_2_v15_14_13_10_7_6_1_v16_15_14_13_12_9_4_3_2_v18_14_10_8_6_3_1_v16_15_10_7_6_4_3_v20_19_16_14_8_1_v20_17_13_10_8_5_3_1_v22_20_12_11_v22_21_18_17_15_14_13_12_8_2_v23_21_19_16_15_12_10_6_v25_20_17_11_8_v24_23_21_18_17_15_13_11_10_6_2_1_v27_22_17_13_7_5_v26_20_19_18_13_12_10_8_6_4_3_2_v29_27_22_21_20_5_2_v26_25_21_15_5_4_v30_26_22_21_17_16_15_13_10_8_3_2_v31_22_17_15_10_5_1_v32_28_17_16_12_5_4_2_v33_32_26_22_21_14_13_8_3_1_v31_30_29_23_22_14_10_7_6_5_v34_27_21_7_3_2_1_vvvv3_1_v4_v5_2_v25_6_5_v27_7_3_2_v6_3_v8_7_6_v6_v11_v12_v13_10_9_5_4_v9_8_7_1_v14_9_1_v11_9_7_5_4_v16_7_5_1_v12_11_8_7_6_4_2_v18_15_13_12_10_8_3_v42_19_17_13_12_4_3_v21_20_16_8_4_3_v21_20_16_8_4_v21_18_8_4_3_1_v53_24_15_14_13_8_7_3_v33_25_22_17_16_15_13_8_5_v21_20_19_17_13_12_9_6_4_v27_26_24_19_18_14_10_3_v25_18_16_11_10_9_7_v18_vvv45_3_vvvv43_1_v8_5_4_1_v9_8_7_6_v8_4_3_v11_5_1_v68_47_10_8_7_5_4_v33_13_7_v10_v15_13_11_10_9_8_7_4_v40_10_4_v47_7_6_2_1_v64_14_12_11_10_4_2_v9_8_4_v19_8_6_2_1_v20_17_15_13_10_9_4_3_v19_18_11_v23_21_20_17_16_12_9_2_v17_14_11_6_v24_17_10_7_4_3_2_v19_13_11_7_6_3_1_v19_12_11_1_v28_27_26_21_19_16_14_12_11_10_8_4_2_v29_26_22_18_15_5_4_v92_29_26_23_20_19_17_16_8_5_4_v31_30_27_22_13_11_9_5_2_v29_vv1_vv93_8_3_1_vv16_6_5_4_3_2_v3_v16_8_7_3_2_1_v35_27_7_v6_5_3_1_v19_7_4_3_v106_11_6_4_3_2_v9_8_6_4_v27_14_9_8_7_6_v15_12_7_5_4_3_2_1_v14_11_9_7_2_v15_12_11_8_v15_12_9_8_5_v50_17_15_10_9_6_5_3_v12_6_5_3_v102_19_v73_20_18_16_11_7_3_v109_22_17_9_6_4_2_v14_13_4_v23_22_21_20_19_16_14_12_10_8_6_5_4_v26_19_12_9_8_4_2_1_v29_26_25_23_22_21_20_17_16_15_14_12_10_6_v113_63_28_23_21_18_17_16_15_14_13_12_11_7_1_v118_37_26_25_24_20_19_17_8_5_3_2_v28_27_26_23_22_17_15_7_4_1_v69_29_27_25_24_20_19_18_15_14_11_8_3_2_v64_29_28_17_12_11_9_7_2_v32_31_30_25_23_15_12_5_4_v22_19_17_16_5_3_v122_35_33_32_31_26_25_24_23_16_7_6_5_3_v30_23_20_19_4_v37_35_30_28_26_24_23_21_19_16_14_12_5_v43_35_33_29_28_23_21_19_14_8_7_6_v39_35_29_27_26_23_22_21_20_19_18_14_12_1_v86_vv126_v3_v43_11_1_v2_v118_34_6_5_1_v6_1_v8_6_1_v8_v10_v11_9_8_v142_98_11_7_5_v8_6_3_2_v7_6_5_3_1_v80_15_9_v38_11_8_6_4_3_v71_46_17_10_8_6_5_4_3_1_v16_15_14_12_7_6_4_v75_57_50_27_16_15_14_11_10_7_4_v84_10_5_v147_18_16_14_9_6_v160_135_95_21_20_19_18_17_12_2_v23_13_6_2_v21_13_9_5_3_1_v23_22_16_4_v24_23_22_16_15_10_9_1_v27_21_18_17_14_6_1_v115_24_23_20_8_7_5_2_v33_22_21_18_17_10_9_8_4_1_v166_28_25_17_7_5_4_3_v,169,train,20
vvv3_2_v1_v4_3_2_v6_3_v3_v1_v9_8_4_1_v8_6_4_v11_10_9_7_4_v5_v13_12_9_8_4_2_1_v10_5_v9_8_v16_10_9_6_5_4_1_v12_9_v18_17_15_14_12_3_v18_17_15_8_6_5_2_v15_12_10_9_v21_20_16_14_12_4_3_v13_10_9_8_6_4_v22_10_5_2_v23_18_17_11_9_8_v23_19_16_12_8_4_3_v26_19_16_15_10_6_4_v27_23_17_16_12_3_1_v25_21_15_13_6_3_v28_24_18_14_13_10_9_5_1_v27_26_24_20_16_15_12_9_8_7_2_v31_29_27_25_24_23_18_16_6_5_v32_31_26_25_24_21_19_13_8_7_5_2_v32_28_26_23_22_21_20_19_16_8_vvv1_vvv4_v6_v7_6_3_v27_8_4_2_1_v9_8_6_5_4_v9_7_4_2_v8_6_1_v35_7_6_3_v12_8_2_v12_7_4_3_2_v14_10_8_5_v16_13_9_8_6_4_3_v5_2_1_v17_16_12_5_4_v17_10_9_6_5_4_v19_16_15_5_4_v20_17_5_1_vv1_v57_33_v2_v4_v5_3_1_v6_2_1_vv6_4_v9_8_6_5_v62_7_3_2_1_v36_6_2_1_v22_6_v13_7_v12_v69_60_15_14_13_12_11_7_5_2_1_v63_16_7_4_2_v9_7_4_2_v27_17_14_12_10_8_7_1_v19_17_15_7_4_2_v29_18_13_10_5_2_v21_16_12_9_8_6_5_1_v33_26_23_20_18_15_12_10_8_7_3_v23_21_20_19_8_1_v62_14_9_7_6_1_v24_22_21_20_5_4_3_1_v24_23_18_17_16_14_7_6_v23_22_18_16_13_10_9_4_3_v25_24_20_13_12_8_6_4_2_v24_21_13_11_10_7_2_v28_27_25_24_23_17_11_3_2_v27_26_22_21_14_12_9_6_5_4_3_1_v32_28_26_23_20_18_14_13_9_v33_32_30_26_24_17_15_13_6_5_v70_34_33_30_25_18_6_4_v29_27_25_24_20_17_13_11_6_5_3_v31_28_27_25_24_21_14_12_10_9_v30_29_28_25_24_22_13_12_9_8_5_2_1_v36_32_30_28_25_24_22_18_17_16_7_5_v15_v1_v39_vv1_vv6_2_v7_5_1_v7_v27_9_4_3_2_v15_10_6_3_1_v11_10_6_3_1_v9_8_6_2_v87_50_12_6_5_3_2_v13_11_4_3_v95_8_7_3_2_v100_20_15_14_13_2_v95_17_13_6_5_1_v110_10_3_2_v16_12_11_10_8_v86_20_15_12_10_8_2_v15_14_4_3_2_1_v39_20_18_11_9_6_5_v22_19_15_12_11_10_8_5_2_v24_21_18_17_15_14_10_7_3_v111_37_22_21_20_19_15_14_6_2_v15_8_2_1_v42_27_24_19_18_15_9_7_3_v27_25_19_10_9_7_5_3_v25_23_20_19_17_12_11_10_8_5_4_2_v,125,val,10
v1_vv3_vv4_3_v5_3_2_vv3_v8_6_4_v6_4_v11_9_7_v12_11_9_6_4_2_v13_8_7_4_v14_13_10_5_2_v14_10_5_v9_6_5_4_2_v16_14_12_11_9_3_2_v17_12_11_2_v16_14_12_11_10_6_3_v19_10_9_7_6_5_4_3_v20_17_16_14_12_10_9_8_7_v21_16_13_12_6_v23_19_16_13_12_10_8_1_v20_17_15_12_7_5_v24_22_15_14_11_10_5_2_v26_25_22_20_15_9_6_5_2_v25_24_20_11_10_9_8_7_6_3_v27_26_25_23_14_11_8_2_v29_27_25_22_14_13_11_7_6_2_v30_29_23_16_12_11_5_2_v29_28_25_23_20_14_13_12_9_4_v31_29_27_24_20_19_16_13_12_7_6_2_v32_31_29_24_23_20_19_18_16_14_12_10_8_7_6_v34_31_29_27_25_24_17_15_11_10_8_7_5_3_2_v30_25_19_16_14_13_12_10_9_7_4_3_v35_34_29_23_19_18_17_6_v36_35_21_19_11_9_4_v26_24_18_14_9_8_7_3_vvvv2_v2_v3_v6_5_4_v7_5_3_v8_v5_4_2_v48_6_3_v7_5_1_v9_8_5_4_v13_10_5_2_v12_8_v14_11_5_3_1_v7_6_v29_17_16_9_8_5_3_1_v17_8_5_2_v19_17_16_14_10_6_2_v55_16_13_10_8_7_6_v14_9_5_3_v31_19_18_15_13_10_9_v22_21_19_18_14_11_6_v24_23_20_14_13_8_5_1_v25_22_14_5_v23_13_11_8_6_3_2_1_v27_19_18_17_16_14_12_11_9_5_2_v45_26_24_23_21_19_15_12_11_10_8_2_v29_27_25_24_22_21_20_18_13_4_2_v34_24_20_15_11_8_6_5_vvvv6_3_1_v3_2_v49_2_v42_1_v6_1_v11_8_5_4_v6_2_v4_3_2_v71_58_11_10_8_6_2_v12_11_7_4_v12_11_9_7_6_3_2_1_v10_9_3_v15_10_6_3_v16_15_12_10_6_5_v68_15_11_8_4_3_v17_13_12_11_9_7_1_v48_22_12_11_10_1_v17_14_13_12_9_5_3_v60_19_18_12_8_4_1_v77_22_21_13_12_7_6_5_2_v22_20_17_14_13_7_3_v23_22_21_20_19_14_11_8_7_6_2_v19_18_8_1_v71_21_20_19_16_15_14_12_9_3_2_v63_35_23_22_20_18_17_16_15_12_11_7_6_2_v27_26_25_19_17_16_14_8_v55_27_24_21_15_12_4_3_2_1_v30_29_27_25_23_22_19_18_16_15_14_12_11_7_5_4_1_v29_21_20_17_14_9_8_7_5_4_v37_31_27_22_14_13_12_9_8_v33_28_25_19_18_17_16_13_8_6_3_v32_27_26_19_18_15_8_4_1_v33_31_26_23_17_12_7_4_3_v33_32_31_29_27_25_23_18_14_12_11_5_4_2_v33_29_19_15_12_10_4_vvvv1_v2_vvv7_6_5_v5_4_3_v8_4_3_1_v10_5_v11_3_v91_8_7_6_5_4_v10_8_7_6_4_1_v13_12_9_7_6_5_4_1_v31_15_11_10_9_4_3_v15_14_11_10_9_v63_12_7_3_2_v72_18_10_8_4_3_v17_10_5_4_v110_19_17_11_8_v50_20_18_14_10_9_6_v71_68_20_19_17_15_10_9_3_2_1_v21_20_19_14_13_9_8_6_5_3_v91_19_18_12_7_6_v68_24_16_15_11_9_8_6_2_1_v21_14_10_8_6_5_2_v20_14_12_9_7_5_3_2_vv41_32_vv133_126_vv5_3_1_v6_4_1_v4_2_1_v8_3_1_v58_1_v35_8_7_6_1_v48_11_9_8_7_5_v127_12_6_3_1_v73_13_12_5_4_2_v24_11_8_2_v15_13_4_v144_14_11_5_2_v17_14_10_8_7_4_3_1_v17_11_9_6_5_4_1_v19_16_13_11_8_4_2_v19_15_14_11_7_6_v132_17_16_12_9_4_v,158,train,32
vvv3_1_v2_1_v4_vvv1_v8_v9_7_1_v11_5_3_v10_8_6_v12_6_3_v9_8_1_v15_12_10_9_8_7_v8_6_3_v15_14_13_10_9_4_3_2_1_v12_9_7_4_2_v12_9_8_6_1_v18_15_14_10_3_1_v20_8_6_v20_13_12_6_1_v19_18_9_7_5_4_2_v23_15_13_7_2_1_v22_19_18_15_13_3_1_v26_23_21_17_15_14_v25_24_23_20_19_12_11_9_v24_23_14_13_12_11_4_1_v23_17_10_9_7_vvv12_vvv28_4_2_v15_3_1_v7_6_4_v5_4_1_v9_7_4_3_1_v7_v11_8_2_v25_11_7_6_1_v4_1_v16_10_8_6_3_2_v28_15_13_12_11_9_4_2_v12_7_4_v14_12_11_8_7_6_5_4_v30_13_11_8_7_6_4_1_v17_12_10_7_6_v12_11_4_3_v21_19_15_5_4_2_v22_21_19_12_11_5_2_v34_23_13_6_3_2_v18_11_7_v18_12_8_6_4_2_1_v27_26_22_17_6_4_v27_26_24_22_19_12_7_v,58,val,30
v1_vv3_v4_v3_vv3_v8_6_v7_6_v10_9_4_1_v6_1_v8_3_1_v8_v14_11_8_2_v14_11_1_v15_5_4_2_1_v16_9_7_1_v18_16_7_v19_16_15_14_8_3_v5_3_v18_17_16_13_9_7_6_1_vv1_v15_v2_1_v3_2_v5_4_2_1_v5_2_1_v5_4_1_v8_7_4_v18_8_3_v7_2_v9_7_v12_9_5_3_1_v10_8_4_v13_9_8_3_1_v15_8_5_2_v14_9_v17_14_13_11_3_v17_10_5_4_v19_17_14_8_6_3_2_1_v20_17_15_13_10_7_3_2_v20_18_16_15_14_6_4_1_v22_21_20_10_8_5_4_2_v23_22_17_14_v19_16_10_9_6_4_v23_21_19_17_14_13_6_4_2_1_v32_25_24_23_21_16_14_11_10_4_3_v22_21_18_17_14_11_10_4_2_1_v26_19_16_9_3_v22_20_16_11_7_6_5_v28_21_18_17_10_9_7_2_v25_22_18_14_11_9_7_v32_23_22_19_18_16_11_10_8_6_5_v32_30_28_24_22_21_19_18_17_9_v32_28_26_22_21_17_16_14_8_4_3_v46_35_32_28_24_22_19_14_13_7_v36_34_32_28_26_21_20_18_17_4_1_v36_32_29_24_22_19_18_16_14_11_7_3_1_v36_34_32_26_23_22_14_12_1_v,61,train,12
vvv1_vv3_1_v6_3_1_v6_3_2_v7_2_v9_8_6_5_4_v10_9_6_2_1_v11_6_1_v12_9_7_5_1_v13_11_9_8_5_4_v5_v9_7_6_3_v14_13_11_8_6_5_3_v17_15_14_5_v16_11_10_5_3_v15_11_9_5_3_1_v20_18_15_14_13_12_11_9_5_3_v21_15_13_12_11_9_5_4_2_1_v16_10_7_3_v15_9_5_4_2_v24_21_16_11_10_9_8_v25_23_18_16_15_14_v18_17_9_8_3_v23_16_8_6_2_v24_22_9_8_v28_25_21_20_17_16_14_10_4_2_v30_29_19_17_14_13_9_2_v30_29_25_19_9_6_4_2_1_v32_31_26_15_12_11_10_2_v26_16_vv15_v3_2_v3_v3_v4_1_v6_v8_4_v9_8_7_6_5_4_3_v8_5_4_v36_8_4_3_2_v28_12_9_5_4_v13_11_7_5_1_v13_10_6_v14_13_5_4_v16_1_v17_16_14_8_5_v16_15_12_9_8_4_v40_19_14_6_5_3_2_1_v19_15_14_3_1_v18_16_15_1_v19_17_8_5_4_3_1_v23_22_18_16_14_11_3_1_v22_20_13_11_6_4_3_2_v24_22_20_16_14_11_3_v24_23_17_14_11_7_6_5_vvv16_v2_v63_v62_61_2_vv41_18_5_2_vvv6_5_4_3_2_v8_v10_9_2_1_v13_8_5_v25_7_v15_14_13_9_8_7_6_1_v14_10_8_3_2_v25_17_15_10_7_6_4_v8_7_3_2_v19_18_16_13_11_8_5_v20_19_18_17_8_6_3_v20_17_15_13_9_7_6_2_v79_50_22_vvv1_v1_v3_v3_1_v5_v57_8_4_v85_4_2_v59_57_9_v60_11_10_8_4_3_v41_11_v13_11_10_6_4_3_2_v4_1_v21_8_6_v11_7_6_4_3_1_v31_16_11_7_6_5_3_v65_15_14_12_11_10_5_4_3_1_v17_15_13_12_10_v20_19_8_6_3_v87_21_20_12_11_10_1_v80_22_19_18_14_7_3_2_v23_20_12_6_5_4_3_v13_v24_23_19_16_9_8_4_2_v26_7_2_v92_25_23_22_3_1_v27_26_23_21_18_17_13_11_10_5_4_3_2_1_v78_27_23_20_18_16_15_14_4_v30_28_27_26_22_15_14_13_12_4_3_v31_27_25_24_19_16_15_10_9_8_6_5_4_2_v32_31_29_22_21_20_18_17_16_11_10_7_2_v33_21_19_18_16_10_7_6_v32_28_25_17_13_12_10_8_7_5_4_1_v35_34_32_26_14_12_10_8_2_v36_31_26_21_18_10_9_8_5_3_1_v119_v79_v2_v114_v117_90_79_3_2_v76_3_2_v4_1_v5_4_3_v8_4_2_v61_9_5_v7_4_3_v7_v4_2_v12_7_2_v11_9_8_4_1_v14_11_10_9_v15_12_10_9_7_4_3_v36_17_15_13_11_5_4_3_2_v107_62_17_14_13_5_2_1_v73_19_14_12_10_9_8_7_2_v17_13_11_9_8_6_5_v21_20_16_15_13_12_10_5_4_2_v,141,train,57
v1_v1_vv3_v2_v6_5_v6_3_v8_2_1_v8_4_2_v10_8_7_6_5_1_v10_8_7_6_3_v11_9_6_3_v13_2_v11_10_3_v13_9_7_3_2_v14_10_1_v14_4_1_v18_17_16_15_13_12_10_4_v19_15_13_12_9_6_5_v15_14_13_11_8_v16_12_v22_20_15_14_12_11_7_5_v23_19_18_15_13_11_9_6_5_3_v20_19_16_14_12_11_10_7_v24_20_16_15_13_9_4_v22_16_6_v26_23_21_15_13_11_10_8_2_v27_18_10_4_v22_21_16_14_12_11_9_8_4_v30_29_21_14_12_11_9_5_v30_28_25_24_23_22_21_20_12_8_6_1_v32_21_17_16_13_12_11_9_8_7_5_3_vv15_v2_v3_2_1_v4_1_v1_v6_v3_v7_6_1_v9_7_4_2_v8_v10_9_6_4_3_v16_4_2_1_v12_10_6_4_2_v12_10_7_5_3_v14_13_9_v6_5_4_3_2_v11_8_7_1_v2_v10_5_3_v8_3_v20_19_18_17_15_11_10_4_2_v13_10_5_4_3_v23_22_18_13_12_11_9_5_v22_18_10_8_7_v20_19_16_13_9_8_7_2_1_v24_20_16_13_10_9_8_7_v,60,val,9
v1_vv1_v4_2_v5_4_2_v6_5_v6_3_vv7_5_v9_7_6_v9_5_v12_9_6_3_1_v12_10_9_8_5_2_v12_9_4_2_1_v15_14_10_8_5_v7_6_v16_14_9_v18_16_13_8_5_1_v14_9_6_5_v19_17_8_2_1_v20_18_17_16_15_14_13_11_10_9_6_v22_21_20_19_15_9_8_7_5_4_vvvvv1_v26_v3_v5_v6_4_2_v2_v16_10_9_4_3_v17_8_5_3_v12_8_6_5_3_1_v13_10_8_5_2_1_v12_4_3_2_v15_12_11_9_6_4_2_v22_16_14_13_11_10_5_v12_11_9_3_v14_11_4_v19_17_13_2_v16_13_8_6_2_1_v16_15_10_8_7_5_4_v21_19_18_17_15_7_v20_18_16_9_7_v23_19_16_14_12_11_10_7_3_vv1_v28_v16_2_vv5_v5_v5_3_2_1_v48_24_5_v9_8_3_2_v10_9_6_3_v8_5_4_3_2_1_v9_2_v39_13_12_9_3_2_v57_13_10_5_1_v43_32_13_5_1_v14_12_11_10_6_4_1_v17_15_14_11_10_1_v9_5_2_v15_14_13_12_11_10_4_3_1_v20_19_18_17_16_15_7_3_v17_13_6_4_3_v21_13_10_9_3_v22_21_20_18_17_15_14_10_2_v62_23_20_11_7_6_4_3_v19_17_16_11_8_1_v26_24_23_20_18_16_14_7_6_5_v23_21_14_10_8_6_5_v28_26_24_22_21_19_14_8_7_5_4_v29_28_25_24_23_18_14_8_4_1_vv50_v7_vv1_vv68_6_4_1_v39_3_v8_7_6_3_v9_5_1_v19_10_8_7_v11_10_8_7_5_4_1_v11_10_7_4_3_2_v68_16_6_4_v10_6_2_v15_14_12_10_9_1_v77_12_11_10_9_8_3_v13_11_9_4_v86_8_5_3_v11_8_v44_16_13_12_9_4_1_v20_17_14_12_8_5_4_v86_21_10_5_3_2_v18_17_13_6_v,102,test,17
v1_v1_vvv5_v5_3_v5_4_v8_7_5_2_v4_1_v7_v10_5_2_v8_4_v13_8_3_2_1_v9_7_v12_6_4_1_v16_10_9_8_v17_16_10_9_8_5_4_3_v14_12_10_8_4_3_v19_18_11_7_6_2_v18_17_13_11_9_4_1_v21_20_15_12_8_5_4_v17_7_4_2_v23_19_18_13_11_9_2_1_v13_11_9_8_vvvv2_vvv4_3_1_v5_4_v4_3_2_1_v6_4_v7_5_4_3_v7_6_2_1_v11_2_1_v12_11_10_7_3_v13_10_9_8_v37_13_11_6_v3_2_v25_17_16_6_3_v18_17_16_13_9_7_5_1_v15_14_10_8_3_2_v19_13_10_7_5_2_v21_16_14_11_9_8_7_5_2_v20_18_14_10_6_5_3_v20_18_6_v23_19_18_17_12_9_8_7_6_1_v25_21_20_18_16_12_10_7_4_3_v23_20_17_12_10_9_8_5_3_v26_25_22_21_18_17_12_10_9_3_v28_22_21_8_3_v28_25_17_16_15_10_v40_29_27_25_23_21_19_16_7_6_v28_26_19_18_16_15_14_1_v25_24_18_16_13_5_3_2_v29_27_25_20_18_15_9_6_1_v31_24_20_18_9_v33_26_25_17_16_12_5_3_1_vvvv3_1_v3_1_v4_3_2_v5_2_v3_v3_2_1_v19_8_5_4_3_v4_3_2_v17_9_7_1_v19_13_7_6_v11_8_4_v62_14_13_10_9_v13_11_10_6_5_v13_8_7_5_4_v17_16_14_12_5_4_3_v18_16_14_3_v17_15_13_7_6_3_1_v15_9_8_7_2_v20_18_9_8_7_6_4_v19_15_9_8_v68_20_13_12_10_9_6_1_v19_15_9_7_5_4_vv87_vv45_3_v3_2_v2_v1_v2_v8_3_v9_8_7_6_5_4_2_1_v76_9_7_6_v11_7_4_3_2_v9_2_1_v53_10_1_v14_13_12_8_7_6_4_v15_11_9_v14_8_6_4_3_2_v15_11_7_5_v17_12_9_8_2_1_v18_15_14_10_7_v16_15_7_4_2_v11_10_8_5_v22_21_16_12_9_5_3_2_1_vv52_1_v2_v32_2_vv5_vv7_4_2_v91_6_1_v8_6_v116_7_3_1_v57_9_2_v97_92_10_9_6_v10_1_v14_12_9_v15_14_13_7_5_v13_11_9_8_6_2_v37_17_12_9_7_3_v15_6_1_v17_13_11_5_v20_14_12_11_9_6_4_3_v113_20_19_14_11_9_8_v17_13_10_9_6_3_2_1_v29_17_15_8_5_v86_22_21_17_14_10_7_3_v,134,val,21
v1_v2_1_vvv4_2_v2_1_v4_v6_v7_4_3_v8_6_4_v2_v10_4_1_v13_11_9_7_5_4_2_1_v10_9_7_6_3_v15_14_12_10_v15_10_7_6_1_v15_13_12_10_7_5_4_v18_15_11_8_5_1_v16_13_8_6_4_v20_14_12_8_7_6_4_3_v21_18_17_9_1_v21_14_11_7_vvvv3_2_1_vvv6_v7_6_v7_3_2_v2_1_v10_6_4_3_v10_6_v7_4_2_v11_4_2_v11_10_7_1_v11_10_7_v9_6_5_v13_8_4_2_v16_11_10_v18_17_16_10_8_7_4_3_1_v18_16_12_11_8_2_v20_19_15_14_10_9_2_v21_20_18_17_16_15_13_9_7_1_v23_22_16_11_10_9_8_6_5_2_v24_21_17_10_5_3_vv1_v2_1_v1_v3_v5_2_1_v5_2_v2_1_v6_1_v8_1_v6_4_3_v16_11_9_v5_4_v11_10_9_7_1_v13_9_3_2_v15_14_13_10_7_5_1_v9_6_5_4_3_1_v16_8_5_4_v16_15_9_5_4_v14_4_3_v8_v,69,train,15
vv1_vv4_3_2_v5_3_vv6_4_2_1_v5_v8_6_3_v9_8_7_6_5_4_1_v9_4_2_v12_10_8_v11_9_7_1_v12_10_9_4_1_v12_8_6_v6_4_2_v16_14_10_5_3_1_v15_10_9_8_6_4_v17_15_11_10_8_7_v19_18_17_13_12_9_8_7_6_5_3_1_v21_14_13_11_10_9_8_7_5_v22_18_17_16_14_12_3_1_vvv2_v3_1_v4_2_v12_4_1_v4_2_1_v13_7_2_v5_v9_3_1_v7_6_4_1_v11_7_5_1_v12_11_7_5_v13_11_9_7_6_v5_1_v32_14_13_8_7_6_v16_15_12_10_9_v34_24_16_7_4_3_v16_12_10_7_6_4_2_v18_11_3_2_1_v35_18_14_11_10_2_1_v21_17_12_10_9_6_5_3_2_v20_19_17_12_10_9_7_4_3_1_v23_22_21_20_18_17_14_13_6_v28_25_23_21_13_7_6_4_v20_18_11_10_7_2_v26_24_22_17_15_12_11_6_v17_14_13_11_10_9_8_6_2_v27_18_6_3_1_v29_27_25_20_17_16_13_11_10_4_v27_20_18_17_14_10_6_5_v24_23_18_17_16_14_13_12_4_3_2_v30_29_27_24_19_18_17_13_11_9_2_v33_27_22_21_18_16_12_10_5_2_1_v34_28_27_24_22_17_13_10_7_v35_33_31_28_27_18_14_4_v30_29_25_20_18_14_13_11_3_v54_v26_1_v2_v2_v1_v3_v5_4_v36_3_v6_4_1_v7_v3_2_v9_5_3_2_v11_10_8_3_2_v12_10_9_8_5_3_2_v14_13_12_9_5_4_3_v46_14_13_12_11_7_3_v9_7_1_v15_10_5_4_3_v18_17_15_14_3_v18_10_8_6_v17_15_13_11_2_v16_15_14_11_8_6_5_2_v22_15_14_12_8_6_2_1_v22_20_18_15_11_9_6_2_v24_21_19_18_17_8_7_5_1_v24_21_20_17_16_15_9_8_6_3_v23_22_20_18_17_15_12_11_6_2_1_v22_21_19_17_14_13_4_v28_25_24_23_19_18_7_6_2_v27_22_21_17_15_14_12_v28_27_25_23_20_11_7_5_4_1_v28_27_26_24_23_18_17_15_13_8_4_2_v31_30_29_28_25_23_18_14_8_7_6_1_v30_28_23_20_19_18_17_12_10_8_7_5_v,94,test,18
v1_vvv4_v4_v1_v6_2_v8_6_v8_7_5_v8_5_v9_v12_8_4_v12_8_7_6_1_v14_12_9_5_v15_13_12_6_5_3_v9_8_2_1_v17_8_5_4_3_v14_11_9_5_2_v19_18_15_10_8_4_3_2_v17_16_13_8_7_4_1_v19_16_15_10_9_6_5_v16_12_8_7_5_4_3_v21_11_10_7_v21_18_14_13_11_1_v19_17_13_3_2_v20_14_10_8_3_v13_6_4_v28_17_11_v19_16_15_7_1_v28_26_25_22_9_7_5_3_v31_30_24_20_17_16_12_9_7_v32_25_22_21_18_17_14_10_9_8_7_v25_23_20_19_15_12_10_6_3_1_v34_33_32_31_30_28_25_21_18_15_13_12_11_10_5_4_3_2_v34_32_29_28_25_19_18_15_13_8_5_v33_31_29_20_18_15_13_9_8_1_v36_34_29_26_25_24_22_16_11_7_6_v37_36_30_29_27_24_23_17_14_13_10_9_6_v37_35_30_28_24_17_15_10_8_7_3_2_v36_vv2_v2_v3_2_v2_1_v4_1_v7_3_v6_2_v21_7_3_v8_6_v7_v10_9_6_v28_13_12_7_5_v14_13_9_8_v15_13_11_10_8_7_5_1_v8_7_6_1_v15_14_4_3_2_v17_14_12_11_7_4_v13_11_10_8_6_2_v59_20_15_11_9_5_3_1_v20_18_13_11_10_9_8_3_2_v22_16_15_14_11_9_7_6_4_3_v18_10_4_3_v22_21_18_12_11_8_6_5_1_v24_20_14_13_8_6_5_1_v23_18_16_12_9_5_1_v31_21_12_11_9_7_4_3_2_1_v26_24_22_12_8_7_6_5_v26_22_19_15_11_10_8_7_5_v34_30_28_26_24_20_16_7_5_3_2_v29_27_26_21_20_16_14_8_5_v31_29_26_22_21_15_5_v31_25_23_22_18_17_14_6_1_v72_32_31_30_29_19_18_15_10_8_1_vv34_2_vv29_3_v4_v5_4_1_v34_6_3_1_v52_22_21_2_v8_7_1_v7_3_v19_10_6_3_1_v6_v11_10_7_5_4_1_v11_10_8_5_2_1_v14_9_8_7_6_5_3_v15_11_4_2_1_v67_15_14_13_9_5_4_v13_7_4_3_2_v65_60_28_18_6_3_2_1_v19_12_9_4_1_v20_17_14_13_8_7_5_v18_15_14_13_12_8_3_2_v22_16_14_10_8_v23_18_17_8_1_v75_24_23_22_19_17_16_13_12_9_8_7_3_v18_17_15_12_4_2_v42_26_19_18_15_7_3_v22_19_17_16_12_11_10_8_2_v28_23_21_20_19_18_11_5_v64_28_24_18_14_11_10_8_v24_19_16_14_10_5_3_1_v90_48_28_26_19_13_12_10_8_6_4_2_v32_31_26_25_20_19_18_12_9_8_4_3_v33_24_21_20_19_17_9_1_v31_29_27_26_23_22_18_17_16_14_13_11_10_9_8_5_4_v34_28_25_23_18_14_13_12_3_v59_55_30_27_26_25_23_20_18_17_16_15_11_8_4_vv110_v1_v2_v4_2_v17_5_4_2_v5_4_v75_6_5_v1_v37_11_8_4_3_v65_10_v121_73_61_10_6_v4_3_2_1_v115_13_11_10_8_v13_12_11_7_v15_14_13_2_v16_13_11_8_4_2_v76_46_36_10_9_7_6_1_v17_10_8_5_1_v19_17_16_13_9_8_6_5_4_v20_17_15_12_10_9_6_v19_9_8_6_5_4_v21_19_10_6_v49_22_21_12_11_7_5_3_2_v24_23_21_7_5_v23_16_11_7_4_2_v25_22_18_17_12_10_3_2_v123_16_10_9_7_6_v24_19_18_17_14_11_10_6_2_v29_10_8_3_2_v25_24_20_19_12_10_8_7_6_3_2_v99_29_28_26_24_17_16_13_12_9_6_v30_22_8_6_v141_31_26_25_23_22_20_19_17_16_11_8_7_v27_25_22_21_20_18_15_11_8_6_1_v31_v1_v2_v2_1_v4_2_v63_3_v82_6_4_3_v50_v104_98_5_3_1_v91_9_6_5_3_v44_5_v99_34_11_8_7_v12_9_4_v10_5_v13_12_5_2_v156_104_14_7_3_v52_12_10_9_7_5_v14_13_10_7_3_1_v137_12_5_4_1_v19_12_11_8_5_v20_18_15_14_8_6_v19_18_8_7_6_3_v20_19_15_13_10_9_6_3_v23_20_18_17_15_14_6_3_1_v17_15_8_7_4_v58_19_12_11_1_v25_24_21_18_11_4_3_2_1_v,174,train,126
vv1_vv3_2_1_v5_1_v6_5_4_v7_5_4_3_v5_4_2_1_v9_8_7_4_1_v6_2_1_v10_9_5_4_v9_8_5_4_v10_9_1_v13_12_10_3_2_v15_13_10_4_3_1_v13_9_8_3_v16_14_10_8_4_2_v18_16_13_8_4_v18_11_8_7_6_5_3_v20_15_14_13_12_3_1_v21_19_15_12_3_v22_19_12_11_9_v20_15_14_9_6_4_2_v24_23_22_21_18_15_10_1_v20_17_16_12_11_10_7_5_4_3_2_1_v23_16_12_11_9_8_7_5_2_1_v25_24_18_17_16_13_11_10_v27_26_24_21_20_17_16_13_5_4_3_2_vv1_v30_1_v3_v3_2_v3_v34_19_4_1_v6_5_4_2_v7_3_v5_2_1_v12_10_8_5_4_3_1_v10_7_6_3_v2_v13_9_4_3_v13_11_8_3_1_v4_2_v14_13_12_11_10_5_1_v15_13_10_8_7_4_3_v16_15_8_7_3_2_v15_14_13_10_7_6_1_v18_17_16_12_10_8_2_v19_18_16_8_6_3_2_v21_20_19_18_15_14_8_6_v23_17_13_12_7_4_v12_v25_21_11_9_7_3_v26_23_20_17_14_12_3_v26_22_20_11_8_v28_25_23_16_12_10_8_4_3_v56_28_26_25_19_10_9_7_3_v43_28_27_26_21_20_19_15_14_13_v26_25_24_23_10_8_4_1_v32_31_27_24_20_19_17_11_10_8_5_3_1_v31_30_28_27_26_18_15_v34_29_28_24_21_16_15_11_9_5_2_1_v,64,train,61
vvvv4_1_vv2_v5_2_1_v8_1_v5_1_v7_4_3_1_v11_v12_10_8_7_1_v12_7_4_v13_9_8_v11_4_v13_9_4_v16_15_14_12_9_2_1_v14_13_7_5_4_3_v19_7_5_4_v20_18_16_15_14_12_11_9_v21_19_18_14_10_8_4_v18_13_8_7_6_4_v19_17_15_14_13_12_11_10_7_3_v21_19_18_17_7_3_vv1_v2_v3_2_vv2_v6_2_v7_6_5_v6_4_3_v10_9_6_4_2_v10_8_7_2_1_v11_9_8_v12_8_7_6_2_v11_10_2_v2_v12_11_8_7_4_3_v23_16_13_10_4_3_2_v13_9_2_1_v13_6_4_v17_15_12_10_9_4_3_v19_16_15_13_5_4_1_v17_15_14_12_5_3_v22_21_20_7_6_2_1_v22_21_18_16_7_3_1_v23_22_13_11_8_5_v25_24_22_20_12_11_6_3_1_v25_18_17_10_9_v26_20_19_15_13_6_5_3_v27_26_25_24_23_21_14_11_10_6_5_4_2_1_v29_23_18_15_13_10_1_vv30_1_v2_vv4_3_v1_v3_v2_v8_4_2_1_v9_8_6_3_1_v10_9_8_7_6_2_1_v6_4_v11_6_4_3_2_v13_12_11_9_8_6_5_v11_6_3_v10_8_6_4_1_v15_13_10_v14_12_11_v17_8_6_5_3_v17_7_v19_15_12_9_8_5_4_3_v19_18_17_11_v22_16_15_13_2_vvv2_1_v1_v67_4_2_v4_2_v48_v6_2_v8_4_2_1_v4_v57_33_10_9_7_4_3_v10_2_v12_10_9_6_1_v7_2_1_v69_11_9_6_5_v14_12_11_9_7_3_v87_19_13_8_7_6_1_v7_4_v17_14_6_5_1_v19_12_8_6_5_3_v19_18_13_12_7_3_v93_18_15_12_10_9_7_6_v17_13_12_11_8_4_3_1_v43_23_21_20_18_17_16_14_12_10_7_5_4_v20_18_14_8_5_2_v24_22_19_14_9_8_3_v23_18_15_13_10_v27_25_16_15_13_9_7_v52_23_21_20_16_11_10_9_7_3_2_1_v50_26_24_23_22_19_17_12_10_6_5_v82_55_29_26_22_16_13_12_9_8_7_5_4_3_v29_27_26_20_13_12_11_10_9_8_7_5_4_v30_26_23_21_13_10_9_7_4_v107_26_25_19_15_14_11_10_9_8_v34_26_19_17_13_9_v39_29_26_22_21_20_17_15_14_12_8_7_3_v97_58_43_36_27_23_18_14_13_9_5_1_v33_31_27_26_23_21_18_16_13_9_3_v,116,train,92
vv2_vvvv1_v5_2_v4_v8_2_v8_7_2_v11_10_9_7_6_5_2_v10_8_4_1_v7_5_4_3_1_v14_11_10_9_8_6_4_v12_5_3_1_v13_12_9_7_v17_16_13_11_9_8_7_3_v18_12_10_6_v18_16_14_8_6_5_2_v18_16_14_10_4_2_v21_18_v16_15_14_9_8_6_4_vv8_vv1_vv5_3_v5_v8_7_6_2_v6_5_4_3_2_v6_5_1_v8_4_v11_10_7_5_1_v10_7_6_4_2_1_v13_11_6_4_3_2_v9_5_3_1_v13_12_9_4_v2_v15_14_13_11_7_6_5_v16_8_7_5_2_v15_14_12_11_6_v18_16_15_13_5_4_2_v13_9_8_v23_18_15_9_7_6_v20_13_11_8_5_3_1_v23_22_21_20_16_15_13_11_10_6_4_3_v25_22_19_18_12_8_7_4_v21_17_15_10_3_2_v25_24_20_18_17_16_15_11_10_9_6_v28_23_22_20_11_v28_21_20_16_15_8_7_6_5_v20_18_16_15_12_11_8_5_3_v30_22_21_19_17_13_9_8_3_v30_26_25_23_19_11_8_6_vv1_v1_v2_v3_2_1_v6_vv6_5_4_v8_5_v9_7_v65_8_7_5_v6_5_3_v12_4_v13_10_9_3_v9_6_3_2_v14_12_11_10_7_1_v13_9_7_5_3_v17_13_v13_12_4_v66_19_18_16_13_11_7_4_2_1_v16_13_10_2_v18_16_12_8_5_4_v19_15_13_5_v22_17_14_10_8_4_1_v24_22_21_17_16_15_10_9_7_4_2_v23_18_8_4_2_v23_21_20_18_17_11_7_5_4_v24_19_15_14_13_10_v27_24_23_22_21_19_18_13_3_v70_39_31_27_25_19_16_15_3_v29_27_22_12_10_v51_31_20_19_14_4_v31_28_26_25_23_22_17_15_14_13_9_8_3_v32_28_26_22_21_19_18_16_7_4_v34_33_31_28_26_19_18_14_12_10_v32_31_30_27_25_17_13_7_2_vv71_1_v1_v45_2_v2_v3_1_v6_2_v4_2_v4_1_v51_9_8_v75_10_6_4_v10_v12_8_6_5_4_2_v93_11_10_7_5_4_3_2_vv14_9_8_4_3_2_v26_14_12_7_6_4_3_v55_17_12_10_5_4_1_v13_7_6_2_v19_18_17_14_13_11_9_8_7_4_1_v20_17_15_11_10_6_v21_20_17_16_14_10_4_3_v11_7_v43_23_22_21_17_11_9_8_6_1_v102_22_19_17_15_13_7_4_1_v24_22_19_18_v74_26_23_22_16_15_12_7_1_v26_23_18_9_8_2_v28_27_26_22_19_13_9_8_7_6_5_3_2_v42_vv97_v97_3_2_v125_v110_84_80_79_3_2_1_v6_3_v7_4_2_1_v6_5_3_v96_9_6_1_v7_5_1_v10_8_2_1_v64_10_9_8_6_1_v11_9_6_1_v129_16_13_3_1_v15_8_7_6_5_4_3_v15_10_7_5_2_v11_10_8_6_5_4_1_v123_85_22_18_15_13_12_11_10_8_5_4_3_v117_18_16_14_10_8_3_1_v,141,train,73
vv1_vvv4_3_2_1_vv6_3_v6_3_2_v4_v9_4_v11_10_8_7_5_4_2_v8_v12_10_9_8_7_2_1_v10_6_5_2_1_v13_12_8_7_5_4_3_v16_5_3_v17_12_9_8_4_3_v11_10_6_v18_11_8_3_v20_19_18_16_15_12_8_6_4_1_v19_13_12_11_9_6_5_2_1_v15_13_12_10_9_8_7_6_vvv2_v15_3_2_vv4_1_v8_v5_3_2_v8_3_2_v8_6_v9_5_3_v9_8_5_v20_10_9_7_3_v13_8_1_v5_v11_10_9_7_5_2_1_v4_3_2_v17_16_15_12_7_5_2_v18_7_6_5_4_v19_12_11_8_6_5_3_v19_18_13_12_10_7_4_2_v19_13_7_4_v21_18_15_14_13_12_10_9_2_1_v28_23_19_17_11_8_6_v41_12_5_4_2_v19_18_15_14_12_9_7_v18_17_12_10_8_6_4_2_v27_25_21_19_14_9_7_6_3_v25_21_18_13_11_9_3_2_v28_27_25_21_16_15_13_12_10_8_7_3_v26_21_19_15_12_11_10_8_5_1_v30_27_25_24_22_17_9_5_4_3_1_v28_24_21_19_18_6_v30_29_28_26_22_13_5_v34_32_28_27_25_22_14_9_8_v31_30_26_25_22_18_17_14_13_11_9_8_7_3_2_v19_18_16_14_6_4_2_1_v37_34_29_27_26_23_19_17_16_7_v37_32_31_26_25_23_22_17_9_7_4_2_v37_32_31_29_26_21_18_10_7_4_3_v,63,train,104
vvv3_2_v1_v5_4_3_v6_5_v3_1_v7_6_v4_3_v6_4_3_2_v10_7_6_2_v11_8_6_4_v12_8_1_v7_6_2_v14_5_3_2_v13_10_8_6_3_v17_16_11_8_6_3_1_v14_12_8_4_v19_15_14_4_vvvv3_2_v4_v3_v6_3_1_v7_5_v1_v7_6_5_v7_5_2_v7_v12_5_3_v12_11_9_7_6_5_3_2_v12_11_7_6_1_v8_6_5_4_3_v14_10_9_8_6_4_v14_12_11_1_v17_16_13_7_3_v13_9_8_7_3_2_v20_15_14_13_v18_14_12_11_10_6_vvv2_1_v32_2_1_v28_v33_19_5_v6_3_v6_5_v35_3_1_v5_3_v7_6_5_3_v20_13_10_9_6_5_4_3_v7_6_1_v19_10_3_2_v13_5_v13_7_5_3_v24_12_11_3_2_1_v17_12_10_8_4_3_1_v18_17_16_12_11_8_v19_16_10_7_6_5_1_v12_4_2_v21_20_17_11_7_6_3_2_1_v14_13_11_9_v23_21_18_17_15_v20_19_6_4_v65_25_21_19_18_17_16_13_5_4_2_v25_21_18_17_15_14_13_12_9_7_6_1_v27_24_15_8_3_2_v21_14_12_11_9_3_1_v27_26_21_19_13_8_3_1_v29_27_24_19_18_16_14_10_v28_27_23_20_15_14_7_v32_30_29_28_26_19_17_16_12_9_6_2_v,75,train,3
vv2_vv2_v3_1_v3_2_v6_5_4_v8_5_v8_6_4_v6_v10_4_3_1_v12_11_10_1_v11_10_7_v14_10_6_5_3_v10_7_2_v11_1_v14_8_6_3_v14_13_10_9_5_4_v16_14_13_12_10_6_5_2_1_v16_v19_11_9_7_4_2_vvvv1_vv5_v6_5_4_2_1_v7_v6_3_v5_3_1_v9_4_v9_4_1_v6_5_3_v9_5_v13_8_7_6_5_v12_11_9_7_4_v11_6_4_2_1_v8_7_3_v16_11_4_v15_12_9_v30_18_16_14_4_1_v13_9_8_4_3_2_1_v22_21_19_17_15_14_13_12_6_5_3_1_v23_18_14_12_7_5_4_3_v19_16_13_12_11_8_7_2_v22_17_16_13_12_8_7_5_1_v25_16_11_9_7_3_v19_17_16_8_5_vvvv3_1_v2_v37_30_v3_1_v7_6_4_3_v8_7_4_vv9_8_7_6_5_3_v10_9_8_6_5_v11_10_3_v13_6_2_v13_8_4_3_v11_7_4_v14_12_7_5_v62_16_14_10_8_7_6_4_v16_10_3_v69_17_16_12_11_8_v19_13_12_7_5_v33_20_13_11_10_7_v20_18_16_11_8_7_4_3_1_v23_22_19_18_15_7_1_v21_16_14_10_9_3_v24_18_17_16_14_13_12_9_2_v23_15_11_9_6_4_2_v27_26_19_18_17_11_5_4_3_2_v26_23_18_14_13_12_5_1_v49_26_21_9_7_6_4_3_2_1_v29_28_27_21_17_13_12_10_6_5_1_v30_28_26_24_22_18_15_14_9_6_v25_23_15_14_9_6_4_2_v31_27_26_23_19_17_15_14_12_11_10_8_4_v34_32_29_28_25_24_17_13_12_11_10_9_v34_33_31_29_21_17_15_8_3_2_v36_33_32_30_29_20_17_10_9_7_6_4_v29_26_24_23_13_12_8_4_1_v43_26_23_20_14_6_2_vv72_17_vv69_v2_v5_3_v7_v5_2_1_v8_7_4_v7_5_3_2_1_v55_10_9_5_4_v9_4_v32_11_6_v69_13_10_7_5_v11_8_5_v24_15_10_5_2_v14_10_8_7_v91_17_12_v43_6_4_3_1_v23_15_12_11_10_7_4_3_v20_17_16_13_7_3_1_v19_15_v71_45_16_14_9_8_4_2_1_v20_17_13_11_7_3_v109_15_11_10_8_5_v58_vv1_v116_2_1_v52_v3_v97_5_4_3_2_1_v5_v91_7_6_5_4_3_1_v1_v8_5_4_v4_3_2_v10_6_v127_93_12_7_v13_11_5_1_v14_7_4_v104_12_9_7_5_4_v17_12_6_5_2_v18_8_7_6_2_v19_18_13_10_9_7_2_v10_9_4_v20_13_12_11_9_7_6_4_v76_20_19_17_15_11_9_8_4_3_v20_8_2_v20_19_18_17_16_15_4_3_2_1_v24_22_18_16_14_12_10_8_7_5_v25_23_21_19_18_13_9_7_4_v26_25_23_22_15_13_12_10_8_7_2_v136_58_27_26_22_19_18_17_16_15_11_7_5_1_v27_25_21_15_7_5_2_v91_81_25_24_14_13_12_8_5_3_v51_28_24_16_15_13_8_2_v32_25_24_21_19_18_13_5_v29_21_10_4_2_v55_31_30_25_24_21_19_17_16_10_9_8_7_2_v,149,train,0
v1_v1_v3_2_1_v4_vv3_2_v3_v6_5_2_1_v9_4_v7_2_1_v9_5_1_v11_4_v12_10_8_5_v13_8_6_4_v14_13_11_10_2_v11_6_5_v13_9_8_7_6_4_v15_14_11_10_7_5_4_1_v18_16_11_7_6_4_v20_18_16_14_12_5_4_3_v20_17_15_12_9_7_6_4_2_v22_18_15_10_6_5_4_3_v11_5_2_v21_18_15_1_v24_23_19_15_13_11_9_5_v26_25_17_10_8_7_6_v26_23_22_17_15_13_11_3_2_1_v27_26_25_23_19_18_16_12_7_6_v28_25_23_16_15_14_12_11_7_5_4_v26_24_22_21_12_11_10_8_3_v31_30_22_21_18_13_12_11_9_v32_31_30_24_22_13_11_4_2_1_v32_31_30_26_24_16_15_13_9_5_4_1_v34_31_30_20_18_13_3_2_v34_33_27_22_19_12_8_7_6_5_3_2_vv1_vvv4_2_v24_2_v30_2_v7_6_4_v5_v14_9_8_7_v8_7_6_3_2_v10_7_4_1_v45_11_3_2_v31_5_v15_14_9_7_5_3_1_v13_11_6_4_1_v42_3_1_v14_8_5_1_v16_13_3_v40_17_12_11_7_5_vvvv15_1_v58_18_2_1_vv60_4_2_v7_v4_3_2_1_v8_5_3_2_v9_7_5_v4_v11_9_8_6_5_v12_8_7_2_1_v14_13_9_8_7_2_1_v15_12_2_v10_9_7_4_v51_15_6_5_v31_17_16_12_6_2_v16_13_11_7_2_1_v20_17_16_14_10_8_v35_20_19_18_13_7_2_1_v18_14_8_5_4_v23_22_16_7_v70_23_21_18_13_12_10_7_6_5_v19_16_v21_20_18_15_10_5_v54_21_20_15_14_9_5_3_2_v27_24_23_22_19_16_14_13_11_10_7_5_v28_27_23_17_14_13_11_5_3_v24_20_12_11_8_5_4_3_vv1_vv29_2_1_v84_2_v4_1_v6_v55_5_2_1_v8_1_v8_7_6_4_v56_13_10_6_v11_7_5_1_v7_4_3_2_v11_9_8_7_5_v88_13_7_6_5_v15_11_8_6_5_3_v7_5_3_v11_10_9_7_5_2_v17_9_3_1_v95_18_12_6_2_1_v18_17_8_7_6_1_v25_20_15_13_2_v21_19_18_17_15_13_11_10_9_5_4_1_v19_15_3_v110_22_18_15_14_12_4_v24_17_16_3_v23_22_12_9_4_3_2_1_v58_v59_v1_vv62_2_1_vv106_11_6_5_3_v5_2_1_v97_81_47_7_6_v8_7_6_4_2_v9_6_v11_7_5_4_1_v83_6_4_v12_9_1_v105_14_6_v15_7_6_4_3_2_v16_11_8_2_v17_3_v13_11_4_1_v19_9_6_5_2_1_v20_17_16_8_4_v80_35_28_21_18_16_15_10_v19_17_15_10_9_2_1_v19_16_13_7_v24_22_21_18_17_14_13_11_7_1_v111_24_20_16_13_11_10_7_5_4_2_v117_82_42_26_25_22_21_18_16_13_12_8_5_3_v130_122_23_22_21_20_18_17_13_10_7_4_3_1_v25_24_21_17_14_12_9_8_v139_116_18_15_6_5_4_3_v27_26_23_20_19_18_16_14_10_5_3_v135_29_27_26_23_20_19_4_v101_32_27_23_22_20_19_17_15_14_13_11_9_8_6_2_1_v30_27_26_25_22_19_8_6_3_1_v55_32_31_30_29_27_25_24_19_13_12_10_7_5_4_v33_32_28_27_10_6_4_v77_36_34_30_29_28_25_22_20_17_13_10_8_6_5_v37_30_29_27_25_23_20_19_16_11_10_6_v,152,test,13
vvv2_1_v1_v4_1_v6_v5_4_3_1_v6_2_v5_1_v7_1_v7_v9_6_5_4_v13_4_1_v14_13_11_10_5_2_v15_12_11_9_v14_12_9_v15_14_7_5_1_v17_10_3_2_v16_12_8_7_3_v18_14_7_5_v20_19_17_16_7_3_2_1_v21_19_15_13_12_9_6_5_2_v18_17_15_14_13_12_11_10_9_3_v17_16_14_13_5_4_v20_18_14_9_7_v26_22_19_17_11_7_5_v24_23_20_13_11_10_4_2_v24_22_20_19_16_15_14_8_1_v29_23_22_21_20_19_13_8_5_v13_vvv3_vv4_3_vv4_v8_6_5_v5_4_1_v7_v9_6_3_v14_5_3_1_v13_12_10_9_4_2_1_v13_10_6_4_3_2_v12_7_6_5_v15_14_11_9_1_v29_15_13_10_2_v18_17_13_12_10_7_6_5_4_v19_12_11_10_6_1_v20_18_17_16_4_2_v48_19_18_17_15_12_11_vvv1_vv4_3_v51_5_4_3_v6_4_2_v23_4_2_v4_2_1_v46_6_3_v10_9_7_4_3_v51_9_8_2_1_v12_10_1_v57_25_12_10_5_4_3_v13_12_11_5_4_v11_9_7_6_5_2_1_v16_v16_8_7_5_4_v14_8_1_v36_v17_15_10_4_v16_11_10_8_1_vv62_v2_v69_1_v4_2_v1_v5_v6_2_v7_v41_9_8_3_2_v59_5_4_3_2_v13_v12_11_9_7_1_v11_1_v12_9_3_v15_12_11_4_2_v34_16_12_11_10_6_v15_14_12_11_5_v45_16_13_12_7_5_3_v93_19_13_8_7_v26_17_13_12_7_1_v43_18_17_16_12_10_6_5_3_2_1_v20_11_8_7_v22_17_15_13_8_7_5_4_3_v19_17_16_13_10_7_3_2_v50_23_22_20_17_16_13_1_v23_22_19_16_12_v27_24_11_7_6_5_3_v27_22_18_8_6_1_v26_23_19_16_14_11_10_9_5_2_1_v29_26_24_16_13_7_2_v29_19_12_10_9_7_5_4_3_2_v81_78_26_20_18_13_3_v32_31_20_19_17_10_5_v34_33_28_25_16_14_12_7_3_v86_34_29_17_15_3_v,110,test,27
vv1_vvvv2_v5_3_v1_v9_8_6_4_3_vv8_2_v12_6_v13_11_10_8_6_5_2_v10_8_3_1_v14_11_10_6_2_1_v14_10_7_5_3_2_1_v17_15_14_12_9_8_2_1_v15_13_10_9_6_3_v16_14_13_12_7_6_1_v20_10_9_8_v20_15_12_9_8_7_6_4_v21_19_13_9_7_5_v23_21_16_14_8_4_v24_16_13_10_9_7_3_2_v23_21_15_14_5_v26_23_12_8_7_5_4_v26_16_13_2_v26_24_23_20_17_15_6_1_v24_12_11_10_v30_21_15_14_10_2_v29_25_24_20_19_13_11_9_7_4_2_v30_26_23_17_16_15_6_5_4_2_1_v29_23_22_19_18_11_10_7_6_5_4_v34_33_32_29_28_23_20_19_18_17_15_14_13_11_9_v30_25_24_20_16_15_14_10_8_3_v36_33_30_24_17_16_15_12_9_7_6_2_v20_vv28_2_v3_1_vv5_2_v4_v6_2_v6_v18_8_6_5_3_2_vv40_11_2_v11_1_v24_13_9_2_v36_14_13_12_10_9_6_v15_8_7_4_2_v10_9_6_1_v14_13_12_5_v18_16_14_12_3_1_v17_13_11_8_6_5_v20_17_12_6_5_3_v18_17_16_3_1_v17_15_11_10_7_5_v19_16_13_12_8_5_4_v21_18_14_11_6_1_v22_18_17_12_5_3_1_v25_21_18_17_16_15_13_5_v27_21_18_16_15_14_10_9_3_v24_14_12_4_v29_25_24_22_19_16_14_12_10_9_3_2_v26_23_21_20_18_10_7_v22_13_10_8_v29_28_19_17_14_12_9_6_5_2_v32_29_28_27_20_16_14_11_8_7_5_1_v32_25_19_16_15_14_12_7_5_4_2_v35_30_28_27_25_22_16_10_7_3_v20_15_14_13_8_3_1_v26_23_20_19_16_13_1_v36_33_32_17_15_8_7_6_1_vvvv1_v66_1_v3_v6_4_v4_v26_4_1_v9_5_4_2_v6_3_1_v19_11_9_3_1_v9_8_4_v13_4_1_v74_14_7_v14_12_11_10_9_7_6_5_3_2_v7_1_v16_12_1_v10_8_5_4_v95_42_17_16_15_12_11_9_8_2_v19_16_2_v19_14_13_7_4_v21_16_13_8_7_3_v89_19_13_12_6_4_1_v21_14_13_12_11_8_7_6_5_4_1_v20_18_14_11_7_v24_23_21_16_13_10_2_1_v25_20_19_17_16_15_14_12_8_6_v26_23_21_17_14_12_10_9_7_4_v29_26_20_14_12_10_5_3_1_v30_19_18_17_13_12_7_6_4_2_v,107,test,3
vv2_1_vv4_vv4_3_v7_5_v6_v5_4_v10_5_2_1_v5_4_3_v12_10_6_v11_8_7_6_3_1_v7_6_5_3_v15_14_12_v14_12_10_7_6_4_2_v14_13_9_1_v17_11_10_7_6_v19_14_13_12_11_8_6_5_1_v20_19_18_16_15_14_13_10_6_v20_11_10_5_v20_9_5_4_v21_14_6_v24_22_19_17_16_10_7_6_5_1_v23_21_15_14_10_8_5_2_v26_21_19_6_5_4_3_v26_23_22_20_16_14_12_10_9_6_4_v22_19_18_10_7_4_3_1_v29_28_25_23_7_5_4_v24_21_18_11_9_5_3_v31_29_28_25_16_9_7_5_4_v24_21_20_19_16_15_1_v31_28_24_23_22_19_17_12_11_10_v31_27_24_15_14_12_10_5_2_v35_33_30_25_24_22_20_19_11_6_4_1_v35_32_31_29_24_21_20_17_16_10_8_4_2_1_v37_34_31_29_26_17_16_13_12_10_8_7_6_2_1_v38_37_34_33_25_19_13_12_11_7_3_vv4_1_v2_v2_v3_v3_v6_4_v6_3_v7_5_3_2_v33_9_6_4_2_1_v10_9_8_7_3_v9_7_v11_9_6_3_v13_8_7_3_v14_8_7_4_3_v9_8_5_4_2_1_v16_15_11_8_6_v14_13_12_11_10_9_v18_17_16_15_9_2_v19_18_17_16_13_10_7_v19_15_11_8_2_1_v12_10_9_8_6_5_4_v31_20_17_15_7_5_4_3_2_vvvv3_2_v1_vv4_v7_5_v11_7_4_3_1_v8_1_v8_6_4_1_v3_v12_10_1_v8_7_6_4_3_vv16_14_13_4_v14_12_10_3_v69_16_15_14_6_3_v18_15_14_9_4_3_1_v18_17_16_14_12_9_8_v14_11_v63_18_12_8_v19_18_16_15_14_10_7_1_v25_21_16_15_14_6_v27_23_17_14_11_6_5_1_v56_20_19_18_17_13_11_7_6_4_3_v24_10_9_6_3_v27_26_24_23_17_15_4_3_v27_22_21_15_12_9_8_5_v29_27_26_21_9_7_2_v30_28_25_24_22_21_14_12_10_5_4_v31_29_28_27_23_22_21_20_17_14_13_12_11_4_v23_20_15_10_4_v27_24_21_17_13_12_10_9_6_3_1_v34_32_31_25_24_21_16_14_9_6_5_2_v35_32_31_27_26_16_14_13_10_9_5_4_v53_36_35_33_31_25_19_17_13_10_7_1_v50_34_32_27_21_15_14_5_3_v,100,train,23
v1_vvv4_1_v3_1_v6_5_v7_4_3_1_v8_7_6_v7_v10_2_1_v11_4_v12_11_9_v3_1_v13_9_v11_9_4_v14_13_10_5_4_v17_14_13_9_7_6_v16_13_8_7_5_2_1_v18_13_12_2_v20_15_13_11_9_8_v21_15_12_9_3_v17_15_11_9_6_4_2_1_v21_20_19_16_12_8_2_v21_20_11_8_7_6_5_4_1_vv17_vvv3_2_1_vv2_v5_4_v2_v4_2_v10_9_5_3_2_v9_7_6_5_1_v5_2_v13_9_8_6_5_1_v14_13_10_1_v14_13_11_6_4_v15_9_7_6_4_v17_15_13_12_9_3_1_v15_14_v19_17_15_8_7_4_v15_v21_19_18_17_16_15_1_v20_19_17_5_1_v23_20_14_4_1_vv1_v2_1_v1_v4_3_1_v24_4_2_1_v6_3_2_v17_2_v8_7_5_2_v8_6_5_2_v7_6_5_1_v11_10_9_7_6_3_v23_10_8_7_4_2_v10_6_5_v14_13_v5_3_2_v13_5_4_3_v10_1_v50_13_5_4_v31_17_13_5_v31_19_18_11_9_6_5_1_v21_14_13_2_v20_8_5_4_v29_23_21_20_7_3_v19_17_16_15_14_13_2_v25_20_17_16_14_12_11_9_7_5_4_v21_19_10_9_7_4_v27_18_11_10_5_3_v71_26_24_22_17_16_15_7_5_v50_29_27_25_21_19_18_10_9_8_5_3_v30_29_27_23_22_15_10_9_2_v75_27_26_25_21_19_18_17_15_14_13_9_8_v27_25_24_16_15_13_12_10_4_2_v32_31_27_26_23_16_15_13_6_3_v32_28_25_24_21_20_10_3_v,84,val,11
vv2_v2_1_v2_1_v5_2_v4_3_v5_3_v3_v8_7_2_v10_8_5_v11_9_7_v12_11_5_1_v12_9_6_v12_11_10_7_1_v12_9_4_2_v16_15_13_4_v14_11_9_8_5_4_v16_14_8_5_3_v16_9_8_3_v19_18_10_8_6_4_1_v21_19_13_9_8_7_1_v22_21_19_15_14_9_4_v23_21_15_14_10_6_v23_18_17_15_11_3_v20_16_15_12_8_6_v24_20_16_15_2_v19_14_9_8_7_6_4_2_v28_26_25_21_18_11_7_v25_21_19_18_16_13_3_v18_11_8_1_v31_26_23_19_17_15_14_9_8_6_5_1_v32_31_30_25_23_17_5_v32_28_26_24_12_8_5_3_2_vv22_10_v2_1_v3_2_1_v4_1_v4_1_v3_2_v3_2_v17_8_3_v5_v7_5_v11_9_8_7_4_1_v8_2_v11_8_6_5_v14_10_7_6_1_v15_14_13_9_8_5_v16_14_13_12_6_5_4_v10_8_5_4_1_v18_16_9_5_v19_15_14_13_10_8_6_2_v20_18_17_10_6_4_2_v17_9_3_v22_18_11_10_7_5_v38_23_22_20_18_15_11_10_7_4_v23_16_12_6_4_3_v44_25_24_20_17_16_13_12_10_8_7_4_v39_24_23_18_12_5_1_v27_23_22_20_19_13_9_8_4_1_v28_14_11_7_6_2_v29_24_23_21_16_8_5_v27_22_21_20_15_14_12_8_7_2_v16_vv56_2_1_vv3_2_1_v4_v35_6_4_2_1_v6_3_1_v8_6_4_v8_7_v49_7_6_4_v8_7_5_4_v11_8_5_4_3_v12_9_8_7_2_v7_6_3_v47_12_8_6_v11_8_7_3_v12_8_6_4_3_2_v15_10_5_1_v18_16_9_7_v19_15_14_13_9_8_6_5_1_v10_9_6_v14_13_12_9_6_2_1_v18_16_13_12_9_4_2_v24_23_22_15_14_11_10_6_4_3_2_1_v19_14_11_9_5_2_1_v25_23_21_18_13_9_v26_24_23_21_17_16_13_12_10_8_5_v28_24_23_20_16_13_10_8_7_5_vvv2_v2_vv83_3_2_v3_v4_2_v64_5_1_v34_v80_28_7_6_4_v7_4_2_1_v20_10_8_4_2_v10_2_v13_10_8_7_6_5_v11_v16_14_12_11_7_5_4_3_2_v17_12_11_8_7_6_4_1_v16_3_1_v18_15_14_13_12_10_5_2_1_v17_16_14_13_10_9_5_1_v50_15_14_12_11_10_6_4_v,116,train,124
vv2_v2_1_vv5_v4_2_v7_6_4_2_v4_1_vv8_7_4_3_v11_6_2_1_v12_10_8_7_5_4_v8_7_4_3_v14_12_10_5_4_1_v4_1_v16_12_7_2_1_v16_15_14_13_12_9_8_v16_15_12_10_9_4_1_v19_14_11_10_9_3_2_v20_14_13_9_5_3_2_1_v18_15_14_13_12_7_v15_9_2_v22_20_18_11_9_8_6_5_1_v24_23_20_16_13_12_9_6_3_vv1_v22_2_1_v3_2_vv15_5_v5_1_v4_2_v8_7_5_3_2_v9_8_6_2_1_v9_7_6_v11_10_7_4_v11_9_6_1_v28_7_3_v12_11_8_4_3_2_v38_10_8_6_5_2_v13_6_2_v15_12_11_10_9_6_4_2_1_v41_16_10_7_v19_18_17_16_15_14_9_8_5_v16_12_9_8_6_4_2_v15_6_3_2_1_v22_16_15_12_8_2_1_v23_22_20_18_14_13_12_10_9_7_5_1_v48_23_19_15_11_10_9_8_6_4_3_2_vv1_vv2_1_v3_2_v5_2_v4_1_v3_v7_6_3_v7_3_v7_2_v11_10_9_6_5_1_v11_9_8_7_4_1_v13_4_v11_10_8_1_v15_8_6_4_3_1_v48_12_10_9_v17_14_11_2_v16_15_13_8_4_3_2_1_v18_16_13_11_4_1_v19_13_10_9_8_7_3_1_v63_13_12_6_3_2_v21_13_5_4_v20_19_17_14_10_9_6_4_3_1_v24_23_11_10_9_7_6_5_2_1_v20_18_13_8_v17_16_10_9_5_4_3_v74_24_20_16_12_10_8_3_2_1_v28_26_21_19_11_10_8_4_v25_23_21_20_19_12_7_v29_25_24_23_20_16_13_5_v31_27_25_18_8_7_5_3_2_v41_v1_v23_v3_2_v3_2_1_v5_3_v3_v50_6_v8_7_5_v8_4_1_v6_4_v8_7_2_v39_7_3_2_1_v12_9_2_v22_10_8_7_5_3_1_v14_11_8_7_5_4_2_v16_12_11_10_6_5_v16_10_7_v95_13_10_5_1_v17_14_13_11_6_3_v19_12_8_3_v68_18_11_v18_17_8_7_6_5_4_3_2_v,105,train,101
v1_vv3_1_v3_v5_4_3_v4_v5_4_v8_6_5_v7_5_3_1_v6_1_v11_9_8_6_2_v11_4_2_v6_v13_6_4_2_v8_5_4_3_v13_3_2_v17_16_15_14_13_9_4_3_1_v18_14_9_2_v18_17_15_13_12_2_v18_16_12_9_8_7_6_4_3_1_v16_11_10_9_8_7_5_1_v19_18_16_13_10_8_4_v18_14_13_12_10_7_v22_19_12_5_v24_20_18_16_14_11_8_4_2_v22_21_16_12_9_7_5_2_v22_17_9_3_v19_18_17_15_10_7_6_4_2_v25_22_19_15_12_11_9_7_v26_19_18_17_13_9_4_2_v30_29_24_19_18_10_4_2_v32_30_29_26_25_24_22_19_15_14_13_12_1_v32_31_29_28_27_22_20_17_16_15_13_11_2_1_v33_30_26_25_19_17_10_6_5_v33_32_24_18_17_16_15_14_11_vvv1_v2_1_v27_v3_v15_5_4_3_v7_v8_7_1_v39_8_4_2_v10_4_1_v11_10_9_4_3_v12_11_10_5_4_3_2_v12_10_7_6_2_1_v34_10_8_1_v26_12_11_9_8_7_3_v15_12_5_2_v21_15_8_v14_6_4_2_1_v17_15_14_9_8_2_1_v13_10_5_4_1_v19_18_12_10_8_7_6_v22_21_15_9_7_5_4_1_v18_16_15_14_13_11_3_v24_23_22_13_10_7_1_v25_24_20_16_13_12_11_10_9_5_3_1_v25_24_23_19_16_15_9_5_2_1_v25_22_20_15_14_11_10_9_6_v22_21_20_19_18_16_10_9_5_4_3_v29_27_24_15_12_7_6_5_3_v30_23_22_20_14_8_7_6_1_v24_22_21_20_19_17_16_14_5_1_v61_29_26_22_21_19_17_10_7_5_2_v33_30_26_25_23_22_20_19_18_12_10_9_6_5_2_v46_24_23_21_20_12_10_7_6_1_v54_35_33_30_28_27_18_12_11_8_4_2_v36_35_24_23_20_19_18_8_7_5_4_3_v37_36_33_31_30_25_18_16_10_v4_vv75_vv4_2_v5_v75_51_5_2_v6_5_v7_2_v7_6_5_1_v8_4_1_v8_v70_v65_13_11_8_5_3_v12_8_7_4_v36_15_13_12_11_4_v16_11_9_3_1_v13_12_7_2_v39_13_12_11_9_1_v56_19_17_v19_17_16_10_9_4_v20_18_16_14_12_11_7_6_v21_19_17_14_13_10_5_2_v15_14_13_10_8_6_4_3_2_v19_14_13_9_3_v23_19_14_8_5_v13_8_v100_24_20_18_8_7_6_4_2_1_v22_21_12_10_6_4_1_v29_12_11_7_4_3_1_v28_26_23_22_17_15_11_9_v33_31_30_25_23_21_15_12_8_6_2_v31_29_26_20_15_12_7_v32_26_25_22_21_19_18_17_12_11_4_3_v30_29_25_23_21_14_11_10_5_4_3_1_v,109,test,16
v1_v2_vvv2_1_v2_1_v5_v6_5_3_1_v5_4_v6_5_3_v10_8_6_2_v3_v13_9_7_5_3_2_v13_12_7_6_1_v10_6_3_v15_5_v17_14_10_3_v13_12_6_3_1_v19_14_13_9_8_3_v19_12_7_6_5_4_3_1_v21_19_18_17_13_12_11_10_7_v16_14_12_11_7_4_3_2_v23_22_18_15_9_8_7_6_2_1_v22_20_18_14_9_7_v23_17_16_11_8_6_4_v18_16_10_8_4_v23_19_16_11_6_5_1_v22_16_12_v29_23_19_13_12_11_6_4_v30_25_23_20_18_13_12_11_7_3_1_v31_30_28_23_20_19_18_17_16_15_14_8_5_4_1_v29_26_18_16_15_9_1_v32_28_27_22_20_19_17_10_7_3_v25_21_19_18_15_12_10_7_6_3_2_vvvvv3_2_vvv6_v6_4_3_2_1_v29_9_8_v7_6_1_v10_7_6_2_1_v12_6_5_v13_10_9_7_5_1_v12_10_3_v8_5_4_3_v14_12_7_4_v11_3_v18_16_11_7_2_v18_16_14_13_12_11_6_5_1_v38_12_v35_17_13_12_10_9_8_7_6_3_v22_16_15_12_5_1_vv1_vv3_1_v6_1_v5_3_v5_3_v6_1_v8_6_5_v33_9_6_4_1_v10_8_7_6_v8_7_3_v39_29_10_9_7_5_4_v13_11_10_7_5_2_v6_2_v12_11_10_9_v9_7_v17_15_12_9_4_v23_18_15_13_8_3_1_v74_16_12_7_6_v18_14_11_8_6_2_vv75_1_v41_v1_v2_v3_v71_6_5_2_v6_5_v6_1_v9_7_3_v1_v7_4_1_v8_5_4_v57_11_3_2_v6_3_1_v13_7_6_5_v14_12_10_9_8_6_4_3_v17_14_13_6_5_3_1_v16_13_12_10_9_7_1_v68_19_16_12_11_v20_19_18_17_15_14_13_12_8_7_6_4_v29_21_20_18_16_15_13_10_9_5_v66_21_17_8_6_5_4_3_v19_18_15_11_10_4_v24_15_11_4_1_v83_25_24_22_20_13_12_11_9_7_6_3_v23_22_17_15_14_13_12_9_1_v21_17_14_12_9_7_v26_22_21_20_19_18_15_13_12_11_7_2_v29_28_24_22_5_2_v44_29_28_27_22_20_16_15_14_8_7_4_3_v26_23_22_20_19_17_15_10_8_3_2_v32_31_20_19_10_9_v91_24_v108_1_vvvv4_v6_3_v7_3_v110_8_5_2_1_v8_7_4_v7_3_v18_9_8_2_1_v9_3_1_v99_20_13_9_6_4_3_2_v12_7_v104_68_15_14_13_7_3_v16_12_3_v17_16_12_9_8_1_v18_8_5_2_1_v22_17_10_9_6_v18_17_10_8_1_v17_13_12_10_9_6_1_v128_20_19_12_11_4_3_v94_21_19_18_9_5_4_v16_15_14_8_6_1_v67_60_18_14_13_10_9_8_3_1_v116_26_25_21_20_19_18_11_6_5_2_1_v24_21_16_15_10_9_8_6_2_v25_24_22_19_18_16_13_5_3_1_v,141,train,109
vv1_v3_v4_2_v4_2_v4_1_vv8_7_4_v7_3_v5_4_v9_7_v12_11_9_6_3_v10_6_v14_11_10_7_v13_9_2_v16_15_14_8_4_v15_13_8_7_v18_16_15_10_7_6_5_4_2_v14_10_9_7_4_v19_17_14_13_9_v21_19_17_11_8_1_v20_17_12_3_1_v22_13_12_11_9_7_6_3_2_v23_17_16_15_13_9_4_2_v25_24_17_14_13_11_9_6_4_v26_25_24_23_22_21_17_12_10_6_3_v18_11_2_vv1_v1_v18_v4_3_v5_3_v4_3_1_v7_4_2_v4_v9_8_3_2_v8_7_v7_v4_v10_9_8_v12_8_3_v14_12_10_9_6_5_3_v15_10_9_7_1_v16_11_10_7_4_1_v28_16_15_12_7_6_3_2_v18_17_16_15_7_4_v19_18_14_10_1_v17_12_11_4_3_2_1_v21_17_11_7_4_v23_22_20_14_11_6_2_v23_19_15_12_6_2_v17_15_14_5_v22_20_13_12_3_2_v23_21_20_17_9_7_3_v28_25_24_21_16_13_12_11_9_8_4_3_v23_22_16_15_12_3_v30_20_19_14_11_8_7_5_4_v31_25_22_20_17_14_7_v32_30_28_23_21_20_17_16_14_12_9_5_4_2_v32_27_26_25_23_22_19_17_15_12_10_9_3_1_v33_31_25_23_19_16_14_8_v29_25_20_16_12_10_6_5_1_v,64,train,72
vvv2_v2_1_v5_2_v2_1_v5_4_v8_4_2_v6_1_v10_9_8_7_6_5_4_2_v7_5_2_1_v8_4_v8_7_4_2_1_v10_4_2_v4_3_2_1_v14_13_10_9_5_2_v15_6_4_v9_7_5_4_v19_18_17_13_8_4_v19_18_15_13_v19_18_13_12_9_6_v21_13_6_v17_15_10_2_v22_20_19_16_14_13_12_10_4_3_v25_24_17_16_11_6_2_v26_25_23_14_5_v26_20_19_13_11_9_v22_21_19_6_5_3_v19_18_15_12_11_5_3_2_v29_28_24_18_5_1_v27_26_15_12_11_4_3_1_vv1_v1_v1_vv3_2_v6_4_3_v7_4_3_v7_4_v4_3_v8_2_1_v4_3_2_v44_10_8_6_5_1_v12_10_9_3_v13_7_4_2_v15_11_6_4_3_v15_14_11_2_v9_7_6_3_v18_17_13_8_5_v14_13_8_5_3_v20_19_17_15_13_11_10_8_6_4_2_v20_16_12_9_6_5_v16_11_10_4_v21_20_18_15_11_9_v23_12_10_5_v25_24_21_20_18_17_15_14_13_11_10_7_6_4_v23_15_4_v25_23_22_14_13_4_v58_27_23_21_12_11_9_8_7_6_4_3_2_1_v29_26_25_17_15_13_11_7_4_3_v43_29_24_21_20_17_15_11_10_9_4_2_v31_22_17_15_14_13_9_3_v26_24_17_13_3_v28_22_20_19_17_15_12_7_5_2_v50_34_32_29_26_21_17_16_12_11_9_8_7_1_v,67,train,6
vvvvv5_3_1_v4_1_v7_6_4_2_1_vv6_v7_6_5_4_1_v11_9_6_3_v9_8_7_6_5_v13_11_3_v11_6_1_v15_12_11_10_9_7_4_2_v11_9_4_2_1_v16_3_v17_16_14_11_7_6_5_3_2_v18_10_4_3_v16_14_12_4_3_1_vvvv3_v4_vv6_3_v1_v7_6_4_3_2_v23_9_8_2_v10_7_4_3_v11_9_7_5_v12_3_1_v13_12_9_v13_12_11_3_2_v13_11_v11_8_6_5_3_v17_10_6_2_1_v17_14_5_3_2_v18_17_13_12_10_9_8_6_5_2_1_v16_15_14_10_5_3_1_v19_16_14_12_11_8_4_v9_6_1_v23_18_17_16_14_12_11_10_9_4_1_v22_15_14_12_8_6_5_1_v26_24_23_22_21_19_12_7_2_1_v24_21_16_8_7_3_v25_23_22_20_17_14_6_3_1_v27_17_15_6_3_2_v9_8_v29_28_27_26_25_22_19_17_15_9_1_v29_28_27_25_19_15_7_4_3_v28_26_20_19_16_12_11_9_7_2_1_v33_25_24_23_20_14_v33_30_29_26_22_18_17_14_12_11_7_1_v33_31_27_26_24_22_18_17_16_12_11_10_9_v36_31_29_22_20_19_14_13_11_7_6_5_2_1_v35_30_29_26_25_24_18_16_15_13_11_4_2_v35_34_31_30_29_25_24_22_19_18_17_15_12_9_2_v39_37_34_33_31_27_22_21_19_18_17_15_14_9_7_vvvv2_v12_2_v1_v13_7_6_5_1_v7_v8_v9_5_2_1_v10_4_2_1_v11_10_6_3_v12_11_10_4_v12_11_7_6_v7_6_5_v9_v11_8_6_2_1_v17_16_9_8_1_v70_13_11_8_4_v78_19_13_12_11_9_7_6_v20_19_7_4_2_v45_37_21_20_16_15_11_7_3_2_v53_22_21_16_13_11_6_v29_20_15_3_1_v40_24_20_14_11_10_1_v38_33_25_21_20_19_15_5_2_v19_14_10_7_4_v27_16_15_14_10_5_4_2_v19_16_15_13_7_5_v25_24_23_11_9_4_3_1_v27_25_23_17_13_11_6_3_1_v30_27_26_8_1_v32_31_28_26_19_18_17_15_13_11_10_9_8_5_v55_37_33_30_28_23_22_20_19_13_11_6_2_v33_30_21_20_18_17_15_13_12_8_4_1_v30_29_27_26_20_11_4_2_v32_31_30_26_24_21_20_19_17_16_14_10_9_5_v35_30_27_18_17_14_4_v36_35_33_30_21_20_18_14_13_12_8_2_v9_vv1_v2_vv40_5_1_v3_1_v11_v4_v9_4_2_v1_v48_25_8_v10_7_2_v89_7_6_2_v97_14_12_11_7_v13_12_v16_15_13_9_7_5_4_v45_16_13_7_6_5_4_3_v18_15_2_v18_12_11_8_5_3_2_v108_20_18_17_13_12_11_7_3_2_1_v18_16_11_2_v22_13_1_v20_19_15_8_2_v65_15_14_11_9_3_1_v,125,train,106
vvv3_2_v3_v5_1_v3_vv4_3_v9_7_3_v9_7_3_1_v11_9_2_v8_6_5_3_v11_10_9_8_6_5_2_1_v13_12_5_v15_10_5_2_v16_8_6_5_3_v16_15_11_10_6_3_v15_11_9_8_6_v19_15_14_9_6_v17_7_3_1_v20_16_9_6_4_3_1_v18_11_9_8_7_1_v23_14_10_3_1_v21_16_9_8_4_2_v21_13_12_9_4_v26_23_14_11_7_6_5_v21_5_4_v24_21_12_8_5_4_1_v27_24_23_14_13_8_5_1_v22_19_16_10_9_8_2_v31_28_23_19_18_13_10_9_5_v32_31_27_19_18_15_8_7_v22_15_13_11_10_7_5_3_v31_30_29_6_5_1_v33_29_27_25_19_16_15_7_4_v36_33_32_25_24_20_16_14_12_3_2_v36_32_25_24_22_21_12_5_3_v34_31_29_27_25_24_20_18_16_13_7_5_v34_33_32_31_30_19_18_14_7_6_5_vvv1_vv2_v5_v5_v6_5_1_v28_8_3_v41_4_2_vv10_9_7_6_5_v11_9_6_3_v12_11_9_6_5_v35_12_6_3_v14_9_8_7_6_2_v14_6_5_3_v14_10_8_7_5_1_v46_12_8_3_v15_9_8_7_3_2_1_v20_16_13_10_3_v21_19_16_13_10_2_v46_21_15_14_9_8_6_5_v20_18_14_2_v19_18_11_10_4_3_v38_25_24_23_21_16_8_v26_24_23_18_14_12_10_3_v26_22_21_20_16_14_13_12_5_3_v27_24_19_15_10_7_2_v,69,test,1
vvv3_2_v3_vv2_v6_v7_6_4_v2_1_v10_9_5_2_1_v11_10_8_6_3_v5_2_v13_10_2_v12_10_9_8_7_6_5_v14_12_10_8_7_5_3_1_v16_12_11_10_7_v15_14_12_9_4_1_v16_15_14_13_10_8_7_4_v19_14_13_10_4_v14_12_11_9_8_3_v17_16_15_6_5_3_v18_16_13_10_9_5_v20_12_9_6_3_2_1_v24_16_12_11_5_v20_19_16_10_7_5_4_v24_23_16_10_3_2_v25_21_20_16_11_9_7_5_4_v28_23_16_14_9_8_6_v25_18_14_13_12_11_8_5_3_1_vv16_v2_v2_v10_2_1_v1_v5_v30_6_4_1_v12_5_4_1_v8_4_v8_7_6_1_v11_9_8_6_1_v9_3_v13_11_10_3_1_v5_4_3_2_1_v33_12_11_10_5_3_v13_12_4_v17_15_11_4_2_v5_4_v7_v20_18_12_11_5_4_1_v25_15_8_7_4_v32_19_17_12_9_7_vvv2_v3_2_vv3_1_v1_v6_3_2_1_v26_4_3_v7_6_v10_9_8_4_v2_1_v12_9_8_5_v10_8_7_6_2_v7_6_3_v15_6_2_v16_14_13_12_9_8_6_5_3_v38_17_11_9_6_3_v10_8_3_1_v19_12_5_2_v12_10_5_4_2_1_v18_14_13_11_10_8_5_2_v46_22_18_15_14_8_7_6_5_v49_20_19_15_12_11_8_4_1_v24_23_10_9_7_4_v45_25_16_12_5_v25_19_16_15_13_10_v78_23_16_13_11_10_5_4_3_1_vvv6_2_1_vv56_3_2_v82_47_5_2_v6_v79_1_v8_7_6_5_2_v49_2_v6_3_v11_7_1_v88_12_3_2_1_v13_8_7_1_v92_13_12_10_4_2_1_v13_9_8_v59_16_10_6_v16_14_13_12_v18_12_9_3_v19_16_15_13_7_5_4_3_v20_17_13_12_4_3_v84_19_16_15_11_10_5_v,103,test,35
v1_vvv4_3_vv5_4_v7_6_5_4_v7_3_v8_7_3_v8_3_1_v11_10_6_5_2_v1_v13_12_11_8_v8_5_1_v9_8_3_2_1_v5_4_v17_12_7_5_v14_9_7_v15_10_9_6_1_v20_18_17_15_13_11_5_v19_12_5_2_1_v19_12_7_v22_20_10_8_4_1_v22_17_11_2_v21_20_19_10_9_6_5_3_2_1_v24_20_18_9_6_3_v22_17_11_7_1_v27_26_25_23_20_10_9_8_7_v28_26_19_18_17_15_14_13_9_6_3_2_v28_24_23_21_13_12_7_2_v27_25_17_16_15_13_11_5_2_v28_24_21_20_16_15_14_13_11_5_4_3_v30_29_21_19_17_13_11_9_4_3_v29_22_19_13_11_6_5_2_1_v31_24_22_21_19_13_12_10_9_4_vvvv2_1_v6_v27_v41_8_4_3_v6_v3_v9_8_4_3_v28_6_3_2_v7_6_5_3_v10_6_v10_7_5_2_v7_5_3_v23_12_9_8_7_1_v16_15_13_8_7_4_2_v17_14_12_9_1_v8_7_5_v18_17_16_11_10_9_6_3_v18_16_15_13_10_8_2_v57_20_19_13_5_2_v22_20_14_13_9_v23_14_11_8_3_v24_23_21_17_14_13_10_7_6_2_1_v24_22_17_16_15_14_13_12_9_7_6_5_vv18_1_v60_v3_v4_v4_2_1_v5_v5_v5_2_1_v9_v10_5_4_1_v43_23_9_3_1_v30_11_10_8_5_3_1_v13_7_5_2_v8_7_6_4_v17_15_12_9_v15_13_10_8_5_4_3_v17_13_11_5_v18_17_16_14_11_8_6_5_1_v14_12_7_6_4_3_2_v19_14_3_v68_21_14_10_9_6_1_v18_17_14_13_12_10_8_5_4_3_v22_21_20_17_3_v19_7_5_2_v24_17_16_11_8_7_2_v26_21_20_15_14_11_5_3_v25_23_19_14_13_10_6_5_4_v87_25_24_18_15_13_11_9_6_4_v70_21_18_14_6_5_v26_25_22_20_17_12_8_7_4_2_v87_29_27_26_23_22_20_18_8_4_3_v32_26_25_24_19_16_12_2_1_v33_32_30_28_24_17_16_14_1_v91_34_32_31_28_27_26_22_19_18_15_14_12_11_10_5_1_v79_35_33_32_30_25_21_19_11_9_v34_30_25_23_20_17_15_14_13_11_10_8_6_5_3_1_v37_36_34_32_27_26_22_21_18_14_11_10_8_6_5_vv71_v2_v29_3_v26_v3_2_1_v4_2_1_v12_3_v2_v86_3_2_v10_5_4_2_1_v56_10_8_7_v45_11_8_7_2_v113_13_11_8_4_v35_9_7_6_4_v14_12_7_6_2_v15_10_9_6_5_v112_76_16_v37_15_14_8_5_v19_14_11_10_8_1_v20_17_16_10_3_v79_15_13_6_v103_19_17_15_14_13_3_v21_13_8_5_4_2_v91_20_17_15_14_8_7_6_5_4_v24_22_21_19_17_13_11_10_9_7_4_3_v93_24_19_14_10_9_8_2_v27_26_23_18_17_16_15_12_10_8_2_1_v15_14_11_v28_23_22_21_19_16_15_13_10_9_5_1_v29_27_26_24_23_18_17_14_8_v28_25_23_19_18_17_15_14_13_12_11_7_v31_30_24_23_16_14_13_12_2_v126_33_29_27_24_18_14_7_v30_28_27_24_23_20_8_v93_33_28_25_19_13_8_7_4_v74_36_34_28_25_24_22_20_18_17_13_12_v96_37_34_33_32_30_28_24_23_20_16_15_12_11_7_6_4_v129_126_74_35_28_24_23_22_20_19_18_13_12_11_9_4_v126_112_85_30_v125_105_v2_v1_v58_1_v5_2_v54_6_v106_1_v23_8_5_3_2_1_v62_9_5_2_v38_7_2_v10_9_8_6_4_2_v11_9_8_7_4_1_v11_10_6_4_1_v124_46_1_v149_15_11_3_v98_58_14_12_11_5_3_2_1_v28_15_12_7_2_v128_18_16_12_10_9_2_vv18_17_13_8_7_3_v143_20_14_6_3_2_1_v13_12_11_9_7_1_v23_18_17_14_12_11_10_9_v53_23_21_20_17_15_12_9_7_5_v24_19_13_10_6_5_v120_107_26_24_23_21_17_15_13_8_3_v27_25_22_21_15_13_9_3_v166_93_47_28_25_23_18_9_4_3_2_v29_28_26_19_18_14_13_6_1_v118_67_26_22_17_16_15_8_5_3_1_v29_27_26_24_22_18_17_16_15_9_8_3_v93_44_31_27_25_22_21_20_19_15_11_6_v33_29_27_19_14_11_8_7_5_v33_31_30_29_26_25_23_18_16_10_9_7_6_5_v,174,test,37
vvv2_1_v1_v5_3_1_vv6_v4_2_v3_2_1_v1_v9_6_2_v11_8_7_4_v12_11_4_3_v13_v14_13_12_8_3_2_v15_13_10_v17_16_10_v17_14_13_11_10_9_7_2_1_v16_15_13_8_7_6_4_3_v16_15_13_8_6_2_v21_17_13_12_9_5_v18_17_2_1_v15_9_3_v24_21_18_14_9_1_v22_16_11_10_5_2_1_v22_18_16_9_7_6_v24_19_17_13_10_vvvv3_v2_v4_1_v6_5_2_1_v23_7_2_v8_3_1_v8_6_3_2_1_v8_7_5_v11_9_6_5_1_v9_8_v11_v34_8_6_3_1_v14_11_9_8_7_5_1_v10_3_v17_13_12_7_6_4_2_v32_23_17_16_15_12_6_3_2_1_v16_13_10_9_5_4_1_v25_20_16_13_11_9_6_3_2_v34_21_20_10_9_7_3_1_vv1_vv27_9_1_v2_v30_4_3_2_v10_6_4_v5_v3_2_1_vv8_2_1_v8_3_2_v10_v12_11_7_5_3_v10_9_6_2_1_v18_14_12_7_1_v10_8_2_v16_6_4_v37_18_10_9_6_v52_48_36_17_16_12_7_6_2_1_v59_15_13_11_10_1_v17_16_13_5_4_3_1_v59_31_v30_vv2_v4_v4_2_v4_v57_6_4_v8_4_2_1_v40_15_9_v3_1_v14_8_4_v9_8_7_4_2_v12_6_1_v14_13_12_11_10_9_6_4_2_v33_14_11_v15_7_4_2_v80_15_12_9_7_4_3_1_v75_56_12_1_v18_17_14_10_9_3_2_v20_19_15_12_v16_15_13_8_7_4_v72_21_18_16_13_11_8_7_1_v88_22_21_20_14_11_9_8_3_2_v18_16_15_8_6_v32_20_18_16_13_12_11_10_7_v20_18_13_11_9_7_4_3_v27_21_19_15_7_6_5_v37_27_26_21_19_18_15_11_9_5_2_v27_22_21_17_15_12_v30_23_18_16_14_9_8_7_v68_vvv3_v2_v4_v5_3_2_v7_5_4_v2_v3_1_v9_6_1_v98_41_8_6_4_v60_8_6_4_2_v108_21_8_6_5_2_1_v111_14_13_9_6_1_v12_9_7_5_4_v12_11_2_1_v14_12_11_10_6_5_1_v104_68_3_v50_19_18_13_9_8_3_2_v72_60_19_18_16_15_10_2_v35_19_15_11_8_3_1_v21_18_17_11_9_8_6_1_v85_73_22_20_17_16_15_12_10_6_v23_20_16_14_8_7_3_v75_23_22_19_18_17_16_13_12_10_6_v26_22_19_17_13_12_8_7_4_3_2_v27_23_20_19_18_11_9_8_4_v131_84_27_26_25_10_9_3_2_v130_26_22_18_17_14_7_4_3_2_v84_30_28_25_24_19_18_17_12_11_9_6_3_2_v30_27_26_16_13_11_9_4_3_2_v32_29_26_24_20_16_13_12_8_4_3_2_v33_30_27_24_20_18_14_13_12_10_v51_50_34_27_26_22_17_16_15_11_8_2_v34_33_30_26_23_21_18_9_1_v,139,val,19
vv2_vv3_vv3_v1_v5_4_1_v7_5_4_1_v9_6_3_1_v11_4_1_v12_8_3_v12_5_3_2_v10_9_8_7_1_v13_9_2_v11_7_4_3_v17_5_1_v17_15_11_10_7_6_5_3_v18_10_8_2_v19_14_13_9_7_v21_19_14_13_9_8_4_v20_9_6_2_1_v13_9_4_2_1_v24_23_22_21_19_18_8_5_2_v25_21_11_10_8_7_4_3_v26_23_15_12_3_v20_18_16_14_13_6_5_4_3_2_v28_25_19_14_10_9_4_3_v23_18_16_15_11_7_6_5_4_1_v27_26_20_17_16_15_14_11_8_7_5_v30_25_24_22_20_6_v31_30_21_15_13_12_9_3_1_v33_32_29_27_24_21_20_19_17_12_v23_22_18_16_13_12_11_5_v31_30_27_26_18_15_4_3_1_v36_31_29_22_15_14_13_9_7_6_v29_26_24_16_11_6_5_2_1_v37_35_31_28_24_22_21_17_15_14_12_11_10_5_1_vv13_3_1_v1_v10_3_v23_4_1_v4_3_v6_4_v7_v5_3_v9_8_3_1_v21_8_5_v7_6_4_3_v10_6_3_2_v12_9_8_6_5_v13_3_1_v13_11_8_4_3_1_v13_12_9_8_7_6_5_2_v15_13_v16_13_7_3_v18_16_7_3_v19_15_11_8_6_5_v21_19_18_17_7_6_5_4_1_v50_38_17_16_13_6_5_3_v17_16_11_5_4_v17_13_10_8_7_3_v57_30_24_19_17_12_7_6_3_1_v23_22_19_18_17_16_8_6_3_2_v23_21_14_11_8_5_4_2_v24_21_17_16_14_12_8_v28_16_14_2_v29_28_26_21_18_17_14_11_7_1_v30_27_25_24_15_13_10_9_7_6_v51_28_25_23_18_16_11_9_8_6_3_v33_29_28_20_19_10_9_7_v68_34_33_32_29_26_23_18_11_9_4_vv1_vv21_1_v55_v67_v75_1_v7_6_4_2_v4_v8_1_vv8_5_2_v12_10_6_1_v13_5_3_v14_13_11_7_2_v15_13_12_11_10_8_6_4_3_v16_14_8_5_1_v7_2_v17_15_10_9_4_2_v79_46_18_17_10_5_2_v18_17_15_12_v81_20_18_10_6_5_2_v20_18_17_16_10_9_7_5_4_2_1_v23_16_10_9_6_2_v21_18_17_16_12_10_6_2_v25_22_21_19_17_8_6_5_1_v24_22_19_18_13_10_8_5_3_2_1_v27_12_9_6_5_v95_24_19_18_15_12_9_6_4_3_1_v95_28_27_26_25_22_21_17_15_14_3_1_v28_24_23_21_15_9_8_6_1_v53_v14_vv97_88_3_2_v64_4_v5_1_v5_1_v5_4_v105_5_v9_5_v9_7_5_3_1_v88_6_3_2_v5_2_v32_7_6_4_3_2_1_v21_12_3_v7_1_v16_15_10_7_v17_15_8_5_v115_103_23_18_12_8_1_v19_17_14_8_7_4_v20_17_16_15_14_6_4_1_v23_21_20_16_14_11_6_4_2_v24_21_20_17_16_11_9_7_4_3_v40_21_18_15_4_3_v21_12_6_1_v25_24_23_21_17_16_10_2_1_v126_24_17_15_11_5_4_2_v128_27_22_19_17_12_11_9_5_4_3_v39_25_24_22_18_14_9_3_v120_24_23_21_18_14_8_4_2_v90_30_22_19_18_17_16_14_12_10_7_6_4_v116_97_24_21_20_12_9_8_6_4_2_v128_32_30_26_20_17_15_12_8_3_2_v68_27_21_14_12_8_2_v16_15_14_12_9_8_5_3_v35_34_31_26_24_22_21_20_15_11_7_6_5_3_1_v76_v57_v1_vv4_3_2_1_v2_v105_6_4_v123_4_3_v12_6_3_2_v45_9_7_6_3_v41_6_5_4_3_1_v70_17_10_9_7_v121_10_5_v8_3_v14_12_5_4_2_1_v10_9_v5_1_v127_13_11_5_v58_17_12_11_10_8_7_2_1_v98_79_46_18_16_15_13_11_6_4_2_1_v20_18_13_12_11_5_1_v161_21_20_16_15_8_v137_51_20_19_15_14_13_12_9_v23_19_15_8_4_2_1_v127_23_21_15_13_8_7_1_v26_24_21_20_19_18_15_14_12_11_2_v46_22_20_19_12_10_9_7_6_5_4_3_v96_79_55_26_24_20_14_12_11_5_3_v48_21_13_12_9_7_v128_95_52_25_19_17_15_13_6_4_3_v28_21_20_19_17_15_12_11_9_7_v143_135_30_21_16_15_11_7_4_v113_30_26_23_22_14_13_12_11_8_2_1_v31_26_14_12_11_10_2_v31_27_20_19_5_v135_31_29_26_24_23_18_6_v122_107_35_22_20_19_14_13_7_2_v83_37_35_32_30_29_24_23_19_12_10_v103_36_34_33_28_25_24_20_19_11_7_5_v,180,train,31
vvvv1_v4_v2_v7_3_v2_v4_v8_6_5_v10_4_v7_5_3_v13_12_10_6_2_1_v14_13_12_8_6_v10_7_6_1_v15_13_4_3_1_v17_15_12_11_7_5_4_3_2_v16_13_7_6_v15_13_7_v17_16_15_10_8_3_2_v21_19_18_15_14_13_10_6_5_4_v21_9_8_1_v23_20_19_17_13_12_9_6_4_3_2_1_v24_19_18_17_16_9_8_6_2_v24_12_3_2_v18_14_9_1_v24_15_14_9_5_2_v24_21_20_17_8_7_6_5_4_2_vvv27_2_v1_v4_2_v6_1_v6_v7_v6_5_4_2_1_v6_v7_6_5_3_1_v10_7_5_3_v24_12_10_9_6_2_1_v13_9_7_5_4_3_v10_7_6_4_2_v15_13_9_4_3_v16_15_10_4_v13_12_11_8_6_v13_7_2_1_v17_16_13_12_6_3_v,49,val,8
vv2_v3_v1_v5_1_v4_v3_v2_1_v8_7_3_2_1_v7_3_2_v9_8_7_6_4_3_v11_9_8_7_5_v11_10_9_6_v6_5_v15_13_8_4_3_2_v12_10_7_5_2_v17_16_14_11_5_v18_12_10_9_8_6_5_2_1_v16_15_14_13_11_10_v20_19_12_9_5_1_v18_16_13_10_9_6_5_2_v22_21_10_9_8_3_v23_13_10_8_7_5_3_2_1_v24_20_17_16_15_10_2_v24_18_17_15_9_8_7_2_1_v24_23_22_20_15_11_7_6_5_4_2_v27_26_25_21_19_16_15_10_6_5_v23_22_20_14_12_11_8_v28_23_20_15_5_2_1_v28_27_25_23_22_21_17_16_14_7_v30_27_26_25_23_20_18_17_13_9_8_2_v32_29_23_22_18_15_14_12_11_10_9_3_vvvv1_v3_1_v21_5_2_v5_v7_1_v6_3_1_v9_8_6_1_v10_7_6_4_3_v5_2_v12_9_7_3_v13_8_6_5_3_1_v14_11_10_4_3_1_v13_4_2_1_v11_9_3_v15_8_7_5_3_1_v11_8_7_5_v37_19_18_17_16_6_5_4_v18_12_11_9_2_1_v32_21_20_19_18_12_9_6_4_v,55,train,81
vv2_v3_v3_2_1_v3_v4_vv6_5_3_2_v5_3_2_v8_4_3_2_v7_4_v12_10_9_7_4_3_1_v10_9_4_3_2_v11_9_4_1_v12_10_5_4_v16_12_11_10_7_4_v16_8_4_3_v18_11_9_1_v19_16_14_8_6_5_v19_16_9_v17_15_14_11_7_4_1_v21_19_16_11_4_2_v21_20_17_14_13_8_4_v23_20_18_16_14_13_10_6_3_v25_21_17_13_7_v23_20_18_13_12_10_6_1_vv1_v17_2_v3_2_1_v3_v6_3_v4_1_v14_7_5_2_v4_1_v3_v8_1_v8_6_5_v7_4_v6_v6_5_3_v15_13_12_4_3_v15_4_1_v16_15_10_9_7_6_v10_9_2_v18_17_12_8_6_5_2_1_v20_16_15_13_11_10_9_8_v18_13_10_v20_19_13_10_8_6_5_v21_17_13_9_8_4_1_v21_20_19_13_4_3_1_v41_18_15_14_9_v22_12_6_3_2_v24_22_19_17_12_10_8_7_v25_23_18_15_14_12_5_1_v29_26_25_24_23_22_21_19_18_6_3_1_v29_24_23_21_15_14_11_8_3_1_v29_27_26_25_24_21_17_12_11_7_4_2_1_v32_31_30_29_28_24_21_18_17_4_2_1_v28_24_22_21_20_19_5_1_v33_29_28_27_22_21_18_16_10_v34_30_26_25_21_17_16_12_9_5_1_v32_24_23_21_20_17_16_14_11_9_vv3_v1_v25_3_v3_v3_v36_6_5_3_2_1_v69_4_v5_2_v7_6_4_v9_3_1_v47_10_8_7_5_3_1_v10_9_7_6_2_v13_12_11_8_7_6_4_1_v71_10_7_6_4_v15_14_13_7_4_3_v14_7_4_1_v65_23_1_v18_17_15_v19_17_16_14_13_6_3_2_v75_16_15_14_9_8_v21_13_10_2_v85_78_v6_v2_1_v25_v84_50_v5_v60_1_v7_v6_5_3_vv7_4_1_v11_10_9_4_3_2_v11_9_4_3_v13_7_3_1_v14_12_10_4_2_v14_8_7_2_v22_15_6_4_1_v17_12_10_9_8_7_v13_v16_13_12_9_6_v41_18_7_3_2_v21_16_15_12_11_5_4_2_1_v19_16_13_6_5_4_1_v21_16_12_7_5_1_v23_22_15_14_13_10_6_3_2_v73_33_22_19_18_14_13_12_11_7_5_1_v26_24_22_20_15_12_8_7_v26_25_24_20_16_15_11_v60_25_14_11_7_v28_26_25_23_18_11_9_4_1_v34_23_14_12_5_3_v107_89_26_22_14_11_10_9_8_4_3_v37_32_30_29_28_24_23_22_19_17_15_14_13_11_8_6_5_3_v,119,test,0
vvv2_1_vv5_2_v2_v5_4_3_v2_v7_4_3_2_1_v4_3_1_v11_10_6_2_v12_9_6_v13_7_4_1_v14_10_9_7_6_5_3_2_v14_v16_13_7_6_v13_12_11_10_8_7_5_v17_16_6_5_1_v19_16_12_4_2_v18_17_13_12_1_v16_15_7_6_3_v21_19_9_8_7_6_4_1_v20_19_18_8_4_3_2_v24_19_15_14_13_11_5_4_3_v25_19_17_11_10_6_5_v25_24_23_22_19_18_17_14_8_7_6_v25_23_21_19_18_17_12_11_4_v28_22_14_13_12_8_6_2_v23_21_18_14_13_9_3_v30_26_22_21_3_1_v25_23_22_21_18_16_14_10_3_v22_19_18_15_4_1_v31_29_25_19_17_15_11_10_7_4_v33_21_17_5_1_v35_34_27_25_24_23_21_20_4_2_v35_31_28_27_24_18_17_14_11_10_8_6_4_2_1_v26_25_23_22_21_20_13_8_7_vv29_v1_vv14_4_v43_1_v5_v7_6_4_v20_8_3_2_v6_5_4_v6_2_vv8_6_3_v11_7_v13_10_2_1_v11_8_v16_15_8_6_4_3_v16_14_11_9_6_2_1_v17_16_11_8_4_3_v19_11_10_9_5_2_1_v20_18_14_5_2_1_v13_12_9_6_v20_18_10_9_8_v21_20_18_17_12_v15_14_11_10_1_v52_23_22_16_15_14_9_6_3_2_1_v26_22_17_14_8_6_5_4_v22_19_15_11_10_9_6_4_2_v27_19_17_13_11_10_7_4_2_v28_26_25_24_21_16_15_12_11_9_6_1_v24_23_22_15_11_9_6_3_v23_13_11_7_3_2_v31_29_27_24_23_22_21_18_10_v33_31_30_23_19_10_9_7_3_v62_30_28_23_21_19_15_13_12_9_3_v29_27_26_23_21_19_18_16_12_3_v36_35_29_27_16_15_12_8_4_v43_37_35_32_27_23_14_11_9_5_2_v,76,val,29
vv2_1_v3_2_v4_1_v5_v5_v2_v5_3_v5_1_v9_v9_7_5_2_v4_3_1_v13_8_5_3_v8_7_v13_11_6_3_2_1_v13_12_10_4_1_v16_9_v12_11_9_4_1_v14_12_8_5_v17_16_15_14_13_12_10_9_5_1_v2_v1_v2_v1_v10_4_2_1_v23_v3_v2_v4_2_v24_6_5_v5_v11_10_5_4_v9_7_6_4_3_2_v13_11_6_4_3_v10_8_1_v13_10_8_6_3_1_v16_12_6_4_1_v16_14_13_8_1_v17_15_13_11_7_5_2_1_v19_13_12_8_7_4_3_v20_17_15_14_11_v16_11_10_2_1_v19_14_9_1_v19_16_14_10_8_7_6_2_v27_23_21_19_13_4_3_vv1_v10_1_v3_2_v4_v5_v32_v4_3_v38_5_1_v7_4_v9_7_5_2_v54_7_4_3_2_v17_12_7_2_v9_5_3_1_v9_7_6_5_v15_14_12_11_7_v15_14_8_4_2_1_v14_8_4_v51_3_2_1_v18_17_6_3_v19_13_10_9_6_2_v20_18_14_11_1_v17_14_11_10_8_7_6_4_v22_21_20_19_15_6_5_4_v24_22_21_20_16_15_v64_23_17_16_15_11_9_8_1_v15_14_9_6_3_2_v26_24_22_17_6_4_v26_25_24_22_18_17_16_10_7_2_v8_7_v26_23_22_11_10_2_v29_24_21_16_14_12_4_1_v70_30_9_7_1_vv69_v46_v3_vv4_1_v5_v44_12_7_4_3_v7_5_4_2_v6_5_1_v9_6_v11_10_6_5_v12_8_7_5_1_v12_11_8_4_2_v13_11_10_3_2_v14_11_7_2_v16_10_v57_20_16_15_11_6_5_4_3_1_v36_16_15_12_6_2_1_v16_13_11_2_v20_19_17_15_12_4_v20_13_11_5_4_2_v22_13_12_10_5_3_v83_18_10_8_v21_17_13_8_6_4_2_vvv2_v1_vvv5_3_1_v51_7_4_3_v89_29_4_3_v71_60_9_8_7_6_3_1_v6_5_4_3_1_v110_11_1_v11_10_9_8_4_3_2_v107_11_8_v110_13_12_8_7_v72_14_11_10_9_8_7_4_1_v9_7_5_3_2_v16_15_14_12_10_9_4_v14_11_10_7_6_4_3_v94_16_14_13_8_7_5_3_2_v17_15_14_13_12_4_2_v11_10_6_1_v20_19_17_16_15_9_1_v44_23_12_9_5_4_3_1_v21_12_5_v76_25_23_12_9_7_5_v25_24_22_20_19_17_12_8_7_6_v115_24_23_21_19_18_17_11_10_9_8_7_4_2_1_v27_26_25_23_18_2_v93_27_21_18_14_13_9_8_6_4_1_v66_33_30_26_25_23_22_18_17_11_7_6_v29_25_22_20_18_14_13_5_1_v73_46_31_30_29_27_26_24_23_17_13_10_6_v33_32_28_27_22_21_20_15_14_13_9_5_2_1_v34_31_29_16_14_11_9_3_1_v,139,val,23
v1_v1_v3_vv4_v6_5_3_1_v7_5_3_1_vv7_v9_3_2_v11_9_8_7_6_5_1_v11_10_8_5_4_v12_11_9_7_6_4_3_1_v13_12_7_3_v13_11_8_3_1_v8_7_6_1_v12_11_9_5_1_v18_13_9_7_5_2_v11_9_7_5_1_v18_17_15_14_11_6_5_v14_13_12_10_2_v19_15_14_13_9_7_6_4_2_1_v4_v1_v2_v1_vv2_v3_1_v5_4_2_v8_5_4_2_v8_7_6_5_4_v10_6_2_v10_7_6_2_v12_11_9_2_v9_8_4_2_1_v16_11_9_8_7_2_v14_12_10_8_7_4_v15_12_8_6_4_v14_11_v17_14_13_5_4_3_v19_13_7_4_v15_13_12_11_8_7_6_2_v21_19_13_11_9_6_5_v19_14_13_12_10_2_v23_18_14_9_8_7_2_v21_20_19_16_11_8_5_1_v23_21_19_11_4_v22_21_15_14_12_9_8_1_v27_25_18_15_14_9_6_3_v28_27_26_21_19_18_17_16_12_10_9_8_2_v26_24_23_21_18_16_12_11_10_v29_27_24_22_16_14_11_8_7_4_2_v22_17_16_11_10_5_v31_27_26_25_21_18_15_8_5_v28_27_26_24_23_22_18_15_13_9_8_1_v24_23_20_15_14_7_6_5_3_vv1_v2_vv41_4_1_vv1_v5_2_v8_7_6_4_3_2_v34_2_v10_9_4_3_2_1_v11_10_8_v12_10_5_4_1_v8_7_6_v13_11_6_v62_35_28_10_6_2_v14_13_11_4_v17_16_12_10_4_1_v32_18_15_12_10_6_3_1_v18_17_15_14_12_11_8_6_4_1_v16_15_13_9_5_1_v17_15_9_2_1_v22_21_20_12_9_8_v21_20_12_3_2_1_v23_21_12_11_8_4_v19_16_15_14_12_10_8_4_3_2_1_v26_7_6_v,85,test,22
vvv3_1_v1_v5_4_vv2_v8_6_3_2_v4_3_2_v9_8_4_3_v9_7_4_v11_10_6_v11_7_5_v7_3_2_v12_6_v16_14_12_9_6_2_v16_14_12_5_4_2_v15_12_9_5_v18_15_13_12_11_10_8_2_v19_18_14_10_8_3_2_1_v17_7_6_4_v19_16_11_7_5_v17_15_13_11_9_6_4_3_2_v23_22_19_12_6_2_1_v13_11_10_9_6_v26_23_18_10_7_4_3_v25_24_21_20_18_17_16_14_9_1_v28_26_25_20_17_15_14_13_1_v26_23_14_13_12_9_6_v28_22_16_7_1_v27_26_24_19_17_16_14_12_11_10_9_8_5_3_v23_22_17_9_8_6_2_v25_24_21_15_7_6_v33_30_29_28_18_14_12_10_6_v29_27_26_23_17_15_12_2_v33_vv34_v27_2_v1_v1_v16_11_v4_2_v5_4_3_v9_6_2_v8_2_v4_2_v12_9_4_2_v13_12_3_v10_9_7_v14_6_2_v14_7_6_5_v17_15_14_13_10_8_7_6_5_2_v15_9_7_3_v20_19_11_9_7_2_v17_15_12_11_10_9_8_5_4_1_v19_18_16_14_12_9_8_6_5_2_1_v21_19_16_15_12_8_7_4_3_2_v23_19_18_17_16_11_9_5_3_v23_20_15_10_9_8_4_v17_12_1_v50_23_22_21_20_17_14_6_4_v55_27_25_23_21_19_16_14_6_3_v26_25_21_20_19_13_12_7_2_v29_15_14_11_6_4_v28_26_24_23_22_15_14_13_9_5_2_v28_27_23_19_17_14_13_9_8_4_v32_31_29_26_24_23_18_17_14_12_9_4_2_vvv1_v16_10_v17_4_3_1_v3_vv7_2_v4_3_v9_4_3_1_v8_5_v10_6_4_2_v12_10_4_3_2_v63_12_10_v14_12_11_9_4_2_1_v14_12_10_9_8_v18_15_13_4_2_v16_15_13_6_2_v13_10_2_1_v19_14_4_v19_18_12_11_6_1_v,90,test,31
